/*******************************************************************************
 * LVGL compiled Chinese font: size=24, bpp=4
 * Generated by scripts/lvgl_fonts/build_lvgl_cfont.py.
 ******************************************************************************/

#ifdef LV_LVGL_H_INCLUDE_SIMPLE
#include "lvgl.h"
#else
#include "lvgl/lvgl.h"
#endif

#ifndef LV_FONT_MONTSERRAT_LXGW_LV_FONT_WIFI_SUBSET_24_24_4
#define LV_FONT_MONTSERRAT_LXGW_LV_FONT_WIFI_SUBSET_24_24_4 1
#endif

#if LV_FONT_MONTSERRAT_LXGW_LV_FONT_WIFI_SUBSET_24_24_4

/*-----------------
 *    BITMAPS
 *----------------*/

/*Store the image of the glyphs*/
static LV_ATTRIBUTE_LARGE_CONST const uint8_t glyph_bitmap[] = {
    /* U+0020 " " */

    /* U+0021 "!" */
    0x1f, 0xf4, 0x0, 0x61, 0x0, 0x78, 0x7, 0xc2,
    0x2, 0x6, 0x1, 0xc6, 0x2, 0x1, 0x38, 0x8,
    0x4, 0xe0, 0x21, 0x8a, 0x60, 0xf4, 0x20, 0x18,
    0x77, 0xd9, 0x48, 0x35, 0xc, 0x78,

    /* U+0022 "\"" */
    0x7f, 0x80, 0x2f, 0xd0, 0x7, 0x81, 0x80, 0x4,
    0x3, 0x84, 0x3, 0xf8, 0x40, 0x40, 0x6, 0x1,
    0xce, 0xce, 0xa0, 0x7, 0xd0,

    /* U+0023 "#" */
    0x0, 0xe8, 0xf2, 0x0, 0x97, 0xd4, 0x3, 0xf1,
    0x81, 0x0, 0x44, 0xc, 0x1, 0xf9, 0x84, 0x3,
    0x70, 0x10, 0x7, 0xe2, 0x20, 0x6, 0x20, 0x10,
    0xd, 0x3f, 0xf0, 0x1f, 0xfe, 0x40, 0xff, 0x8c,
    0x38, 0xcc, 0x40, 0x26, 0x78, 0x4, 0xce, 0x10,
    0x7c, 0xc4, 0x84, 0x66, 0x5a, 0xf, 0x99, 0x10,
    0x6, 0x20, 0x20, 0x8, 0x80, 0x40, 0x3f, 0x70,
    0x30, 0x4, 0xe1, 0xc0, 0x1f, 0x88, 0x8, 0x2,
    0x20, 0x20, 0xf, 0xcc, 0x20, 0x1b, 0x81, 0x80,
    0x32, 0xff, 0xc6, 0x3f, 0xf9, 0xc3, 0x7f, 0xce,
    0x2, 0x67, 0x0, 0x99, 0xe0, 0x1, 0x9c, 0x40,
    0x99, 0x8e, 0x7, 0xcc, 0xc2, 0x59, 0x92, 0x80,
    0x66, 0xe, 0x0, 0xc2, 0xc0, 0x1f, 0x88, 0x8,
    0x2, 0x20, 0x20, 0xf, 0xdc, 0xc, 0x1, 0x30,
    0x70, 0x7, 0x0,

    /* U+0024 "$" */
    0x0, 0xf1, 0xfa, 0x80, 0x7f, 0xf6, 0x5, 0xf3,
    0x1, 0x5d, 0x6c, 0x1, 0x8f, 0xe0, 0xc0, 0x21,
    0x49, 0xe1, 0x1, 0xd1, 0x14, 0xd0, 0x46, 0x41,
    0x10, 0x41, 0xc4, 0x31, 0x98, 0x4, 0x6f, 0xbc,
    0x0, 0xf0, 0x32, 0x0, 0xf8, 0x80, 0x2, 0x4,
    0x1, 0xff, 0x58, 0xe, 0x18, 0x7, 0xf1, 0xb8,
    0x1e, 0x68, 0x60, 0x80, 0x7a, 0x2c, 0xc0, 0x41,
    0xbb, 0x14, 0x3, 0x93, 0x3a, 0x0, 0x23, 0xab,
    0x0, 0xf0, 0xa0, 0x56, 0x20, 0x23, 0x80, 0x7f,
    0x1d, 0xa0, 0x58, 0x7, 0xfd, 0x80, 0x40, 0xae,
    0x1, 0xfa, 0xc1, 0x42, 0x63, 0x5c, 0xdc, 0xd,
    0x2c, 0xc3, 0xc2, 0x44, 0xa3, 0x2c, 0x26, 0xd0,
    0x21, 0x1, 0x7a, 0x50, 0x40, 0x21, 0x6c, 0x70,
    0xc, 0xd7, 0xd8, 0x15, 0xd2, 0x60, 0x1f, 0xfd,
    0x20,

    /* U+0025 "%" */
    0x0, 0x1e, 0x7f, 0x48, 0x7, 0xcd, 0xee, 0x1,
    0x8f, 0x6, 0x19, 0x96, 0x1, 0xc5, 0x26, 0xe0,
    0x1a, 0x7, 0x1e, 0x25, 0x10, 0x1, 0xb8, 0x38,
    0x3, 0x91, 0xc4, 0x0, 0xc1, 0xa0, 0x13, 0x9c,
    0x90, 0x6, 0x10, 0xe0, 0xc, 0x26, 0x0, 0x28,
    0x46, 0x0, 0xe1, 0xf, 0x0, 0xc2, 0x60, 0xe,
    0xa, 0x0, 0xf8, 0x94, 0x2, 0x30, 0xf0, 0x73,
    0x91, 0x0, 0xfa, 0xa, 0x49, 0x38, 0x58, 0xa1,
    0x18, 0x0, 0x20, 0x1c, 0xb0, 0xdb, 0x61, 0xa1,
    0xc3, 0x41, 0x1f, 0xdc, 0x70, 0xc, 0xfd, 0x79,
    0xa6, 0xe7, 0x63, 0x2e, 0xea, 0x48, 0x70, 0xc,
    0x28, 0x60, 0x50, 0xaa, 0x26, 0x78, 0x5a, 0x48,
    0x0, 0xfd, 0xe3, 0x60, 0xe1, 0x60, 0x17, 0x2,
    0x0, 0x7a, 0xa, 0xc4, 0xc, 0x8, 0x2, 0x60,
    0x10, 0xe, 0x37, 0x55, 0x0, 0xc, 0x8, 0x2,
    0x60, 0x60, 0xe, 0xe1, 0xb0, 0x9, 0x2, 0xc0,
    0x2f, 0x13, 0x0, 0xd0, 0x54, 0x20, 0x10, 0xbb,
    0xa1, 0x25, 0x60, 0x3, 0x1b, 0xaa, 0x0, 0x74,
    0x41, 0x6d, 0x25, 0x80,

    /* U+0026 "&" */
    0x0, 0x86, 0x7b, 0xfa, 0x88, 0x3, 0xf1, 0x7b,
    0x2, 0x1a, 0xe9, 0x80, 0x7d, 0x2, 0x9d, 0x7b,
    0x1, 0x0, 0x1f, 0x38, 0x70, 0x4, 0xa0, 0xc0,
    0x1f, 0x8, 0x10, 0x4, 0x80, 0xe0, 0x1f, 0x50,
    0x48, 0x83, 0x48, 0x40, 0x7, 0xcc, 0x83, 0x97,
    0x21, 0x64, 0x1, 0xfa, 0x40, 0x91, 0x1c, 0x80,
    0x1f, 0x9b, 0x40, 0x26, 0x0, 0xfe, 0x89, 0xa,
    0xe3, 0x2c, 0x10, 0x5, 0x61, 0x2, 0x38, 0x6a,
    0x8e, 0x19, 0x61, 0x2, 0x99, 0x7, 0x83, 0x90,
    0x5, 0x86, 0x59, 0x0, 0x80, 0x5, 0xe, 0x0,
    0xec, 0x31, 0x70, 0x80, 0x1, 0x6, 0x0, 0x7b,
    0x40, 0x21, 0x0, 0x50, 0x2d, 0x10, 0x0, 0x5b,
    0xc0, 0x2c, 0x20, 0x67, 0x5, 0xdf, 0xf7, 0x48,
    0xaf, 0x20, 0xf8, 0x2, 0x31, 0x88, 0x0, 0x4d,
    0x94, 0x36, 0x92, 0x1, 0x1c, 0xef, 0xfb, 0x64,
    0xc0, 0x2b, 0x40,

    /* U+0027 "'" */
    0x7f, 0x80, 0x7, 0x88, 0x7, 0xc2, 0x60, 0x6,
    0x75,

    /* U+0028 "(" */
    0x0, 0x17, 0xf8, 0x40, 0x16, 0xc, 0x20, 0x2c,
    0x16, 0x0, 0x70, 0x32, 0x0, 0x50, 0x58, 0x4,
    0x60, 0x80, 0x3, 0x0, 0x18, 0x1, 0x40, 0x80,
    0x2e, 0x6, 0x0, 0x84, 0x4, 0x2, 0x30, 0x30,
    0x8, 0x40, 0x40, 0x21, 0x1, 0x0, 0x8c, 0xc,
    0x2, 0x10, 0x10, 0xb, 0x81, 0x80, 0x25, 0x2,
    0x0, 0x8c, 0x0, 0x60, 0x11, 0x82, 0x0, 0x54,
    0x16, 0x1, 0x38, 0x19, 0x0, 0x5, 0x82, 0xc0,
    0x2b, 0x6, 0x10,

    /* U+0029 ")" */
    0xf, 0xf1, 0x80, 0x4e, 0x10, 0x1, 0x48, 0x21,
    0x80, 0x5, 0x2, 0xc0, 0x2d, 0x5, 0x0, 0x9c,
    0x8, 0x80, 0x1, 0x10, 0x38, 0x4, 0xa1, 0xa0,
    0x11, 0x1, 0x0, 0x42, 0x2, 0x1, 0x78, 0x38,
    0x4, 0x20, 0x20, 0x10, 0x80, 0x80, 0x5e, 0xe,
    0x1, 0x8, 0x8, 0x4, 0x40, 0x40, 0x12, 0x86,
    0x80, 0x4, 0x40, 0xe0, 0x7, 0x2, 0x20, 0x3,
    0x41, 0x40, 0x2, 0x81, 0x60, 0x9, 0x4, 0x30,
    0x3, 0x84, 0x0, 0x0,

    /* U+002A "*" */
    0x0, 0xdd, 0x0, 0x1c, 0x60, 0x1e, 0x20, 0x4c,
    0xa1, 0x0, 0x26, 0xe0, 0x23, 0xaf, 0xb, 0x58,
    0x50, 0x2, 0x34, 0x40, 0x53, 0x50, 0x0, 0xf8,
    0x20, 0x4, 0xc3, 0x5, 0x85, 0xd1, 0x7a, 0x2d,
    0x5, 0xbb, 0x10, 0x1, 0x7b, 0x40, 0x8, 0x1,
    0xe3, 0x0, 0xee, 0x80, 0xc,

    /* U+002B "+" */
    0x0, 0xe7, 0xd0, 0xf, 0xfb, 0xcc, 0x3, 0xff,
    0xa8, 0x24, 0x58, 0x40, 0x8b, 0x8, 0x56, 0xee,
    0x61, 0xdd, 0xdc, 0x33, 0x55, 0x94, 0x6a, 0xb5,
    0x89, 0x2a, 0xe2, 0x5, 0x5c, 0x80, 0x1f, 0xfe,
    0x1e, 0x30, 0xf, 0x0,

    /* U+002C "," */
    0xc, 0xe2, 0x13, 0x1a, 0x18, 0xe, 0xe, 0x36,
    0x61, 0x68, 0x0,

    /* U+002D "-" */
    0x2, 0x2f, 0xb, 0x6e, 0xfb, 0x1e, 0xab, 0xd2,

    /* U+002E "." */
    0x0, 0xeb, 0xf3, 0x4, 0x9, 0x7, 0x1e,

    /* U+002F "/" */
    0x0, 0xfd, 0xde, 0x40, 0x1f, 0x20, 0x91, 0x0,
    0x3e, 0xd0, 0xa0, 0xf, 0xce, 0xa, 0x1, 0xf2,
    0x9, 0x90, 0x7, 0xdc, 0x16, 0x1, 0xf9, 0x41,
    0x80, 0x3e, 0x50, 0x31, 0x0, 0xfb, 0xc2, 0x80,
    0x3f, 0x28, 0x38, 0x7, 0xca, 0x8, 0x20, 0x1f,
    0x70, 0x68, 0x7, 0xc2, 0x80, 0xe0, 0x1f, 0x38,
    0x20, 0x80, 0x7d, 0xa1, 0xc0, 0x1f, 0xa, 0x2,
    0x80, 0x7c, 0xe0, 0xa0, 0x1f, 0xa8, 0x3c, 0x3,
    0xe2, 0x30, 0x50, 0xf, 0x94, 0x14, 0x3, 0xf5,
    0x7, 0x0, 0x7c, 0x44, 0x14, 0x0, 0xfa, 0x81,
    0xc0, 0x3f, 0x0,

    /* U+0030 "0" */
    0x0, 0xc7, 0x9f, 0xce, 0x1, 0xc7, 0x38, 0x2c,
    0x51, 0x40, 0x1b, 0x99, 0x76, 0x71, 0x95, 0x40,
    0x4, 0x22, 0x50, 0x5, 0x23, 0x20, 0xc, 0x8,
    0x0, 0xe6, 0x32, 0x4, 0x5, 0x0, 0xed, 0x7,
    0x3, 0x40, 0xf, 0x38, 0x68, 0x81, 0x0, 0x78,
    0xc0, 0x4c, 0x4, 0x3, 0xf1, 0x88, 0x78, 0x7,
    0xfd, 0xe0, 0x1e, 0x30, 0x31, 0x1, 0x0, 0xf3,
    0x7, 0x10, 0x10, 0x7, 0x8c, 0xc, 0xd, 0x40,
    0x3d, 0x80, 0x81, 0x42, 0x80, 0x18, 0x91, 0x40,
    0xc, 0x32, 0x20, 0x17, 0x4, 0x0, 0x54, 0x5d,
    0x53, 0xa7, 0x24, 0x1, 0x26, 0x22, 0x18, 0x6d,
    0x80, 0x0,

    /* U+0031 "1" */
    0x0, 0x97, 0x94, 0x1, 0x14, 0x3a, 0xdc, 0xe4,
    0x1e, 0xb1, 0xb2, 0x0, 0x36, 0x20, 0xf, 0xff,
    0xe0, 0x80, 0x73, 0x8, 0x0,

    /* U+0032 "2" */
    0x0, 0x86, 0x77, 0xfd, 0x8c, 0x1, 0x93, 0xd8,
    0x55, 0x45, 0x32, 0x0, 0x15, 0x8d, 0xe5, 0x53,
    0x8d, 0x8c, 0x2c, 0x25, 0x0, 0x34, 0x85, 0x85,
    0x33, 0x0, 0x38, 0x40, 0x23, 0x90, 0xf, 0x18,
    0x70, 0x7, 0xf4, 0x83, 0x80, 0x7e, 0xa1, 0x81,
    0x0, 0xfa, 0x55, 0x1c, 0x3, 0xea, 0x63, 0xb0,
    0xf, 0xad, 0x53, 0x0, 0x3e, 0xb4, 0x45, 0x80,
    0x7d, 0x48, 0xb6, 0x1, 0xf3, 0xaa, 0x50, 0x7,
    0xc7, 0x5, 0x40, 0x1f, 0xb8, 0x38, 0x40, 0x3e,
    0x72, 0x22, 0x44, 0x7c, 0x84, 0x5, 0xe, 0xff,
    0x48,

    /* U+0033 "3" */
    0x0, 0x8e, 0xbb, 0xfa, 0xcc, 0x3, 0x4e, 0x2a,
    0x99, 0x11, 0x8a, 0x0, 0x96, 0x4e, 0xb9, 0xae,
    0x1b, 0x0, 0x7b, 0x58, 0x80, 0x42, 0x82, 0x20,
    0x69, 0x0, 0xfc, 0x20, 0x1f, 0x8d, 0x4c, 0x3,
    0xe1, 0x7c, 0xf, 0x0, 0xc3, 0x39, 0xd0, 0x78,
    0x60, 0x18, 0x5c, 0xc0, 0x5, 0x22, 0x1, 0xdd,
    0xfe, 0xd6, 0x5f, 0x10, 0xf, 0x8a, 0x28, 0x64,
    0x3, 0xf9, 0x45, 0x0, 0x3f, 0xc6, 0x20, 0x1f,
    0xe2, 0x63, 0x80, 0xf, 0x98, 0x31, 0x1e, 0x40,
    0x39, 0x64, 0x5d, 0x91, 0xbe, 0xa6, 0xb6, 0x87,
    0x40, 0x6e, 0x91, 0xc, 0x83, 0x1e, 0x60,

    /* U+0034 "4" */
    0x0, 0xfa, 0x24, 0x3, 0xfe, 0x66, 0x0, 0x7f,
    0x9c, 0x60, 0x3, 0xfd, 0x24, 0xe0, 0x1f, 0xd0,
    0x30, 0xa4, 0x1, 0xf0, 0xba, 0x2d, 0x70, 0x7,
    0xd6, 0x12, 0x1, 0xfc, 0x6a, 0xc4, 0x2, 0xe0,
    0x1e, 0xe1, 0x90, 0xf, 0xe6, 0x2b, 0x0, 0xfe,
    0x18, 0x35, 0x0, 0xfe, 0x81, 0xe0, 0xf, 0xe4,
    0x67, 0x20, 0xe, 0x74, 0x40, 0x78, 0x3f, 0xff,
    0x9, 0xdd, 0xa3, 0xdf, 0x33, 0xc0, 0x79, 0x8a,
    0x48, 0x33, 0xf0, 0xb9, 0x98, 0x80, 0x3f, 0xb,
    0x80, 0x7f, 0xc6, 0x1, 0x80,

    /* U+0035 "5" */
    0x0, 0x46, 0xe6, 0xf7, 0x3f, 0xdc, 0x1, 0x11,
    0x1d, 0xe6, 0x89, 0xb0, 0x9, 0xd2, 0xea, 0x61,
    0xd9, 0x40, 0x22, 0x20, 0x7, 0xf1, 0x7, 0x80,
    0x7f, 0x30, 0x28, 0x0, 0x40, 0x3c, 0x60, 0xd9,
    0xfd, 0xf8, 0xa0, 0x16, 0x85, 0x3c, 0xd4, 0xd,
    0x40, 0x0, 0x45, 0x76, 0x65, 0x7d, 0x57, 0x30,
    0xaf, 0x40, 0xe, 0xb0, 0x90, 0x11, 0x0, 0x78,
    0x49, 0xc0, 0x3f, 0xc2, 0x1, 0xff, 0x1b, 0x1f,
    0x8, 0x7, 0x9c, 0x35, 0xc7, 0xc, 0x3, 0x34,
    0x13, 0x24, 0x96, 0x62, 0x6b, 0x64, 0x7c, 0x0,
    0xda, 0xc2, 0xca, 0x11, 0xe4, 0x0,

    /* U+0036 "6" */
    0x0, 0xe1, 0xed, 0x0, 0xfe, 0x81, 0xa0, 0xf,
    0xc6, 0xc8, 0xe0, 0x1f, 0xb8, 0x68, 0x3, 0xf3,
    0x95, 0x8, 0x7, 0xc3, 0xa, 0x80, 0x1f, 0xa0,
    0x2c, 0x4, 0x3, 0xc2, 0xcb, 0x7f, 0xdf, 0x8a,
    0x1, 0x48, 0x2b, 0xc5, 0x40, 0xd4, 0x0, 0x18,
    0x1b, 0x5d, 0x5f, 0x51, 0xd0, 0x84, 0xe4, 0x3,
    0xa8, 0x3d, 0xc2, 0x80, 0x3c, 0x26, 0xa4, 0xa,
    0x1, 0xfc, 0x20, 0xe0, 0x1f, 0x11, 0x10, 0x38,
    0x3, 0xc8, 0x28, 0x4a, 0xa6, 0x0, 0xc5, 0x43,
    0x21, 0x47, 0x3b, 0x31, 0x7a, 0x34, 0x20, 0xc,
    0x91, 0x77, 0x33, 0x35, 0x0,

    /* U+0037 "7" */
    0x1f, 0xff, 0xf4, 0xc, 0xb4, 0x4d, 0xe6, 0xfa,
    0x85, 0x83, 0x4b, 0xb2, 0x19, 0x11, 0x54, 0x60,
    0x1f, 0xac, 0x24, 0x3, 0xf0, 0xb2, 0x18, 0x7,
    0xe6, 0xf, 0x0, 0xfe, 0x92, 0x40, 0xf, 0xca,
    0x36, 0x1, 0xfd, 0x22, 0xc0, 0x1f, 0x8c, 0xcc,
    0x1, 0xfd, 0x41, 0x40, 0x1f, 0xcc, 0x64, 0x1,
    0xf9, 0x82, 0x80, 0x3f, 0xa8, 0x1c, 0x3, 0xf1,
    0x1a, 0x8, 0x7, 0xea, 0xd, 0x0, 0xfe, 0x10,
    0x70, 0xf, 0x0,

    /* U+0038 "8" */
    0x0, 0x97, 0x3b, 0xf5, 0xc0, 0x3a, 0xa8, 0x2f,
    0xf, 0x1a, 0x20, 0x5, 0x53, 0x6c, 0xbd, 0x61,
    0x58, 0x87, 0x4, 0x80, 0x63, 0xa5, 0xb0, 0x71,
    0x0, 0xe1, 0x93, 0xa0, 0xb1, 0x60, 0x9, 0x3d,
    0xf0, 0x0, 0xeb, 0x32, 0x29, 0xb6, 0xb0, 0xd,
    0x50, 0xda, 0xcf, 0x0, 0x1e, 0x10, 0x10, 0x7a,
    0x10, 0xd, 0x32, 0x5e, 0xe3, 0xaf, 0x98, 0x1,
    0xd9, 0x94, 0x3, 0x1a, 0x1a, 0x25, 0x9, 0x20,
    0x18, 0xac, 0x5d, 0x42, 0x0, 0x3c, 0x81, 0x9c,
    0x4, 0x1, 0xe1, 0x0, 0x70, 0x20, 0x7, 0x90,
    0x9, 0x82, 0xc8, 0x3, 0x25, 0x5, 0xd, 0x8e,
    0xdc, 0xd6, 0xd8, 0xd9, 0x2, 0x6b, 0x34, 0xa0,
    0xfa, 0x80,

    /* U+0039 "9" */
    0x0, 0x86, 0x7b, 0xfa, 0x44, 0x60, 0x8, 0xfd,
    0x95, 0x95, 0xbe, 0xf8, 0x40, 0xb0, 0x32, 0xe6,
    0xf0, 0x54, 0x4, 0x38, 0x30, 0xc0, 0x23, 0xb0,
    0x40, 0x33, 0x39, 0x0, 0x73, 0x6, 0x2, 0x5,
    0x80, 0x7a, 0xc0, 0xc3, 0xc0, 0x80, 0x38, 0x98,
    0x10, 0x3c, 0x8, 0x3, 0xb8, 0x8, 0x0, 0x81,
    0x20, 0x10, 0xe1, 0x83, 0x80, 0xd, 0x55, 0xb5,
    0x7c, 0x54, 0x1a, 0x1, 0x54, 0x2, 0xb3, 0xf8,
    0x81, 0x0, 0x67, 0xdf, 0xd8, 0x13, 0x7, 0x0,
    0xff, 0x68, 0x10, 0x7, 0xf9, 0xcc, 0x3, 0xfe,
    0x26, 0x0, 0xff, 0x18, 0x10, 0x7, 0xf9, 0x43,
    0x80, 0x3f, 0xc2, 0xa, 0x1, 0x0,

    /* U+003A ":" */
    0xbe, 0x25, 0x15, 0xa6, 0x54, 0x92, 0x0, 0xff,
    0xe1, 0xb4, 0x4, 0xbb, 0x38, 0x10,

    /* U+003B ";" */
    0x5f, 0xb0, 0x80, 0x44, 0x80, 0xb, 0x37, 0xc2,
    0x8, 0x20, 0x1f, 0xfc, 0x95, 0xeb, 0x9, 0x14,
    0x48, 0x0, 0xd0, 0x4, 0x50, 0x28, 0x20, 0x58,
    0xa, 0x18, 0x0,

    /* U+003C "<" */
    0x0, 0xfe, 0x17, 0x40, 0xf, 0x92, 0xfa, 0x4,
    0x3, 0xc, 0x75, 0xa0, 0xba, 0x0, 0x12, 0xf9,
    0xc5, 0x6f, 0xa0, 0x4f, 0xad, 0xa, 0x3a, 0x90,
    0x2, 0x51, 0x8, 0xd7, 0x10, 0xe, 0x51, 0x8,
    0xd7, 0x10, 0xe, 0x3e, 0xb4, 0x28, 0xea, 0x40,
    0xe, 0x4b, 0xe7, 0x15, 0xbe, 0x81, 0x0, 0xc3,
    0x1d, 0x68, 0x2e, 0x80, 0x1f, 0x25, 0xf3, 0x88,

    /* U+003D "=" */
    0x5e, 0xef, 0xf2, 0x98, 0x8f, 0xf8, 0x1b, 0xff,
    0xfc, 0xa0, 0x1f, 0xfd, 0x85, 0xee, 0xff, 0x29,
    0x88, 0xff, 0x80,

    /* U+003E ">" */
    0x47, 0x10, 0xf, 0xe2, 0x8e, 0xb4, 0x0, 0xf9,
    0xdc, 0x29, 0x7c, 0xe2, 0x1, 0x86, 0x3a, 0xd0,
    0x63, 0xad, 0x0, 0x39, 0x2f, 0xa0, 0x92, 0xf8,
    0xc0, 0x38, 0x5f, 0x60, 0x5, 0x80, 0x38, 0x5f,
    0x60, 0x5, 0x80, 0x24, 0xae, 0x82, 0x4b, 0xe3,
    0x18, 0xeb, 0x51, 0x8e, 0xb4, 0x0, 0x3b, 0x85,
    0x2f, 0x9c, 0x40, 0x31, 0x47, 0x5a, 0x0, 0x7c,

    /* U+003F "?" */
    0x0, 0x14, 0x67, 0x7f, 0x63, 0x80, 0x68, 0xd7,
    0x31, 0x1, 0x38, 0xd1, 0x7, 0x70, 0x25, 0x6f,
    0x62, 0x81, 0x50, 0x3b, 0x4d, 0xa9, 0x9, 0xd2,
    0x82, 0x0, 0x25, 0x80, 0x3d, 0xe0, 0x1, 0x0,
    0xfe, 0x20, 0x11, 0x0, 0x7e, 0x38, 0x9, 0x0,
    0xfc, 0x78, 0x8, 0xe0, 0x1f, 0x26, 0x2, 0xd8,
    0x7, 0xea, 0x4, 0xa0, 0xf, 0xcc, 0x21, 0x40,
    0x1f, 0xc4, 0xf0, 0x20, 0x1f, 0xc9, 0xe, 0x1,
    0xff, 0xcb, 0x7f, 0xd0, 0xf, 0xf5, 0x1, 0x10,
    0x3, 0xfa, 0xc1, 0x8, 0x3, 0x0,

    /* U+0040 "@" */
    0x0, 0xf0, 0xb5, 0x6f, 0xfd, 0xb4, 0xc0, 0x1f,
    0xfc, 0x8, 0xe9, 0x51, 0x56, 0x51, 0x59, 0xf8,
    0x0, 0xfc, 0x5a, 0xe7, 0x5f, 0x95, 0x35, 0x9f,
    0x66, 0xfa, 0x40, 0x1c, 0x58, 0x51, 0x8a, 0x1,
    0xf2, 0x64, 0x16, 0x10, 0x6, 0xf1, 0xa7, 0x0,
    0xff, 0x9e, 0xc7, 0xc0, 0x28, 0x27, 0x50, 0x9,
    0xf3, 0xfd, 0x8c, 0x15, 0xee, 0x90, 0x4e, 0x0,
    0x71, 0x80, 0x1, 0x6c, 0x18, 0x9, 0xce, 0x8,
    0x4, 0xe5, 0x20, 0xa1, 0x20, 0x17, 0x91, 0x33,
    0xfb, 0x90, 0x68, 0x1, 0xa8, 0x53, 0x1, 0x0,
    0xc, 0x43, 0x86, 0x0, 0x17, 0x90, 0xe, 0x50,
    0x35, 0x3, 0x0, 0x68, 0x48, 0x80, 0x73, 0x8,
    0x6, 0x20, 0xe1, 0x10, 0x4, 0xc0, 0x80, 0x1f,
    0x20, 0x7, 0x8c, 0x3, 0xff, 0x94, 0x6c, 0x20,
    0x13, 0x2, 0x0, 0x7c, 0xe0, 0x18, 0x83, 0x88,
    0xc, 0x1, 0xa1, 0x20, 0x1e, 0x62, 0x0, 0xc8,
    0x7, 0x80, 0x80, 0x6, 0x21, 0xc3, 0x0, 0x9e,
    0x40, 0x18, 0x3, 0x62, 0x8a, 0x32, 0x1, 0x79,
    0x1e, 0x76, 0xfc, 0x1e, 0x2, 0x77, 0xa, 0xc0,
    0xc, 0x32, 0x0, 0x2d, 0x83, 0x12, 0x38, 0xc3,
    0xa2, 0x12, 0xa5, 0x0, 0x41, 0x32, 0x80, 0x4f,
    0x9f, 0xec, 0x70, 0x2, 0xef, 0xea, 0x80, 0x6f,
    0x1a, 0x80, 0xf, 0xfe, 0x39, 0x61, 0x3e, 0x28,
    0x7, 0x8a, 0x4, 0x3, 0xf8, 0xb5, 0xce, 0xbf,
    0x2a, 0x97, 0xba, 0x77, 0x0, 0x7f, 0xd1, 0xd2,
    0xa2, 0xaa, 0x40, 0x6b, 0x60, 0xf, 0x0,

    /* U+0041 "A" */
    0x0, 0xfc, 0x9c, 0xc0, 0x1f, 0xfc, 0x3d, 0x1c,
    0x0, 0xff, 0xe1, 0xb8, 0x20, 0x7, 0xff, 0x9,
    0x86, 0x45, 0x40, 0x3f, 0xf8, 0x36, 0x6c, 0x5c,
    0x1, 0xff, 0xc0, 0x42, 0x90, 0xa4, 0x20, 0xf,
    0xfb, 0xc5, 0x41, 0x82, 0x80, 0x3f, 0xc6, 0x92,
    0x0, 0x15, 0x60, 0xf, 0xf4, 0x83, 0x80, 0x5c,
    0x2a, 0x1, 0xf8, 0x95, 0xc0, 0x32, 0x14, 0x80,
    0x78, 0x9a, 0x40, 0xc, 0xde, 0x33, 0x0, 0x73,
    0x4a, 0x3, 0xcc, 0xf2, 0x4, 0x80, 0x72, 0x20,
    0x37, 0xff, 0xe5, 0x50, 0x80, 0x61, 0x45, 0x20,
    0xf, 0xa0, 0x24, 0x3, 0x48, 0x48, 0x7, 0xe2,
    0x47, 0x10, 0x0, 0xba, 0x18, 0x7, 0xf7, 0x84,
    0x80, 0x24, 0x38, 0x3, 0xfc, 0x82, 0xe2, 0xa,
    0x4a, 0x1, 0xff, 0x48, 0x38,

    /* U+0042 "B" */
    0x16, 0x9c, 0xdf, 0xfb, 0x60, 0x40, 0x22, 0x96,
    0x27, 0x67, 0x60, 0x7f, 0x20, 0x1, 0xc0, 0x6d,
    0x4c, 0x4e, 0xc8, 0xc8, 0x7, 0xfc, 0xc4, 0x80,
    0x1f, 0xfc, 0x6, 0x0, 0xff, 0xe0, 0xa, 0x18,
    0x7, 0xf8, 0x70, 0x3c, 0x3, 0xe2, 0x4a, 0xe3,
    0xb3, 0x0, 0xec, 0xfd, 0xb5, 0x5, 0x20, 0xf,
    0x45, 0x5e, 0x62, 0x86, 0x70, 0x40, 0x32, 0x2a,
    0x19, 0x96, 0xb0, 0xe8, 0x3, 0xfe, 0x36, 0x42,
    0x0, 0xff, 0xb0, 0x1c, 0x3, 0xfe, 0x20, 0x10,
    0xf, 0xf0, 0xc8, 0x28, 0x7, 0xf1, 0xe0, 0xc0,
    0x8b, 0xc1, 0x4d, 0x1a, 0x77, 0xe, 0x5c, 0x19,
    0x42, 0x72, 0xe1, 0x52, 0xb9, 0x80, 0x0,

    /* U+0043 "C" */
    0x0, 0xe5, 0xad, 0xff, 0x6d, 0x28, 0x7, 0x8f,
    0x69, 0x48, 0x0, 0x4b, 0x5a, 0x60, 0x12, 0xe1,
    0x2, 0x4d, 0xe5, 0x30, 0x16, 0x10, 0x1d, 0x1,
    0x65, 0xb2, 0x1a, 0xcf, 0x1b, 0x90, 0x70, 0xe,
    0x18, 0x7, 0x87, 0x20, 0x14, 0x82, 0x84, 0x3,
    0xfe, 0xc0, 0x14, 0x0, 0xff, 0xe0, 0x28, 0x20,
    0x7, 0xff, 0x4, 0x40, 0xc0, 0x3f, 0xf8, 0x22,
    0x6, 0x1, 0xff, 0xc1, 0x50, 0x70, 0xf, 0xfe,
    0xe, 0x1, 0x20, 0x7, 0xff, 0x1, 0x48, 0x28,
    0x40, 0x3f, 0xf8, 0x1c, 0x3, 0x86, 0x1, 0xe1,
    0xc8, 0x0, 0x1d, 0x1, 0x65, 0xa9, 0x99, 0x27,
    0x8d, 0xc8, 0x0, 0xb8, 0x40, 0x95, 0x98, 0xb6,
    0x2, 0xc2, 0x0, 0x8f, 0x69, 0x44, 0x0, 0x4b,
    0x5a, 0x60,

    /* U+0044 "D" */
    0x7f, 0xff, 0xdb, 0x28, 0x1, 0xff, 0xc2, 0x26,
    0xbc, 0x20, 0xe, 0x1e, 0xed, 0xb9, 0x28, 0x7,
    0xa8, 0x1, 0xc2, 0x38, 0x8d, 0xae, 0xc2, 0x14,
    0x40, 0x1f, 0xfc, 0x4, 0xc0, 0x19, 0x0, 0xff,
    0xe0, 0x94, 0x2, 0x10, 0x7, 0xff, 0x5, 0x80,
    0xa, 0x1, 0xff, 0xc1, 0x12, 0xe, 0x0, 0xff,
    0xe1, 0x8, 0x18, 0x7, 0xff, 0x8, 0x40, 0xc0,
    0x3f, 0xf8, 0x22, 0x41, 0xc0, 0x1f, 0xfc, 0x16,
    0x0, 0x28, 0x7, 0xff, 0x0, 0xa0, 0x10, 0x80,
    0x3f, 0xe3, 0xc0, 0x19, 0x0, 0xc2, 0x3c, 0x6b,
    0x78, 0x21, 0x44, 0x1, 0xf, 0x77, 0x65, 0x20,
    0x1e, 0xa0, 0x7, 0xfc, 0x4d, 0x78, 0x40, 0x10,

    /* U+0045 "E" */
    0x0, 0xff, 0x3f, 0x10, 0x2, 0x3f, 0xff, 0x62,
    0x8, 0x3, 0xc1, 0x9d, 0xfa, 0x6e, 0x8c, 0x3,
    0x5c, 0x47, 0x30, 0x7, 0xff, 0xad, 0x10, 0x1,
    0xa0, 0x37, 0xff, 0xae, 0xc0, 0x19, 0xc2, 0xb7,
    0x7e, 0x0, 0xde, 0xe, 0x45, 0xf0, 0x7, 0xff,
    0xfb, 0xc2, 0x26, 0x7f, 0x38, 0x3, 0x41, 0x59,
    0xbf, 0x40, 0x0,

    /* U+0046 "F" */
    0x0, 0xff, 0x3f, 0x10, 0x47, 0xff, 0xec, 0x41,
    0xf, 0x5, 0x66, 0xe9, 0xba, 0x30, 0xa, 0x67,
    0xcc, 0x1, 0xff, 0xe1, 0x70, 0xc, 0x28, 0x60,
    0x14, 0x5, 0xff, 0xee, 0xbd, 0x0, 0x98, 0x27,
    0x33, 0xda, 0x1, 0x70, 0x29, 0x9f, 0xc0, 0x1f,
    0xff, 0xa7, 0x0, 0xff, 0x10, 0x80, 0x7f, 0x80,

    /* U+0047 "G" */
    0x0, 0xe5, 0xad, 0xff, 0x75, 0xb0, 0x7, 0x8f,
    0x69, 0x48, 0x0, 0x29, 0x3c, 0xa0, 0x12, 0xe1,
    0x2, 0x4d, 0xe5, 0xb8, 0x8a, 0x94, 0xe, 0x80,
    0xb2, 0xd9, 0xd, 0x23, 0x99, 0x14, 0x38, 0x7,
    0xc, 0x3, 0xe9, 0xb0, 0x52, 0xb, 0x10, 0xf,
    0xfb, 0x0, 0x54, 0x3, 0xff, 0x80, 0xa0, 0x80,
    0x1f, 0xfc, 0x11, 0x3, 0x0, 0xff, 0x3c, 0xa0,
    0x81, 0x80, 0x7f, 0xa9, 0x8d, 0x41, 0x0, 0x3f,
    0xf8, 0x38, 0x2, 0xa0, 0x1f, 0xfc, 0x5, 0x20,
    0xb1, 0x0, 0xff, 0xe0, 0x70, 0xe, 0x18, 0x7,
    0xfc, 0x74, 0x5, 0x96, 0xc6, 0x48, 0xfa, 0x40,
    0x19, 0x70, 0x81, 0x27, 0x36, 0xe0, 0x81, 0xdc,
    0x1, 0x1e, 0xd2, 0x90, 0x0, 0x52, 0x3a, 0x0,

    /* U+0048 "H" */
    0x7f, 0xe0, 0xf, 0xe7, 0xff, 0x0, 0x7f, 0xff,
    0xc0, 0x3f, 0xf8, 0xa3, 0xff, 0xfd, 0x0, 0x1f,
    0xfc, 0x71, 0xee, 0xfe, 0x80, 0xe, 0x11, 0xfe,
    0x0, 0xff, 0xff, 0x80, 0x7f, 0xf1, 0x80,

    /* U+0049 "I" */
    0x4e, 0x60, 0x1e, 0x70, 0xf, 0xfe, 0xd3, 0x80,
    0xb0, 0x80,

    /* U+004A "J" */
    0x0, 0x47, 0xff, 0xe0, 0xf, 0xfe, 0xc, 0x77,
    0x74, 0x0, 0x70, 0x8f, 0x0, 0x7f, 0xff, 0xc0,
    0x3f, 0xf8, 0x62, 0x1, 0xfb, 0xc0, 0xc1, 0x68,
    0x3, 0x94, 0x1c, 0x29, 0x71, 0x4, 0xec, 0x83,
    0xc2, 0x80, 0xef, 0xb1, 0x1, 0x54, 0xb, 0xac,
    0x40, 0x3, 0x9a, 0x0,

    /* U+004B "K" */
    0x7f, 0xe0, 0xf, 0xcd, 0xfe, 0x50, 0xf, 0xf9,
    0xa4, 0x25, 0x40, 0x3f, 0xcb, 0x21, 0x2c, 0x1,
    0xfe, 0x5a, 0x8, 0x60, 0xf, 0xf2, 0x50, 0x3b,
    0x80, 0x3f, 0xc9, 0x60, 0xd0, 0x1, 0xfe, 0x3b,
    0x5, 0x90, 0xf, 0xf1, 0xe0, 0x15, 0x0, 0x7f,
    0x8b, 0x40, 0x4, 0x80, 0x1f, 0xc3, 0x82, 0x44,
    0xb, 0x20, 0xf, 0xe1, 0x2c, 0xf0, 0x7, 0x88,
    0x7, 0xe1, 0xc1, 0x2b, 0x2, 0xa0, 0xf, 0xd8,
    0x20, 0x4, 0x90, 0x48, 0x0, 0xf0, 0x90, 0x6,
    0x67, 0x7, 0x50, 0xf, 0xfe, 0x4, 0x20, 0x51,
    0x80, 0x7f, 0xf0, 0x2c, 0xc3, 0x44, 0x3, 0xff,
    0x81, 0xa2, 0x2d, 0x0,

    /* U+004C "L" */
    0x7e, 0x20, 0xf, 0xe1, 0x60, 0xf, 0xff, 0xf8,
    0x7, 0xff, 0xfc, 0x3c, 0x3e, 0xab, 0xd2, 0x78,
    0x8, 0xab, 0xe6, 0xa0,

    /* U+004D "M" */
    0x7f, 0xc0, 0xf, 0xfe, 0xe, 0xfa, 0x80, 0xd,
    0x40, 0x3f, 0xe7, 0x20, 0x30, 0xa, 0xc0, 0x3f,
    0xc3, 0x0, 0x1e, 0x18, 0x0, 0xfe, 0x80, 0xf,
    0xce, 0x40, 0x1f, 0x1b, 0x0, 0x78, 0x90, 0x24,
    0x3, 0xef, 0x7, 0x10, 0xe, 0x90, 0x44, 0x0,
    0x72, 0x98, 0xc0, 0x7, 0x89, 0xc2, 0x40, 0x3a,
    0xc2, 0x0, 0x3f, 0x40, 0x93, 0x80, 0x50, 0x26,
    0xc0, 0x1f, 0xd6, 0x10, 0x20, 0x2e, 0x1e, 0x1,
    0xfe, 0x54, 0xb, 0xb, 0x6, 0x30, 0xf, 0xfa,
    0x41, 0x5d, 0x46, 0x0, 0x3f, 0xf8, 0x4, 0xe1,
    0x1, 0x2, 0x1, 0xff, 0xc1, 0x81, 0x2, 0x60,
    0xf, 0xfe, 0x1d, 0x84, 0x80, 0x7f, 0xf1, 0x17,
    0xd0, 0x3, 0xff, 0x9e,

    /* U+004E "N" */
    0x7f, 0xd0, 0xf, 0xe7, 0xff, 0x0, 0xa, 0x80,
    0x3f, 0xf8, 0x4a, 0xe0, 0x1f, 0xfc, 0x28, 0x40,
    0xf, 0xfe, 0x1, 0x5, 0x10, 0x7, 0xf8, 0x78,
    0x7, 0xc0, 0x3f, 0xe3, 0xa0, 0x2a, 0x0, 0xff,
    0x95, 0xc1, 0x5c, 0x3, 0xfe, 0x84, 0x8, 0x40,
    0xf, 0xfa, 0x84, 0x28, 0x40, 0x3f, 0xc3, 0xa0,
    0x3a, 0x1, 0xff, 0x1c, 0x81, 0xd0, 0x7, 0xfc,
    0xcc, 0x5, 0xa0, 0xf, 0xfa, 0x4c, 0x8, 0x3,
    0xff, 0x81, 0xa2, 0x1, 0xff, 0xc1, 0x1d, 0x0,
    0xff, 0xe1, 0x1c, 0x80, 0x0,

    /* U+004F "O" */
    0x0, 0xe5, 0xad, 0xff, 0x75, 0xb0, 0x7, 0xf1,
    0x6d, 0x29, 0x0, 0x5, 0x27, 0x90, 0x3, 0xcb,
    0xa4, 0x9, 0x39, 0x8a, 0x50, 0x1b, 0x70, 0xc,
    0x74, 0x5, 0x96, 0xc6, 0x65, 0xae, 0x30, 0x85,
    0x0, 0xb8, 0x7, 0xc, 0x3, 0xc3, 0x86, 0x14,
    0x20, 0x84, 0x14, 0x20, 0x1f, 0xdc, 0x0, 0x60,
    0xd0, 0x14, 0x0, 0xff, 0x12, 0x5, 0x82, 0x82,
    0x0, 0x7f, 0xf0, 0xc, 0xc, 0x4, 0xc, 0x3,
    0xff, 0x81, 0xc0, 0x10, 0x81, 0x80, 0x7f, 0xf0,
    0x38, 0x2, 0x50, 0x70, 0xf, 0xfe, 0x1, 0x81,
    0x86, 0x1, 0x20, 0x7, 0xf8, 0x90, 0x2c, 0x14,
    0x82, 0x84, 0x3, 0xfb, 0x80, 0xc, 0x0, 0xe0,
    0x1c, 0x30, 0xf, 0xe, 0x18, 0x50, 0x80, 0xe,
    0x80, 0xb2, 0xd4, 0xcc, 0xb3, 0xc6, 0xe, 0xa0,
    0x19, 0x70, 0x81, 0x2b, 0x31, 0x4c, 0x3, 0x70,
    0x1, 0xe3, 0xda, 0x52, 0x0, 0xa, 0x4f, 0x20,
    0x6,

    /* U+0050 "P" */
    0x15, 0x8b, 0xef, 0xfb, 0x69, 0x0, 0xf, 0x4e,
    0x84, 0xce, 0xcc, 0x5b, 0xa0, 0x66, 0x6, 0x62,
    0x62, 0x6f, 0x91, 0x58, 0x38, 0x3, 0xe1, 0xa0,
    0xd0, 0xf, 0xf0, 0x83, 0x80, 0x7f, 0x84, 0x18,
    0x3, 0xfd, 0x61, 0x80, 0x1f, 0xd2, 0xa6, 0xc0,
    0x18, 0x49, 0x23, 0x99, 0x34, 0x3, 0x67, 0x6d,
    0xaa, 0x65, 0x88, 0x6, 0xac, 0xde, 0xda, 0x30,
    0xf, 0x31, 0x90, 0x80, 0x7f, 0xfc, 0x5c, 0x3,
    0xfc, 0x42, 0x1, 0xfe,

    /* U+0051 "Q" */
    0x0, 0xe5, 0xad, 0xff, 0x75, 0xb0, 0x7, 0xf1,
    0x6d, 0x29, 0x0, 0x5, 0x27, 0x90, 0x3, 0xcb,
    0xa4, 0x9, 0x39, 0x8a, 0x50, 0x1b, 0x70, 0xc,
    0x54, 0x5, 0x96, 0xc6, 0x65, 0xad, 0x30, 0x85,
    0x0, 0xbc, 0x7, 0xc, 0x3, 0xc5, 0x84, 0x14,
    0x20, 0x84, 0x16, 0x20, 0x1f, 0xde, 0x0, 0x60,
    0xd0, 0x15, 0x0, 0xff, 0x12, 0x5, 0x82, 0x82,
    0x0, 0x7f, 0xf0, 0xc, 0xc, 0x4, 0xc, 0x3,
    0xff, 0x81, 0xc0, 0x10, 0x81, 0x80, 0x7f, 0xf0,
    0x38, 0x4, 0x18, 0x1c, 0x3, 0xff, 0x80, 0x60,
    0x41, 0xe0, 0x48, 0x1, 0xfe, 0x24, 0xb, 0x5,
    0x10, 0x91, 0x0, 0xfe, 0xe0, 0x3, 0x0, 0x28,
    0xb, 0x8, 0x3, 0xc3, 0x66, 0x12, 0x20, 0x4,
    0x80, 0x2d, 0xa4, 0x22, 0x24, 0x7a, 0x3, 0x30,
    0x3, 0x3d, 0x0, 0x16, 0xf7, 0x56, 0xe2, 0x13,
    0x20, 0xf, 0x2f, 0x41, 0x88, 0x4, 0x51, 0xcc,
    0x1, 0xf8, 0x5f, 0x3b, 0x86, 0x4, 0x1, 0x93,
    0xc, 0x3, 0xf0, 0xe3, 0x4, 0x77, 0xfa, 0xcd,
    0x0, 0x3f, 0xd3, 0x8a, 0x20, 0x2b, 0x6e,

    /* U+0052 "R" */
    0x7f, 0xff, 0xba, 0xd8, 0x3, 0xff, 0x80, 0x29,
    0x3a, 0x40, 0x18, 0x7b, 0xb6, 0xdb, 0x1, 0x60,
    0x80, 0x61, 0x1c, 0x49, 0x38, 0x3, 0x0, 0x1f,
    0xf1, 0xb0, 0x38, 0x7, 0xff, 0x3, 0x0, 0x40,
    0x3f, 0xf9, 0xf8, 0x2, 0x1, 0xff, 0x1b, 0x3,
    0x0, 0x61, 0x1e, 0x38, 0xc0, 0x19, 0x0, 0x87,
    0xbb, 0xb1, 0xc0, 0xb0, 0x40, 0x3f, 0xe5, 0xd2,
    0x0, 0xc3, 0xff, 0xd0, 0xa, 0x40, 0x1f, 0xf3,
    0x98, 0x78, 0x7, 0xff, 0x3, 0x44, 0xa4, 0x3,
    0xfe, 0x1b, 0x6, 0x40, 0xf, 0xf9, 0x58, 0x28,
    0x40,

    /* U+0053 "S" */
    0x0, 0xcd, 0x7d, 0xfe, 0xda, 0x50, 0xc, 0x5d,
    0x28, 0x20, 0x2, 0x5a, 0xd1, 0x0, 0x60, 0x8a,
    0x37, 0xb9, 0x6e, 0x23, 0x3, 0x8, 0x63, 0x90,
    0x89, 0x23, 0xb8, 0x0, 0xf0, 0x32, 0x0, 0xf8,
    0x80, 0x2, 0x4, 0x1, 0xff, 0x58, 0xe, 0x18,
    0x7, 0xf1, 0xc0, 0x1e, 0x6c, 0xa8, 0x80, 0x79,
    0xed, 0x0, 0x9a, 0xbb, 0x14, 0x3, 0x92, 0xfa,
    0x98, 0x80, 0xea, 0xc0, 0x3c, 0x2b, 0x3b, 0xa5,
    0x4, 0x70, 0xf, 0xe2, 0xa4, 0xb, 0x0, 0xff,
    0xb0, 0x8, 0x16, 0x0, 0x3f, 0x58, 0x28, 0x43,
    0xf4, 0x21, 0x9, 0x2e, 0x18, 0x78, 0x71, 0xb,
    0xde, 0xf6, 0xd1, 0x84, 0xa0, 0x1e, 0xdb, 0x10,
    0x80, 0x9b, 0xeb, 0x0,

    /* U+0054 "T" */
    0xef, 0xff, 0xfe, 0x8, 0x7, 0xff, 0xb, 0xfb,
    0xb6, 0x0, 0x2b, 0xbb, 0x84, 0x7c, 0x0, 0x61,
    0x1e, 0x0, 0xff, 0xff, 0x80, 0x7f, 0xff, 0xc0,
    0x3f, 0xfa, 0x80,

    /* U+0055 "U" */
    0xaf, 0xc0, 0xf, 0xec, 0xf9, 0x0, 0xff, 0xff,
    0x80, 0x7f, 0xf8, 0x4c, 0x3, 0xff, 0x88, 0x20,
    0x1f, 0xc2, 0x3, 0xc0, 0x40, 0x1f, 0xc4, 0x1c,
    0x80, 0x5, 0x0, 0xf9, 0x40, 0x8, 0x66, 0xb,
    0x10, 0xe, 0x1b, 0x3, 0x20, 0xf0, 0x1f, 0x73,
    0x23, 0x8f, 0x10, 0xf0, 0x1, 0xd8, 0xc, 0x66,
    0xe3, 0x88, 0xac, 0xc0, 0x24, 0xe8, 0x31, 0x1,
    0x38, 0xf4, 0x0, 0x0,

    /* U+0056 "V" */
    0xd, 0xfc, 0x0, 0xff, 0xa3, 0xf8, 0x1, 0x60,
    0x66, 0x0, 0xff, 0x30, 0x48, 0x1, 0x84, 0x24,
    0x3, 0xf9, 0x84, 0x18, 0x2, 0x60, 0x51, 0x0,
    0xfd, 0x40, 0xc2, 0x1, 0x48, 0x2, 0x40, 0x3e,
    0x43, 0xb, 0x0, 0xc2, 0xa0, 0xc0, 0x1f, 0x78,
    0x21, 0x0, 0x74, 0x80, 0xa8, 0x7, 0x12, 0x7,
    0x80, 0x78, 0xcc, 0x12, 0x1, 0xd6, 0x4, 0x80,
    0x1f, 0x48, 0x19, 0x80, 0x33, 0x5, 0x80, 0x7e,
    0x51, 0x9, 0x0, 0x9c, 0x0, 0xc0, 0x1f, 0xd2,
    0xa, 0x20, 0xa, 0x7, 0x0, 0xff, 0x30, 0x2,
    0x41, 0x48, 0x28, 0x3, 0xfc, 0x2c, 0xc, 0x12,
    0x8, 0x40, 0x1f, 0xf5, 0x80, 0xc9, 0x87, 0x80,
    0x7f, 0xf0, 0x9, 0x1, 0x80, 0x90, 0x3, 0xff,
    0x83, 0xe0, 0x15, 0x80, 0x7f, 0xf0, 0x90, 0x80,
    0x58, 0x3, 0xe0,

    /* U+0057 "W" */
    0x9e, 0x20, 0xf, 0x47, 0xb0, 0x7, 0xdd, 0x9a,
    0x2a, 0x1, 0xe5, 0xa, 0x0, 0xf1, 0x8a, 0x20,
    0x6c, 0x3, 0x84, 0x80, 0xc4, 0x3, 0xac, 0x2c,
    0x10, 0xc4, 0x3, 0x38, 0x40, 0x20, 0x7, 0x29,
    0x18, 0x78, 0x20, 0x6, 0xc0, 0x70, 0xc0, 0xc,
    0x44, 0x50, 0x2, 0x6, 0x0, 0x65, 0x50, 0x23,
    0x80, 0x65, 0xa, 0x0, 0x9, 0xa0, 0x4, 0x81,
    0x81, 0xa2, 0x40, 0x15, 0x91, 0x0, 0x24, 0x21,
    0x0, 0x68, 0x38, 0x20, 0x20, 0x0, 0x4d, 0x40,
    0x36, 0x2, 0x0, 0x10, 0xc4, 0x8, 0x70, 0x0,
    0x81, 0x60, 0x19, 0x3, 0x0, 0x88, 0x80, 0x12,
    0x38, 0x3, 0xc4, 0xc0, 0x38, 0xd0, 0x10, 0x30,
    0x2, 0xc2, 0x10, 0x44, 0x0, 0x79, 0x8, 0x70,
    0x10, 0x2, 0x40, 0x43, 0x1f, 0x0, 0xf5, 0x82,
    0xa2, 0x0, 0x31, 0x6, 0x58, 0x28, 0x7, 0x8c,
    0x38, 0x74, 0x3, 0x91, 0x30, 0x7, 0xe3, 0x50,
    0x40, 0xe, 0xc2, 0x3c, 0x0, 0xfd, 0x60, 0x24,
    0x1, 0xc8, 0x0, 0x40, 0xf, 0xcc, 0x4c, 0x1,
    0xe3, 0x52, 0x30, 0xc,

    /* U+0058 "X" */
    0x1e, 0xfc, 0x0, 0xfd, 0x3f, 0xc2, 0x2d, 0x3,
    0x80, 0xf, 0x23, 0x5, 0x88, 0x1b, 0x83, 0x98,
    0x6, 0x1a, 0x6, 0x50, 0xa, 0xc, 0x34, 0x40,
    0x2a, 0x12, 0x90, 0xe, 0xe0, 0x1b, 0x0, 0x32,
    0x7, 0x80, 0x78, 0xa8, 0x15, 0x8a, 0x42, 0x48,
    0x3, 0xe5, 0x50, 0x4f, 0x82, 0x30, 0x7, 0xf5,
    0x8, 0x10, 0xd0, 0x7, 0xfc, 0xe0, 0x5, 0x10,
    0xf, 0xf2, 0x30, 0x1, 0x18, 0x3, 0xf8, 0x68,
    0x15, 0x82, 0x48, 0x3, 0xf5, 0x8, 0xae, 0x48,
    0x3c, 0x3, 0xe6, 0x40, 0xa1, 0xf, 0x2, 0x90,
    0xe, 0x29, 0x7, 0x40, 0x1, 0x48, 0x32, 0x80,
    0x6f, 0x2, 0x80, 0xc, 0xc8, 0x16, 0x20, 0x9,
    0x20, 0xf0, 0xf, 0x50, 0x8a, 0x81, 0x58, 0x24,
    0x80, 0x3c, 0x34, 0x8, 0xe0,

    /* U+0059 "Y" */
    0xc, 0xfc, 0x0, 0xfe, 0x1f, 0xf2, 0x87, 0x81,
    0xa8, 0x7, 0xeb, 0x4, 0x50, 0x36, 0xb, 0x0,
    0xf9, 0x14, 0x24, 0x2, 0x81, 0x14, 0x80, 0x7a,
    0x41, 0xc8, 0x2, 0x18, 0x6, 0x20, 0xc, 0xe4,
    0x30, 0x1, 0xcc, 0x61, 0xc0, 0x10, 0xc0, 0x58,
    0x7, 0xde, 0x6, 0xa0, 0xb, 0x4, 0x50, 0xf,
    0x8d, 0x82, 0xc1, 0x14, 0x24, 0x3, 0xfa, 0x4,
    0x53, 0x20, 0x72, 0x0, 0xfe, 0x18, 0x6, 0x21,
    0x80, 0xf, 0xf9, 0x8c, 0x1, 0x60, 0x1f, 0xfc,
    0x1a, 0x0, 0x28, 0x7, 0xff, 0xfc, 0x3, 0xff,
    0x88,

    /* U+005A "Z" */
    0xcf, 0xff, 0xfe, 0x6, 0x0, 0x7f, 0xf0, 0x9c,
    0x37, 0xbb, 0xf8, 0xc0, 0x12, 0x2, 0x3f, 0xd2,
    0x61, 0x64, 0x1, 0xfc, 0xae, 0xe, 0x80, 0x1f,
    0xc5, 0x40, 0x90, 0x1, 0xfe, 0xf0, 0x2b, 0x0,
    0xff, 0x59, 0x7, 0x80, 0x7f, 0xa1, 0x2, 0x88,
    0x3, 0xf9, 0x1c, 0x1d, 0x40, 0x3f, 0x8a, 0xc1,
    0x20, 0x3, 0xfd, 0xe0, 0x54, 0x1, 0xfe, 0xb2,
    0xe, 0x10, 0xf, 0xe8, 0x40, 0xa3, 0x0, 0xfe,
    0x47, 0x5, 0x41, 0x1f, 0xe0, 0xa0, 0x2, 0xf7,
    0x7f, 0x84, 0x40, 0x1f, 0xfc, 0x20,

    /* U+005B "[" */
    0x7f, 0xfd, 0x0, 0x10, 0x8b, 0xc0, 0x5, 0xdc,
    0x70, 0xf, 0xff, 0xf8, 0x7, 0xff, 0x5c, 0xbb,
    0x8e, 0x1, 0x8, 0xbc,

    /* U+005C "\\" */
    0xbf, 0x50, 0xf, 0xda, 0x1c, 0x1, 0xf9, 0xc1,
    0x0, 0x3f, 0xa, 0x3, 0x0, 0x7e, 0xe0, 0xd0,
    0xf, 0xca, 0x8, 0x20, 0x1f, 0x94, 0x1c, 0x3,
    0xf7, 0x85, 0x0, 0x7e, 0x50, 0x31, 0x0, 0xfc,
    0xa0, 0xc0, 0x1f, 0xb8, 0x2c, 0x3, 0xf2, 0x9,
    0x90, 0x7, 0xe7, 0x5, 0x0, 0xfd, 0xa1, 0x40,
    0x1f, 0x90, 0x48, 0x80, 0x1f, 0x9c, 0x28, 0x3,
    0xf5, 0x2, 0x80, 0x7e, 0x31, 0x23, 0x0, 0xfc,
    0xc1, 0x60, 0x1f, 0xac, 0x18, 0x3, 0xf1, 0x90,
    0x98, 0x7, 0xe5, 0xa, 0x0, 0xfd, 0x40, 0xe0,

    /* U+005D "]" */
    0x8f, 0xfc, 0xe0, 0x22, 0x0, 0xa3, 0xb8, 0x40,
    0x1f, 0xff, 0xf0, 0xf, 0xfe, 0xbc, 0x77, 0x8,
    0x2, 0x11, 0x0, 0x40,

    /* U+005E "^" */
    0x0, 0xc5, 0xfe, 0x20, 0xf, 0xd6, 0x0, 0xb0,
    0xf, 0xcc, 0x68, 0xc2, 0x1, 0xe7, 0x9, 0xe0,
    0x60, 0xf, 0x50, 0xaa, 0x86, 0x80, 0x39, 0x9,
    0x80, 0xc, 0x48, 0x1, 0xbc, 0x24, 0x1, 0x21,
    0xe0, 0x11, 0x22, 0x88, 0x0, 0x55, 0x8, 0x1,
    0x61, 0xc0, 0x1b, 0x82, 0x80, 0xc, 0x48, 0x1,
    0x90, 0x98, 0x0,

    /* U+005F "_" */
    0x88, 0xff, 0xe0, 0x3b, 0xff, 0xf0, 0x0,

    /* U+0060 "`" */
    0x8, 0xff, 0x20, 0x5, 0x16, 0x36, 0xc0, 0x12,
    0x7a, 0x4b, 0x80,

    /* U+0061 "a" */
    0x0, 0x35, 0xf7, 0xfb, 0x60, 0x40, 0x5, 0xd2,
    0x82, 0x0, 0x27, 0xf1, 0x2, 0x4, 0xae, 0xfd,
    0x80, 0x1a, 0x0, 0x7d, 0xa8, 0x81, 0x3c, 0x82,
    0x0, 0x4, 0x3, 0xce, 0x0, 0x30, 0x1, 0xbd,
    0x56, 0xb0, 0x3, 0x85, 0x64, 0x2a, 0xf0, 0x4,
    0xca, 0x13, 0xdf, 0xf8, 0x2, 0xd0, 0x66, 0x8,
    0x7, 0xce, 0x2, 0x1, 0xca, 0x1, 0x20, 0x31,
    0x0, 0x49, 0x40, 0x14, 0x90, 0xee, 0x5e, 0xd9,
    0x0, 0x43, 0x8e, 0x46, 0x80, 0xfa, 0x20, 0x0,

    /* U+0062 "b" */
    0xdf, 0x70, 0xf, 0xff, 0xdb, 0xe7, 0xf6, 0x38,
    0x80, 0x77, 0x6c, 0x18, 0x9, 0xc7, 0x98, 0x6,
    0x62, 0x5c, 0xed, 0x91, 0x16, 0x90, 0x6, 0x7a,
    0x31, 0x26, 0xf1, 0x14, 0x0, 0x43, 0x0, 0x1c,
    0x30, 0xa, 0x20, 0x7, 0x0, 0xf9, 0xc0, 0x4,
    0x0, 0xe0, 0xf, 0x84, 0x0, 0xc0, 0xe, 0x0,
    0xf8, 0x40, 0xc, 0x0, 0x70, 0xf, 0x9c, 0x0,
    0x40, 0x1, 0x80, 0xe, 0x28, 0x5, 0x10, 0x9,
    0xe8, 0xc4, 0x9b, 0x4, 0x20, 0x2, 0x72, 0x5c,
    0xed, 0x91, 0x16, 0x10, 0x5, 0xdb, 0x4, 0x2,
    0x71, 0xe6, 0x0,

    /* U+0063 "c" */
    0x0, 0x8e, 0xb7, 0xfb, 0x18, 0x3, 0x4e, 0x29,
    0x0, 0x9c, 0xe0, 0x84, 0xb0, 0x36, 0x76, 0xc0,
    0x1d, 0xa3, 0x4, 0xc8, 0xc4, 0x9f, 0x1a, 0xf8,
    0xd, 0x80, 0x38, 0xe4, 0x5c, 0x2c, 0x3, 0xf8,
    0x80, 0x80, 0x3f, 0x88, 0x8, 0x3, 0xf9, 0xc2,
    0xc0, 0x3f, 0xb8, 0xd, 0x80, 0x38, 0xa4, 0x51,
    0x82, 0x64, 0x62, 0x4f, 0xad, 0x61, 0x2c, 0xd,
    0x9d, 0xb0, 0x7, 0x60, 0x9, 0xc5, 0x20, 0x13,
    0x9c, 0x10,

    /* U+0064 "d" */
    0x0, 0xff, 0x17, 0xf8, 0xc0, 0x3f, 0xfd, 0xeb,
    0x7d, 0xfd, 0x24, 0x1, 0xc3, 0x74, 0x82, 0x2,
    0xda, 0xa0, 0x1a, 0x90, 0x1b, 0x3b, 0x60, 0x20,
    0x2, 0x54, 0x9, 0x91, 0x89, 0x3e, 0x0, 0x6e,
    0x3, 0x60, 0xe, 0x37, 0x0, 0x98, 0x2c, 0x3,
    0xeb, 0x0, 0x88, 0x8, 0x3, 0xe2, 0x0, 0x88,
    0x8, 0x3, 0xe2, 0x0, 0x98, 0x30, 0x3, 0xe4,
    0x0, 0xb8, 0x11, 0x40, 0x38, 0xa4, 0x2, 0x54,
    0xa, 0x71, 0x0, 0x2e, 0x8, 0x6, 0xa4, 0x8,
    0xee, 0x7d, 0xc, 0x0, 0x61, 0xba, 0x41, 0x19,
    0x71, 0xc0, 0x20,

    /* U+0065 "e" */
    0x0, 0x96, 0xfb, 0xf6, 0x8c, 0x3, 0xaa, 0x88,
    0x20, 0x4b, 0x90, 0x1, 0x52, 0x8c, 0xf7, 0xeb,
    0x83, 0xb8, 0x11, 0x43, 0x18, 0x40, 0xa2, 0x82,
    0x7, 0x81, 0x88, 0x3, 0x94, 0xc1, 0xdc, 0xb,
    0x77, 0xf0, 0x87, 0x90, 0x1a, 0x27, 0xc4, 0x6,
    0x41, 0x3f, 0xff, 0xd4, 0xe1, 0x40, 0x1f, 0xee,
    0x3, 0x60, 0xf, 0x30, 0x1, 0x14, 0x26, 0x8c,
    0x44, 0x97, 0x30, 0x0, 0xa6, 0x5, 0xce, 0xe5,
    0xa0, 0x60, 0x5, 0x38, 0xa4, 0x0, 0x27, 0xe4,
    0x0,

    /* U+0066 "f" */
    0x0, 0xd1, 0xbf, 0xd4, 0x20, 0x15, 0xb9, 0x0,
    0xa8, 0x80, 0x11, 0x1, 0x5f, 0xec, 0x0, 0x8c,
    0x9, 0x40, 0x6, 0x1, 0xc2, 0x1, 0xd5, 0xf0,
    0x7, 0xff, 0x38, 0x18, 0x80, 0x42, 0x38, 0x27,
    0xa0, 0xb, 0xba, 0x60, 0xf, 0xff, 0xf8, 0x7,
    0xff, 0x38,

    /* U+0067 "g" */
    0x0, 0x96, 0xfb, 0xfa, 0x8c, 0x37, 0xd4, 0x1,
    0x74, 0x82, 0x2, 0xb9, 0x0, 0x1a, 0xd0, 0x1b,
    0x3b, 0x64, 0x5c, 0x80, 0x8, 0x80, 0x99, 0x18,
    0x93, 0x78, 0x80, 0x5e, 0x6, 0xc0, 0x1c, 0x36,
    0x1, 0x30, 0x58, 0x7, 0xca, 0x1, 0x10, 0x10,
    0x7, 0xe1, 0x0, 0x10, 0x10, 0x7, 0xe1, 0x0,
    0x38, 0x58, 0x7, 0xca, 0x1, 0x70, 0x1b, 0x0,
    0x70, 0xd8, 0x4, 0x8a, 0x13, 0x46, 0x24, 0xde,
    0x20, 0x1a, 0x90, 0x17, 0x3b, 0x64, 0x5c, 0x3,
    0xae, 0x90, 0x40, 0x57, 0x20, 0x0, 0x20, 0x12,
    0xdf, 0x7f, 0x51, 0x90, 0x1, 0x40, 0xc4, 0x3,
    0xe8, 0x2, 0x10, 0xee, 0x4a, 0x90, 0x89, 0x2d,
    0x42, 0x0, 0xe, 0xd, 0x5b, 0xdc, 0xb4, 0x8,
    0x50, 0x5, 0x6b, 0x98, 0x80, 0x9, 0xb1, 0xc0,
    0x0,

    /* U+0068 "h" */
    0xdf, 0x70, 0xf, 0xff, 0xa8, 0xc6, 0xff, 0xb1,
    0xc0, 0x3b, 0x7d, 0xc8, 0x0, 0x71, 0x80, 0x19,
    0x45, 0xf3, 0xad, 0x40, 0xe4, 0x3, 0x54, 0x18,
    0xa5, 0x28, 0x30, 0x4, 0x6a, 0x1, 0xd2, 0x0,
    0x20, 0x2, 0x0, 0x78, 0x80, 0x2, 0x0, 0xf0,
    0xf, 0x8, 0x1, 0xc0, 0x3f, 0xff, 0xe0, 0x10,

    /* U+0069 "i" */
    0xc, 0xc0, 0x0, 0xcc, 0x81, 0x4c, 0x80, 0xb2,
    0x1, 0xeb, 0xc0, 0x8, 0xc0, 0x2, 0x1, 0xff,
    0xd3, 0x10, 0x8, 0xc0, 0x0,

    /* U+006A "j" */
    0x0, 0xe9, 0xf8, 0x0, 0xe1, 0x60, 0x70, 0xe,
    0x15, 0x7, 0x0, 0xf5, 0x7c, 0x0, 0x7f, 0xf0,
    0xef, 0xe4, 0x3, 0xff, 0xfe, 0x1, 0xff, 0xe4,
    0x60, 0x10, 0x2, 0x10, 0x29, 0x6, 0x0, 0x2b,
    0x7e, 0x80, 0xd0, 0x0, 0xe2, 0x2, 0xd8, 0x0,

    /* U+006B "k" */
    0xdf, 0x70, 0xf, 0xff, 0xd1, 0xf7, 0xd0, 0x7,
    0xe3, 0xc1, 0x4a, 0x0, 0xf9, 0x30, 0x12, 0xc0,
    0x3e, 0x5b, 0x4, 0xb0, 0xf, 0x9a, 0x81, 0x2c,
    0x3, 0xe7, 0x90, 0x5, 0x0, 0x7d, 0x30, 0x1,
    0x50, 0x7, 0xc2, 0xf, 0x0, 0x8e, 0x1, 0xf4,
    0x41, 0xd4, 0x21, 0x0, 0x39, 0x9c, 0x1, 0x44,
    0x14, 0x20, 0x1b, 0x80, 0x37, 0x88, 0xb4, 0x3,
    0xf8, 0xa8, 0xe, 0x40, 0x3f, 0x92, 0x1, 0x94,

    /* U+006C "l" */
    0xdf, 0x70, 0xf, 0xff, 0x38,

    /* U+006D "m" */
    0xdf, 0x61, 0x9d, 0xfe, 0xb5, 0x0, 0x9f, 0x3f,
    0xdb, 0x0, 0x1d, 0x9c, 0xc4, 0x2, 0x95, 0x25,
    0xd0, 0x60, 0x2, 0x7d, 0x10, 0x9, 0x46, 0x7f,
    0xd8, 0x60, 0xda, 0x2b, 0xbf, 0xd0, 0x5, 0x60,
    0x1b, 0x58, 0x0, 0x78, 0x20, 0x5, 0xa2, 0x1,
    0x77, 0x2, 0x80, 0x46, 0x60, 0xe, 0x70, 0x4,
    0x0, 0x75, 0x0, 0xc, 0x0, 0x80, 0x1e, 0xe0,
    0x1, 0x0, 0x71, 0x0, 0x1c, 0x1, 0xe0, 0x1e,
    0x10, 0x10, 0xf, 0xff, 0xf8, 0x7, 0xff, 0xdc,

    /* U+006E "n" */
    0xdf, 0x61, 0x8d, 0xff, 0x63, 0x80, 0x77, 0xf3,
    0x90, 0x0, 0xe3, 0x0, 0x33, 0x4, 0xf7, 0xeb,
    0x81, 0xc8, 0x6, 0xb6, 0x10, 0x28, 0x60, 0x60,
    0x8, 0xd0, 0x3, 0xa8, 0x0, 0x40, 0x4, 0x0,
    0xf1, 0x0, 0x4, 0x1, 0xe0, 0x1e, 0x10, 0x3,
    0x80, 0x7f, 0xff, 0xc0, 0x20,

    /* U+006F "o" */
    0x0, 0x92, 0xb7, 0xfa, 0xd4, 0x3, 0xd3, 0x6a,
    0x40, 0x29, 0x58, 0x20, 0x15, 0x30, 0x36, 0x76,
    0xc0, 0x1e, 0x0, 0x11, 0x42, 0x64, 0x62, 0x4f,
    0x80, 0x50, 0x1c, 0x6, 0xc0, 0x1c, 0x6e, 0xc,
    0xe, 0x16, 0x1, 0xf5, 0x80, 0x88, 0x80, 0x80,
    0x3e, 0x20, 0x1, 0x10, 0x8, 0x3, 0xe2, 0x0,
    0x13, 0x85, 0x80, 0x7d, 0x60, 0x22, 0xe0, 0x36,
    0x0, 0xe3, 0x70, 0x60, 0x45, 0x9, 0x91, 0x89,
    0x3e, 0x1, 0x40, 0x2, 0x98, 0x1b, 0x3b, 0x60,
    0xf, 0x0, 0x34, 0xda, 0x90, 0xa, 0x56, 0x8,
    0x0,

    /* U+0070 "p" */
    0xdf, 0x61, 0x8d, 0xfe, 0xc7, 0x10, 0xe, 0xef,
    0x72, 0x1, 0x38, 0xf3, 0x0, 0xce, 0x2d, 0xbf,
    0xea, 0x21, 0xd2, 0x0, 0xd1, 0x24, 0x0, 0x5c,
    0x11, 0x40, 0x4, 0x4e, 0x1, 0xc3, 0x60, 0xa2,
    0x0, 0x40, 0xf, 0x90, 0x0, 0x40, 0xe, 0x0,
    0xf8, 0x40, 0xc, 0x0, 0xe0, 0xf, 0x84, 0x0,
    0xc0, 0x7, 0x0, 0xf9, 0xc0, 0x4, 0x0, 0x18,
    0x0, 0xe2, 0x80, 0x51, 0x0, 0x9e, 0x8c, 0x49,
    0xb0, 0x42, 0x0, 0x26, 0x25, 0xce, 0xd9, 0x11,
    0x61, 0x0, 0x5d, 0xb0, 0x60, 0x27, 0x1e, 0x60,
    0x1e, 0x7c, 0xfe, 0xc7, 0x10, 0xf, 0xff, 0x78,

    /* U+0071 "q" */
    0x0, 0x96, 0xfb, 0xfa, 0x88, 0x3f, 0xc6, 0x3,
    0x74, 0x82, 0x2, 0xba, 0xc0, 0x1a, 0x90, 0x1b,
    0x3b, 0x60, 0x24, 0x2, 0x54, 0x9, 0x91, 0x89,
    0x3e, 0x0, 0x6e, 0x3, 0x60, 0xe, 0x37, 0x0,
    0x98, 0x2c, 0x3, 0xeb, 0x0, 0x88, 0x8, 0x3,
    0xe2, 0x0, 0x88, 0x8, 0x3, 0xe2, 0x0, 0x98,
    0x2c, 0x3, 0xeb, 0x0, 0xb8, 0xd, 0x80, 0x38,
    0xdc, 0x2, 0x54, 0x9, 0x91, 0x89, 0x3e, 0x0,
    0x75, 0x20, 0x36, 0x76, 0xc0, 0x40, 0x6, 0x1b,
    0xa4, 0x10, 0x16, 0xd5, 0x0, 0xf2, 0xdf, 0x7f,
    0x49, 0x0, 0x7f, 0xfc, 0x0,

    /* U+0072 "r" */
    0xdf, 0x61, 0x8d, 0xf0, 0x8, 0x7d, 0xc8, 0x3,
    0x40, 0xa5, 0x58, 0x6, 0x8b, 0x54, 0x0, 0x89,
    0xc0, 0x3c, 0x80, 0x1f, 0x70, 0x7, 0xff, 0xa4,

    /* U+0073 "s" */
    0x0, 0xc, 0x67, 0xfb, 0xad, 0xc4, 0x0, 0x5e,
    0xe6, 0x0, 0x14, 0x8a, 0x0, 0x48, 0x8a, 0xfb,
    0xf6, 0x4e, 0x0, 0x8, 0x16, 0x82, 0x4, 0xd8,
    0x60, 0x1, 0xc, 0x0, 0xfe, 0x60, 0x6d, 0x95,
    0x20, 0xe, 0x87, 0x2, 0x6a, 0xde, 0x91, 0x0,
    0xa3, 0xee, 0x14, 0x85, 0xb4, 0x3, 0x91, 0xeb,
    0x68, 0xc, 0xc0, 0x20, 0x1e, 0x50, 0x3, 0x87,
    0xe3, 0x10, 0x0, 0xe8, 0x0, 0xa6, 0x27, 0x3b,
    0xfe, 0xc5, 0x9, 0x13, 0xe8, 0x41, 0x0, 0x13,
    0x6b, 0x0,

    /* U+0074 "t" */
    0x0, 0x3f, 0xe8, 0x7, 0xff, 0x36, 0xbe, 0x0,
    0xbf, 0xe7, 0x3, 0x10, 0x8, 0x47, 0x4, 0xf4,
    0x1, 0x77, 0x4c, 0x1, 0xff, 0xf5, 0x30, 0xf,
    0x8c, 0x5, 0xc0, 0x54, 0x2, 0x43, 0x8, 0xfe,
    0xa1, 0x0, 0xb1, 0x84, 0x9, 0xc0,

    /* U+0075 "u" */
    0xff, 0x30, 0x7, 0x93, 0xfc, 0x1, 0xff, 0xff,
    0x0, 0xc2, 0x1, 0xf8, 0x40, 0x23, 0xe, 0x0,
    0xf6, 0x80, 0x4e, 0xc, 0x1, 0xc2, 0xc0, 0x14,
    0x80, 0xd9, 0x0, 0x13, 0x4, 0x2, 0x37, 0x4,
    0xdf, 0xf5, 0x93, 0x0, 0x68, 0xb4, 0x10, 0x15,
    0xcb, 0x0, 0x80,

    /* U+0076 "v" */
    0xd, 0xf9, 0x0, 0xf8, 0x7f, 0xc6, 0x16, 0xc,
    0x1, 0xf3, 0x1, 0x98, 0x18, 0x41, 0x80, 0x3d,
    0x41, 0x20, 0x13, 0x5, 0x80, 0x72, 0x90, 0xa8,
    0x5, 0x40, 0x46, 0x1, 0xb8, 0x18, 0x3, 0x12,
    0x4, 0x80, 0x44, 0x81, 0x20, 0x1d, 0xe0, 0xa2,
    0x0, 0xb0, 0x51, 0x0, 0xe4, 0x20, 0x60, 0x16,
    0x9, 0x0, 0xfa, 0xc2, 0x41, 0x80, 0xcc, 0x1,
    0xf3, 0x0, 0xad, 0x4, 0x80, 0x7f, 0x38, 0x59,
    0xa, 0x80, 0x7f, 0x50, 0x8, 0x30, 0x7, 0xf8,
    0x90, 0x1, 0x20, 0x1c,

    /* U+0077 "w" */
    0xaf, 0x80, 0xf, 0x2f, 0xf8, 0x3, 0xec, 0xf4,
    0xf0, 0x50, 0xf, 0x70, 0x1, 0x40, 0x38, 0x8c,
    0x51, 0x44, 0x8c, 0x3, 0xa, 0x0, 0x38, 0x3,
    0xa8, 0x18, 0x0, 0xe1, 0x40, 0x19, 0x81, 0x1,
    0x4, 0x3, 0x30, 0x50, 0x2, 0x81, 0xc0, 0x35,
    0x87, 0xa0, 0x30, 0x4, 0x82, 0x64, 0x0, 0x32,
    0x14, 0x0, 0x11, 0x8a, 0x70, 0x58, 0x5, 0xc1,
    0x40, 0x1a, 0x83, 0x80, 0x14, 0xc, 0xa, 0x26,
    0x40, 0x5, 0x7, 0x0, 0xca, 0xa, 0x0, 0x60,
    0xa0, 0x3, 0x85, 0x2, 0x82, 0x8, 0x6, 0x23,
    0x5, 0x41, 0x32, 0x0, 0x50, 0x30, 0x70, 0x70,
    0x7, 0xa8, 0x3b, 0x81, 0x40, 0x11, 0x90, 0xaa,
    0xa, 0x80, 0x79, 0xc1, 0x14, 0x18, 0x3, 0x50,
    0x50, 0x38, 0x7, 0xc2, 0xa0, 0x5, 0x0, 0xe6,
    0x0, 0xa8, 0x3, 0xf7, 0x0, 0x38, 0x3, 0x85,
    0x0, 0x8c, 0x3, 0x0,

    /* U+0078 "x" */
    0x1e, 0xf8, 0x0, 0xe4, 0xff, 0x20, 0xd0, 0x3a,
    0x0, 0x43, 0x40, 0xe8, 0x8, 0xe1, 0x42, 0x0,
    0xa1, 0x48, 0x0, 0xa0, 0xc6, 0x81, 0xd0, 0x68,
    0x3, 0xb4, 0x52, 0xa0, 0x28, 0x40, 0x38, 0x68,
    0x14, 0x21, 0x0, 0x3e, 0x42, 0x0, 0x30, 0x7,
    0xe8, 0x20, 0x5, 0x0, 0x7c, 0x8e, 0x14, 0x28,
    0xe0, 0x1c, 0x34, 0xe, 0xb4, 0x10, 0x60, 0x1b,
    0x44, 0xe0, 0x11, 0xc3, 0x44, 0x1, 0x6, 0x3a,
    0x1, 0x41, 0x8d, 0x2, 0x38, 0x50, 0x80, 0x6e,
    0x4, 0x80,

    /* U+0079 "y" */
    0xd, 0xf9, 0x0, 0xf8, 0x7f, 0xc6, 0x16, 0xc,
    0x1, 0xf3, 0x1, 0x98, 0x18, 0x41, 0x80, 0x3d,
    0x41, 0x20, 0x13, 0x5, 0x80, 0x72, 0x10, 0xa8,
    0x5, 0x40, 0x48, 0x1, 0xbc, 0x18, 0x3, 0x12,
    0x7, 0x80, 0x44, 0x81, 0x20, 0x1d, 0xe0, 0x82,
    0x0, 0xa0, 0x51, 0x0, 0xe4, 0x20, 0x90, 0x3,
    0x4, 0x80, 0x7d, 0x60, 0xc0, 0xc2, 0x66, 0x0,
    0xf9, 0x84, 0x4d, 0x41, 0x20, 0x1f, 0xcc, 0x10,
    0x62, 0xa0, 0x1f, 0xd2, 0x2, 0x12, 0x1, 0xfe,
    0x15, 0x0, 0x30, 0x7, 0xff, 0x5, 0x44, 0x3,
    0xfc, 0x4a, 0x12, 0x1, 0xf5, 0x20, 0x17, 0x2,
    0x18, 0x7, 0x95, 0x57, 0xfa, 0x63, 0x40, 0x1f,
    0x2b, 0x90, 0xb, 0x78, 0x80, 0x7c,

    /* U+007A "z" */
    0xe, 0xff, 0xfe, 0x60, 0x31, 0x1f, 0x0, 0x46,
    0x1b, 0xdd, 0xde, 0x20, 0xaa, 0x0, 0xfb, 0x44,
    0xa8, 0x3, 0xe8, 0x30, 0xf0, 0xf, 0x95, 0xc2,
    0xc8, 0x3, 0xc5, 0x40, 0xe8, 0x1, 0xf7, 0x82,
    0x40, 0x7, 0xd6, 0x44, 0xa0, 0xf, 0x9d, 0x3,
    0xc4, 0x3, 0xc9, 0x1, 0x44, 0x1, 0xf5, 0x0,
    0x2f, 0xbb, 0xd0, 0x2, 0x0, 0x11, 0xfc,

    /* U+007B "{" */
    0x0, 0x8f, 0x3b, 0xc0, 0x5, 0x86, 0x22, 0x0,
    0x50, 0xe, 0xf0, 0x0, 0x81, 0x8, 0x2, 0x10,
    0x30, 0xf, 0xfe, 0xd0, 0xa8, 0x70, 0x2, 0xb8,
    0x49, 0x80, 0x6, 0x0, 0x33, 0x0, 0x27, 0xc8,
    0x68, 0x3, 0x30, 0x8, 0x7, 0xff, 0x58, 0xc0,
    0x31, 0x2, 0x10, 0x5, 0x40, 0x3b, 0xc0, 0x3,
    0xb3, 0x1,

    /* U+007C "|" */
    0x7f, 0xa0, 0xf, 0xff, 0xb0,

    /* U+007D "}" */
    0x8f, 0xd7, 0x0, 0xf1, 0x44, 0x0, 0x28, 0xf5,
    0x7, 0x0, 0xe9, 0x0, 0x8, 0x6, 0x10, 0x1,
    0x80, 0x7f, 0xf8, 0x8, 0x0, 0x80, 0x1c, 0xe1,
    0x3e, 0x1, 0x84, 0x3, 0xc2, 0xc1, 0x5e, 0x1,
    0x18, 0x1, 0xc0, 0x3f, 0xfc, 0x16, 0x0, 0x20,
    0x4, 0x7b, 0x2, 0x80, 0x71, 0x3d, 0x0, 0x40,

    /* U+007E "~" */
    0x3, 0xcf, 0xd5, 0x0, 0xdf, 0x1, 0xa6, 0x44,
    0xa9, 0x0, 0x28, 0x6b, 0xc, 0xef, 0x23, 0x75,
    0xd0, 0xaf, 0x3, 0x0, 0xdc, 0x9a, 0x1e, 0x0,

    /* U+4E0B "下" */
    0x0, 0xff, 0xe0, 0x9, 0x10, 0xd1, 0x5a, 0x4c,
    0x1, 0xf, 0x13, 0x57, 0x9b, 0xdf, 0xee, 0xdd,
    0x65, 0xd4, 0xb6, 0x80, 0xa, 0x1d, 0xfc, 0x40,
    0xd3, 0x54, 0xbc, 0xde, 0xfe, 0x0, 0x57, 0xfb,
    0xb7, 0x2e, 0xa8, 0x1a, 0xca, 0xa4, 0x32, 0x10,
    0xf, 0xff, 0x77, 0x28, 0x7, 0xff, 0x21, 0x6b,
    0xc, 0x3, 0xff, 0x8d, 0x6e, 0x79, 0x20, 0x1f,
    0xfc, 0x68, 0xd4, 0x6e, 0x30, 0xf, 0xfe, 0x29,
    0x5c, 0xe, 0x10, 0x7, 0xff, 0x19, 0xf1, 0x48,
    0x3, 0xff, 0x8e, 0x74, 0x1, 0xff, 0xff, 0x0,
    0xff, 0xf2, 0x70, 0x7, 0xff, 0x26, 0xc9, 0xc0,
    0x3f, 0xc0,

    /* U+4E2D "中" */
    0x0, 0xf8, 0x71, 0x40, 0x3f, 0xf8, 0x62, 0x5c,
    0x1, 0xff, 0xc4, 0x30, 0xf, 0xfe, 0x29, 0x80,
    0x7f, 0xf3, 0xcc, 0x40, 0x30, 0x90, 0x3a, 0xb3,
    0xc4, 0xd5, 0xaa, 0x76, 0xf7, 0xfb, 0xb4, 0x4e,
    0xa6, 0x19, 0x19, 0x25, 0x1, 0xe6, 0x55, 0x78,
    0x29, 0xdf, 0xee, 0xdc, 0x5, 0x20, 0xf7, 0x65,
    0x43, 0x1, 0x10, 0x6, 0x10, 0xe1, 0x2, 0x0,
    0xff, 0xe0, 0x10, 0x10, 0x3, 0xc0, 0x3f, 0xf8,
    0xc, 0xc, 0x4, 0x20, 0x1f, 0xfc, 0x3, 0x3,
    0x1, 0x54, 0x55, 0x33, 0x8b, 0xcd, 0x5d, 0xb2,
    0x1, 0x1, 0xce, 0xea, 0x93, 0x20, 0x35, 0x10,
    0x15, 0x77, 0x0, 0x43, 0xdf, 0xf7, 0x2, 0x65,
    0xda, 0xa6, 0x50, 0x81, 0x54, 0x10, 0xf, 0xfe,
    0x18, 0xa0, 0x7, 0x8c, 0x3, 0xff, 0xfe, 0x1,
    0xff, 0xc0, 0x10, 0xf, 0xfe, 0x28, 0xbe, 0x0,
    0x7e,

    /* U+4FDD "保" */
    0x0, 0xf3, 0xd0, 0x7, 0xff, 0x2b, 0x54, 0x5e,
    0x9e, 0x26, 0xaf, 0x37, 0x98, 0x3, 0xfc, 0xa8,
    0x26, 0xb4, 0x84, 0x4, 0x94, 0x3c, 0x1, 0xfc,
    0xc1, 0xe0, 0xc1, 0x39, 0x75, 0x30, 0x81, 0xa0,
    0x1f, 0xd0, 0x68, 0x4, 0x4, 0x1, 0xcc, 0xe,
    0x1, 0xf9, 0xc7, 0xc0, 0x21, 0xe0, 0xe, 0x20,
    0x20, 0xf, 0xd2, 0x26, 0x1, 0x1a, 0x44, 0x26,
    0xae, 0x40, 0x80, 0x3e, 0x81, 0x0, 0xe1, 0x33,
    0x88, 0xcd, 0x32, 0x30, 0xf, 0x13, 0xa8, 0x7,
    0x5b, 0x5d, 0x27, 0xc3, 0xb0, 0x80, 0x7b, 0xa3,
    0x0, 0x39, 0xe4, 0x4, 0x5c, 0x1, 0xfc, 0xea,
    0xe0, 0x10, 0x91, 0xd, 0x10, 0xa2, 0x6f, 0x13,
    0x59, 0x0, 0x1, 0xf9, 0x0, 0xec, 0xdc, 0xbb,
    0x50, 0x24, 0xa1, 0x2, 0x80, 0x43, 0x0, 0x1c,
    0x3f, 0xbd, 0xc9, 0x0, 0xdd, 0x75, 0x30, 0x1,
    0xe1, 0x0, 0x84, 0x84, 0xa5, 0xc5, 0xd7, 0x8,
    0x3, 0xfc, 0x20, 0x18, 0x74, 0xe0, 0x1, 0x65,
    0xa8, 0x1, 0xff, 0xc1, 0x1c, 0x2d, 0x0, 0xd8,
    0x97, 0x0, 0x1f, 0xf1, 0x7b, 0x60, 0x80, 0x75,
    0xab, 0xe9, 0x80, 0x7e, 0x4c, 0x9b, 0x0, 0xfd,
    0x50, 0x58, 0x80, 0x1e, 0x2e, 0xc7, 0x0, 0xc2,
    0x1, 0xcf, 0xb0, 0x80, 0x1b, 0x80, 0xa8, 0x80,
    0x3f, 0xf8, 0x4, 0xe0, 0x1d, 0xe4, 0x1, 0xf8,
    0xbc, 0x3, 0xf0,

    /* U+4FE1 "信" */
    0x0, 0xff, 0xe8, 0x9f, 0x20, 0x4, 0xc8, 0x1,
    0xff, 0xc3, 0x51, 0x20, 0xa, 0xaf, 0xe4, 0xc0,
    0x3f, 0xf8, 0x14, 0x2c, 0x1, 0x66, 0xbb, 0xb1,
    0xc0, 0x3f, 0xc8, 0x6c, 0x1, 0xc5, 0x1d, 0x28,
    0x1, 0xfe, 0x80, 0xb2, 0x21, 0xa2, 0xb3, 0xc7,
    0xcd, 0xe6, 0xf1, 0x80, 0x64, 0x38, 0xd, 0xd6,
    0x5d, 0x4c, 0x95, 0x4c, 0xc, 0x8c, 0x1, 0xd2,
    0xc, 0x7b, 0x9b, 0xdf, 0xee, 0xdc, 0xc5, 0xd4,
    0xc1, 0x80, 0x4e, 0x40, 0x11, 0x10, 0x4c, 0xc8,
    0xac, 0xee, 0x98, 0x0, 0xe1, 0x83, 0x0, 0xec,
    0xdc, 0xba, 0x99, 0x52, 0x99, 0x0, 0x6a, 0x69,
    0x0, 0xc3, 0xfb, 0xdf, 0xf7, 0x6e, 0x59, 0x0,
    0x4c, 0xf2, 0x60, 0x18, 0x4c, 0x9, 0x15, 0x4c,
    0xf2, 0xe0, 0x11, 0x6e, 0x0, 0x7d, 0x9b, 0x97,
    0x54, 0x8a, 0x4b, 0x20, 0x1, 0xd8, 0x7, 0xc3,
    0xfb, 0xae, 0xff, 0x76, 0xeb, 0x8, 0x0, 0x20,
    0x1f, 0x85, 0x48, 0x82, 0x31, 0x19, 0x84, 0x3,
    0xff, 0x80, 0x37, 0xff, 0x77, 0x37, 0x31, 0xc2,
    0x1, 0xff, 0xc0, 0x21, 0xaa, 0x5e, 0x63, 0x4c,
    0x4, 0x3, 0xc2, 0x1, 0xcc, 0xa, 0xa4, 0x33,
    0x10, 0x98, 0x7, 0xff, 0x4, 0x84, 0x3, 0xc4,
    0xa0, 0x1f, 0xfc, 0x1f, 0x6, 0x6c, 0xf0, 0x2,
    0x1, 0xf7, 0x80, 0x7d, 0x33, 0xa1, 0x85, 0x40,
    0x3e, 0xd1, 0x10, 0x4, 0x87, 0x9f, 0xfb, 0xb9,
    0xa0, 0x10,

    /* U+505C "停" */
    0x0, 0xff, 0xe1, 0x4a, 0x80, 0x7f, 0xf0, 0xa3,
    0x0, 0x3c, 0x70, 0x1, 0xff, 0xc2, 0x23, 0x0,
    0xf1, 0x80, 0x4, 0x8d, 0x50, 0x3, 0xf2, 0xa9,
    0xe6, 0xaf, 0x35, 0x8b, 0xfb, 0x72, 0xa8, 0x40,
    0x1e, 0x70, 0x96, 0x0, 0x12, 0x54, 0xd5, 0xe6,
    0xf7, 0xf1, 0x0, 0x7a, 0x4c, 0xc3, 0x3d, 0x52,
    0xaa, 0x11, 0x2a, 0x88, 0x3, 0xf3, 0xc, 0x0,
    0x59, 0x8e, 0xdc, 0xa8, 0xa8, 0xf0, 0xf, 0xd0,
    0x28, 0x1, 0x68, 0x5f, 0xfb, 0xb7, 0x5, 0x40,
    0x3e, 0x81, 0x0, 0xe7, 0x3, 0x45, 0x53, 0x38,
    0xf8, 0x7, 0x89, 0xc8, 0x3, 0x8c, 0x22, 0xa2,
    0x15, 0x8a, 0x20, 0x1e, 0xe6, 0xa0, 0x9, 0x20,
    0x5e, 0xbb, 0x76, 0x99, 0x13, 0x3a, 0x80, 0x21,
    0xa4, 0x3, 0x7b, 0xda, 0x47, 0x7f, 0xbb, 0x72,
    0xa2, 0x14, 0x6, 0x34, 0x1, 0xca, 0x66, 0xbb,
    0xd9, 0xbd, 0xfe, 0xe0, 0x70, 0x39, 0x0, 0xe4,
    0x18, 0x97, 0x7c, 0xc, 0x8e, 0xa8, 0x30, 0x1,
    0xde, 0x0, 0xe0, 0x4c, 0xfe, 0xdc, 0xc5, 0x45,
    0xf1, 0xe8, 0x7, 0xf6, 0xc0, 0x66, 0x5d, 0x21,
    0xfb, 0x96, 0xe6, 0x1, 0xfc, 0xee, 0x1, 0x33,
    0x9, 0x80, 0x7f, 0xf8, 0xc4, 0xc, 0x3, 0xff,
    0x8c, 0xac, 0x1, 0xff, 0xc3, 0x20, 0xf, 0x2f,
    0x72, 0x0, 0x40, 0x3f, 0xec, 0x30, 0xf, 0x46,
    0x80, 0x90, 0x7, 0xc0,

    /* U+524D "前" */
    0x0, 0xff, 0xe1, 0xd, 0x0, 0x7f, 0xc3, 0xcc,
    0x1, 0xe9, 0x55, 0x0, 0x7f, 0x85, 0xe6, 0x0,
    0x31, 0xba, 0xa8, 0x3, 0xfe, 0x97, 0x74, 0x0,
    0xb, 0x52, 0x80, 0x3f, 0xf8, 0x30, 0xaa, 0x35,
    0xc0, 0xc7, 0x89, 0xac, 0xd4, 0x2c, 0xbc, 0xde,
    0xff, 0x29, 0x65, 0x8, 0xa6, 0x90, 0x81, 0x90,
    0x4a, 0x4e, 0xed, 0x15, 0x79, 0xbd, 0xff, 0x76,
    0xe5, 0xd5, 0x25, 0x41, 0x61, 0xd9, 0x8a, 0x86,
    0x42, 0x1, 0xe6, 0xc2, 0x0, 0xe9, 0x54, 0x56,
    0x78, 0x50, 0xf, 0x29, 0xa0, 0x7, 0x25, 0x5d,
    0xe6, 0xb0, 0x4, 0x40, 0x3, 0xfc, 0x2d, 0xfd,
    0xb8, 0xe6, 0x0, 0xf7, 0x0, 0xff, 0xe0, 0x9,
    0x1a, 0x10, 0x7, 0xff, 0x11, 0xbb, 0x72, 0xd0,
    0xc0, 0x3f, 0xf8, 0x6d, 0xbd, 0xfe, 0x60, 0xf,
    0xfe, 0x18, 0x88, 0x84, 0x3, 0xff, 0x8e, 0xdd,
    0xcf, 0xf3, 0x0, 0x7f, 0xf0, 0xcd, 0x62, 0xea,
    0xd4, 0x2, 0xf0, 0xe, 0x30, 0xf, 0x63, 0x2a,
    0x90, 0x80, 0x29, 0x60, 0xf, 0xf0, 0x80, 0x7f,
    0xc, 0x80, 0x7f, 0xf0, 0x55, 0x40, 0x1e, 0xa8,
    0x20, 0xf, 0x88, 0x4, 0x17, 0x7d, 0x84, 0x2,
    0xa0, 0xdd, 0x0, 0x78, 0xc8, 0xc0, 0x11, 0xa9,
    0x0, 0x1a, 0x31, 0x45, 0xc0, 0x0,

    /* U+52A0 "加" */
    0x0, 0xf0, 0x80, 0x7f, 0xf2, 0x7e, 0x80, 0x3f,
    0xf9, 0x4, 0x80, 0x1f, 0xfd, 0xf3, 0x0, 0xff,
    0xe4, 0x8, 0x80, 0x38, 0x40, 0x3f, 0xf8, 0x2,
    0x66, 0x16, 0x78, 0x70, 0x7f, 0xbc, 0xde, 0xff,
    0x40, 0xf, 0xfb, 0xb0, 0x4a, 0x61, 0xe0, 0x90,
    0x1d, 0x55, 0x32, 0x13, 0x1, 0xc9, 0xaa, 0x3,
    0x7f, 0x9c, 0xc, 0xc1, 0x53, 0xe, 0xc0, 0x20,
    0x3, 0x65, 0x60, 0xf0, 0x0, 0x80, 0x88, 0x4,
    0x3, 0x9, 0x80, 0x72, 0x82, 0x80, 0x7d, 0xe0,
    0x1f, 0xf7, 0x1, 0x80, 0xc, 0x3, 0xfc, 0x20,
    0x1c, 0xa6, 0x1, 0x9, 0x0, 0x4, 0x40, 0x10,
    0x87, 0x80, 0x61, 0x2b, 0x0, 0x98, 0x40, 0x23,
    0x0, 0xe1, 0x0, 0xce, 0xa, 0x1, 0x1b, 0x80,
    0xc, 0x3, 0x18, 0x18, 0x6, 0xd3, 0x20, 0x8,
    0x48, 0x0, 0x22, 0x0, 0xfe, 0x24, 0x90, 0x8,
    0x83, 0x80, 0x27, 0x0, 0x84, 0x4, 0x2, 0x82,
    0x50, 0x9, 0xc0, 0x80, 0xe, 0x1, 0x9c, 0x1c,
    0x0, 0x4b, 0xce, 0x60, 0xd, 0x6, 0x0, 0x9,
    0xf7, 0xfa, 0xc2, 0xc0, 0x1c, 0xe6, 0xbb, 0x68,
    0x80, 0x30, 0xc, 0xd1, 0x35, 0x50, 0x3b, 0xa0,
    0xb, 0x16, 0xcc, 0xc0, 0x11, 0xc, 0x3b, 0x2a,
    0x88, 0x7a, 0xc0, 0x22, 0xf5, 0x18, 0x0, 0xa3,
    0x80, 0x3c,

    /* U+52A8 "动" */
    0x0, 0xff, 0xec, 0x73, 0x80, 0x7f, 0xf1, 0xca,
    0x40, 0x3c, 0x66, 0x45, 0x53, 0x44, 0x0, 0x3c,
    0x60, 0x1e, 0xfc, 0xba, 0xa4, 0x2a, 0x20, 0x3,
    0xff, 0x81, 0x9b, 0xdf, 0xee, 0xdc, 0x40, 0xc,
    0x22, 0x0, 0xf8, 0x84, 0x3, 0xfe, 0x60, 0xf,
    0xfe, 0x1b, 0xb3, 0xc1, 0x3d, 0xe6, 0x1c, 0x2,
    0x12, 0x34, 0x67, 0x91, 0xe9, 0x87, 0x3, 0x6,
    0x2b, 0x3f, 0xf7, 0x6e, 0x5c, 0xc2, 0x4c, 0xbf,
    0xd8, 0x17, 0x6a, 0x36, 0x3c, 0x9b, 0x60, 0xef,
    0xf6, 0xc0, 0x4, 0xa0, 0xe0, 0x3, 0x0, 0x1b,
    0x22, 0x14, 0x40, 0x3e, 0xf0, 0x20, 0x8, 0xc0,
    0x23, 0x2e, 0xd, 0x60, 0xe, 0x44, 0x0, 0x42,
    0x20, 0xa, 0x85, 0x1, 0xe0, 0x3, 0x11, 0x34,
    0x0, 0x21, 0xc0, 0x13, 0x48, 0x2, 0x6, 0x0,
    0x25, 0x7, 0x0, 0x18, 0x18, 0x1, 0xc1, 0x80,
    0x50, 0x18, 0x2, 0xa5, 0x10, 0x3, 0x3, 0x0,
    0x28, 0xe7, 0x7a, 0xd4, 0x54, 0x10, 0xa4, 0x2,
    0x20, 0x25, 0xe2, 0x36, 0x4c, 0xda, 0xe, 0x9,
    0x53, 0x0, 0xbc, 0x5, 0x5a, 0x33, 0xa4, 0xc0,
    0x15, 0xc, 0x76, 0xc2, 0x0, 0x53, 0x0, 0x43,
    0x98, 0x7, 0x28, 0xc5, 0x9, 0xfb, 0x9, 0xb0,
    0x7, 0xfd, 0xd6, 0x80, 0xb7, 0x3c, 0x18, 0x1,
    0xfe, 0x8f, 0x50, 0x9, 0x6c, 0x8d, 0x80,

    /* U+56DE "回" */
    0x0, 0xff, 0xe0, 0x9, 0x1a, 0x21, 0x4c, 0x7,
    0xaa, 0x6a, 0xf3, 0x75, 0xdf, 0xee, 0xdc, 0xbb,
    0x56, 0x8, 0x8d, 0x54, 0x22, 0x64, 0x59, 0x9a,
    0xaf, 0x31, 0xaa, 0x2, 0x2, 0x79, 0x75, 0x49,
    0x87, 0x66, 0x2a, 0x19, 0x88, 0x3, 0x38, 0x80,
    0x7f, 0xf0, 0x84, 0x40, 0x1, 0x0, 0x87, 0x15,
    0x15, 0x9e, 0x10, 0x2, 0x73, 0x0, 0x8c, 0x0,
    0x21, 0x57, 0x51, 0x4f, 0x20, 0x10, 0x88, 0x0,
    0x62, 0x1, 0x39, 0xff, 0xbb, 0x49, 0xc0, 0x33,
    0x80, 0x7c, 0x40, 0x1c, 0x64, 0x1, 0x18, 0x80,
    0x4, 0x3, 0x8, 0x80, 0x30, 0xf0, 0x4, 0x26,
    0x0, 0xf0, 0xd, 0xe4, 0x8a, 0xce, 0x2, 0x1,
    0xfc, 0x20, 0x1a, 0xea, 0x24, 0xb4, 0x0, 0x20,
    0x20, 0x1, 0x3, 0x0, 0x18, 0xff, 0xbb, 0x9b,
    0x40, 0x3, 0xf, 0x0, 0xf9, 0x38, 0x3, 0xfc,
    0x20, 0x3, 0x1, 0x0, 0xfe, 0x11, 0x13, 0x81,
    0x80, 0x4, 0x3b, 0x37, 0x5d, 0xcf, 0xfd, 0xdc,
    0xda, 0x8, 0x0, 0xcc, 0xa8, 0x86, 0x64, 0x45,
    0x33, 0x55, 0x2e, 0x40, 0x2, 0x1d, 0x33, 0x44,
    0x1d, 0xe6, 0x69, 0x54, 0x88, 0x0, 0x21, 0x8,
    0x7, 0xff, 0x10,

    /* U+5728 "在" */
    0x0, 0xff, 0x13, 0x0, 0x7f, 0xf2, 0x5a, 0x58,
    0x3, 0xff, 0x91, 0x80, 0x80, 0x1f, 0xfc, 0x86,
    0x32, 0x0, 0xff, 0xe3, 0xa0, 0xc8, 0x0, 0x48,
    0xd1, 0x5d, 0x80, 0x39, 0x95, 0x9d, 0xd1, 0x21,
    0x7d, 0xfd, 0xb9, 0x75, 0x12, 0xa0, 0x1a, 0xa9,
    0x32, 0xa6, 0x23, 0x47, 0x47, 0x9a, 0xbc, 0xde,
    0x50, 0xd, 0x9f, 0xee, 0xd3, 0x36, 0x54, 0x93,
    0x31, 0x50, 0xc8, 0x40, 0x3e, 0x33, 0x49, 0x70,
    0x5, 0xc2, 0x1, 0xff, 0xc1, 0x5c, 0x69, 0x20,
    0xf, 0xfe, 0x31, 0x2, 0xb0, 0x6, 0xf0, 0xf,
    0xfe, 0x17, 0x84, 0x0, 0x7c, 0x68, 0xae, 0x80,
    0x1f, 0x42, 0x1, 0x97, 0x6f, 0x7b, 0x86, 0x5d,
    0x45, 0x90, 0x7, 0x2b, 0x38, 0x0, 0xae, 0xa2,
    0x94, 0x33, 0x7b, 0xfc, 0x40, 0x19, 0x23, 0x34,
    0x2, 0x57, 0x65, 0x20, 0x32, 0x10, 0xf, 0x24,
    0x79, 0x0, 0x7f, 0xf1, 0x8b, 0x30, 0x40, 0x60,
    0x1f, 0xfc, 0x52, 0x80, 0xf, 0xfe, 0x0, 0x80,
    0x7f, 0xf0, 0xcc, 0x2, 0x11, 0xc6, 0x8a, 0xa6,
    0x78, 0x0, 0xf0, 0x84, 0x7f, 0xdd, 0xc6, 0xc,
    0xba, 0xa4, 0xc3, 0xc0, 0x7, 0x78, 0x5c, 0xcd,
    0x57, 0x6c, 0xc6, 0xf7, 0x3f, 0xe8, 0x0, 0xed,
    0x11, 0x33, 0x4a, 0x88, 0x33, 0x10, 0x88, 0x3,
    0x0,

    /* U+5931 "失" */
    0x0, 0xfe, 0x14, 0x0, 0xff, 0xe4, 0x8d, 0xc8,
    0x7, 0xff, 0x14, 0x80, 0x22, 0x50, 0xf, 0xfe,
    0x2e, 0xc8, 0x7, 0xff, 0x20, 0x80, 0x80, 0x3f,
    0xf9, 0x14, 0x10, 0x1, 0xff, 0xc8, 0x51, 0x57,
    0x83, 0x2b, 0xcd, 0xef, 0x60, 0xf, 0xe5, 0x21,
    0x99, 0x30, 0x80, 0x19, 0x1a, 0x8, 0x3, 0xfa,
    0x1b, 0xfd, 0xdc, 0x4, 0xba, 0x98, 0x74, 0x0,
    0xfc, 0xe3, 0x20, 0x1c, 0x40, 0x1f, 0xfc, 0x13,
    0xbd, 0x0, 0xc4, 0x1c, 0x1, 0xff, 0xc0, 0x20,
    0xe3, 0x32, 0x21, 0x6c, 0x32, 0x26, 0xae, 0xd9,
    0xd8, 0x1, 0xaf, 0x37, 0x59, 0x76, 0xa6, 0x5,
    0x59, 0x80, 0x59, 0xd0, 0x40, 0x29, 0xbb, 0x66,
    0x37, 0xb8, 0x20, 0xf, 0xcc, 0x5d, 0x52, 0x60,
    0x40, 0x32, 0x20, 0xcc, 0x42, 0x83, 0x7, 0xe2,
    0x1, 0xff, 0xc5, 0x81, 0x7e, 0x2d, 0x0, 0xff,
    0xe2, 0x41, 0x40, 0x15, 0x9d, 0x80, 0x7f, 0xf0,
    0x95, 0xd5, 0x80, 0x9, 0x69, 0xa4, 0x1, 0xff,
    0x3d, 0x2d, 0x0, 0x64, 0xc3, 0xd8, 0x0, 0xfc,
    0x37, 0x13, 0x40, 0x1e, 0x3f, 0x47, 0xd6, 0x0,
    0xc3, 0x1c, 0x3a, 0xc0, 0x1f, 0x86, 0xe4, 0xe7,
    0xe4, 0x1b, 0x43, 0x68, 0x80, 0x3f, 0xe6, 0xe9,
    0x23, 0x6, 0xc8, 0x20, 0xf, 0xfe, 0x1b, 0x6d,
    0x0,

    /* U+5B58 "存" */
    0x0, 0xff, 0xa, 0x0, 0x7f, 0xf2, 0x4e, 0xdc,
    0x3, 0xff, 0x90, 0x80, 0x40, 0x1f, 0xfc, 0x8a,
    0x15, 0x0, 0xc2, 0x4a, 0x40, 0x18, 0x4c, 0xc8,
    0xac, 0xf2, 0x61, 0x9b, 0xdf, 0xee, 0xda, 0xc0,
    0xe, 0xdc, 0xba, 0x8a, 0x61, 0x46, 0x46, 0x89,
    0xab, 0xcc, 0x0, 0x61, 0xee, 0x7f, 0xba, 0x82,
    0xaa, 0x98, 0x76, 0x54, 0x32, 0x0, 0xf0, 0x80,
    0xa, 0x14, 0x11, 0x59, 0xe2, 0x6a, 0x82, 0x1,
    0xfe, 0xf1, 0xbe, 0xba, 0x8a, 0x43, 0x45, 0x30,
    0xf, 0xd3, 0xc5, 0x43, 0x5f, 0xee, 0xdc, 0xf1,
    0xa2, 0x0, 0xfd, 0xc3, 0x8, 0x1, 0xe3, 0xa7,
    0x50, 0xf, 0xc7, 0x0, 0xc0, 0x1c, 0x7f, 0xaf,
    0x0, 0x1f, 0x8b, 0x48, 0x3, 0xe3, 0x22, 0x40,
    0x7, 0xe2, 0xc9, 0xb0, 0x21, 0x11, 0x1a, 0x21,
    0x89, 0xe2, 0x13, 0x58, 0xa0, 0x7f, 0x4e, 0x0,
    0x7e, 0xe6, 0xe5, 0xd9, 0x46, 0x90, 0xce, 0x53,
    0x19, 0xc4, 0x0, 0x97, 0xb7, 0xbf, 0xf0, 0x46,
    0x5d, 0x4c, 0x98, 0x68, 0x40, 0x38, 0x48, 0x40,
    0x21, 0x3, 0x0, 0xff, 0xe5, 0x8, 0x7, 0xfc,
    0x20, 0x1f, 0xfd, 0x9, 0x40, 0xf, 0xfe, 0x1f,
    0x80, 0x75, 0xc7, 0x58, 0x10, 0x7, 0xfd, 0xa2,
    0x20, 0x8, 0xb1, 0x90, 0x10, 0x3, 0xfe, 0x5e,
    0x0, 0xf4, 0x77, 0x4, 0x3, 0xc0,

    /* U+5C0F "小" */
    0x0, 0xff, 0x5d, 0x0, 0x7f, 0xf2, 0x9, 0x44,
    0x3, 0xff, 0xfe, 0x1, 0xca, 0x1, 0xfc, 0x44,
    0x0, 0xff, 0x56, 0x0, 0x7e, 0xfc, 0x10, 0xf,
    0xc6, 0x2, 0x1, 0xfa, 0x6, 0x80, 0x3f, 0x58,
    0x58, 0x7, 0xe5, 0x64, 0x60, 0xf, 0x98, 0x98,
    0x3, 0xfa, 0x46, 0x44, 0x3, 0x98, 0x60, 0x3,
    0xfe, 0xb0, 0xa0, 0xe, 0x84, 0x50, 0xf, 0xf9,
    0x4d, 0x14, 0x2, 0x90, 0xa0, 0xf, 0xfe, 0xf,
    0x84, 0x0, 0xd, 0xa8, 0x40, 0x3f, 0xf8, 0x26,
    0xa4, 0xe1, 0xd2, 0x80, 0x1e, 0x30, 0xf, 0xd0,
    0x16, 0xf4, 0xc0, 0x1f, 0xfc, 0x42, 0xbd, 0x67,
    0x0, 0xff, 0xe3, 0x20, 0x88, 0x3, 0x1b, 0x88,
    0x7, 0xff, 0x1c, 0xff, 0xa9, 0x44, 0x3, 0xff,
    0x8b, 0x18, 0xf4, 0x80, 0x20, 0x1f, 0xfc, 0x43,
    0xd9, 0x24, 0x0, 0xff, 0x0,

    /* U+5C1D "尝" */
    0x0, 0xfc, 0x76, 0x60, 0x11, 0x8, 0x7, 0xf2,
    0x80, 0x46, 0x96, 0x1, 0x46, 0x0, 0x7e, 0x4a,
    0xa0, 0x7, 0xc4, 0xa0, 0x1f, 0xc9, 0x4b, 0x60,
    0x17, 0x80, 0xf9, 0xe0, 0x7, 0x85, 0x1, 0x65,
    0x1c, 0x3, 0x6a, 0x60, 0x80, 0x79, 0xa4, 0x0,
    0xd4, 0xc2, 0x1c, 0xc9, 0xef, 0x13, 0x57, 0x20,
    0xd, 0x3c, 0xde, 0xae, 0xe0, 0x34, 0xbc, 0x52,
    0x10, 0x23, 0x8, 0x22, 0xdd, 0xec, 0xde, 0xff,
    0xbb, 0x72, 0xf8, 0x24, 0x4c, 0x7d, 0xd9, 0x50,
    0xc8, 0x40, 0x3e, 0xf5, 0x60, 0xb0, 0x40, 0x22,
    0x19, 0x91, 0x59, 0x8f, 0x48, 0x8, 0xf4, 0x0,
    0x55, 0x0, 0x13, 0x73, 0x17, 0x53, 0x14, 0xdc,
    0x3, 0xa0, 0x16, 0x58, 0x1, 0xbb, 0x7b, 0xfe,
    0xed, 0xca, 0x5, 0x10, 0x8, 0x44, 0x1, 0x9,
    0x8, 0x6, 0x12, 0x34, 0x57, 0x20, 0x1, 0x54,
    0xd5, 0xe6, 0xeb, 0xbf, 0xee, 0xdc, 0xba, 0x8c,
    0x0, 0x16, 0x90, 0x89, 0x54, 0x43, 0x35, 0x4b,
    0xcd, 0xd7, 0x7f, 0x0, 0x4f, 0x76, 0xa9, 0xc0,
    0x86, 0x57, 0x80, 0x22, 0x8, 0x7, 0xfa, 0x49,
    0xc0, 0x4, 0x3a, 0x40, 0x1f, 0xf3, 0x94, 0x80,
    0x6c, 0xc, 0x10, 0xf, 0xe2, 0x86, 0x40, 0x13,
    0x56, 0x21, 0xc1, 0x0, 0xf3, 0x2f, 0x1, 0x67,
    0x73, 0x2a, 0xd5, 0xcb, 0x40, 0x3d, 0xb4, 0x62,
    0xeb, 0x37, 0xdf, 0x93, 0x10, 0x39, 0x0, 0xeb,
    0xef, 0xec, 0x97, 0x41, 0x0, 0xce, 0xa6, 0x1,
    0x0,

    /* U+5DF2 "已" */
    0x0, 0xfc, 0x24, 0x68, 0xac, 0xe8, 0x1, 0xc7,
    0x76, 0xcd, 0xef, 0xf7, 0x6e, 0x5d, 0x4c, 0x50,
    0x7, 0x1e, 0xa, 0xaa, 0x65, 0x57, 0x9b, 0xdf,
    0xe0, 0x20, 0xf, 0x3d, 0x4c, 0x3b, 0x2a, 0x19,
    0x8, 0x4, 0xc0, 0x1f, 0x8, 0x7, 0xf8, 0x80,
    0x80, 0x3c, 0x5c, 0xc0, 0x1f, 0xc2, 0x1c, 0x1,
    0xe2, 0xf, 0x0, 0xfe, 0x60, 0x30, 0xf, 0xfe,
    0x10, 0x91, 0xa6, 0x0, 0x80, 0x7e, 0x7d, 0xef,
    0xfb, 0xb7, 0x2d, 0x82, 0x0, 0x3f, 0x1a, 0x34,
    0x4d, 0x5e, 0x6e, 0xbb, 0xf0, 0x3, 0xf2, 0x4c,
    0x3b, 0x2a, 0x19, 0x10, 0x40, 0x3f, 0x8, 0x8,
    0x7, 0xff, 0xc, 0x40, 0x3f, 0xf9, 0x14, 0x1,
    0xff, 0xc8, 0x40, 0xf, 0xfe, 0x3a, 0x0, 0x46,
    0x1e, 0x1, 0xff, 0xc2, 0xc1, 0x0, 0xde, 0x1,
    0xff, 0xc2, 0x53, 0x0, 0x10, 0x34, 0x3b, 0x34,
    0xaa, 0x66, 0x3c, 0x55, 0xf1, 0x20, 0x5, 0x66,
    0xf1, 0x33, 0x55, 0x26, 0x50, 0xea, 0xa2, 0x79,
    0x0, 0x93, 0x7f, 0xb9, 0xbb, 0xdd, 0xcf, 0xf7,
    0x64, 0x0, 0x0,

    /* U+5E8F "序" */
    0x0, 0xff, 0x8a, 0x4, 0x3, 0xff, 0x8e, 0x4f,
    0x20, 0x1f, 0xfd, 0x1, 0x0, 0xc5, 0x46, 0x46,
    0x8a, 0xce, 0x9, 0x57, 0x6c, 0xdf, 0xe4, 0x0,
    0x89, 0x73, 0x72, 0xea, 0x28, 0xdc, 0x8, 0xee,
    0xd5, 0x45, 0x0, 0xc2, 0x9b, 0xdf, 0xee, 0xdc,
    0xba, 0x98, 0x76, 0x55, 0x8, 0x7, 0x9, 0x0,
    0x88, 0x8d, 0x15, 0x9e, 0x25, 0x0, 0x3f, 0x18,
    0x17, 0x73, 0x72, 0xef, 0x3b, 0x18, 0x7, 0xf8,
    0xfb, 0x75, 0x9f, 0xda, 0xa1, 0xe, 0x1, 0xf0,
    0x88, 0x0, 0x24, 0xf9, 0x5, 0xaf, 0x6e, 0x1,
    0xfd, 0xe0, 0x19, 0x69, 0xf5, 0xbd, 0x0, 0x3f,
    0x10, 0x10, 0x7, 0x2d, 0x80, 0x9, 0x15, 0x4c,
    0xe2, 0x1, 0x8, 0xe, 0xeb, 0xb9, 0xfe, 0xb0,
    0x4c, 0xba, 0xb8, 0x88, 0x2, 0x50, 0x4e, 0xa9,
    0x8a, 0xba, 0x8, 0xef, 0xf7, 0x11, 0x20, 0x2,
    0xf2, 0x3, 0x77, 0x32, 0xa3, 0x81, 0x8, 0x2,
    0x47, 0x4, 0x2, 0x54, 0x0, 0xfe, 0x30, 0x2,
    0x96, 0x8, 0x4, 0x27, 0x80, 0x1f, 0x18, 0x6,
    0x7b, 0x10, 0xc, 0xe2, 0xa0, 0x1f, 0xfc, 0x2,
    0x0, 0xf6, 0xb0, 0x7, 0xff, 0x1c, 0x92, 0x40,
    0x39, 0xd4, 0x3, 0xff, 0x81, 0x70, 0x20, 0x1c,
    0xfb, 0xa6, 0x0, 0xff, 0x9c, 0x3, 0xe8, 0xfc,
    0x15, 0x0, 0xf8,

    /* U+5F00 "开" */
    0x0, 0xfc, 0x24, 0x43, 0x45, 0x67, 0x74, 0xb8,
    0x7, 0x26, 0xeb, 0xbf, 0xdd, 0xba, 0xcb, 0xa9,
    0x89, 0x4b, 0x30, 0xc, 0x96, 0xad, 0x0, 0x77,
    0x98, 0xd6, 0xf, 0xed, 0xc3, 0x0, 0xe6, 0x88,
    0x38, 0xb2, 0x19, 0x88, 0x40, 0x3f, 0xfd, 0xe2,
    0x60, 0x1f, 0xfc, 0xa2, 0x21, 0xa1, 0x3, 0x3c,
    0x4d, 0x38, 0x4e, 0xeb, 0xbf, 0xe0, 0x6d, 0xd6,
    0x5a, 0x84, 0xc9, 0x51, 0xb0, 0xa1, 0x10, 0xcf,
    0x10, 0x6, 0xbc, 0xdd, 0x38, 0x7f, 0x6e, 0xb2,
    0xc8, 0x66, 0x51, 0x7, 0x30, 0xd4, 0x32, 0x20,
    0x7, 0xff, 0xc, 0xc1, 0x40, 0x3f, 0xf8, 0xf8,
    0x42, 0x1, 0xff, 0xc6, 0x14, 0x50, 0xf, 0xfe,
    0x3b, 0x4, 0x80, 0x7f, 0xf1, 0x86, 0x18, 0x40,
    0x3f, 0xf8, 0xd4, 0x50, 0x1, 0xff, 0xc6, 0x85,
    0xf1, 0x0, 0xff, 0xe2, 0xc2, 0xe1, 0x0, 0x7c,
    0x20, 0x1f, 0xcd, 0xfa, 0x40, 0x1f, 0xb8, 0x40,
    0x3e,

    /* U+5F53 "当" */
    0x0, 0xfc, 0x40, 0x1f, 0xfc, 0x5c, 0xc0, 0x7,
    0xff, 0x11, 0x48, 0x3, 0xff, 0x88, 0x20, 0x1e,
    0xe4, 0x0, 0x46, 0x8, 0x7, 0xf9, 0x87, 0xc0,
    0x16, 0x58, 0x20, 0x1f, 0x86, 0x6, 0x80, 0x7,
    0xa5, 0x82, 0x1, 0xf5, 0x8e, 0x88, 0x4, 0x74,
    0x5a, 0x1, 0xe7, 0x4c, 0x30, 0xe, 0x58, 0x10,
    0xe, 0x3c, 0xf3, 0x0, 0xf9, 0xf4, 0x3, 0x8e,
    0xc4, 0x3, 0x8c, 0x88, 0x68, 0xac, 0xc1, 0x89,
    0xab, 0xcc, 0x40, 0x3, 0xb7, 0x59, 0x75, 0x26,
    0xc, 0x8c, 0xc, 0x4e, 0x0, 0xdb, 0xb6, 0x6f,
    0x7f, 0xdd, 0xb9, 0x74, 0x66, 0x0, 0x91, 0x6,
    0x42, 0x1, 0xf8, 0x98, 0x3, 0xf8, 0x44, 0x46,
    0x64, 0x50, 0x30, 0xa, 0xbb, 0x9f, 0xf7, 0x73,
    0x73, 0x17, 0x41, 0xc0, 0x15, 0xcb, 0x44, 0xca,
    0xaf, 0x31, 0xbd, 0x80, 0x40, 0x10, 0xbc, 0x3b,
    0x31, 0x50, 0xcc, 0x42, 0xe0, 0x20, 0x1f, 0xfc,
    0x31, 0x6, 0x0, 0x10, 0x88, 0x88, 0x67, 0x22,
    0x15, 0x4d, 0xe0, 0x1b, 0xfb, 0x9b, 0xac, 0xca,
    0xed, 0x54, 0x95, 0x8, 0x0, 0x65, 0x52, 0xee,
    0xcc, 0x6e, 0xdd, 0xcf, 0xf5, 0x0,

    /* U+5FAE "微" */
    0x0, 0xf5, 0x18, 0x1, 0x48, 0x3, 0xe, 0xa8,
    0x7, 0xf8, 0xd6, 0x80, 0x1b, 0x20, 0x18, 0x4b,
    0x0, 0x3f, 0xdc, 0x50, 0x21, 0xe0, 0x34, 0x40,
    0x61, 0x80, 0x1f, 0xd2, 0x5c, 0x1c, 0x60, 0x1,
    0x45, 0x5, 0x4, 0x0, 0xfc, 0xad, 0x66, 0x20,
    0xf, 0x0, 0xef, 0x31, 0x0, 0xf8, 0xee, 0xcb,
    0x22, 0x2, 0x2, 0x0, 0x10, 0x41, 0xab, 0xdf,
    0x90, 0x1, 0xf6, 0xa2, 0x19, 0x81, 0x2a, 0xaf,
    0x10, 0x22, 0x21, 0x9, 0x4d, 0x0, 0x1f, 0x4c,
    0x24, 0x99, 0xa, 0xed, 0xa0, 0x5, 0xa, 0x8c,
    0x6, 0x30, 0x2, 0x0, 0x18, 0xe4, 0x6e, 0x59,
    0xe, 0x5e, 0x81, 0x3, 0xc8, 0x3, 0xc3, 0x2c,
    0x9b, 0xb7, 0x7f, 0x4b, 0xa, 0xd8, 0x2a, 0x0,
    0x7b, 0x43, 0x83, 0xa2, 0x77, 0xbf, 0xe9, 0xf3,
    0x23, 0xf0, 0xe, 0x91, 0x10, 0x0, 0xcc, 0x0,
    0x55, 0x0, 0xaa, 0x87, 0x81, 0xc0, 0x33, 0x26,
    0x18, 0x5, 0xd7, 0x95, 0x45, 0x90, 0x3, 0x19,
    0x84, 0x2, 0x3d, 0xc1, 0x0, 0xc2, 0x9f, 0xe0,
    0x10, 0x40, 0xa0, 0xb0, 0xc, 0x76, 0x20, 0x1c,
    0x44, 0x0, 0xd6, 0x21, 0x41, 0x60, 0x1f, 0x8c,
    0x2, 0x6f, 0x0, 0xa8, 0x94, 0x9d, 0x8d, 0x40,
    0x3f, 0xc6, 0x4e, 0xe, 0x9, 0x21, 0xc9, 0x2d,
    0x62, 0x1, 0xfd, 0x4e, 0x27, 0xb, 0x41, 0x5,
    0x41, 0x3, 0x60, 0x1f, 0x89, 0x60, 0xf, 0xa8,
    0x15, 0xb0, 0x40, 0x65, 0x5c, 0x3, 0x84, 0x2f,
    0x40, 0x39, 0x23, 0x8, 0x2, 0x65, 0x85, 0x0,
    0xc6, 0x32, 0x20, 0x18, 0x7b, 0x8, 0x3, 0xac,
    0xb4, 0x3, 0x63, 0x0, 0x78, 0x68, 0x40, 0x3c,
    0x3b, 0x0,

    /* U+624B "手" */
    0x0, 0xff, 0xe2, 0x8, 0x7, 0xff, 0x29, 0xbe,
    0x80, 0x3f, 0xf8, 0xa2, 0xb7, 0xf2, 0x20, 0x1f,
    0xfc, 0x33, 0x7c, 0xea, 0x77, 0x5f, 0xd0, 0x7,
    0xf8, 0x9e, 0xfb, 0x9a, 0x81, 0x19, 0x8, 0x1,
    0xff, 0xc0, 0x14, 0xae, 0xda, 0x81, 0xd0, 0xf,
    0xfe, 0x19, 0x98, 0x40, 0x32, 0xb8, 0x7, 0xff,
    0x10, 0x44, 0x46, 0x8c, 0xe5, 0x37, 0x9b, 0xfa,
    0x1, 0xfe, 0xce, 0xdc, 0xb8, 0x20, 0x22, 0x25,
    0x52, 0x40, 0x3f, 0xd9, 0x8d, 0xef, 0xea, 0xf,
    0x98, 0x75, 0x40, 0xf, 0xf0, 0x99, 0x8, 0x1,
    0xc0, 0x40, 0x3f, 0xf9, 0x22, 0x4, 0x1, 0x9,
    0x1a, 0x41, 0x80, 0x10, 0xcc, 0x8a, 0xcf, 0x13,
    0x30, 0x47, 0x7f, 0xbb, 0x72, 0xdf, 0x4, 0x3f,
    0x31, 0x75, 0x32, 0x64, 0x50, 0x1, 0x3b, 0xa2,
    0x6a, 0xf3, 0x78, 0x42, 0xf7, 0x5d, 0xfe, 0xee,
    0x6e, 0x58, 0x3c, 0xc3, 0xb2, 0xa1, 0x90, 0x80,
    0x44, 0x41, 0x0, 0xff, 0xea, 0x8, 0x7, 0xff,
    0x2c, 0x40, 0x3f, 0xf8, 0x84, 0xa0, 0x10, 0x81,
    0x80, 0x7f, 0xf1, 0xb, 0x3a, 0x55, 0x0, 0x3f,
    0xf8, 0xf3, 0x49, 0x54, 0xf, 0x0, 0xff, 0xe3,
    0x26, 0xc9, 0x11, 0xc0, 0x3f, 0xc0,

    /* U+6253 "打" */
    0x0, 0xff, 0xe8, 0xa7, 0xa8, 0x7, 0xff, 0x25,
    0x3, 0x0, 0x3f, 0xfa, 0xc2, 0x46, 0xa8, 0x1,
    0xff, 0xe, 0x5e, 0x6f, 0x7f, 0xbb, 0x72, 0xad,
    0x0, 0x3f, 0x90, 0x28, 0x55, 0x52, 0x81, 0x57,
    0x9b, 0xc8, 0x9, 0x13, 0x58, 0xd, 0xf7, 0xed,
    0x53, 0xf, 0x80, 0x88, 0x32, 0x10, 0x3, 0x22,
    0x8b, 0x1, 0xcd, 0xe8, 0x7, 0xff, 0x8, 0xb3,
    0x17, 0x40, 0x8c, 0x86, 0x1, 0xff, 0xe2, 0x29,
    0x50, 0xf, 0xfe, 0x3a, 0x67, 0xea, 0x80, 0x7f,
    0xf1, 0x12, 0x80, 0xab, 0x50, 0x3, 0xff, 0x84,
    0xd3, 0xd6, 0x80, 0xcc, 0x0, 0xff, 0xe2, 0x53,
    0x15, 0x70, 0x7, 0xff, 0x1f, 0x37, 0x14, 0x3,
    0xff, 0x92, 0x40, 0x1f, 0xfd, 0xf, 0x0, 0xff,
    0xe3, 0x11, 0x0, 0x3f, 0x10, 0x7, 0xff, 0x4,
    0xba, 0x8, 0x3, 0xcd, 0xae, 0x20, 0x1f, 0xf6,
    0xae, 0x87, 0x80, 0x64, 0xea, 0xe9, 0x0, 0xff,
    0xe, 0xa8, 0xd8, 0x7, 0x1e, 0xb8, 0x8c, 0x1,
    0xfe, 0xae, 0x30, 0xf, 0xa3, 0xbc, 0x3, 0xc0,

    /* U+63A5 "接" */
    0x0, 0xc2, 0x1, 0xfc, 0x20, 0x1f, 0xfc, 0x12,
    0xf4, 0x0, 0xfa, 0xb8, 0x3, 0xff, 0x80, 0x60,
    0x60, 0x1f, 0x60, 0x80, 0x7f, 0xf2, 0x84, 0x4,
    0x44, 0x86, 0x1, 0xff, 0xc0, 0x3b, 0xb6, 0x6c,
    0x87, 0x73, 0x6f, 0x8, 0x3, 0xfe, 0x3d, 0x3b,
    0xb5, 0x5e, 0x5f, 0x7f, 0x88, 0x2, 0x24, 0x43,
    0x6, 0x4d, 0x93, 0x45, 0x2, 0xa1, 0xdc, 0x0,
    0x78, 0x6e, 0xd2, 0xc, 0x44, 0x70, 0x5, 0xc9,
    0x1, 0x7, 0x80, 0x78, 0xff, 0xe0, 0xab, 0x95,
    0x0, 0x31, 0x58, 0x51, 0x30, 0x7, 0xff, 0x1b,
    0xa8, 0xd9, 0x54, 0xcf, 0x22, 0x1, 0xfc, 0xbf,
    0xfb, 0x32, 0x17, 0xa8, 0xa5, 0x70, 0xf, 0xba,
    0xcb, 0x2a, 0xf3, 0x1, 0x3f, 0xf7, 0x6e, 0x30,
    0x7, 0x20, 0x24, 0x39, 0xaa, 0x1b, 0x81, 0x80,
    0x7f, 0x97, 0x2c, 0x2c, 0xd0, 0xd1, 0xb, 0x1,
    0xb1, 0x35, 0x76, 0xdb, 0x1, 0xea, 0x1a, 0x0,
    0xbb, 0x2e, 0xa8, 0x67, 0x99, 0x8, 0xeb, 0x40,
    0x72, 0xb5, 0x0, 0x2a, 0xff, 0x71, 0x26, 0x5c,
    0x4, 0xca, 0x1d, 0x80, 0x4, 0xa0, 0x1f, 0x9c,
    0xbc, 0x1, 0x2, 0xe0, 0x1f, 0xfc, 0x44, 0x3b,
    0xc9, 0x4b, 0x0, 0xfc, 0x40, 0x1f, 0x8f, 0x34,
    0x58, 0x8, 0x3, 0xf7, 0x49, 0x0, 0x7c, 0x30,
    0x4e, 0xe8, 0xe7, 0x0, 0xf6, 0xa6, 0x0, 0x71,
    0xcf, 0xe, 0x44, 0x35, 0x23, 0x90, 0x3, 0xe,
    0xb1, 0xb8, 0x46, 0x40, 0xed, 0x98, 0x0, 0xab,
    0x8, 0x80, 0x1e, 0x9c, 0x10, 0x9c, 0xb8, 0x20,
    0xf, 0x1e, 0x30, 0x0,

    /* U+65AD "断" */
    0x0, 0xe2, 0x70, 0xf, 0xf1, 0xb8, 0x7, 0xe8,
    0x30, 0xf, 0xc7, 0xd0, 0x21, 0x74, 0x1, 0x18,
    0x4, 0xe2, 0x1, 0xc, 0x60, 0x58, 0x81, 0xb9,
    0xd0, 0x7, 0x43, 0x7, 0xdf, 0x24, 0xea, 0x0,
    0x62, 0x57, 0x0, 0x94, 0x5c, 0x9, 0xb7, 0x18,
    0x3, 0xc2, 0xf2, 0x60, 0x9, 0xa0, 0x0, 0xb1,
    0x0, 0x7f, 0x48, 0xb8, 0x5d, 0x20, 0x7, 0xff,
    0x8, 0x79, 0xc3, 0x89, 0xc4, 0x0, 0xe8, 0xac,
    0xf1, 0x6a, 0x0, 0x9f, 0xed, 0x9, 0xa9, 0x80,
    0x1, 0xdd, 0xa6, 0x46, 0x1a, 0x0, 0x9d, 0xd1,
    0x5, 0x77, 0x24, 0x0, 0xdf, 0xc8, 0x8b, 0xb4,
    0x0, 0x44, 0x24, 0x14, 0xa0, 0x10, 0x88, 0x3,
    0xfe, 0x95, 0x5, 0xa3, 0x0, 0x1f, 0x80, 0x7f,
    0x8d, 0x20, 0x25, 0x34, 0x40, 0x48, 0x3, 0xe1,
    0x0, 0x7d, 0x80, 0x54, 0x30, 0x20, 0xc0, 0x1f,
    0xca, 0x8a, 0x1, 0xd, 0x6a, 0x81, 0x80, 0x7f,
    0x34, 0x0, 0x80, 0x4a, 0x86, 0x40, 0x1f, 0xe3,
    0x0, 0xc2, 0x1, 0x6a, 0x80, 0x7f, 0x8c, 0xe7,
    0x79, 0xa0, 0x56, 0xc0, 0x3f, 0x8b, 0x32, 0xb7,
    0xb8, 0x5d, 0x33, 0x0, 0x4e, 0x1, 0x8c, 0xbf,
    0xfb, 0xb9, 0xab, 0x0, 0x1f, 0xdc, 0x80, 0x1f,
    0x85, 0x0, 0x38, 0xc0, 0x20,

    /* U+65B0 "新" */
    0x0, 0xe4, 0x10, 0xf, 0xf8, 0x44, 0x1, 0xfb,
    0xfc, 0x1, 0xff, 0x56, 0x0, 0x7e, 0x20, 0xf,
    0xf1, 0xea, 0x8, 0x7, 0xe1, 0x1, 0x24, 0x20,
    0x30, 0x29, 0xc3, 0x8c, 0x0, 0xcf, 0xba, 0xe7,
    0x1e, 0xdb, 0xe0, 0x9e, 0xd4, 0x9e, 0x70, 0xe,
    0x7b, 0x8a, 0xcd, 0xe9, 0xfc, 0x2, 0x1b, 0xd6,
    0x0, 0xfc, 0xd2, 0x66, 0x23, 0x97, 0x0, 0x78,
    0x20, 0x7, 0xfd, 0x30, 0xe1, 0x62, 0xc0, 0x1f,
    0xfc, 0x45, 0x8f, 0x36, 0xd1, 0x10, 0x78, 0x1a,
    0x2b, 0x3c, 0x5b, 0x81, 0xa2, 0x14, 0x7f, 0x83,
    0x3f, 0x9c, 0x1, 0x97, 0x53, 0xe, 0xb4, 0x21,
    0x57, 0x74, 0x92, 0x2b, 0x39, 0x88, 0x55, 0xe0,
    0xb7, 0xf6, 0x89, 0xf7, 0xf6, 0xc8, 0x5d, 0x4c,
    0x21, 0x92, 0xa1, 0x98, 0x3, 0xc4, 0x43, 0x4e,
    0x6, 0x78, 0x50, 0x11, 0x0, 0x7f, 0x9f, 0x72,
    0xd8, 0x2b, 0xf, 0x1, 0x98, 0x1, 0x18, 0x7,
    0x97, 0xfe, 0x90, 0xc9, 0xb9, 0x2, 0xd0, 0xf,
    0xf9, 0x38, 0xc0, 0x3, 0xaa, 0x4, 0x6, 0x1,
    0xff, 0x68, 0x10, 0x0, 0x5a, 0xc1, 0xc1, 0x0,
    0x3f, 0xc4, 0xd6, 0x20, 0x15, 0x8b, 0x62, 0x80,
    0x7f, 0xdc, 0xca, 0x1, 0x89, 0xd5, 0xf8, 0x3,
    0xfc, 0xeb, 0x6, 0x1, 0xd0, 0xc4, 0x80, 0x1f,
    0xe2, 0x91, 0x9c, 0xd0, 0xd, 0x3c, 0x1, 0xc2,
    0x1, 0xca, 0x0, 0xa9, 0x65, 0x0, 0x24, 0x90,
    0x7, 0x18, 0x80, 0x60,

    /* U+65B9 "方" */
    0x0, 0xfe, 0x17, 0x20, 0xf, 0xfe, 0x38, 0xc4,
    0x0, 0x3f, 0xf9, 0x2, 0x1, 0xff, 0xdd, 0x12,
    0x1, 0x34, 0x56, 0x78, 0x9a, 0xa1, 0x13, 0x2f,
    0x37, 0xbf, 0xdd, 0xa2, 0x99, 0x77, 0x52, 0x10,
    0x1b, 0x95, 0x8a, 0xaa, 0x65, 0x54, 0x4, 0xef,
    0xf7, 0x6e, 0xb2, 0xea, 0x54, 0x1e, 0xa6, 0x1d,
    0x94, 0x43, 0x4, 0x3, 0xff, 0x8c, 0x60, 0x60,
    0x1f, 0xfc, 0x7c, 0x2, 0x67, 0x89, 0xa9, 0x10,
    0xf, 0xfe, 0x2, 0x4, 0xcc, 0xa8, 0x86, 0x50,
    0xf, 0xf9, 0x42, 0x7f, 0xdd, 0xba, 0x70, 0x50,
    0xf, 0xfa, 0x45, 0x80, 0x38, 0x80, 0x40, 0x3f,
    0xc8, 0x72, 0x1, 0xe6, 0x20, 0xf, 0xfa, 0x49,
    0xc0, 0x3c, 0x4e, 0x1, 0xfe, 0x82, 0x90, 0xf,
    0x18, 0x68, 0x7, 0xf2, 0x3c, 0x20, 0x7, 0x90,
    0xc, 0x3, 0xf1, 0x5a, 0xb8, 0x21, 0x80, 0x6b,
    0x4, 0x0, 0xf8, 0xb1, 0x68, 0x0, 0x91, 0x8a,
    0x4, 0x6a, 0x1, 0xf1, 0xe4, 0xd0, 0x6, 0xba,
    0xa7, 0xf8, 0x38, 0x3, 0xc7, 0x1a, 0xe0, 0x1e,
    0x6e, 0x63, 0x64, 0x0, 0xf0,

    /* U+6682 "暂" */
    0x0, 0xc2, 0x1, 0xff, 0xc8, 0xe6, 0x0, 0xfe,
    0x1a, 0xe1, 0x0, 0x8c, 0xcc, 0x19, 0x13, 0x66,
    0x61, 0x4, 0xae, 0x57, 0x0, 0xdd, 0x92, 0x22,
    0x20, 0x30, 0xae, 0xfa, 0xa, 0xf9, 0x10, 0xb,
    0x7c, 0x5b, 0x2e, 0x60, 0xfc, 0x33, 0xa9, 0x40,
    0x3e, 0x60, 0x98, 0x60, 0xe, 0x30, 0x0, 0x9a,
    0x33, 0x80, 0x50, 0x8c, 0x15, 0xbc, 0x22, 0xe,
    0xff, 0x76, 0x5c, 0x52, 0x2, 0x8a, 0xd0, 0x35,
    0xd0, 0xf0, 0xd6, 0x68, 0x4f, 0xf6, 0xa0, 0x2f,
    0x7e, 0x86, 0x29, 0xa2, 0xa2, 0xc, 0x80, 0x3f,
    0x9, 0x30, 0x47, 0x9a, 0x9f, 0x80, 0x7f, 0x56,
    0x7e, 0xc0, 0x46, 0x23, 0x12, 0x80, 0x7f, 0x68,
    0xb5, 0xf0, 0x8, 0xc, 0xf0, 0x4, 0x20, 0x1e,
    0x7d, 0x94, 0x10, 0x30, 0xba, 0x30, 0x8, 0x4c,
    0xc0, 0x1f, 0x13, 0xd3, 0x14, 0x82, 0xb3, 0x1e,
    0x11, 0x0, 0x1f, 0x1c, 0xd6, 0x6e, 0x5d, 0x45,
    0xd9, 0x1d, 0x80, 0x3e, 0x11, 0x36, 0xf7, 0xfd,
    0xdb, 0x9e, 0x4, 0x1, 0xf8, 0xc0, 0x4, 0x68,
    0x85, 0x53, 0x50, 0x30, 0x7, 0xe1, 0x6d, 0xcc,
    0x5d, 0xf3, 0x81, 0x0, 0x7e, 0x74, 0xef, 0xfd,
    0xdc, 0xd9, 0x1, 0x0, 0xfc, 0x2e, 0x2, 0x22,
    0x28, 0xcd, 0xa2, 0x1, 0xfe, 0x3e, 0xeb, 0x76,
    0xcc, 0x28, 0xa0, 0x7, 0xe2, 0x26, 0x6e, 0xdd,
    0xd7, 0xfc, 0x80, 0x18,

    /* U+672A "未" */
    0x0, 0xff, 0x36, 0x10, 0x7, 0xff, 0x25, 0xd,
    0x0, 0x3f, 0xff, 0x22, 0x2, 0x68, 0xac, 0xe0,
    0x1f, 0xf6, 0xeb, 0xbf, 0xd8, 0x11, 0x97, 0x53,
    0x27, 0x0, 0xff, 0x72, 0xb4, 0x4c, 0x3, 0xef,
    0x7f, 0xb9, 0xc0, 0x3f, 0xc7, 0x10, 0x76, 0x50,
    0xe2, 0x10, 0xf, 0xfe, 0xe0, 0x91, 0x1c, 0x3d,
    0x98, 0xf1, 0x32, 0xc9, 0x0, 0xe8, 0xee, 0x7f,
    0xbb, 0x75, 0x40, 0xd3, 0x14, 0xaa, 0x27, 0x31,
    0x0, 0xd1, 0x71, 0x57, 0x98, 0x80, 0x9, 0x7b,
    0x75, 0x97, 0x6a, 0x10, 0xe, 0x56, 0x54, 0x30,
    0x83, 0x7, 0x59, 0x0, 0xff, 0xe2, 0xe, 0x9f,
    0x86, 0xdb, 0x50, 0x7, 0xff, 0x8, 0xbc, 0xf4,
    0x40, 0x9, 0x8b, 0x82, 0x1, 0xff, 0x1e, 0x1e,
    0x8, 0x6, 0x3d, 0x2f, 0x50, 0xf, 0xe5, 0xc4,
    0xd1, 0x0, 0xf1, 0x7a, 0xd5, 0x90, 0x7, 0xa6,
    0xe6, 0x80, 0x3f, 0x86, 0xe5, 0x76, 0x88, 0x0,
    0x7a, 0x1e, 0xc0, 0x1f, 0xfc, 0x6, 0xf5, 0x56,
    0x90, 0x26, 0x48, 0x80, 0x7f, 0xf0, 0x86, 0xb3,
    0x4, 0xe, 0x20, 0x1f, 0x30, 0x7, 0xf8, 0xcc,
    0x1, 0xff, 0x31, 0x8, 0x7, 0xfc,

    /* U+673A "机" */
    0x0, 0xe3, 0x20, 0xf, 0xfe, 0x53, 0x69, 0x0,
    0x7f, 0xf2, 0x58, 0x4, 0x2, 0x22, 0x0, 0x61,
    0x0, 0xff, 0xe2, 0xb6, 0xf7, 0x3f, 0xdc, 0xe0,
    0x1f, 0xfc, 0x1, 0x0, 0x98, 0x16, 0x65, 0x41,
    0xc0, 0x1f, 0xe7, 0x0, 0xe3, 0xc, 0x76, 0x50,
    0xf, 0xc2, 0x66, 0x5d, 0x9, 0xbd, 0x71, 0x0,
    0xf0, 0x80, 0x78, 0xf3, 0x14, 0xc0, 0x2, 0x52,
    0x0, 0xff, 0xe1, 0x17, 0x73, 0xd4, 0x26, 0x50,
    0xa0, 0x1f, 0xfc, 0x31, 0x19, 0x42, 0xc8, 0x0,
    0x20, 0x20, 0x1f, 0xfc, 0x27, 0x0, 0x26, 0x10,
    0x7, 0xff, 0x1a, 0xc8, 0x3c, 0x3c, 0xc, 0xc,
    0x3, 0xff, 0x82, 0x85, 0x40, 0x7a, 0x4a, 0x20,
    0x20, 0x1, 0xf, 0x0, 0xfd, 0xec, 0x40, 0x3,
    0xd5, 0x60, 0x60, 0xf, 0xfe, 0x2, 0x2c, 0x80,
    0x4, 0x8, 0x8, 0x48, 0x3, 0xf2, 0x80, 0x51,
    0x40, 0x60, 0x1d, 0x8a, 0x1, 0xfd, 0xc2, 0xf,
    0x68, 0x1, 0xf2, 0x68, 0x7, 0xf3, 0x0, 0x4e,
    0x1, 0xf2, 0x83, 0x0, 0x7f, 0x10, 0x1, 0xc0,
    0x3f, 0x4b, 0x80, 0x7f, 0x20, 0x8, 0x7, 0x8,
    0x4, 0x65, 0x0, 0x18, 0x42, 0x6e, 0xe2, 0x0,
    0xf7, 0x80, 0x5f, 0x40, 0x1e, 0xb5, 0x66, 0x27,
    0x0, 0x7b, 0x88, 0x12, 0x50, 0x3, 0xc9, 0x7b,
    0xab, 0x30,

    /* U+6B63 "正" */
    0x0, 0xf8, 0x48, 0xd1, 0x59, 0xe2, 0x6b, 0x24,
    0x3, 0x8b, 0xb9, 0xfe, 0xed, 0xcb, 0xa9, 0x87,
    0x78, 0x8, 0xc0, 0x31, 0x53, 0x44, 0xd5, 0xe2,
    0x86, 0xff, 0xbb, 0x72, 0xcc, 0x3, 0x92, 0x1d,
    0x95, 0xc, 0xc0, 0x60, 0x1f, 0xfd, 0x75, 0xb2,
    0x0, 0xff, 0xe3, 0xba, 0x50, 0x7, 0xff, 0x1c,
    0xc0, 0x3f, 0x9, 0x1a, 0x98, 0x7, 0xe1, 0x1,
    0x0, 0xee, 0xe6, 0xe5, 0x61, 0x80, 0x7f, 0xf0,
    0xde, 0x6a, 0xf3, 0x4c, 0x3, 0xff, 0x82, 0x21,
    0x4c, 0xa8, 0x64, 0x1, 0xff, 0xd4, 0x30, 0xf,
    0xfe, 0xf0, 0x80, 0x7f, 0xf4, 0x18, 0x8c, 0xc8,
    0x85, 0x67, 0x1a, 0xcd, 0xd7, 0xa, 0xff, 0xce,
    0x17, 0xb9, 0x8b, 0xb5, 0x4c, 0x54, 0x2b, 0xa3,
    0xb3, 0xba, 0x21, 0x32, 0xaa, 0x5d, 0xb3, 0x1b,
    0xae, 0xb0,

    /* U+6D3B "活" */
    0x0, 0x8, 0x7, 0xff, 0x4, 0x6c, 0xc0, 0x3b,
    0xa8, 0x3, 0xfc, 0x53, 0xc9, 0x20, 0x1d, 0x6b,
    0xa4, 0x1, 0xc2, 0xd9, 0xae, 0xb7, 0x40, 0x1c,
    0x98, 0x78, 0x60, 0x71, 0x9d, 0x46, 0xdd, 0x48,
    0x1, 0xf1, 0xe0, 0x28, 0x2e, 0xf7, 0xe8, 0x70,
    0x7, 0xfc, 0x5c, 0xc0, 0xca, 0x40, 0x1f, 0xf1,
    0xc0, 0x7, 0xff, 0x18, 0x80, 0xd, 0xc8, 0x2,
    0xce, 0xe8, 0x99, 0x50, 0x4e, 0xeb, 0xbf, 0xdb,
    0x27, 0xe5, 0x70, 0x3b, 0x34, 0xaa, 0x20, 0x1,
    0x2d, 0x4c, 0xaa, 0xec, 0x3, 0x8a, 0xe5, 0x7d,
    0xba, 0xcb, 0x90, 0xb8, 0x77, 0x32, 0xa1, 0x0,
    0x55, 0xa4, 0x1, 0xf8, 0x40, 0x3f, 0xe2, 0x9,
    0x0, 0xff, 0xe4, 0x47, 0x2, 0xec, 0xd4, 0x85,
    0xe6, 0xf6, 0x0, 0x7c, 0x6e, 0xc0, 0xe4, 0xec,
    0xa, 0xea, 0x86, 0x60, 0xf, 0xbd, 0x84, 0x8,
    0x27, 0x2e, 0xa9, 0x32, 0x12, 0x0, 0xf3, 0x9c,
    0x0, 0x6f, 0x0, 0xf1, 0x30, 0x7, 0x1c, 0x38,
    0x80, 0x42, 0x20, 0xf, 0x9, 0x0, 0x77, 0xc,
    0x0, 0x62, 0x20, 0x7, 0x10, 0x78, 0x6, 0xb2,
    0x80, 0xe, 0x75, 0xbb, 0x66, 0x37, 0xc3, 0xc0,
    0x22, 0x64, 0x60, 0xf, 0x8, 0xcc, 0xa8, 0x87,
    0xe0, 0x8, 0xb6, 0xc0, 0x3d, 0x85, 0x55, 0x4c,
    0xd0, 0xe0, 0x10,

    /* U+6DFB "添" */
    0x1, 0x0, 0xff, 0xe5, 0x6e, 0x8, 0x4, 0xca,
    0xcf, 0x13, 0x57, 0xbd, 0xa2, 0x1, 0xdc, 0x3e,
    0x60, 0x1, 0x8a, 0xc4, 0x61, 0xcb, 0x89, 0x10,
    0xe, 0x2c, 0x3c, 0x30, 0x7d, 0xcb, 0xb0, 0x4b,
    0xb3, 0x10, 0x3, 0xe1, 0xc3, 0x70, 0xe, 0xa2,
    0x20, 0x4, 0x24, 0x60, 0x1e, 0x1c, 0x17, 0x89,
    0x95, 0x91, 0xef, 0x7f, 0xbb, 0x71, 0x40, 0x19,
    0x20, 0x1a, 0x95, 0x44, 0x82, 0xd4, 0x5, 0x57,
    0x9a, 0xa0, 0x8, 0x7e, 0x30, 0x5d, 0xd6, 0x78,
    0x44, 0x1f, 0x4b, 0x50, 0xc8, 0x2, 0x4f, 0x2c,
    0x60, 0xd, 0x26, 0xa0, 0x3, 0xa7, 0x80, 0xf,
    0xe, 0x28, 0x6, 0xa3, 0xea, 0xe0, 0x2, 0xcb,
    0xd0, 0x80, 0x7a, 0x9c, 0x1, 0xb, 0xa5, 0xc2,
    0x1, 0x35, 0x2f, 0xa0, 0x7, 0xb4, 0x1d, 0xb4,
    0xc0, 0x3c, 0x44, 0xc3, 0xbb, 0x10, 0x4, 0x8f,
    0x19, 0xef, 0x60, 0x1a, 0xcc, 0x62, 0xb5, 0xdc,
    0x60, 0x17, 0x9e, 0xd8, 0xd8, 0x80, 0x61, 0xe3,
    0x86, 0x64, 0x60, 0x80, 0x9, 0x25, 0x42, 0x6,
    0x0, 0x35, 0x94, 0xba, 0x49, 0x0, 0x68, 0x41,
    0x4, 0x78, 0x20, 0xc, 0x30, 0xc5, 0x41, 0xc0,
    0x11, 0x2f, 0x0, 0xd1, 0xb8, 0x7, 0x9c, 0x64,
    0x60, 0xd4, 0x1, 0x20, 0xa1, 0x43, 0xc0, 0x1f,
    0xa5, 0xc1, 0xe1, 0x41, 0x51, 0xc0, 0x1f, 0x84,
    0xe6, 0x1, 0xe7, 0xc0, 0x3, 0x80, 0x34, 0xe4,
    0x0, 0x86, 0xb, 0xfb, 0x60, 0x1f, 0xf4, 0x60,
    0x80, 0x71, 0x64, 0x9, 0x80, 0x7f, 0x80,

    /* U+70B9 "点" */
    0x0, 0xff, 0xe9, 0xb7, 0x98, 0x7, 0xff, 0x1d,
    0x1, 0x40, 0x3f, 0xf9, 0x26, 0x1, 0xff, 0xc9,
    0x24, 0x42, 0xb4, 0x40, 0x3, 0xff, 0x82, 0x21,
    0x17, 0x6a, 0x85, 0x42, 0x0, 0xff, 0xe1, 0x4f,
    0x7f, 0xbb, 0x70, 0x80, 0x3f, 0xf8, 0x44, 0x20,
    0x1f, 0xfc, 0x14, 0x20, 0x9, 0xc0, 0x91, 0x59,
    0x8a, 0x1, 0xfc, 0x7b, 0xff, 0x58, 0x4d, 0xd4,
    0x4d, 0x18, 0x7, 0xe3, 0x7, 0xbc, 0xc6, 0xf7,
    0xfb, 0x9c, 0xc, 0x3, 0xf3, 0x6, 0xa1, 0x98,
    0x84, 0x2, 0x22, 0x0, 0x7f, 0x10, 0x18, 0x7,
    0xe7, 0x70, 0x7, 0xf8, 0x78, 0x0, 0x22, 0x22,
    0x1a, 0x11, 0x0, 0x3f, 0xc6, 0xff, 0xee, 0xe6,
    0xeb, 0x2c, 0x14, 0x3, 0xfe, 0x2a, 0xa5, 0xe6,
    0x37, 0x5d, 0xfa, 0x1, 0xfc, 0x3f, 0x2a, 0xa4,
    0x32, 0x32, 0x10, 0x12, 0x0, 0xfa, 0xf4, 0x97,
    0xcc, 0x1, 0x1e, 0x20, 0x6, 0xd5, 0x0, 0xe5,
    0x49, 0x1, 0x4d, 0x0, 0x40, 0x60, 0x1, 0xd6,
    0x98, 0x2, 0x2a, 0x45, 0x0, 0x48, 0xc8, 0xe,
    0x95, 0x0, 0x29, 0x25, 0x40, 0x70, 0x68, 0x2,
    0x25, 0x62, 0x3, 0x75, 0x60, 0x5, 0x9d, 0x21,
    0x6, 0x88, 0x6, 0x82, 0x0, 0xa0, 0xc0, 0x37,
    0xf, 0x1f, 0x18, 0x7, 0x16, 0x90, 0x5, 0x8c,
    0x1, 0x17, 0xd0,

    /* U+70ED "热" */
    0x0, 0xc2, 0x1, 0xe3, 0x40, 0xf, 0xfe, 0xb,
    0xf0, 0x80, 0x75, 0xb8, 0x7, 0xff, 0x0, 0x84,
    0xc0, 0x31, 0x80, 0x7f, 0xf6, 0x84, 0xc0, 0x3b,
    0xcd, 0x14, 0x40, 0x3a, 0x6f, 0x28, 0x33, 0x11,
    0xbd, 0xe0, 0xf9, 0x75, 0x20, 0x1d, 0x42, 0xa8,
    0x11, 0x73, 0x4c, 0xc0, 0x8c, 0xd0, 0xd0, 0xe,
    0x3a, 0x9e, 0x5, 0x41, 0x58, 0xd0, 0x63, 0x30,
    0x8, 0x7, 0xf9, 0xa1, 0x75, 0xcc, 0x44, 0x6,
    0xe, 0x1, 0xf8, 0x82, 0x69, 0x72, 0xa1, 0x0,
    0x2, 0x4, 0x1, 0xc2, 0xdb, 0x21, 0xe4, 0x7,
    0xc0, 0x86, 0xc, 0x2, 0x1, 0x87, 0xa4, 0x20,
    0xc, 0x2, 0xa2, 0x26, 0x11, 0x80, 0x67, 0x1,
    0x98, 0xd2, 0x0, 0xc4, 0xd3, 0xa4, 0x82, 0x20,
    0xb, 0x4, 0x19, 0xc0, 0x3d, 0xcc, 0x83, 0xad,
    0xc6, 0x1, 0x28, 0x5, 0x6e, 0x40, 0x14, 0xbc,
    0x80, 0x71, 0x90, 0xb8, 0x88, 0x1, 0x35, 0x0,
    0x70, 0x56, 0x1, 0xd8, 0x3b, 0xd0, 0xa0, 0x11,
    0x6b, 0xb3, 0x3e, 0xc0, 0x3c, 0xbb, 0x54, 0xca,
    0x0, 0xca, 0x32, 0xa0, 0x18, 0xe0, 0x2, 0x6f,
    0x43, 0x0, 0xc5, 0x60, 0x14, 0x48, 0x1, 0xdd,
    0x40, 0x6, 0x4f, 0x30, 0x8, 0x7c, 0xe4, 0x6,
    0x99, 0x80, 0x92, 0xb4, 0x5, 0xe7, 0x8a, 0x3,
    0x85, 0xe0, 0x12, 0xaa, 0x48, 0x19, 0x8a, 0xc0,
    0x38, 0x54, 0xa0, 0xb, 0x20, 0xd, 0x66, 0x1,
    0x49, 0x80, 0x43, 0x86, 0x60,

    /* U+7259 "牙" */
    0x0, 0xff, 0x9, 0x1a, 0x2b, 0x3c, 0x48, 0x80,
    0x72, 0xee, 0xdd, 0xfe, 0xed, 0xcb, 0xa8, 0xa4,
    0x27, 0x0, 0xe5, 0x8a, 0xbb, 0x55, 0xe6, 0xf0,
    0xb7, 0x6e, 0x5b, 0x0, 0x79, 0x46, 0xd1, 0x50,
    0xc8, 0x40, 0x3f, 0xf8, 0x5c, 0x42, 0x1, 0xff,
    0xc7, 0x54, 0x0, 0xf8, 0xc0, 0x3f, 0xe1, 0x2d,
    0x0, 0xff, 0x85, 0x4, 0x3, 0x9c, 0x3e, 0x6a,
    0x97, 0x9a, 0x2b, 0xff, 0x75, 0xf8, 0x7, 0x10,
    0x22, 0x88, 0x10, 0x90, 0x1c, 0xd5, 0xdb, 0x30,
    0x1, 0xc9, 0xfb, 0x97, 0x5e, 0x4a, 0x2c, 0xc5,
    0x44, 0x19, 0x0, 0x7f, 0x9a, 0x56, 0x8c, 0x3,
    0xff, 0x88, 0xf2, 0xb4, 0x0, 0x10, 0xf, 0xfe,
    0x15, 0x44, 0x28, 0x3, 0xff, 0x88, 0x5a, 0x96,
    0xe0, 0x1f, 0xfc, 0x47, 0xd7, 0xf4, 0x0, 0xff,
    0xe1, 0x9e, 0x56, 0x50, 0x80, 0x7f, 0xf0, 0x86,
    0x7e, 0x74, 0xc0, 0xc, 0x80, 0x1f, 0xfc, 0x6,
    0xdc, 0x50, 0xc, 0xf1, 0xae, 0x40, 0x1f, 0xce,
    0x80, 0x1e, 0x1c, 0xa8, 0xd2, 0x70, 0xf, 0xfe,
    0x2b, 0xea, 0x85, 0x0, 0x7c,

    /* U+7684 "的" */
    0x0, 0xff, 0xe6, 0x8, 0x7, 0xd3, 0x20, 0xf,
    0xf4, 0xf0, 0x7, 0x8d, 0x84, 0x3, 0xf9, 0x8,
    0x3, 0xc8, 0x62, 0x1, 0xf8, 0xcd, 0x0, 0x1c,
    0x63, 0x20, 0x1f, 0xd0, 0x88, 0x0, 0xea, 0x15,
    0x0, 0x84, 0x80, 0xe1, 0x93, 0x19, 0x8e, 0x20,
    0x7, 0xd, 0xef, 0xf7, 0x6d, 0x1b, 0xc8, 0x44,
    0x2e, 0x24, 0x18, 0x5e, 0xa2, 0xaf, 0x0, 0x34,
    0x7f, 0xbb, 0x43, 0xc2, 0xe6, 0x4e, 0xca, 0x86,
    0x1, 0x8, 0x7, 0x85, 0x59, 0x80, 0x1f, 0x18,
    0x7, 0xf7, 0x55, 0xa8, 0x7, 0x84, 0x1, 0xe0,
    0x10, 0x81, 0xd0, 0x9d, 0x28, 0x4, 0x21, 0xe0,
    0x6f, 0xdf, 0xee, 0x1, 0x10, 0x43, 0x52, 0x0,
    0xc, 0x4, 0x0, 0x91, 0x57, 0x40, 0x1d, 0x25,
    0x44, 0x2, 0x6, 0x0, 0x26, 0x54, 0x70, 0x70,
    0xd, 0xe3, 0x20, 0xe0, 0x20, 0x20, 0x18, 0x40,
    0x3c, 0x57, 0x20, 0x40, 0xc0, 0x1f, 0x84, 0x3,
    0x90, 0x80, 0x40, 0xc0, 0x3c, 0xe0, 0x1f, 0xed,
    0x1, 0x0, 0x2b, 0x31, 0xf8, 0x4, 0x2, 0x11,
    0x0, 0x4e, 0x40, 0x11, 0xcc, 0x4b, 0x9a, 0x80,
    0x6d, 0x92, 0x2, 0x60, 0x3, 0xaf, 0xf7, 0x37,
    0x18, 0x2, 0x1c, 0xd, 0xd0, 0x60, 0x2, 0xe8,
    0x3, 0xfe, 0x9b, 0x2, 0x60,

    /* U+7A0B "程" */
    0x0, 0xfc, 0xc4, 0x1, 0xff, 0xc8, 0x19, 0x98,
    0x25, 0x4c, 0xc8, 0xac, 0xf0, 0x40, 0x1f, 0x9f,
    0x99, 0x20, 0xe, 0xb3, 0x17, 0x75, 0x3d, 0x80,
    0x70, 0xbf, 0x40, 0x6d, 0x98, 0x68, 0x77, 0xfb,
    0xb7, 0x3, 0xc0, 0x3a, 0x3, 0x24, 0x48, 0x2,
    0x20, 0x10, 0xc, 0x40, 0x40, 0x1d, 0x2e, 0x40,
    0x1e, 0x60, 0x20, 0xc, 0xc0, 0xc0, 0x1f, 0x8,
    0xc8, 0xae, 0x22, 0xb, 0x89, 0x95, 0x40, 0x30,
    0x6, 0x8f, 0xf7, 0x40, 0x5d, 0xcc, 0x0, 0x74,
    0x22, 0x2, 0x38, 0x7, 0x45, 0xdb, 0x4, 0x5f,
    0xd8, 0xe4, 0xdb, 0x97, 0x6a, 0x98, 0x40, 0xe,
    0x44, 0x38, 0x89, 0xc0, 0x34, 0x98, 0x0, 0x44,
    0x46, 0xa0, 0x1f, 0x78, 0x2, 0x68, 0x1f, 0x75,
    0xdf, 0xee, 0xe6, 0xe5, 0x48, 0x7, 0x12, 0x28,
    0xe2, 0xd3, 0xd5, 0x22, 0x8c, 0xb3, 0x7b, 0x92,
    0x1, 0xd0, 0x78, 0x5, 0x6a, 0x2e, 0xe6, 0x57,
    0x13, 0x21, 0x10, 0x7, 0x1a, 0xf0, 0x4, 0x9e,
    0x20, 0x1e, 0x12, 0x41, 0x0, 0xef, 0x82, 0x10,
    0xe, 0xae, 0xe7, 0xa1, 0xf6, 0xdf, 0x8, 0x4,
    0xce, 0xe0, 0xf, 0xae, 0x21, 0x44, 0x79, 0xbd,
    0xe2, 0x1, 0x65, 0x80, 0x7e, 0x16, 0x62, 0xb3,
    0x99, 0x8, 0x7, 0x50, 0x7, 0xff, 0x48, 0x55,
    0x15, 0x66, 0x69, 0xdd, 0x10, 0x99, 0x0, 0x7b,
    0xc0, 0x3, 0x76, 0xaa, 0xa4, 0x89, 0x12, 0xca,
    0x8a, 0x80, 0x1d, 0xc6, 0x0, 0xed, 0xee, 0x7f,
    0xf7, 0x73, 0x75, 0x88,

    /* U+7EDC "络" */
    0x0, 0xff, 0xe0, 0x90, 0x7, 0xff, 0xa, 0x44,
    0x3, 0xdf, 0x80, 0x1f, 0xfc, 0x1, 0x69, 0x0,
    0xe2, 0x22, 0x0, 0x7f, 0xf0, 0x18, 0x28, 0x3,
    0xac, 0x31, 0x15, 0xd0, 0x3, 0xf4, 0xa9, 0x9,
    0x80, 0x9, 0x82, 0xed, 0x51, 0x40, 0x1f, 0x48,
    0xd8, 0x2e, 0x10, 0x49, 0xe6, 0xfe, 0x4, 0x80,
    0x79, 0x1a, 0x44, 0x38, 0xd, 0x51, 0xcc, 0x82,
    0x5, 0xc0, 0x3b, 0x29, 0x18, 0xd, 0x60, 0x2e,
    0x52, 0x1, 0x11, 0x0, 0x1e, 0x51, 0x56, 0xf,
    0x27, 0xa8, 0x6b, 0x76, 0x93, 0x60, 0xf, 0x4e,
    0xac, 0xe9, 0xcb, 0x73, 0x2, 0x44, 0x96, 0x80,
    0x7e, 0x2b, 0x92, 0x54, 0x65, 0x0, 0xbc, 0x0,
    0xe0, 0x1f, 0xef, 0x1b, 0x0, 0xe7, 0x75, 0x44,
    0xc8, 0x3, 0xf1, 0xb5, 0x88, 0x6, 0x88, 0x5a,
    0xbd, 0x36, 0x98, 0x7, 0x17, 0xe, 0xde, 0xb0,
    0x52, 0x6a, 0x0, 0x17, 0x47, 0x28, 0x80, 0x9,
    0xa4, 0x29, 0x98, 0x4c, 0x7a, 0x14, 0x56, 0x62,
    0xdb, 0xae, 0xb8, 0x24, 0x4e, 0xe3, 0x8b, 0x6d,
    0xce, 0x5d, 0x45, 0xcc, 0x5e, 0xbb, 0x0, 0x1d,
    0x88, 0x3, 0x1a, 0x85, 0xff, 0xbb, 0x58, 0xc,
    0xa0, 0x40, 0x38, 0xa3, 0x4c, 0x84, 0x4, 0x3,
    0x8, 0x80, 0x3c, 0x4f, 0x9a, 0x5e, 0xe0, 0x60,
    0x60, 0x18, 0x88, 0x1, 0x87, 0xb6, 0x1b, 0x68,
    0x80, 0x2, 0x2, 0x2, 0x22, 0x66, 0x0, 0x61,
    0xb6, 0xda, 0x20, 0xe, 0x18, 0xfe, 0xe6, 0x92,
    0x8, 0x6, 0x59, 0x20, 0xf, 0x95, 0x57, 0x6c,
    0xc6, 0xe0, 0x80, 0x40,

    /* U+7F51 "网" */
    0x30, 0xf, 0x9, 0x1a, 0x2b, 0x3c, 0x4d, 0x1c,
    0xfe, 0x6f, 0x7f, 0xbb, 0x72, 0xea, 0x64, 0xab,
    0x51, 0x2, 0xaa, 0x65, 0x57, 0x9b, 0xdf, 0xdc,
    0xdc, 0x1, 0x0, 0x4c, 0x3b, 0x3f, 0x91, 0x4,
    0x2f, 0x0, 0x3f, 0xc2, 0x84, 0x1, 0x84, 0x3,
    0xe3, 0x10, 0x60, 0x19, 0x0, 0x33, 0x80, 0x7d,
    0x3a, 0x1a, 0x66, 0x4b, 0x3, 0xd0, 0xf, 0xac,
    0xa1, 0x10, 0x3e, 0x94, 0x8, 0x1, 0xf0, 0xd3,
    0x9d, 0x81, 0x52, 0x89, 0x80, 0x5e, 0x1, 0x91,
    0x40, 0xc0, 0xa, 0x60, 0x20, 0x1f, 0xcc, 0x12,
    0x0, 0x13, 0xd, 0x0, 0xfc, 0x47, 0xc, 0x60,
    0xe5, 0x46, 0xe0, 0x1f, 0x43, 0x39, 0xf0, 0x5c,
    0x23, 0x41, 0x0, 0x71, 0x24, 0x7, 0xa2, 0x82,
    0x84, 0x20, 0x7, 0xa6, 0xc4, 0xe, 0x62, 0x40,
    0x3, 0x66, 0x1, 0x90, 0xd4, 0x2, 0x74, 0x40,
    0x7, 0x84, 0x0, 0xb0, 0x1, 0x1d, 0xc8, 0x0,
    0x40, 0x3e, 0x10, 0xc, 0x9a, 0x1, 0x3e, 0x29,
    0x80, 0x8, 0x3, 0xce, 0x20, 0x13, 0x4d, 0x68,
    0x3, 0xcc, 0x3, 0xfe, 0x5d, 0x41, 0x50,

    /* U+81EA "自" */
    0x0, 0xf1, 0x48, 0x80, 0x7f, 0xf0, 0x5d, 0xac,
    0x3, 0xff, 0x83, 0x1, 0x0, 0x1f, 0xfc, 0x8,
    0x2a, 0x20, 0xf, 0x91, 0x0, 0x5, 0x75, 0x64,
    0x56, 0x78, 0x96, 0x1, 0xbf, 0xf5, 0x2, 0xe5,
    0xd4, 0xc3, 0x32, 0x45, 0xc1, 0x26, 0xae, 0xd9,
    0xbd, 0xfe, 0xe1, 0x31, 0x30, 0x36, 0x54, 0x41,
    0x90, 0x80, 0x67, 0x1, 0x0, 0xff, 0xe0, 0x8,
    0x6, 0x23, 0x45, 0x67, 0x74, 0x4d, 0x50, 0x4,
    0x2, 0x5c, 0xba, 0x98, 0x95, 0x53, 0x8, 0x18,
    0x4, 0x9b, 0xdf, 0xf7, 0x6e, 0x62, 0x80, 0x40,
    0x2, 0x4, 0x20, 0x1f, 0x18, 0x78, 0x7, 0xe1,
    0x11, 0x1a, 0x20, 0x4, 0x0, 0x69, 0xdc, 0xff,
    0x77, 0x37, 0x2e, 0x40, 0x38, 0x66, 0x6a, 0xbb,
    0x66, 0xf5, 0x1, 0x80, 0x4, 0xdd, 0xcc, 0xa8,
    0x83, 0x21, 0x10, 0x8, 0x7, 0xff, 0x4, 0x41,
    0xc0, 0xe, 0x60, 0x1e, 0x11, 0x11, 0x0, 0x38,
    0x7b, 0xff, 0xbb, 0x9b, 0x1, 0xe0, 0x7, 0x9,
    0x88, 0x4c, 0xaa, 0xab, 0xb6, 0x70, 0x1, 0x41,
    0xde, 0x66, 0x2a, 0xc8, 0x83, 0x20,

    /* U+84DD "蓝" */
    0x0, 0xff, 0xe1, 0x28, 0x7, 0xff, 0x10, 0xf5,
    0x40, 0x34, 0x58, 0x7, 0xff, 0xc, 0xc7, 0x80,
    0x31, 0x90, 0x9, 0x1b, 0x0, 0x71, 0x19, 0x91,
    0x58, 0x16, 0xaf, 0x34, 0x5b, 0xfb, 0x72, 0x64,
    0x1, 0x93, 0x31, 0x51, 0x42, 0x20, 0x3b, 0x63,
    0xab, 0xcd, 0xef, 0x90, 0xc, 0xdf, 0xee, 0xdc,
    0xe2, 0x88, 0x39, 0xf2, 0xa1, 0x90, 0x80, 0x7f,
    0xc9, 0x1e, 0x40, 0xb, 0xc3, 0x0, 0xff, 0x96,
    0x0, 0x8, 0x90, 0x4, 0xa2, 0xc0, 0x1f, 0xf3,
    0x39, 0x80, 0x7d, 0x61, 0xb3, 0x59, 0xbe, 0xc0,
    0x1f, 0xfc, 0x24, 0x23, 0x20, 0x2b, 0xb5, 0x20,
    0x7, 0x38, 0x7, 0xe8, 0x6c, 0xdb, 0x87, 0x65,
    0x20, 0xe, 0x10, 0x8, 0x40, 0x25, 0x29, 0x2a,
    0xda, 0x20, 0xf, 0xc6, 0x1, 0xf4, 0x68, 0x16,
    0xc2, 0xeb, 0x80, 0x7c, 0xec, 0x40, 0x60, 0x5,
    0xe3, 0x0, 0x9f, 0x92, 0x40, 0x3e, 0x19, 0x10,
    0x2b, 0x45, 0x30, 0xe, 0x1b, 0xe0, 0xf, 0xc3,
    0xb5, 0x4e, 0x9c, 0xc6, 0xf7, 0x3f, 0xf0, 0x80,
    0x7e, 0x11, 0x21, 0x6b, 0x4, 0xc8, 0x89, 0xba,
    0x70, 0x10, 0xf, 0xe7, 0x28, 0x76, 0x75, 0x47,
    0x62, 0x20, 0x88, 0x3, 0xfc, 0x42, 0x0, 0x10,
    0xf, 0x89, 0x40, 0x3f, 0xc2, 0x60, 0x13, 0x89,
    0x38, 0x19, 0x98, 0x15, 0x4e, 0x60, 0xd, 0xee,
    0x9c, 0x7f, 0xca, 0x7d, 0xa6, 0xb9, 0x82, 0x4a,
    0xb9, 0xe0, 0x6, 0x44, 0x2e, 0xa9, 0x76, 0xcc,
    0x6e, 0xbb, 0xaf, 0xfd, 0xdc, 0xd0,

    /* U+884C "行" */
    0x0, 0xff, 0xe9, 0xfb, 0x0, 0x7f, 0xf2, 0x54,
    0x3c, 0x3, 0xf0, 0x92, 0x0, 0x7f, 0xa0, 0x60,
    0x7, 0x31, 0xbd, 0xfe, 0xed, 0xba, 0x0, 0xfd,
    0x5, 0x42, 0x3, 0x4a, 0xa9, 0x95, 0x5e, 0x6d,
    0x0, 0x7c, 0x8f, 0x8, 0x1, 0x34, 0xc3, 0xb2,
    0xa1, 0x90, 0x7, 0xc3, 0x4e, 0xe2, 0x0, 0xff,
    0xe3, 0xe3, 0x40, 0x6b, 0x80, 0x7f, 0xf1, 0x6a,
    0x20, 0xc, 0x1c, 0x1, 0x8, 0x88, 0xd1, 0x59,
    0xe2, 0x5c, 0x2, 0xb5, 0x1, 0x91, 0xdf, 0xfb,
    0xb9, 0xb9, 0x75, 0x32, 0x55, 0x60, 0x80, 0x4,
    0x1, 0x61, 0x49, 0x73, 0x57, 0x98, 0xd1, 0x5f,
    0xed, 0xcb, 0x10, 0xc, 0xaa, 0x64, 0x4, 0x65,
    0x43, 0x31, 0x0, 0x7f, 0xc5, 0x41, 0xc0, 0x1f,
    0xfc, 0x8f, 0x51, 0x0, 0xff, 0xe4, 0x5b, 0xd0,
    0x7, 0xff, 0x22, 0xb2, 0x80, 0x3f, 0xf9, 0x5,
    0x2e, 0x1, 0xff, 0xc9, 0x23, 0x0, 0x87, 0xc0,
    0x3f, 0xfa, 0xa2, 0x1, 0xff, 0xc6, 0x2b, 0x61,
    0x0, 0xff, 0xe4, 0x15, 0x67, 0x58, 0x7, 0xff,
    0x0, 0x4b, 0xc0, 0x38, 0x6b, 0x4, 0x5e, 0x1,
    0xe0,

    /* U+8BD5 "试" */
    0x0, 0xff, 0xe1, 0x31, 0x0, 0x7f, 0xf2, 0xb7,
    0x0, 0x3f, 0xe1, 0xb1, 0x0, 0xfc, 0x62, 0x52,
    0x20, 0x1f, 0x85, 0xfc, 0x80, 0x3e, 0xe0, 0x2,
    0x60, 0x80, 0x7e, 0xd3, 0xc2, 0x0, 0xf1, 0x0,
    0x30, 0x3c, 0x40, 0x3e, 0x1f, 0x1f, 0x0, 0xf3,
    0x3, 0xe, 0x19, 0x0, 0x7e, 0x2b, 0x60, 0xf,
    0x10, 0x18, 0xe, 0x98, 0x7, 0xf2, 0x59, 0xa2,
    0xb3, 0xc4, 0x85, 0x66, 0xf7, 0xb8, 0x7, 0x84,
    0xc4, 0x1a, 0xa2, 0xb0, 0x80, 0x8e, 0xa2, 0xb1,
    0x80, 0x2d, 0xef, 0xec, 0xc0, 0x2f, 0x6e, 0x5d,
    0x4d, 0xb, 0x2a, 0x18, 0x80, 0x5f, 0x15, 0x86,
    0x80, 0x1f, 0x8c, 0x8, 0x3, 0xe2, 0x65, 0x30,
    0xc, 0x68, 0xaf, 0x34, 0xe0, 0x80, 0x1f, 0xf0,
    0x88, 0x1, 0x76, 0xa8, 0x51, 0x72, 0xd0, 0xf,
    0xfe, 0x1c, 0x7d, 0x6, 0x5a, 0x2a, 0x0, 0x7f,
    0xc7, 0xe0, 0x1f, 0xd8, 0xa, 0x1, 0xff, 0xc2,
    0x20, 0xf, 0x20, 0xf0, 0x7, 0xf8, 0x46, 0xb6,
    0x0, 0xe4, 0x26, 0x43, 0x0, 0x30, 0x7, 0xdf,
    0x98, 0x40, 0xa, 0xbb, 0xa, 0x42, 0x0, 0x14,
    0x20, 0x18, 0xc1, 0x90, 0x27, 0x28, 0xb7, 0xa0,
    0x5, 0xd1, 0x0, 0x62, 0x1, 0x26, 0x2, 0xc9,
    0xa3, 0x5e, 0xb8, 0x6, 0x82, 0xa6, 0x0, 0xe4,
    0xca, 0xa0, 0x26, 0xd2, 0x0, 0x7d, 0xc3, 0x24,
    0x1, 0xc6, 0xa0, 0x1f, 0xfc, 0x13, 0xb1, 0xa0,

    /* U+8BEF "误" */
    0x0, 0xfe, 0x67, 0x23, 0x45, 0x67, 0x70, 0x80,
    0x7d, 0x46, 0x1, 0x8a, 0x37, 0x2e, 0xa2, 0xa2,
    0x0, 0x1f, 0x1e, 0x20, 0x4, 0xc1, 0x7d, 0xfe,
    0xed, 0xf, 0x0, 0xfa, 0x52, 0xcc, 0x0, 0x60,
    0x1, 0x0, 0x88, 0x8, 0x3, 0xf5, 0x96, 0x80,
    0x4, 0x4, 0x2, 0x17, 0x5, 0x0, 0xfe, 0xf2,
    0x10, 0x0, 0xdf, 0x7f, 0xba, 0x81, 0x80, 0x3f,
    0x8b, 0x4, 0x0, 0x6b, 0x77, 0x66, 0xf3, 0x80,
    0x7c, 0x48, 0x80, 0xd, 0xb6, 0xa8, 0x83, 0x39,
    0x0, 0x35, 0x7f, 0xb6, 0xec, 0x20, 0xb9, 0x8d,
    0xef, 0xfb, 0xb6, 0xe0, 0x2, 0xaa, 0x5e, 0x39,
    0x8, 0x2d, 0xa5, 0x40, 0x9d, 0xe6, 0xf4, 0x0,
    0x65, 0x43, 0x0, 0xe7, 0x87, 0x60, 0x54, 0x32,
    0x10, 0xf, 0xc2, 0x20, 0xf, 0x84, 0x40, 0x1f,
    0xfc, 0x34, 0x42, 0xb3, 0x20, 0x16, 0xf3, 0x1b,
    0xf8, 0x1, 0xe3, 0x70, 0x1b, 0xa9, 0x86, 0x2,
    0x6, 0x62, 0x32, 0x8, 0x7, 0x84, 0x17, 0xfe,
    0xe7, 0x10, 0xea, 0xa4, 0xca, 0x4, 0x3, 0x84,
    0x0, 0xb2, 0x0, 0x16, 0x64, 0xd1, 0x0, 0x7f,
    0xf0, 0x26, 0x60, 0x5, 0xc, 0x32, 0xe1, 0x0,
    0x7f, 0x3a, 0xa6, 0x80, 0x25, 0x34, 0x1, 0x4b,
    0x88, 0x1, 0xe1, 0xe3, 0x1f, 0x10, 0xa7, 0xc3,
    0x0, 0xad, 0x2e, 0x40, 0x38, 0x75, 0xfc, 0x89,
    0xa1, 0xe6, 0x1, 0xd5, 0xd, 0xce, 0x1, 0x8e,
    0x4, 0xaf, 0xa8, 0x40, 0x3e, 0x7d, 0x5d, 0x0,

    /* U+8BF7 "请" */
    0x0, 0xff, 0xe0, 0xb4, 0x80, 0x7f, 0xc8, 0x1,
    0xfc, 0x4c, 0x40, 0x1f, 0xea, 0xb0, 0xf, 0xf3,
    0x1a, 0x31, 0x0, 0x7b, 0x53, 0x0, 0x3, 0xdd,
    0x7d, 0x85, 0xe5, 0x5d, 0x80, 0x3c, 0x76, 0x76,
    0x3, 0xb7, 0x59, 0x41, 0x9f, 0xdb, 0x20, 0x1f,
    0x24, 0x22, 0x0, 0x9d, 0x80, 0xc2, 0xde, 0xa0,
    0x3, 0xf9, 0xe9, 0x0, 0x19, 0xb9, 0x0, 0x9a,
    0x60, 0x1f, 0xf2, 0x80, 0x7, 0xbf, 0xda, 0x1d,
    0x53, 0x0, 0x1e, 0x13, 0x54, 0x1, 0x33, 0x22,
    0x16, 0xc2, 0xe6, 0xaf, 0x3a, 0xc2, 0x7f, 0xb2,
    0xac, 0x4b, 0x31, 0x77, 0x29, 0x91, 0x98, 0x92,
    0x74, 0x27, 0x37, 0x9c, 0x84, 0xff, 0x75, 0xfd,
    0x9b, 0x32, 0xda, 0x87, 0x60, 0x1, 0x90, 0x80,
    0x73, 0x6f, 0xfb, 0xb9, 0xb9, 0x78, 0x80, 0x1f,
    0x8, 0x80, 0x26, 0x9, 0xcd, 0xd7, 0x7e, 0x80,
    0x7f, 0x9c, 0x3, 0x8c, 0x5, 0x95, 0x60, 0xf,
    0xe3, 0x0, 0xf5, 0x66, 0x2a, 0x91, 0x40, 0x1f,
    0xe1, 0x1, 0x70, 0x6, 0x7f, 0xbb, 0x9b, 0xe0,
    0x20, 0x1f, 0x9, 0xae, 0x28, 0x87, 0x6f, 0x7f,
    0xda, 0x1, 0xfc, 0xed, 0x5c, 0x40, 0xa, 0xbb,
    0xd9, 0x60, 0x1f, 0xe, 0x18, 0x59, 0x83, 0x3,
    0x31, 0x51, 0x6, 0xa0, 0x1f, 0xd, 0x26, 0x20,
    0x0, 0xc0, 0x30, 0xc1, 0x80, 0x7f, 0x35, 0x98,
    0x5, 0xc0, 0x20, 0x1, 0xcd, 0xf0, 0x30, 0xf,
    0xfe, 0x6, 0x10, 0x6, 0x4f, 0x41, 0x40, 0x8,

    /* U+8D25 "败" */
    0x0, 0xff, 0xec, 0x2e, 0x8, 0x7, 0xe3, 0x50,
    0x12, 0x34, 0x40, 0x6, 0x33, 0x38, 0x7, 0xf5,
    0x7f, 0x6e, 0x5d, 0x9c, 0x2, 0xc0, 0x40, 0xf,
    0xc4, 0xf, 0xba, 0xed, 0x1, 0x0, 0x91, 0x4,
    0x1, 0xfe, 0xe2, 0x20, 0x80, 0xc, 0x0, 0x83,
    0xc0, 0x1f, 0xc2, 0x0, 0x3e, 0x31, 0x0, 0xda,
    0x6, 0xf3, 0x57, 0xda, 0x40, 0x1c, 0x42, 0xa0,
    0x1, 0x0, 0x30, 0x5d, 0x89, 0xd1, 0xac, 0x3,
    0xff, 0x82, 0xa1, 0x9b, 0x96, 0xe7, 0xc, 0x40,
    0x1f, 0xe7, 0x9, 0xa, 0x0, 0x91, 0x40, 0x3e,
    0x10, 0x1, 0xb8, 0x0, 0xca, 0x58, 0x0, 0x43,
    0xa0, 0x1f, 0xfc, 0x11, 0x8a, 0x61, 0x60, 0x50,
    0x40, 0xf, 0xc6, 0x2, 0x0, 0x72, 0x40, 0x68,
    0xa, 0x50, 0xf, 0xe1, 0x7, 0x0, 0x34, 0x80,
    0x20, 0x2c, 0xa4, 0x3, 0xf9, 0xc0, 0x48, 0x8,
    0x3, 0x42, 0x20, 0xc0, 0x3e, 0x20, 0x30, 0x24,
    0x51, 0x0, 0xc2, 0xe, 0x1, 0xfb, 0x5f, 0x12,
    0x3e, 0xc0, 0x31, 0xc3, 0x1c, 0x80, 0x7e, 0x14,
    0xda, 0x2d, 0x0, 0x8b, 0x5a, 0x69, 0xa0, 0x3,
    0xe9, 0x16, 0x2a, 0x38, 0x1, 0xf5, 0x90, 0x56,
    0x78, 0x0, 0xe3, 0x7a, 0x0, 0x2a, 0xc5, 0x89,
    0x60, 0x14, 0xab, 0xd0, 0x4, 0x5b, 0x48, 0x1,
    0x54, 0x65, 0xc8, 0x7, 0x52, 0xab, 0x44, 0x3b,
    0x54, 0x3, 0x27, 0xe3, 0x0, 0x7d, 0x4c, 0x64,
    0x18, 0x60, 0x1c, 0x94, 0x40, 0x1f, 0xd3, 0xc6,

    /* U+8DC3 "跃" */
    0x0, 0xff, 0xe3, 0x90, 0x7, 0xff, 0x29, 0xf4,
    0x80, 0x39, 0x48, 0x0, 0x46, 0x84, 0x1, 0xe5,
    0xd8, 0x7, 0x0, 0xef, 0xdf, 0xf6, 0xe5, 0xe0,
    0x4, 0x51, 0xd4, 0x33, 0xca, 0x1, 0xd8, 0x17,
    0xbd, 0xe6, 0x40, 0xd9, 0xe4, 0x29, 0x8c, 0x20,
    0x1e, 0x20, 0x52, 0x10, 0x16, 0x5, 0xdd, 0x50,
    0x8, 0x7, 0xf3, 0x81, 0x0, 0x45, 0xa0, 0x62,
    0x1, 0x18, 0x7, 0xf0, 0x82, 0x9a, 0x30, 0x8,
    0x6, 0x10, 0x10, 0xf, 0xe2, 0x9, 0xcb, 0x83,
    0xe0, 0xc, 0x61, 0xc0, 0x18, 0x40, 0x38, 0x63,
    0x2, 0xb2, 0x1d, 0xd1, 0x32, 0xb, 0xde, 0xff,
    0x8c, 0x2, 0x1e, 0x71, 0x0, 0xdf, 0x4a, 0xa6,
    0x2, 0x59, 0x9a, 0xc8, 0x2, 0xbd, 0x1, 0x3,
    0x64, 0x8d, 0xd6, 0x20, 0x2, 0x9d, 0x98, 0xa2,
    0x1, 0x69, 0x0, 0x51, 0x34, 0x20, 0x12, 0x20,
    0xa0, 0x3, 0xf0, 0x80, 0x6b, 0xfe, 0x10, 0x1,
    0x13, 0x2d, 0x44, 0x3, 0xe3, 0x0, 0xff, 0x50,
    0x33, 0x6, 0xc0, 0x3f, 0xf8, 0xe, 0x1, 0xcc,
    0xa2, 0x10, 0xa6, 0x1, 0xf8, 0x40, 0x38, 0xc2,
    0x6, 0x0, 0xc, 0x5e, 0x1, 0xe1, 0x0, 0xc9,
    0x3a, 0x86, 0xf0, 0x40, 0x14, 0x9c, 0x0, 0x7c,
    0xf0, 0x13, 0xd8, 0xda, 0x8e, 0x1, 0x91, 0x9d,
    0x40, 0x3, 0x52, 0x12, 0x15, 0xce, 0x3a, 0x56,
    0x1, 0xe9, 0x2a, 0x40, 0x13, 0x7, 0xdb, 0x50,
    0x6, 0x36, 0x0, 0x7e, 0xf1, 0xb4, 0x9, 0xd8,
    0x20, 0xa, 0x65, 0x40, 0x1f, 0xc5, 0xa2, 0x40,

    /* U+8FC7 "过" */
    0x0, 0xff, 0xe2, 0x28, 0x80, 0x7f, 0xf2, 0x67,
    0xc0, 0x3e, 0x3d, 0x40, 0xf, 0xf9, 0x44, 0x3,
    0xe3, 0x6b, 0x50, 0xf, 0xf0, 0x80, 0x7f, 0x5a,
    0x52, 0x80, 0x7f, 0xf2, 0x2c, 0xa8, 0x84, 0x0,
    0x24, 0x68, 0xa6, 0xf, 0x34, 0x20, 0x1e, 0xf4,
    0x3a, 0xff, 0x76, 0xe5, 0xd2, 0x4, 0xa3, 0x38,
    0x7, 0x8a, 0xc6, 0xa6, 0x55, 0x79, 0xbc, 0xe1,
    0xdb, 0x8c, 0x0, 0x57, 0x8a, 0xbd, 0x41, 0x65,
    0x74, 0x32, 0x10, 0xf, 0xc3, 0x4a, 0x2a, 0x4e,
    0x0, 0x8d, 0x30, 0xf, 0xf9, 0x37, 0x50, 0x30,
    0x60, 0xa, 0x1d, 0x20, 0xf, 0xfe, 0xf, 0x23,
    0x80, 0x43, 0x83, 0xe0, 0xf, 0x0, 0xfe, 0x62,
    0x90, 0xe, 0x29, 0x28, 0x0, 0xff, 0x88, 0x3c,
    0xc0, 0x39, 0xa2, 0x40, 0x3f, 0xe4, 0xc0, 0xc3,
    0x0, 0xe7, 0x10, 0x8, 0x40, 0x3f, 0x1c, 0x82,
    0x80, 0x66, 0x81, 0x0, 0xff, 0xe0, 0x15, 0x23,
    0x0, 0x66, 0x1e, 0xad, 0x0, 0xfe, 0x2c, 0x3a,
    0x0, 0xf4, 0xd2, 0xa8, 0x3, 0xeb, 0xed, 0x12,
    0xec, 0x95, 0x20, 0x9, 0x79, 0x9c, 0x40, 0x39,
    0xe7, 0x7b, 0x25, 0x9e, 0xb7, 0xee, 0x14, 0xe6,
    0x0, 0x3d, 0x8e, 0x42, 0x6d, 0x5d, 0xb4, 0xef,
    0x56, 0xff, 0x65, 0x4c, 0x9c, 0x3, 0xf8, 0x96,
    0x33, 0xf6, 0x9d, 0x1, 0x19, 0x80, 0x1f, 0xfc,
    0x32, 0x58, 0xac, 0xef, 0xf3, 0x80,

    /* U+8FD4 "返" */
    0x0, 0xff, 0xee, 0xaf, 0x10, 0x7, 0x86, 0xd0,
    0x3, 0x84, 0x2, 0x16, 0xca, 0x17, 0x0, 0xf0,
    0x8a, 0xd4, 0x2, 0x1e, 0x9a, 0xde, 0x97, 0x9e,
    0x50, 0xf, 0xa9, 0x29, 0x40, 0x2, 0x27, 0x28,
    0xcf, 0xb6, 0x10, 0xf, 0xeb, 0x2a, 0x20, 0x1,
    0xac, 0x29, 0x80, 0x7f, 0xf0, 0xbd, 0x0, 0x30,
    0x80, 0x4, 0x8d, 0x15, 0x0, 0x3f, 0x8a, 0xc8,
    0x0, 0x6b, 0xfe, 0xed, 0xcb, 0xab, 0x20, 0xc,
    0xaf, 0x15, 0x7a, 0x80, 0x1, 0x5b, 0xcd, 0xef,
    0xf0, 0x91, 0x0, 0x3a, 0x54, 0x54, 0x9c, 0x4,
    0x30, 0x4, 0x84, 0x14, 0x64, 0x3, 0x97, 0xb7,
    0xc6, 0x4c, 0x8, 0xb, 0xb5, 0x0, 0x10, 0x68,
    0x1, 0xfa, 0x95, 0x80, 0xa, 0x9, 0x4b, 0x6d,
    0x5, 0xe0, 0x1f, 0x9c, 0x6c, 0x2, 0xc3, 0x0,
    0x53, 0x4b, 0xc1, 0x80, 0x7e, 0x30, 0xd2, 0x0,
    0x2d, 0x0, 0x54, 0x0, 0xf0, 0xf, 0xe4, 0xd1,
    0xd2, 0x61, 0x60, 0x2, 0x63, 0x43, 0xc8, 0x7,
    0xf1, 0x58, 0x25, 0xd8, 0x0, 0xb7, 0x12, 0xee,
    0x69, 0x0, 0xfc, 0x92, 0x82, 0xea, 0x13, 0x18,
    0xe0, 0x8, 0x66, 0x40, 0x7, 0x92, 0xd2, 0xc6,
    0x82, 0xff, 0x4c, 0x3, 0x4b, 0x39, 0x80, 0x59,
    0xf6, 0x9, 0xfb, 0x9, 0x4c, 0x1, 0xf4, 0xd1,
    0x80, 0x66, 0xac, 0xa8, 0x7, 0xbe, 0xe5, 0xc2,
    0x90, 0x6, 0x50, 0xd, 0x92, 0xa6, 0xaf, 0x7f,
    0xb4, 0xef, 0x56, 0xff, 0x65, 0x4c, 0xa0, 0x40,
    0x3f, 0x89, 0x67, 0x3f, 0x6a, 0x10, 0x11, 0x98,
    0x82, 0x1, 0xff, 0xc2, 0x25, 0x7a, 0xce, 0xff,
    0x60, 0x0,

    /* U+8FDB "进" */
    0x0, 0xff, 0x91, 0x0, 0x16, 0x48, 0x7, 0xc3,
    0x68, 0x1, 0xf5, 0x98, 0x1, 0x18, 0x3, 0xe1,
    0x15, 0xa8, 0x7, 0x38, 0x38, 0x7, 0xff, 0x2,
    0x92, 0x94, 0x3, 0xff, 0x91, 0x65, 0x46, 0x2a,
    0xa4, 0xd, 0x89, 0x50, 0xce, 0x70, 0xf, 0xbc,
    0x84, 0x53, 0x50, 0xe, 0x84, 0x0, 0x56, 0x0,
    0xfc, 0x5a, 0x41, 0x9f, 0x81, 0xb9, 0x6a, 0x13,
    0xe, 0x1, 0x22, 0xbc, 0x55, 0x90, 0x7, 0xff,
    0x10, 0x6a, 0x51, 0x50, 0x40, 0x27, 0x0, 0xff,
    0xe0, 0x2f, 0xf4, 0x4, 0x98, 0x4, 0x20, 0x2,
    0x32, 0x6, 0x78, 0x80, 0x6, 0x1a, 0x56, 0x1e,
    0xe7, 0xd0, 0x66, 0xe2, 0x84, 0x52, 0x1a, 0x0,
    0x52, 0x34, 0x3, 0xb7, 0x63, 0x36, 0xf7, 0xb8,
    0x76, 0xe5, 0xa0, 0x5, 0xc1, 0x62, 0x6, 0xa8,
    0x76, 0x42, 0x1, 0xff, 0x36, 0x2e, 0x8, 0x2,
    0x5, 0xc0, 0x3f, 0xf8, 0x47, 0x4, 0xa0, 0x4f,
    0x60, 0x1f, 0xfc, 0x33, 0x94, 0x40, 0xfc, 0x28,
    0x7, 0xff, 0x8, 0xf5, 0x2c, 0x2e, 0x5c, 0x3,
    0x84, 0x3, 0xe9, 0xdc, 0x14, 0xd9, 0xc7, 0x0,
    0xf6, 0x90, 0x7, 0x91, 0x15, 0x49, 0x44, 0x4e,
    0x7e, 0x4b, 0xa0, 0xa6, 0x80, 0x7b, 0x65, 0x54,
    0xd3, 0xbf, 0x90, 0xc9, 0x17, 0xdf, 0xb9, 0x53,
    0x27, 0x0, 0xfe, 0x37, 0xad, 0xfc, 0x97, 0x70,
    0x23, 0x30, 0x3, 0xff, 0x86, 0x6d, 0x15, 0x9d,
    0xfe, 0x70,

    /* U+8FDE "连" */
    0x0, 0xff, 0xec, 0xcd, 0x80, 0x7f, 0xc7, 0xc8,
    0x1, 0xf8, 0x94, 0x3, 0xfe, 0x35, 0xb5, 0x0,
    0xf9, 0x1c, 0x3, 0xff, 0x81, 0x69, 0x4a, 0x4,
    0x51, 0xb8, 0xa, 0xb3, 0xc4, 0xd1, 0x0, 0x7a,
    0xca, 0x8a, 0xb7, 0x59, 0x0, 0xf7, 0x6a, 0x42,
    0x4, 0x0, 0xfb, 0xd8, 0xa3, 0x7a, 0xc2, 0xbf,
    0xb7, 0x59, 0x74, 0xc0, 0x1f, 0x14, 0x80, 0x8,
    0x74, 0x55, 0x5a, 0x40, 0x1f, 0x95, 0xe2, 0xaf,
    0x50, 0x0, 0x2d, 0x20, 0xe4, 0xe0, 0x1f, 0x86,
    0x94, 0x54, 0x9c, 0x0, 0xc0, 0xa2, 0xc1, 0xaa,
    0xca, 0x1, 0xc9, 0xba, 0x81, 0x83, 0x0, 0x50,
    0x6f, 0x58, 0x3d, 0x4d, 0x88, 0x7, 0xdc, 0xae,
    0x1, 0x44, 0xd5, 0xd0, 0x57, 0xfb, 0x84, 0x3,
    0xce, 0x56, 0x1, 0x95, 0x95, 0x1c, 0x4, 0x3,
    0xfc, 0x41, 0x84, 0x6, 0x46, 0x64, 0x55, 0x7,
    0x44, 0x26, 0xb0, 0xc0, 0x32, 0xe1, 0xe9, 0x4e,
    0xe6, 0x2e, 0xa0, 0x11, 0x50, 0x85, 0x94, 0x3,
    0x8e, 0xc1, 0x2b, 0x7b, 0x9f, 0xed, 0xa, 0xdc,
    0xbb, 0x53, 0x0, 0x71, 0x5a, 0x30, 0x10, 0x88,
    0x0, 0x20, 0x1f, 0xfc, 0x2, 0xc5, 0xb0, 0xf,
    0x9c, 0x3, 0xfd, 0x39, 0xa2, 0x9b, 0x4c, 0x60,
    0x19, 0x4d, 0xc0, 0x3f, 0x3b, 0xa2, 0x61, 0xd2,
    0x73, 0xf6, 0x9d, 0x78, 0xc0, 0x3f, 0x75, 0xbb,
    0x3d, 0x77, 0x29, 0xd9, 0x22, 0xf7, 0xf7, 0x2a,
    0x61, 0xc0, 0x3f, 0x85, 0x62, 0xfb, 0x97, 0xc,
    0xc1, 0x46, 0x7d, 0x0, 0xff, 0xe1, 0xa, 0x3c,
    0xde, 0xf7, 0xfa, 0x80,

    /* U+901A "通" */
    0x0, 0xff, 0xe0, 0x9, 0x1a, 0x2b, 0x8, 0x7,
    0xe, 0x98, 0x4, 0x5d, 0xcf, 0xf7, 0x6e, 0x5d,
    0x4b, 0x0, 0x70, 0xbe, 0x20, 0x0, 0xb6, 0xea,
    0x37, 0xbd, 0x82, 0x1c, 0x3, 0xd4, 0x96, 0x60,
    0x3, 0x56, 0x8b, 0x5d, 0x4c, 0x70, 0xf, 0xd4,
    0x5a, 0x2, 0x60, 0x7a, 0xb6, 0x9c, 0x8, 0xa0,
    0x1f, 0xf, 0xb0, 0x3, 0x3b, 0x9a, 0x60, 0xd9,
    0x8a, 0xa3, 0x80, 0x7c, 0x50, 0x2, 0xf, 0x59,
    0x61, 0x9f, 0xee, 0x1, 0x0, 0x92, 0x6a, 0xf7,
    0x90, 0x1, 0x88, 0x6c, 0xe, 0x46, 0x80, 0x1c,
    0xa6, 0x6, 0x2, 0xc0, 0xb, 0xff, 0x68, 0x5e,
    0xe5, 0x0, 0x70, 0xd5, 0x30, 0xa8, 0x80, 0xd,
    0x9b, 0x81, 0x9f, 0xee, 0x1, 0x0, 0xf4, 0xb2,
    0x80, 0x5a, 0x64, 0x20, 0x20, 0x1f, 0xe5, 0x28,
    0x0, 0xc6, 0x46, 0xe0, 0xac, 0xee, 0x0, 0xf9,
    0x83, 0xc, 0x2, 0x9d, 0xd5, 0x85, 0xee, 0xc0,
    0x1f, 0x1e, 0x86, 0x10, 0x2, 0xbf, 0xb0, 0x3a,
    0xea, 0x82, 0x1, 0xf1, 0x48, 0x30, 0x7, 0x8,
    0x7, 0xff, 0x4, 0x69, 0x50, 0x40, 0x33, 0x80,
    0x21, 0x84, 0x3, 0xe1, 0xc2, 0xb0, 0x12, 0x0,
    0x91, 0xce, 0x33, 0x84, 0x3, 0x3e, 0xf1, 0x1f,
    0x64, 0xc3, 0x80, 0x50, 0x21, 0x52, 0x8c, 0x1,
    0x72, 0x67, 0x64, 0xaa, 0x56, 0xf5, 0xc2, 0x90,
    0x1, 0xac, 0x40, 0x29, 0x91, 0x89, 0xb4, 0xef,
    0x5c, 0x83, 0x56, 0xfe, 0xdc, 0xc3, 0xb8, 0x3,
    0xf8, 0x51, 0xef, 0xb9, 0x70, 0xef, 0xa3, 0x0,
    0x3f, 0xf8, 0x42, 0x8f, 0x59, 0xdf, 0xeb, 0x0,

    /* U+9053 "道" */
    0x0, 0xff, 0xe2, 0x10, 0x7, 0xff, 0xd, 0xdc,
    0x1, 0x8b, 0x50, 0x3, 0xc9, 0xc4, 0x1, 0xc5,
    0x12, 0x1, 0x48, 0x38, 0x7, 0x91, 0x74, 0xc0,
    0x32, 0xcb, 0x38, 0x32, 0x49, 0x80, 0x7d, 0x67,
    0x86, 0x1, 0xa, 0x28, 0x34, 0x9f, 0x4d, 0x6b,
    0x0, 0x76, 0x8e, 0x97, 0xfb, 0xb5, 0x62, 0x4d,
    0xc8, 0xa, 0x8c, 0x3, 0x87, 0x64, 0xbb, 0x7b,
    0xfc, 0xa3, 0x97, 0x53, 0xe, 0xa0, 0x1e, 0x37,
    0x1, 0x25, 0x7, 0x4b, 0x23, 0x44, 0x0, 0x72,
    0x45, 0x5e, 0xfc, 0x0, 0x2b, 0xe0, 0x6b, 0x72,
    0xad, 0xc0, 0x32, 0xa3, 0x8, 0x83, 0x40, 0xa,
    0x7b, 0xae, 0xff, 0x70, 0x8, 0x6, 0x1c, 0xc5,
    0x93, 0xa8, 0x4, 0xe6, 0x6, 0x64, 0x50, 0x30,
    0xf, 0xa8, 0xa0, 0x2, 0x14, 0xed, 0xda, 0xa0,
    0x4, 0x3, 0xc6, 0x90, 0x1, 0x8c, 0xbb, 0xfd,
    0xdc, 0xf0, 0x70, 0xf, 0x8, 0xa9, 0x40, 0x31,
    0x56, 0x6e, 0xbb, 0x40, 0x40, 0x3c, 0x5e, 0xb4,
    0xa0, 0x1, 0xd, 0x98, 0x9d, 0x90, 0x30, 0xf,
    0x86, 0x43, 0x0, 0x1e, 0x2c, 0xaa, 0x43, 0x20,
    0x10, 0xf, 0x87, 0xca, 0x0, 0x21, 0xbb, 0x66,
    0x36, 0x81, 0x0, 0x3c, 0x38, 0x18, 0x20, 0xf,
    0x1, 0x12, 0xac, 0xd0, 0x1, 0xd1, 0x9e, 0x44,
    0xfa, 0x73, 0xa7, 0xaa, 0x4c, 0xa2, 0xe, 0x80,
    0x19, 0x16, 0xf2, 0xe4, 0x63, 0x35, 0x69, 0xd0,
    0x40, 0x3f, 0x64, 0xa9, 0xa3, 0xdf, 0xec, 0xa3,
    0xc5, 0xf7, 0x32, 0xa6, 0x1d, 0x80, 0x3f, 0x89,
    0xa7, 0x7f, 0x25, 0x9d, 0xf4, 0x60, 0x7, 0xff,
    0x8, 0xda, 0x2f, 0x7b, 0xfa, 0x80,

    /* U+914D "配" */
    0x0, 0xff, 0xe5, 0x9a, 0x2b, 0x3c, 0x4d, 0x5e,
    0xe2, 0xd5, 0xe6, 0xf7, 0xfb, 0x40, 0x25, 0xab,
    0xb4, 0x2a, 0x29, 0xd5, 0x13, 0xe, 0xa2, 0xb4,
    0xcc, 0x1, 0x37, 0x73, 0x4a, 0xac, 0xa1, 0xd8,
    0x5a, 0x19, 0x50, 0x84, 0x80, 0x3f, 0xf9, 0x26,
    0xe0, 0x19, 0xdc, 0xa7, 0x9a, 0x75, 0x68, 0x1,
    0xf0, 0x90, 0x6, 0xf8, 0xb1, 0x66, 0x1, 0xae,
    0x80, 0x78, 0x43, 0x80, 0x37, 0x8f, 0x15, 0xd1,
    0xc9, 0x88, 0x53, 0xa3, 0x3c, 0x0, 0x78, 0x40,
    0x6, 0x60, 0x10, 0x7, 0x81, 0x45, 0xcc, 0x90,
    0xf8, 0x3, 0xe1, 0x40, 0xf, 0xdf, 0xee, 0xdc,
    0x90, 0xe, 0x14, 0x40, 0xa1, 0xf1, 0x8, 0x7,
    0xff, 0xf, 0x64, 0xf, 0x68, 0x40, 0x3f, 0xf8,
    0x96, 0x40, 0x20, 0xc0, 0x1f, 0xfc, 0x5, 0x0,
    0x18, 0x6f, 0xfb, 0xb7, 0x42, 0x60, 0x22, 0x0,
    0xfb, 0x84, 0x2, 0xcd, 0xd7, 0x7f, 0x84, 0x3,
    0xfe, 0x50, 0xc, 0x64, 0x41, 0x0, 0x8, 0x80,
    0x3f, 0x84, 0x60, 0xa, 0xa9, 0x76, 0xcc, 0x6,
    0x80, 0x4, 0x3, 0xce, 0x1, 0xc6, 0x47, 0x97,
    0x69, 0xd0, 0xe0, 0xb7, 0x66, 0x45, 0x49, 0x80,
    0x18, 0x26, 0x20, 0xef, 0x32, 0x3, 0xb2, 0x44,
    0xc9, 0xd1, 0x1c, 0x0, 0x3f, 0x0, 0xff, 0x4f,
    0xfb, 0xb9, 0xfd, 0x64, 0x0,

    /* U+91CD "重" */
    0x0, 0xff, 0xe2, 0x10, 0x7, 0xff, 0x18, 0x9b,
    0x34, 0xc0, 0x3f, 0xf8, 0x2, 0x8f, 0x5d, 0xb2,
    0x68, 0xe0, 0x1f, 0xb, 0xd6, 0x77, 0x2e, 0x11,
    0xab, 0x7e, 0xd0, 0x3, 0xf1, 0x77, 0xe7, 0x79,
    0x24, 0x29, 0x0, 0x42, 0x60, 0x11, 0x14, 0x20,
    0xc8, 0xd0, 0x69, 0x79, 0xbd, 0xfe, 0xec, 0x90,
    0x5, 0x6e, 0x5d, 0x5d, 0xc6, 0x26, 0x6b, 0xb4,
    0x55, 0xe6, 0xc8, 0x2, 0x3b, 0xfb, 0xad, 0xcb,
    0x24, 0x95, 0x51, 0x2, 0x99, 0x0, 0x61, 0xc,
    0xed, 0xef, 0xf1, 0x37, 0x67, 0x4d, 0x50, 0x3,
    0xf2, 0x4, 0xee, 0xb8, 0x9b, 0xfb, 0x74, 0x2,
    0x1, 0xfb, 0x85, 0xc, 0x80, 0x6, 0x64, 0x56,
    0x2, 0x0, 0xfc, 0x21, 0xdf, 0xee, 0x25, 0xd9,
    0x8b, 0xd, 0x0, 0xfc, 0x41, 0x5b, 0xde, 0x2d,
    0xdb, 0xaf, 0x6, 0x0, 0xfc, 0xe0, 0x3, 0x38,
    0x9, 0x15, 0xac, 0x3, 0xfc, 0x21, 0x7d, 0xb8,
    0x29, 0x31, 0x4a, 0x8a, 0x1, 0xf8, 0x96, 0xbf,
    0xe1, 0x7d, 0xd6, 0x62, 0xd8, 0x3, 0xe2, 0x38,
    0x64, 0x42, 0x81, 0xb3, 0xba, 0x2a, 0x40, 0x3e,
    0x6c, 0xdc, 0xbb, 0x85, 0x6e, 0xe3, 0x3, 0x20,
    0xf, 0x27, 0x73, 0xfe, 0xe1, 0x6d, 0xcc, 0x5d,
    0x50, 0x80, 0x3e, 0x11, 0x0, 0x78, 0x46, 0x22,
    0x19, 0x91, 0x82, 0x3b, 0x75, 0xdc, 0xff, 0xc2,
    0xfd, 0xd6, 0xeb, 0x31, 0x73, 0x53, 0x25, 0xa9,
    0x9d, 0x55, 0x5d, 0xd9, 0x8d, 0xdb, 0xb9, 0x40,

    /* U+9519 "错" */
    0x0, 0xff, 0xe2, 0x30, 0x80, 0x7e, 0x6d, 0x10,
    0xe, 0x4f, 0x30, 0x5, 0xd0, 0x7, 0xef, 0x20,
    0xf, 0x28, 0x28, 0x0, 0x40, 0x3f, 0x9d, 0x84,
    0xc, 0x3, 0xf8, 0x40, 0x3e, 0x61, 0x4e, 0xfc,
    0xa4, 0x48, 0x31, 0xe0, 0x92, 0xf9, 0xc0, 0x34,
    0x35, 0xdd, 0x97, 0x97, 0x40, 0x96, 0x62, 0x66,
    0x92, 0x0, 0x9d, 0x25, 0x95, 0xc, 0x63, 0xfc,
    0xd, 0x96, 0x2b, 0xe, 0xa0, 0x2, 0xab, 0x12,
    0x35, 0x40, 0xf, 0xc2, 0x1, 0xeb, 0xef, 0xed,
    0xcb, 0x81, 0x0, 0x84, 0x63, 0x2, 0x56, 0x86,
    0x9, 0x3e, 0xe0, 0xbf, 0x65, 0x77, 0x3c, 0x5b,
    0xb0, 0x16, 0xa1, 0x68, 0x40, 0x21, 0x0, 0xd5,
    0x17, 0x57, 0x9b, 0xdf, 0xf7, 0x6e, 0x8, 0x7,
    0x9, 0x20, 0xb2, 0x2a, 0x19, 0x8, 0x7, 0xcd,
    0xdc, 0xf1, 0x6d, 0xbb, 0x4, 0xf5, 0xe6, 0x37,
    0xbf, 0x8c, 0x2, 0x6b, 0xb8, 0x1b, 0x7a, 0xc3,
    0x44, 0x48, 0x8a, 0x87, 0x16, 0x0, 0xca, 0xa4,
    0x1, 0x21, 0x0, 0x8, 0x4c, 0x41, 0xdb, 0x1,
    0x80, 0x3f, 0xe2, 0x7, 0x7, 0x22, 0x1a, 0x60,
    0x8, 0x7, 0xf9, 0xa4, 0x2, 0xbd, 0xd6, 0x5b,
    0x81, 0x80, 0x7f, 0x4d, 0x58, 0x8, 0x4f, 0x73,
    0xfd, 0x0, 0x20, 0x1f, 0x9d, 0x34, 0x0, 0x60,
    0x62, 0x20, 0xf, 0xfa, 0x40, 0xb0, 0x40, 0x2,
    0x1a, 0x88, 0x55, 0x60, 0x80, 0x7d, 0xe7, 0x82,
    0x1, 0x8, 0x3d, 0xda, 0xa8, 0x82, 0xa0, 0x1e,
    0x6c, 0x10, 0xc, 0x24, 0xfd, 0xcf, 0xfc, 0xa0,
    0x10,

    /* U+9875 "页" */
    0x0, 0xff, 0xe0, 0x9, 0x1a, 0x2b, 0xc9, 0x2b,
    0xc4, 0xd5, 0xe6, 0xf7, 0xfd, 0xdb, 0x97, 0x52,
    0x94, 0xf6, 0x84, 0x4, 0x94, 0xc0, 0xd9, 0xbd,
    0xff, 0x76, 0xc1, 0x66, 0x2e, 0xa6, 0x1f, 0x83,
    0x8c, 0x84, 0x3, 0xff, 0x85, 0x64, 0xe0, 0x1f,
    0xfc, 0x3, 0x83, 0x27, 0x24, 0x67, 0x89, 0xa9,
    0x10, 0xf, 0xb, 0xe6, 0xc0, 0x3c, 0x52, 0x13,
    0xb2, 0x80, 0x78, 0x81, 0xfb, 0xfd, 0xdc, 0xdc,
    0xbb, 0x3, 0x0, 0x7f, 0x8, 0x1, 0x48, 0x2,
    0x10, 0x30, 0xf, 0x84, 0x40, 0x14, 0xe8, 0x5,
    0xe0, 0x20, 0x1f, 0x19, 0x80, 0x26, 0x0, 0xff,
    0xe1, 0x8, 0x80, 0x21, 0x10, 0x4, 0x22, 0x0,
    0xfc, 0xe0, 0x19, 0xc8, 0x2, 0x33, 0x0, 0x7e,
    0x17, 0x0, 0x89, 0x40, 0x30, 0x80, 0x7e, 0x31,
    0x0, 0x20, 0xe0, 0x4, 0xce, 0x1, 0xf8, 0xcc,
    0x0, 0xd0, 0x40, 0x8, 0x44, 0x1, 0xf8, 0x80,
    0x6, 0xce, 0x33, 0x47, 0xf2, 0x1, 0xfa, 0x38,
    0xf5, 0x20, 0x31, 0x32, 0x40, 0x3f, 0xd1, 0x8f,
    0x60, 0x5, 0xe8, 0x5c, 0xa2, 0x0, 0xc2, 0xfc,
    0x77, 0x20, 0x1c, 0xfc, 0xcb, 0xac, 0x0, 0x6d,
    0xfc, 0xb4, 0x0, 0xfd, 0x38, 0x7c, 0x0
};


/*---------------------
 *  GLYPH DESCRIPTION
 *--------------------*/

static const lv_font_fmt_txt_glyph_dsc_t glyph_dsc[] = {
    {.bitmap_index = 0, .adv_w = 0, .box_w = 0, .box_h = 0, .ofs_x = 0, .ofs_y = 0} /* id = 0 reserved */,
    {.bitmap_index = 0, .adv_w = 103, .box_w = 0, .box_h = 0, .ofs_x = 0, .ofs_y = 0},
    {.bitmap_index = 0, .adv_w = 103, .box_w = 4, .box_h = 17, .ofs_x = 1, .ofs_y = 0},
    {.bitmap_index = 30, .adv_w = 150, .box_w = 7, .box_h = 7, .ofs_x = 1, .ofs_y = 10},
    {.bitmap_index = 51, .adv_w = 270, .box_w = 17, .box_h = 17, .ofs_x = 0, .ofs_y = 0},
    {.bitmap_index = 166, .adv_w = 238, .box_w = 14, .box_h = 23, .ofs_x = 0, .ofs_y = -3},
    {.bitmap_index = 279, .adv_w = 324, .box_w = 20, .box_h = 17, .ofs_x = 0, .ofs_y = 0},
    {.bitmap_index = 427, .adv_w = 263, .box_w = 16, .box_h = 18, .ofs_x = 1, .ofs_y = -1},
    {.bitmap_index = 550, .adv_w = 81, .box_w = 3, .box_h = 7, .ofs_x = 1, .ofs_y = 10},
    {.bitmap_index = 559, .adv_w = 129, .box_w = 6, .box_h = 23, .ofs_x = 2, .ofs_y = -5},
    {.bitmap_index = 626, .adv_w = 130, .box_w = 6, .box_h = 23, .ofs_x = 0, .ofs_y = -5},
    {.bitmap_index = 694, .adv_w = 154, .box_w = 10, .box_h = 10, .ofs_x = 0, .ofs_y = 8},
    {.bitmap_index = 739, .adv_w = 230, .box_w = 13, .box_h = 12, .ofs_x = 1, .ofs_y = 0},
    {.bitmap_index = 775, .adv_w = 134, .box_w = 4, .box_h = 5, .ofs_x = 2, .ofs_y = -3},
    {.bitmap_index = 786, .adv_w = 134, .box_w = 8, .box_h = 3, .ofs_x = 0, .ofs_y = 5},
    {.bitmap_index = 794, .adv_w = 134, .box_w = 4, .box_h = 4, .ofs_x = 2, .ofs_y = 0},
    {.bitmap_index = 801, .adv_w = 135, .box_w = 11, .box_h = 23, .ofs_x = -1, .ofs_y = -2},
    {.bitmap_index = 884, .adv_w = 230, .box_w = 12, .box_h = 18, .ofs_x = 1, .ofs_y = 0},
    {.bitmap_index = 974, .adv_w = 230, .box_w = 6, .box_h = 18, .ofs_x = 3, .ofs_y = 0},
    {.bitmap_index = 995, .adv_w = 230, .box_w = 12, .box_h = 18, .ofs_x = 1, .ofs_y = 0},
    {.bitmap_index = 1076, .adv_w = 230, .box_w = 12, .box_h = 18, .ofs_x = 1, .ofs_y = 0},
    {.bitmap_index = 1163, .adv_w = 230, .box_w = 13, .box_h = 18, .ofs_x = 1, .ofs_y = 0},
    {.bitmap_index = 1240, .adv_w = 230, .box_w = 12, .box_h = 17, .ofs_x = 1, .ofs_y = 0},
    {.bitmap_index = 1326, .adv_w = 230, .box_w = 12, .box_h = 18, .ofs_x = 1, .ofs_y = 0},
    {.bitmap_index = 1411, .adv_w = 230, .box_w = 12, .box_h = 17, .ofs_x = 1, .ofs_y = 0},
    {.bitmap_index = 1478, .adv_w = 230, .box_w = 12, .box_h = 18, .ofs_x = 1, .ofs_y = 0},
    {.bitmap_index = 1576, .adv_w = 230, .box_w = 13, .box_h = 18, .ofs_x = 1, .ofs_y = 0},
    {.bitmap_index = 1670, .adv_w = 134, .box_w = 3, .box_h = 12, .ofs_x = 3, .ofs_y = 0},
    {.bitmap_index = 1684, .adv_w = 87, .box_w = 4, .box_h = 17, .ofs_x = 1, .ofs_y = -4},
    {.bitmap_index = 1711, .adv_w = 223, .box_w = 12, .box_h = 11, .ofs_x = 1, .ofs_y = 3},
    {.bitmap_index = 1767, .adv_w = 223, .box_w = 12, .box_h = 8, .ofs_x = 1, .ofs_y = 5},
    {.bitmap_index = 1786, .adv_w = 223, .box_w = 12, .box_h = 11, .ofs_x = 1, .ofs_y = 3},
    {.bitmap_index = 1842, .adv_w = 220, .box_w = 13, .box_h = 17, .ofs_x = 0, .ofs_y = 0},
    {.bitmap_index = 1920, .adv_w = 397, .box_w = 23, .box_h = 22, .ofs_x = 1, .ofs_y = -5},
    {.bitmap_index = 2127, .adv_w = 265, .box_w = 18, .box_h = 18, .ofs_x = -1, .ofs_y = 0},
    {.bitmap_index = 2236, .adv_w = 250, .box_w = 14, .box_h = 18, .ofs_x = 1, .ofs_y = 0},
    {.bitmap_index = 2331, .adv_w = 278, .box_w = 16, .box_h = 17, .ofs_x = 1, .ofs_y = 0},
    {.bitmap_index = 2437, .adv_w = 317, .box_w = 17, .box_h = 17, .ofs_x = 2, .ofs_y = 0},
    {.bitmap_index = 2533, .adv_w = 245, .box_w = 14, .box_h = 18, .ofs_x = 1, .ofs_y = 0},
    {.bitmap_index = 2584, .adv_w = 223, .box_w = 13, .box_h = 18, .ofs_x = 1, .ofs_y = 0},
    {.bitmap_index = 2632, .adv_w = 296, .box_w = 16, .box_h = 17, .ofs_x = 1, .ofs_y = 0},
    {.bitmap_index = 2736, .adv_w = 312, .box_w = 15, .box_h = 17, .ofs_x = 2, .ofs_y = 0},
    {.bitmap_index = 2767, .adv_w = 117, .box_w = 3, .box_h = 17, .ofs_x = 2, .ofs_y = 0},
    {.bitmap_index = 2777, .adv_w = 197, .box_w = 11, .box_h = 17, .ofs_x = -1, .ofs_y = 0},
    {.bitmap_index = 2821, .adv_w = 276, .box_w = 16, .box_h = 17, .ofs_x = 2, .ofs_y = 0},
    {.bitmap_index = 2913, .adv_w = 210, .box_w = 11, .box_h = 17, .ofs_x = 2, .ofs_y = 0},
    {.bitmap_index = 2933, .adv_w = 367, .box_w = 19, .box_h = 17, .ofs_x = 2, .ofs_y = 0},
    {.bitmap_index = 3033, .adv_w = 312, .box_w = 15, .box_h = 17, .ofs_x = 2, .ofs_y = 0},
    {.bitmap_index = 3110, .adv_w = 323, .box_w = 19, .box_h = 17, .ofs_x = 1, .ofs_y = 0},
    {.bitmap_index = 3239, .adv_w = 237, .box_w = 13, .box_h = 18, .ofs_x = 1, .ofs_y = 0},
    {.bitmap_index = 3307, .adv_w = 323, .box_w = 19, .box_h = 20, .ofs_x = 1, .ofs_y = -3},
    {.bitmap_index = 3458, .adv_w = 279, .box_w = 15, .box_h = 17, .ofs_x = 2, .ofs_y = 0},
    {.bitmap_index = 3539, .adv_w = 238, .box_w = 14, .box_h = 17, .ofs_x = 0, .ofs_y = 0},
    {.bitmap_index = 3639, .adv_w = 225, .box_w = 14, .box_h = 17, .ofs_x = 0, .ofs_y = 0},
    {.bitmap_index = 3666, .adv_w = 304, .box_w = 15, .box_h = 17, .ofs_x = 2, .ofs_y = 0},
    {.bitmap_index = 3726, .adv_w = 273, .box_w = 19, .box_h = 17, .ofs_x = -1, .ofs_y = 0},
    {.bitmap_index = 3841, .adv_w = 338, .box_w = 21, .box_h = 17, .ofs_x = 0, .ofs_y = 0},
    {.bitmap_index = 3989, .adv_w = 258, .box_w = 16, .box_h = 17, .ofs_x = 0, .ofs_y = 0},
    {.bitmap_index = 4098, .adv_w = 248, .box_w = 17, .box_h = 17, .ofs_x = -1, .ofs_y = 0},
    {.bitmap_index = 4179, .adv_w = 252, .box_w = 15, .box_h = 17, .ofs_x = 1, .ofs_y = 0},
    {.bitmap_index = 4257, .adv_w = 128, .box_w = 6, .box_h = 23, .ofs_x = 2, .ofs_y = -5},
    {.bitmap_index = 4277, .adv_w = 135, .box_w = 11, .box_h = 23, .ofs_x = -1, .ofs_y = -2},
    {.bitmap_index = 4357, .adv_w = 128, .box_w = 6, .box_h = 23, .ofs_x = 0, .ofs_y = -5},
    {.bitmap_index = 4377, .adv_w = 224, .box_w = 12, .box_h = 10, .ofs_x = 1, .ofs_y = 3},
    {.bitmap_index = 4428, .adv_w = 192, .box_w = 12, .box_h = 2, .ofs_x = 0, .ofs_y = -1},
    {.bitmap_index = 4435, .adv_w = 230, .box_w = 7, .box_h = 3, .ofs_x = 2, .ofs_y = 15},
    {.bitmap_index = 4446, .adv_w = 230, .box_w = 12, .box_h = 13, .ofs_x = 1, .ofs_y = 0},
    {.bitmap_index = 4518, .adv_w = 262, .box_w = 14, .box_h = 18, .ofs_x = 2, .ofs_y = 0},
    {.bitmap_index = 4601, .adv_w = 219, .box_w = 12, .box_h = 13, .ofs_x = 1, .ofs_y = 0},
    {.bitmap_index = 4667, .adv_w = 262, .box_w = 14, .box_h = 18, .ofs_x = 1, .ofs_y = 0},
    {.bitmap_index = 4750, .adv_w = 235, .box_w = 13, .box_h = 13, .ofs_x = 1, .ofs_y = 0},
    {.bitmap_index = 4823, .adv_w = 136, .box_w = 10, .box_h = 18, .ofs_x = 0, .ofs_y = 0},
    {.bitmap_index = 4865, .adv_w = 265, .box_w = 14, .box_h = 18, .ofs_x = 1, .ofs_y = -5},
    {.bitmap_index = 4978, .adv_w = 262, .box_w = 13, .box_h = 18, .ofs_x = 2, .ofs_y = 0},
    {.bitmap_index = 5026, .adv_w = 101, .box_w = 4, .box_h = 17, .ofs_x = 1, .ofs_y = 0},
    {.bitmap_index = 5047, .adv_w = 109, .box_w = 9, .box_h = 23, .ofs_x = -3, .ofs_y = -5},
    {.bitmap_index = 5087, .adv_w = 237, .box_w = 13, .box_h = 18, .ofs_x = 2, .ofs_y = 0},
    {.bitmap_index = 5151, .adv_w = 107, .box_w = 3, .box_h = 18, .ofs_x = 2, .ofs_y = 0},
    {.bitmap_index = 5156, .adv_w = 406, .box_w = 22, .box_h = 13, .ofs_x = 2, .ofs_y = 0},
    {.bitmap_index = 5228, .adv_w = 262, .box_w = 13, .box_h = 13, .ofs_x = 2, .ofs_y = 0},
    {.bitmap_index = 5273, .adv_w = 244, .box_w = 14, .box_h = 13, .ofs_x = 1, .ofs_y = 0},
    {.bitmap_index = 5354, .adv_w = 262, .box_w = 14, .box_h = 18, .ofs_x = 2, .ofs_y = -5},
    {.bitmap_index = 5442, .adv_w = 262, .box_w = 14, .box_h = 18, .ofs_x = 1, .ofs_y = -5},
    {.bitmap_index = 5527, .adv_w = 157, .box_w = 8, .box_h = 13, .ofs_x = 2, .ofs_y = 0},
    {.bitmap_index = 5551, .adv_w = 192, .box_w = 12, .box_h = 13, .ofs_x = 0, .ofs_y = 0},
    {.bitmap_index = 5625, .adv_w = 159, .box_w = 10, .box_h = 16, .ofs_x = 0, .ofs_y = 0},
    {.bitmap_index = 5663, .adv_w = 260, .box_w = 13, .box_h = 13, .ofs_x = 2, .ofs_y = 0},
    {.bitmap_index = 5706, .adv_w = 215, .box_w = 15, .box_h = 13, .ofs_x = -1, .ofs_y = 0},
    {.bitmap_index = 5782, .adv_w = 345, .box_w = 22, .box_h = 13, .ofs_x = 0, .ofs_y = 0},
    {.bitmap_index = 5906, .adv_w = 212, .box_w = 13, .box_h = 13, .ofs_x = 0, .ofs_y = 0},
    {.bitmap_index = 5980, .adv_w = 215, .box_w = 15, .box_h = 18, .ofs_x = -1, .ofs_y = -5},
    {.bitmap_index = 6082, .adv_w = 200, .box_w = 12, .box_h = 13, .ofs_x = 0, .ofs_y = 0},
    {.bitmap_index = 6137, .adv_w = 135, .box_w = 7, .box_h = 23, .ofs_x = 1, .ofs_y = -5},
    {.bitmap_index = 6187, .adv_w = 115, .box_w = 3, .box_h = 23, .ofs_x = 2, .ofs_y = -5},
    {.bitmap_index = 6192, .adv_w = 135, .box_w = 8, .box_h = 23, .ofs_x = 0, .ofs_y = -5},
    {.bitmap_index = 6240, .adv_w = 223, .box_w = 12, .box_h = 4, .ofs_x = 1, .ofs_y = 7},
    {.bitmap_index = 6264, .adv_w = 384, .box_w = 22, .box_h = 20, .ofs_x = 1, .ofs_y = -2},
    {.bitmap_index = 6354, .adv_w = 384, .box_w = 18, .box_h = 23, .ofs_x = 3, .ofs_y = -3},
    {.bitmap_index = 6475, .adv_w = 384, .box_w = 24, .box_h = 21, .ofs_x = 0, .ofs_y = -2},
    {.bitmap_index = 6662, .adv_w = 384, .box_w = 23, .box_h = 22, .ofs_x = 0, .ofs_y = -2},
    {.bitmap_index = 6856, .adv_w = 384, .box_w = 24, .box_h = 22, .ofs_x = 0, .ofs_y = -2},
    {.bitmap_index = 7044, .adv_w = 384, .box_w = 22, .box_h = 22, .ofs_x = 1, .ofs_y = -2},
    {.bitmap_index = 7218, .adv_w = 384, .box_w = 22, .box_h = 22, .ofs_x = 0, .ofs_y = -2},
    {.bitmap_index = 7396, .adv_w = 384, .box_w = 21, .box_h = 22, .ofs_x = 1, .ofs_y = -2},
    {.bitmap_index = 7579, .adv_w = 384, .box_w = 20, .box_h = 19, .ofs_x = 2, .ofs_y = -2},
    {.bitmap_index = 7742, .adv_w = 384, .box_w = 23, .box_h = 22, .ofs_x = 0, .ofs_y = -2},
    {.bitmap_index = 7919, .adv_w = 384, .box_w = 23, .box_h = 23, .ofs_x = 1, .ofs_y = -3},
    {.bitmap_index = 8096, .adv_w = 384, .box_w = 23, .box_h = 23, .ofs_x = 0, .ofs_y = -3},
    {.bitmap_index = 8278, .adv_w = 384, .box_w = 22, .box_h = 21, .ofs_x = 1, .ofs_y = -2},
    {.bitmap_index = 8395, .adv_w = 384, .box_w = 21, .box_h = 22, .ofs_x = 2, .ofs_y = -2},
    {.bitmap_index = 8596, .adv_w = 384, .box_w = 21, .box_h = 20, .ofs_x = 3, .ofs_y = -2},
    {.bitmap_index = 8743, .adv_w = 384, .box_w = 22, .box_h = 22, .ofs_x = 0, .ofs_y = -2},
    {.bitmap_index = 8922, .adv_w = 384, .box_w = 22, .box_h = 20, .ofs_x = 1, .ofs_y = -2},
    {.bitmap_index = 9051, .adv_w = 384, .box_w = 18, .box_h = 22, .ofs_x = 3, .ofs_y = -2},
    {.bitmap_index = 9209, .adv_w = 384, .box_w = 24, .box_h = 22, .ofs_x = 0, .ofs_y = -3},
    {.bitmap_index = 9435, .adv_w = 384, .box_w = 24, .box_h = 22, .ofs_x = 0, .ofs_y = -2},
    {.bitmap_index = 9601, .adv_w = 384, .box_w = 24, .box_h = 23, .ofs_x = 0, .ofs_y = -3},
    {.bitmap_index = 9745, .adv_w = 384, .box_w = 24, .box_h = 23, .ofs_x = 0, .ofs_y = -3},
    {.bitmap_index = 9957, .adv_w = 384, .box_w = 21, .box_h = 21, .ofs_x = 2, .ofs_y = -2},
    {.bitmap_index = 10130, .adv_w = 384, .box_w = 23, .box_h = 22, .ofs_x = 1, .ofs_y = -2},
    {.bitmap_index = 10326, .adv_w = 384, .box_w = 22, .box_h = 21, .ofs_x = 1, .ofs_y = -2},
    {.bitmap_index = 10475, .adv_w = 384, .box_w = 21, .box_h = 22, .ofs_x = 2, .ofs_y = -2},
    {.bitmap_index = 10663, .adv_w = 384, .box_w = 24, .box_h = 22, .ofs_x = 0, .ofs_y = -2},
    {.bitmap_index = 10821, .adv_w = 384, .box_w = 24, .box_h = 22, .ofs_x = 0, .ofs_y = -2},
    {.bitmap_index = 10999, .adv_w = 384, .box_w = 22, .box_h = 18, .ofs_x = 1, .ofs_y = -1},
    {.bitmap_index = 11113, .adv_w = 384, .box_w = 22, .box_h = 21, .ofs_x = 1, .ofs_y = -2},
    {.bitmap_index = 11292, .adv_w = 384, .box_w = 23, .box_h = 21, .ofs_x = 1, .ofs_y = -2},
    {.bitmap_index = 11499, .adv_w = 384, .box_w = 22, .box_h = 23, .ofs_x = 1, .ofs_y = -3},
    {.bitmap_index = 11678, .adv_w = 384, .box_w = 22, .box_h = 22, .ofs_x = 1, .ofs_y = -2},
    {.bitmap_index = 11875, .adv_w = 384, .box_w = 22, .box_h = 20, .ofs_x = 1, .ofs_y = -2},
    {.bitmap_index = 12024, .adv_w = 384, .box_w = 20, .box_h = 22, .ofs_x = 2, .ofs_y = -2},
    {.bitmap_index = 12197, .adv_w = 384, .box_w = 24, .box_h = 21, .ofs_x = 0, .ofs_y = -2},
    {.bitmap_index = 12401, .adv_w = 384, .box_w = 23, .box_h = 22, .ofs_x = 1, .ofs_y = -2},
    {.bitmap_index = 12613, .adv_w = 384, .box_w = 18, .box_h = 20, .ofs_x = 3, .ofs_y = -2},
    {.bitmap_index = 12764, .adv_w = 384, .box_w = 16, .box_h = 22, .ofs_x = 4, .ofs_y = -2},
    {.bitmap_index = 12914, .adv_w = 384, .box_w = 24, .box_h = 22, .ofs_x = 0, .ofs_y = -2},
    {.bitmap_index = 13120, .adv_w = 384, .box_w = 24, .box_h = 22, .ofs_x = 0, .ofs_y = -2},
    {.bitmap_index = 13273, .adv_w = 384, .box_w = 24, .box_h = 22, .ofs_x = 0, .ofs_y = -2},
    {.bitmap_index = 13465, .adv_w = 384, .box_w = 23, .box_h = 21, .ofs_x = 1, .ofs_y = -2},
    {.bitmap_index = 13665, .adv_w = 384, .box_w = 23, .box_h = 22, .ofs_x = 1, .ofs_y = -2},
    {.bitmap_index = 13865, .adv_w = 384, .box_w = 23, .box_h = 23, .ofs_x = 1, .ofs_y = -3},
    {.bitmap_index = 14065, .adv_w = 384, .box_w = 24, .box_h = 22, .ofs_x = 0, .ofs_y = -2},
    {.bitmap_index = 14273, .adv_w = 384, .box_w = 23, .box_h = 23, .ofs_x = 0, .ofs_y = -3},
    {.bitmap_index = 14463, .adv_w = 384, .box_w = 24, .box_h = 23, .ofs_x = 0, .ofs_y = -3},
    {.bitmap_index = 14681, .adv_w = 384, .box_w = 23, .box_h = 22, .ofs_x = 0, .ofs_y = -3},
    {.bitmap_index = 14875, .adv_w = 384, .box_w = 24, .box_h = 23, .ofs_x = 0, .ofs_y = -3},
    {.bitmap_index = 15087, .adv_w = 384, .box_w = 23, .box_h = 22, .ofs_x = 1, .ofs_y = -3},
    {.bitmap_index = 15303, .adv_w = 384, .box_w = 23, .box_h = 23, .ofs_x = 1, .ofs_y = -3},
    {.bitmap_index = 15525, .adv_w = 384, .box_w = 23, .box_h = 20, .ofs_x = 1, .ofs_y = -2},
    {.bitmap_index = 15706, .adv_w = 384, .box_w = 22, .box_h = 22, .ofs_x = 1, .ofs_y = -2},
    {.bitmap_index = 15906, .adv_w = 384, .box_w = 23, .box_h = 22, .ofs_x = 1, .ofs_y = -2},
    {.bitmap_index = 16115, .adv_w = 384, .box_w = 20, .box_h = 21, .ofs_x = 2, .ofs_y = -2}
};

/*---------------------
 *  CHARACTER MAPPING
 *--------------------*/

static const uint16_t unicode_list_1[] = {
    0x0, 0x22, 0x1d2, 0x1d6, 0x251, 0x442, 0x495, 0x49d,
    0x8d3, 0x91d, 0xb26, 0xd4d, 0xe04, 0xe12, 0xfe7, 0x1084,
    0x10f5, 0x1148, 0x11a3, 0x1440, 0x1448, 0x159a, 0x17a2, 0x17a5,
    0x17ae, 0x1877, 0x191f, 0x192f, 0x1d58, 0x1f30, 0x1ff0, 0x22ae,
    0x22e2, 0x244e, 0x2879, 0x2c00, 0x30d1, 0x3146, 0x33df, 0x36d2,
    0x3a41, 0x3dca, 0x3de4, 0x3dec, 0x3f1a, 0x3fb8, 0x41bc, 0x41c9,
    0x41d0, 0x41d3, 0x420f, 0x4248, 0x4342, 0x43c2, 0x470e, 0x4a6a
};

/*Collect the unicode lists and glyph_id offsets*/
static const lv_font_fmt_txt_cmap_t cmaps[] =
{
    {
        .range_start = 32, .range_length = 95, .glyph_id_start = 1,
        .unicode_list = NULL, .glyph_id_ofs_list = NULL, .list_length = 0, .type = LV_FONT_FMT_TXT_CMAP_FORMAT0_TINY
    },
    {
        .range_start = 19979, .range_length = 19051, .glyph_id_start = 96,
        .unicode_list = unicode_list_1, .glyph_id_ofs_list = NULL, .list_length = 56, .type = LV_FONT_FMT_TXT_CMAP_SPARSE_TINY
    }
};

/*-----------------
 *    KERNING
 *----------------*/


/*Map glyph_ids to kern left classes*/
static const uint8_t kern_left_class_mapping[] =
{
    0, 0, 1, 2, 0, 3, 4, 5,
    2, 6, 7, 8, 0, 0, 0, 0,
    9, 0, 0, 0, 0, 0, 0, 0,
    0, 0, 0, 0, 10, 0, 0, 0,
    11, 12, 0, 0, 13, 12, 0, 0,
    14, 15, 0, 16, 17, 0, 15, 15,
    12, 0, 18, 19, 3, 20, 16, 21,
    0, 22, 23, 24, 25, 26, 27, 0,
    28, 0, 29, 30, 31, 32, 33, 34,
    35, 29, 0, 36, 37, 32, 29, 29,
    30, 30, 38, 39, 40, 41, 35, 42,
    42, 43, 42, 44, 25, 0, 0, 45,
    0, 0, 0, 0, 0, 0, 0, 0,
    0, 0, 0, 0, 0, 0, 0, 0,
    0, 0, 0, 0, 0, 0, 0, 0,
    0, 0, 0, 0, 0, 0, 0, 0,
    0, 0, 0, 0, 0, 0, 0, 0,
    0, 0, 0, 0, 0, 0, 0, 0,
    0, 0, 0, 0, 0, 0, 0, 0
};

/*Map glyph_ids to kern right classes*/
static const uint8_t kern_right_class_mapping[] =
{
    0, 0, 1, 2, 0, 3, 4, 5,
    2, 6, 7, 8, 0, 0, 0, 0,
    9, 0, 0, 0, 0, 0, 0, 0,
    0, 0, 0, 0, 10, 0, 0, 0,
    11, 12, 0, 0, 12, 13, 0, 0,
    12, 13, 0, 14, 13, 0, 13, 13,
    12, 0, 12, 13, 3, 15, 16, 17,
    0, 18, 19, 20, 21, 22, 23, 0,
    24, 0, 25, 26, 27, 27, 27, 0,
    27, 26, 0, 28, 26, 26, 29, 29,
    27, 29, 27, 29, 30, 31, 32, 33,
    33, 34, 33, 35, 0, 0, 23, 36,
    0, 0, 0, 0, 0, 0, 0, 0,
    0, 0, 0, 0, 0, 0, 0, 0,
    0, 0, 0, 0, 0, 0, 0, 0,
    0, 0, 0, 0, 0, 0, 0, 0,
    0, 0, 0, 0, 0, 0, 0, 0,
    0, 0, 0, 0, 0, 0, 0, 0,
    0, 0, 0, 0, 0, 0, 0, 0
};

/*Kern values between classes*/
static const int8_t kern_class_values[] =
{
    0, 1, 0, 0, 0, 0, 0, 0,
    0, 0, 0, 0, 0, 0, 0, 0,
    0, 0, 0, 0, 0, 0, 1, 0,
    0, 0, 0, 0, 0, 0, 0, 0,
    0, 0, 0, 0, 1, 17, 0, 10,
    -8, 0, 0, 0, -23, 4, 12, 0,
    0, 0, 0, 0, 0, 0, 0, 0,
    0, 23, 3, -3, 0, 0, 0, 0,
    0, 0, 0, 0, 0, 0, 0, 0,
    0, -12, 0, 0, 0, 0, 0, -8,
    0, -2, -8, 0, 0, 0, -4, 0,
    0, -5, -6, 0, 0, -4, 0, -8,
    0, 0, 0, 0, 0, 0, 0, 0,
    -4, -4, 0, 7, 0, -10, 0, -46,
    0, 0, -8, 0, 0, 0, -22, 0,
    0, 0, 0, 0, 0, 0, 0, 0,
    0, -14, 0, 0, 0, 0, 0, 0,
    0, 0, 0, 0, 0, 0, 0, 8,
    -5, -19, 0, -15, -3, 0, 0, 0,
    15, -3, -28, 0, 0, 0, 0, 0,
    0, 0, 0, 0, 0, -31, -3, 15,
    0, 0, 0, 0, 0, 0, 0, 0,
    0, 0, 0, 0, 0, 0, 0, 0,
    0, 0, 0, 0, 13, 0, 0, 0,
    0, 0, 0, 0, 0, 0, 0, 0,
    0, 15, 3, 1, 0, 0, 0, 0,
    0, 0, 0, 0, 0, 0, 0, 0,
    0, 0, 0, 0, 0, 0, 0, 0,
    0, 0, 0, 0, 0, 0, -14, 0,
    0, 0, 0, 0, 0, 0, 0, 0,
    0, 0, 0, 0, 0, 0, 0, 0,
    0, 0, 0, 0, 3, 8, 4, 12,
    -4, 0, 0, 8, -53, 0, 12, 0,
    0, -5, 12, 0, 13, -4, 8, 4,
    0, 0, 1, -4, 0, 0, -7, 0,
    31, 0, 12, 0, 16, 5, 7, -4,
    0, 23, 0, 0, -14, 0, 13, 0,
    -26, -6, 0, 0, 0, 0, 0, 0,
    0, 0, 0, 0, 0, 10, 12, -47,
    0, 0, 0, 0, 0, 0, 0, 0,
    0, 0, 0, -26, 0, 4, 0, 0,
    0, 0, 0, 0, 18, 0, -4, 0,
    0, 0, 0, 0, 0, 0, 0, 0,
    0, -7, 0, 4, 0, 0, 0, 0,
    0, 0, 0, 0, 0, 0, 0, 0,
    -3, 0, 0, 0, -7, 0, 0, 0,
    -12, 0, -10, 0, 0, 0, 0, 0,
    0, 0, 0, 0, -6, 0, 0, -7,
    0, 0, 0, 0, 0, 0, 0, 0,
    0, 0, 0, 0, 0, -7, 0, 0,
    0, 0, 5, 0, -8, 0, -12, 0,
    0, -6, -4, 0, -8, -10, -12, -3,
    0, -8, 0, -12, 0, 0, 0, 31,
    0, 0, 2, 0, 0, -5, 0, 3,
    0, 0, -1, 0, -8, 0, 0, 8,
    0, -3, 0, -6, 0, 0, -3, -1,
    -3, -7, -5, 0, 0, -4, 0, 4,
    -3, 0, -8, 0, 0, -8, 0, -7,
    0, -7, -7, -1, 0, 0, 0, 0,
    0, 0, 0, 0, 0, 0, 0, 0,
    0, 0, 0, 0, 0, 0, 0, 0,
    0, -7, 0, 0, 0, 0, 0, 0,
    0, 0, 0, 0, 0, 0, 0, 0,
    0, 0, 0, 0, 0, 0, 0, 0,
    0, 0, 0, 0, 0, 0, 0, 0,
    -3, 0, 0, 0, 0, 0, 0, 0,
    0, 0, 0, 0, 0, 0, 0, 0,
    0, 0, 0, 0, 0, 0, 0, 0,
    0, 0, 0, 0, -4, 0, 0, 0,
    0, 0, -5, 0, 0, -4, -4, 0,
    0, 0, 0, -4, 0, 0, 0, -2,
    0, 0, 0, 0, 0, -3, 0, 0,
    0, 0, -6, 0, -8, 0, 0, 0,
    3, 0, -15, -10, 0, 0, -17, -4,
    -15, -15, -18, 0, -10, 0, 3, 26,
    -5, 0, -9, -1, -4, -7, -10, -7,
    -14, -16, -9, -13, 0, -7, 0, 0,
    0, 0, 5, 0, 16, 0, -12, 0,
    0, -6, -4, 0, -8, -10, -12, -3,
    0, -8, 3, 15, 0, 0, 0, 31,
    0, 0, 2, 0, 0, -5, 0, 3,
    0, 0, 0, 0, 0, 0, 0, 0,
    0, 0, -2, 0, 0, -4, -4, 0,
    0, -8, -4, 0, 0, -8, 0, 7,
    -2, 0, 0, 0, 0, 0, 2, 0,
    0, 0, 0, -1, 8, 3, -3, 0,
    -12, -6, 0, 12, -8, -4, 4, -4,
    0, -4, 4, -5, -3, -12, -3, 0,
    0, 12, 8, 0, -11, 0, -21, 11,
    -5, -15, 1, -5, -13, -13, -4, -13,
    4, 0, -6, 0, -10, 0, 3, 13,
    -15, -9, 0, -8, -6, -6, -3, 0,
    0, -9, -8, -4, 0, 12, 9, -4,
    -21, 0, -21, 0, -13, -22, -1, -12,
    -7, -13, -11, -9, 0, 0, -5, 0,
    -8, -3, 0, -4, 7, -3, -12, -10,
    -9, 0, -12, -4, -9, -7, -12, -4,
    0, 0, 1, 18, -7, 0, -12, 0,
    -4, -8, -9, -10, -11, -15, -5, -7,
    8, 0, -6, 0, -19, -5, 2, 8,
    -8, -14, 0, -12, -5, -4, -3, -4,
    -8, -12, -1, 0, 0, 12, 11, -3,
    -25, 0, -23, 9, -15, -26, -8, -13,
    -16, -19, -13, -12, 0, 0, 0, 0,
    -5, 0, 0, 4, 3, 1, 1, -3,
    0, 0, 0, 0, 0, -4, 0, 0,
    0, 0, 3, 12, 1, 0, -5, 0,
    0, 0, -3, -3, -5, 0, 0, -5,
    1, 3, 0, 0, 0, 0, 3, 0,
    15, 0, 3, 0, 0, 0, 0, 0,
    0, 0, 0, 0, 0, 12, 0, 11,
    0, 0, 0, 0, 0, 0, 0, 0,
    0, 0, 0, -3, 0, -23, 0, -4,
    7, 0, 12, 0, 5, 18, -23, 0,
    0, 0, 0, 0, 0, 0, 0, 0,
    0, -26, 15, 54, 0, 0, 0, 0,
    0, 0, 0, 0, 0, 0, 0, 0,
    0, 0, 0, 0, 0, 0, 0, 0,
    0, 0, 0, 0, 0, 0, -6, 0,
    0, -7, -3, 0, 0, 0, 0, 0,
    0, 0, 0, 0, 0, 0, 0, 0,
    0, 0, 0, 0, 0, -3, 0, -10,
    0, 0, 1, 0, 50, 4, -5, 0,
    0, 0, 0, 0, 0, 0, 0, 0,
    0, -50, 11, 0, 0, 0, 0, 0,
    0, 0, 0, 0, 0, 0, 0, 0,
    0, 0, 0, -11, 0, 0, 0, -10,
    0, 0, -18, 0, 0, 0, 0, 0,
    0, 0, 0, 0, 0, -26, 0, 0,
    0, 0, 1, 0, 0, 0, 0, 0,
    -4, 0, 0, 0, 0, -6, 0, -10,
    0, 0, 0, -7, 0, 0, -18, 0,
    0, 0, -31, -7, -15, -4, -14, 0,
    0, -26, 0, -10, -2, 0, 0, 0,
    0, 0, 0, 0, -6, -7, -3, 4,
    0, 0, 0, 0, -8, 0, -8, 5,
    0, 3, -10, -1, 0, 0, -34, -3,
    -5, 0, -8, 0, -3, -18, -3, 0,
    0, -3, -3, 0, 0, 0, 3, 0,
    -3, -7, -3, -4, 0, 0, 0, 0,
    0, 0, 0, 0, 0, 0, 0, 0,
    0, 0, 0, 0, 0, 0, 0, 0,
    0, 0, 0, 0, 0, 0, 0, 0,
    0, 0, 5, 0, 0, 0, 0, 0,
    0, -8, 0, -3, 0, 0, 0, -8,
    0, 0, -18, 0, 0, 0, -37, 0,
    -8, -14, -19, 0, 0, -26, 0, -3,
    -6, 0, 0, 0, 0, 0, 0, 0,
    -4, -6, -2, 4, 1, 0, 0, 7,
    -5, 0, 12, 19, -12, 8, 10, 0,
    0, 0, 0, 0, 0, 0, 0, 0,
    0, 24, 18, -7, -4, 0, -3, 17,
    31, 0, 0, 0, 4, 0, 0, -4,
    0, 0, -6, 0, 0, 0, 0, 0,
    0, 0, 5, 0, 0, 0, -32, -5,
    -3, -16, -19, 0, 0, -26, 0, 0,
    0, 0, 0, 0, 0, 0, 0, 0,
    0, 0, 0, 0, 0, 0, -6, 0,
    0, 0, 0, 0, 0, 0, 5, 0,
    0, 0, -32, -5, -3, -16, -19, 0,
    0, -15, 0, 0, 0, 0, 0, 0,
    0, 0, 0, 0, 0, 0, 0, 0,
    0, 0, 0, 0, -3, 0, 0, 0,
    0, 0, 3, 0, 0, 0, -10, 0,
    -3, -3, -8, 0, -3, -15, 0, 24,
    -4, 0, -8, 0, -3, -7, 0, -4,
    -11, -8, -5, -9, 0, 0, -6, 0,
    0, 0, 0, 0, 0, 0, 5, 0,
    0, 0, -32, -5, -3, -16, -19, 0,
    0, -26, 0, 0, 0, 0, 0, 19,
    0, 0, 0, 0, 0, 0, 0, 0,
    0, 0, -6, 0, -12, -5, -3, 12,
    -15, 1, 3, -9, -5, 0, -15, -7,
    -10, -16, -15, 0, -6, -8, -5, -5,
    -3, -3, -5, 0, -3, -1, 6, 0,
    6, -3, 0, -3, 0, 0, 0, 0,
    0, 0, 0, 0, 0, 0, -7, 0,
    0, 0, 0, 0, 0, 0, 0, 0,
    0, -23, 0, 0, 0, 0, 0, 0,
    0, 0, 0, 0, -4, -4, 0, 0,
    0, 0, 0, 0, -3, 0, 0, -7,
    0, 0, -7, 0, 0, 0, 0, 0,
    0, 0, 0, 0, 0, -26, 0, 12,
    0, 0, -7, 0, 0, 0, -5, 0,
    -4, 0, 0, -4, 0, 0, -3, 0,
    -9, 0, 0, 16, -12, 3, 13, -3,
    0, 0, -15, 0, 0, -12, -10, 0,
    0, -8, 0, -5, -7, 0, -6, -6,
    0, -3, 6, 0, -3, -12, -4, -5,
    0, 0, -3, 0, -8, 0, 0, 5,
    4, -4, 4, -3, 0, 0, -16, -5,
    -8, 0, -12, 0, 0, -18, 0, 14,
    -4, 0, -7, 2, 0, -4, 0, -4,
    -12, 0, -4, -9, 0, 0, 0, 0,
    -3, 0, 0, 4, 0, 0, 0, 0,
    0, 0, 0, 0, 0, 0, 0, 0,
    0, -24, 0, 8, 0, 0, -3, 0,
    0, 0, 1, 0, -4, -4, 0, -5,
    0, 0, 0, -14, 0, 0, 0, 0,
    0, 0, -15, 0, 0, 0, 0, 0,
    0, 0, 0, 0, 0, -25, 0, 0,
    0, 0, 0, 0, 0, 0, 0, 0,
    0, 0, 0, 1
};


/*Collect the kern class' data in one place*/
static const lv_font_fmt_txt_kern_classes_t kern_classes =
{
    .class_pair_values   = kern_class_values,
    .left_class_mapping  = kern_left_class_mapping,
    .right_class_mapping = kern_right_class_mapping,
    .left_class_cnt      = 45,
    .right_class_cnt     = 36,
};

/*--------------------
 *  ALL CUSTOM DATA
 *--------------------*/

#if LVGL_VERSION_MAJOR == 8
/*Store all the custom data of the font*/
static  lv_font_fmt_txt_glyph_cache_t cache;
#endif

#if LVGL_VERSION_MAJOR >= 8
static const lv_font_fmt_txt_dsc_t font_dsc = {
#else
static lv_font_fmt_txt_dsc_t font_dsc = {
#endif
    .glyph_bitmap = glyph_bitmap,
    .glyph_dsc = glyph_dsc,
    .cmaps = cmaps,
    .kern_dsc = &kern_classes,
    .kern_scale = 16,
    .cmap_num = 2,
    .bpp = 4,
    .kern_classes = 1,
    .bitmap_format = 1,
#if LVGL_VERSION_MAJOR == 8
    .cache = &cache
#endif
};



/*-----------------
 *  PUBLIC FONT
 *----------------*/

/*Initialize a public general font descriptor*/
#if LVGL_VERSION_MAJOR >= 8
const lv_font_t lv_font_montserrat_lxgw_lv_font_wifi_subset_24_24_4 = {
#else
lv_font_t lv_font_montserrat_lxgw_lv_font_wifi_subset_24_24_4 = {
#endif
    .get_glyph_dsc = lv_font_get_glyph_dsc_fmt_txt,    /*Function pointer to get glyph's data*/
    .get_glyph_bitmap = lv_font_get_bitmap_fmt_txt,    /*Function pointer to get glyph's bitmap*/
    .line_height = 26,          /*The maximum line height required by the font*/
    .base_line = 5,             /*Baseline measured from the bottom of the line*/
#if !(LVGL_VERSION_MAJOR == 6 && LVGL_VERSION_MINOR == 0)
    .subpx = LV_FONT_SUBPX_NONE,
#endif
#if LV_VERSION_CHECK(7, 4, 0) || LVGL_VERSION_MAJOR >= 8
    .underline_position = -2,
    .underline_thickness = 1,
#endif
    .dsc = &font_dsc,          /*The custom font data. Will be accessed by `get_glyph_bitmap/dsc` */
#if LV_VERSION_CHECK(8, 2, 0) || LVGL_VERSION_MAJOR >= 9
    .fallback = NULL,
#endif
    .user_data = NULL,
};



#endif /*#if LV_FONT_MONTSERRAT_LXGW_LV_FONT_WIFI_SUBSET_24_24_4*/

