/*******************************************************************************
 * LVGL compiled Chinese font: size=27, bpp=4
 * Generated by scripts/lvgl_fonts/build_lvgl_cfont.py.
 ******************************************************************************/

#ifdef LV_LVGL_H_INCLUDE_SIMPLE
#include "lvgl.h"
#else
#include "lvgl/lvgl.h"
#endif

#ifndef LV_FONT_MONTSERRAT_LXGW_TGHZ_STATIC_27_4
#define LV_FONT_MONTSERRAT_LXGW_TGHZ_STATIC_27_4 1
#endif

#if LV_FONT_MONTSERRAT_LXGW_TGHZ_STATIC_27_4

/*-----------------
 *    BITMAPS
 *----------------*/

/*Store the image of the glyphs*/
static LV_ATTRIBUTE_LARGE_CONST const uint8_t glyph_bitmap[] = {
    /* U+0020 " " */

    /* U+0021 "!" */
    0xe, 0xff, 0x10, 0x18, 0x0, 0xc0, 0x40, 0x2,
    0x1, 0xe7, 0x0, 0xfe, 0x10, 0x10, 0x1, 0x81,
    0x80, 0x7c, 0x20, 0x20, 0x1f, 0x78, 0x38, 0x6,
    0x10, 0x2, 0xc7, 0x0, 0x9, 0xd0, 0x3, 0xe2,
    0x85, 0x0, 0x63, 0xd1, 0x88, 0x80, 0xe, 0x2e,
    0x8, 0x80,

    /* U+0022 "\"" */
    0x4f, 0xf0, 0x1, 0xbf, 0x40, 0x2, 0x1, 0xce,
    0x1, 0x8c, 0x4, 0x3, 0xfc, 0x60, 0x19, 0xc4,
    0x3, 0x8, 0x6, 0x10, 0xe, 0x36, 0xb0, 0x3,
    0x33, 0x40,

    /* U+0023 "#" */
    0x0, 0xf6, 0xf8, 0x80, 0x6d, 0xf1, 0x0, 0xfe,
    0x20, 0x10, 0xc, 0x40, 0x20, 0x1f, 0x84, 0x8,
    0x3, 0x8, 0x10, 0x7, 0xf1, 0x3, 0x0, 0x62,
    0x6, 0x0, 0xfe, 0x60, 0x20, 0xc, 0xc0, 0x40,
    0x1c, 0xdf, 0xf5, 0x3, 0x7f, 0xea, 0x6, 0xff,
    0x90, 0x3, 0xff, 0x90, 0xdf, 0xf2, 0x5, 0xff,
    0xe4, 0xb, 0xff, 0x90, 0x3, 0x9c, 0x18, 0x3,
    0x38, 0x28, 0x7, 0xf1, 0x1, 0x0, 0x62, 0x1,
    0x0, 0xfe, 0x11, 0x0, 0x70, 0x88, 0x3, 0xf8,
    0x80, 0x80, 0x31, 0x1, 0x0, 0x7f, 0x30, 0x30,
    0x6, 0x60, 0x70, 0xe, 0x4f, 0xfa, 0xc1, 0x7f,
    0xf5, 0x82, 0x7f, 0xcc, 0x1, 0xff, 0xc8, 0x4f,
    0xf9, 0x82, 0xbf, 0xf3, 0x5, 0x7f, 0xcc, 0x1,
    0xc4, 0xc, 0x1, 0x88, 0x18, 0x3, 0xf9, 0x80,
    0x80, 0x33, 0x1, 0x0, 0x7f, 0x10, 0x8, 0x6,
    0x20, 0x10, 0xf, 0xc2, 0x4, 0x1, 0x84, 0x8,
    0x3, 0xc0,

    /* U+0024 "$" */
    0x0, 0xf2, 0xfb, 0x0, 0x7f, 0xf6, 0xca, 0x76,
    0x82, 0x7a, 0xdc, 0x40, 0x34, 0x6b, 0x10, 0x4,
    0x29, 0x1c, 0xe0, 0x7, 0x70, 0x1, 0x54, 0xa,
    0xe6, 0x0, 0xf0, 0x18, 0x1, 0xca, 0xf0, 0xc8,
    0xcd, 0x5a, 0x4, 0x0, 0x41, 0x80, 0x78, 0xa8,
    0x80, 0xc0, 0x4, 0x1, 0xff, 0x18, 0x3, 0x0,
    0x3f, 0xe4, 0x0, 0x3b, 0x0, 0x7f, 0x86, 0x0,
    0x13, 0xd2, 0x1, 0xfc, 0xf0, 0x0, 0x13, 0x9,
    0xc7, 0x10, 0xe, 0x7e, 0x83, 0x0, 0x8e, 0x3a,
    0x0, 0x38, 0x5f, 0x28, 0xc, 0x2, 0x7a, 0x0,
    0xfe, 0xaf, 0x90, 0x2, 0x98, 0x7, 0xf9, 0xa8,
    0x1, 0x60, 0x1f, 0xf2, 0x80, 0x8, 0x10, 0x3,
    0xf8, 0x80, 0x4, 0xd7, 0x2, 0x1, 0xe1, 0xe0,
    0x5, 0xe8, 0x3f, 0x5c, 0x60, 0x64, 0xf9, 0x82,
    0x9d, 0xa8, 0x1, 0x1d, 0x81, 0x58, 0x41, 0x68,
    0x1, 0x5b, 0x6, 0x20, 0x10, 0xad, 0xd0, 0x6,
    0x27, 0xce, 0xa0, 0x9e, 0xa4, 0x0, 0xff, 0xea,
    0x80,

    /* U+0025 "%" */
    0x0, 0x47, 0x7e, 0xb0, 0x7, 0xe8, 0xf8, 0x0,
    0xd6, 0xe4, 0xc1, 0x30, 0x1, 0xe3, 0x72, 0x80,
    0x9, 0x51, 0xb2, 0x74, 0xdc, 0x80, 0x3b, 0xc2,
    0x40, 0x37, 0x4, 0x0, 0x50, 0x14, 0x1, 0x9c,
    0xd9, 0x0, 0x32, 0x90, 0x80, 0x4a, 0x6, 0x1,
    0x14, 0xc, 0x0, 0x70, 0x88, 0x3, 0x8, 0x38,
    0x5, 0x21, 0x62, 0x1, 0xc2, 0x20, 0xc, 0x20,
    0xe0, 0x6, 0x45, 0x50, 0x7, 0x94, 0x84, 0x2,
    0x50, 0x30, 0x19, 0x1b, 0x0, 0xfb, 0x42, 0x0,
    0x28, 0xa, 0xa, 0x8, 0x10, 0xf, 0x99, 0x1b,
    0x27, 0x4d, 0xc9, 0x51, 0xc, 0x4, 0xf2, 0xc2,
    0x1, 0x5b, 0x93, 0x4, 0xc0, 0xd8, 0x48, 0x3e,
    0xc3, 0x4f, 0x98, 0x5, 0x1d, 0xfa, 0xc1, 0x63,
    0x4, 0x70, 0x5b, 0xf4, 0x3a, 0x1, 0xf9, 0x14,
    0xdc, 0x24, 0x38, 0x81, 0x5c, 0x58, 0x3, 0xe9,
    0xe, 0x0, 0x21, 0x18, 0x5, 0x41, 0x80, 0x1e,
    0x92, 0x72, 0x0, 0x8, 0x80, 0x31, 0x0, 0x80,
    0x71, 0xb1, 0x40, 0x7, 0xf0, 0x80, 0x7d, 0xc1,
    0xc0, 0x18, 0xcc, 0x1, 0x94, 0xc, 0x3, 0x39,
    0x31, 0x80, 0x6b, 0x7, 0x0, 0xbc, 0x28, 0x2,
    0x28, 0x19, 0x0, 0xe7, 0x38, 0xa7, 0xc4, 0x72,
    0x0, 0xb8, 0x28, 0x3, 0xec, 0x64, 0x81, 0x98,
    0x0,

    /* U+0026 "&" */
    0x0, 0xc7, 0x5d, 0xfd, 0x68, 0x1, 0xfe, 0x5c,
    0x51, 0x1, 0x4b, 0x60, 0xf, 0xc3, 0x40, 0x7b,
    0xfc, 0xa1, 0x22, 0x1, 0xf2, 0x0, 0x38, 0x80,
    0x68, 0x0, 0xa0, 0x1f, 0x10, 0x0, 0x80, 0x30,
    0x80, 0x7f, 0x18, 0x0, 0xc0, 0x25, 0x10, 0x50,
    0xf, 0x90, 0x43, 0xc0, 0xb, 0x40, 0xe2, 0x1,
    0xfa, 0xc0, 0xea, 0xe8, 0x16, 0x0, 0x3f, 0x95,
    0xc1, 0x50, 0x22, 0x80, 0x3f, 0xc8, 0xc0, 0x12,
    0xb8, 0x7, 0xfa, 0x2c, 0x4d, 0x41, 0x60, 0x3,
    0x28, 0x80, 0x50, 0xe0, 0xf9, 0x4a, 0xf, 0x0,
    0x1, 0xae, 0x10, 0x37, 0x7, 0x80, 0x5, 0x28,
    0x3b, 0x81, 0xc0, 0x84, 0x28, 0x1, 0x0, 0x1a,
    0x90, 0x21, 0xe8, 0x10, 0x0, 0x40, 0x60, 0x1e,
    0xb4, 0x8, 0x30, 0xb0, 0xc, 0x40, 0x1f, 0x59,
    0x80, 0x10, 0x80, 0x18, 0x3, 0x0, 0x1e, 0x32,
    0x0, 0x23, 0x0, 0x1c, 0x81, 0xf5, 0xd1, 0xd,
    0x78, 0x22, 0x30, 0x95, 0x0, 0x79, 0x1, 0x45,
    0xda, 0x50, 0x13, 0xf4, 0x82, 0x0, 0x5, 0xb4,
    0xa2, 0x0, 0x26, 0xbb, 0x8, 0xb0, 0xfc, 0x3,
    0x2d, 0x77, 0xfb, 0x65, 0x0, 0x21, 0xc2, 0x0,

    /* U+0027 "'" */
    0x4f, 0xf0, 0x0, 0x5c, 0x3, 0xe3, 0x10, 0xc,
    0x26, 0xd6,

    /* U+0028 "(" */
    0x0, 0x9f, 0xfc, 0x1, 0xa4, 0x1c, 0x2, 0x71,
    0x9, 0x0, 0xa8, 0x14, 0x40, 0x4, 0x40, 0xf0,
    0x9, 0x40, 0x8, 0x1, 0x60, 0x18, 0x80, 0x4a,
    0xa, 0x1, 0x8, 0x83, 0x80, 0x22, 0x0, 0x18,
    0x4, 0xe0, 0x7, 0x0, 0x84, 0x0, 0x20, 0x11,
    0x80, 0x7f, 0xf0, 0x4c, 0x3, 0xc2, 0x0, 0x10,
    0x9, 0xc0, 0xe, 0x1, 0x10, 0x0, 0xc0, 0x21,
    0x10, 0x70, 0x6, 0x50, 0x50, 0xd, 0x80, 0x62,
    0x1, 0x28, 0x1, 0x0, 0x22, 0x20, 0x78, 0x6,
    0xa0, 0x51, 0x0, 0x9c, 0x42, 0x40, 0x34, 0x83,
    0x80,

    /* U+0029 ")" */
    0xe, 0xf9, 0x0, 0xd0, 0xc, 0x20, 0x13, 0x8,
    0x40, 0x6, 0x70, 0x60, 0xd, 0xa0, 0x4, 0x0,
    0x90, 0x43, 0x40, 0x32, 0x2, 0x0, 0x62, 0x2,
    0x0, 0xda, 0x0, 0x30, 0x9, 0xc0, 0xc, 0x1,
    0x18, 0x0, 0xc0, 0x3c, 0x20, 0x10, 0x80, 0x3c,
    0x3, 0xfc, 0x20, 0xf, 0x0, 0xf0, 0x80, 0x46,
    0x0, 0x30, 0x9, 0xc0, 0xc, 0x1, 0x68, 0x0,
    0xc0, 0x22, 0x2, 0x0, 0xc8, 0x8, 0x1, 0x20,
    0x86, 0x80, 0x5a, 0x2, 0x80, 0x13, 0x83, 0x80,
    0x4c, 0x21, 0x0, 0x14, 0x3, 0x8, 0x0,

    /* U+002A "*" */
    0x0, 0xcd, 0xe6, 0x1, 0xff, 0xc3, 0x1e, 0x70,
    0xc, 0x33, 0x80, 0x41, 0x1b, 0x81, 0x5e, 0xc2,
    0x23, 0xe7, 0x25, 0x6, 0x9, 0xd1, 0x0, 0x4a,
    0x0, 0x4e, 0xc0, 0x13, 0xf2, 0x8, 0xb, 0x72,
    0x82, 0x40, 0xd4, 0x6, 0xc0, 0xd0, 0xa4, 0xf2,
    0x80, 0x4f, 0xd4, 0x20, 0xc0, 0x1e, 0x15, 0x0,
    0xe5, 0x82, 0x0, 0xc0,

    /* U+002B "+" */
    0x0, 0xe1, 0x44, 0x0, 0x7f, 0x96, 0xec, 0x1,
    0xff, 0xe1, 0x33, 0xc4, 0x0, 0x33, 0xc4, 0x79,
    0x9a, 0x40, 0x19, 0x9c, 0x1, 0xff, 0xc1, 0x3f,
    0xfd, 0x60, 0xf, 0xfd, 0xc0, 0x1f, 0xfe, 0x80,

    /* U+002C "," */
    0x1a, 0xb2, 0x85, 0x49, 0x30, 0x3, 0xc1, 0x2,
    0x93, 0x6, 0x82, 0xa, 0x18, 0x38, 0x20, 0x68,
    0x0,

    /* U+002D "-" */
    0x25, 0x5f, 0x22, 0xd5, 0x7a, 0x0, 0x3f, 0x0,

    /* U+002E "." */
    0x1b, 0xb1, 0x5a, 0x22, 0x40, 0x27, 0x82, 0x18,

    /* U+002F "/" */
    0x0, 0xfe, 0x78, 0x30, 0xf, 0xc5, 0xe, 0x20,
    0x1f, 0xa8, 0x8, 0x80, 0x1f, 0x94, 0x28, 0x3,
    0xf1, 0x90, 0x28, 0x7, 0xeb, 0x2, 0x20, 0x7,
    0xe5, 0xa, 0x0, 0xfc, 0x64, 0xa, 0x1, 0xfa,
    0xc0, 0xc8, 0x3, 0xf2, 0x85, 0x80, 0x7e, 0x32,
    0x5, 0x0, 0xfd, 0x60, 0x64, 0x1, 0xf9, 0x42,
    0xc0, 0x3f, 0x19, 0x2, 0x80, 0x7e, 0xb0, 0x32,
    0x0, 0xfc, 0xc1, 0x60, 0x1f, 0x8c, 0x41, 0x40,
    0x3f, 0x58, 0x19, 0x0, 0x7e, 0x60, 0xb0, 0xf,
    0xc6, 0x20, 0xc0, 0x1f, 0xa8, 0xc, 0x40, 0x3f,
    0x38, 0x58, 0x7, 0xe3, 0x10, 0x60, 0xf, 0xd4,
    0x6, 0x20, 0x1f, 0x9c, 0x28, 0x3, 0xf1, 0x88,
    0x38, 0x7, 0xea, 0x3, 0x10, 0xf, 0xc0,

    /* U+0030 "0" */
    0x0, 0xc3, 0x1b, 0xfe, 0xd8, 0x10, 0xf, 0x9b,
    0x9c, 0x80, 0x4, 0xfc, 0xc0, 0x1c, 0xd2, 0x0,
    0x37, 0x71, 0x80, 0x25, 0x80, 0x22, 0x90, 0x5,
    0xe4, 0x43, 0x2c, 0x1, 0x24, 0x0, 0xb0, 0x5,
    0x20, 0x6, 0x4a, 0x0, 0x40, 0x1, 0x80, 0xd4,
    0x3, 0xca, 0x60, 0xa0, 0x80, 0xa, 0x0, 0xfd,
    0x40, 0x4, 0x30, 0x2, 0x80, 0x7e, 0x50, 0x6,
    0x70, 0x0, 0x80, 0x3f, 0x10, 0x0, 0x4c, 0x0,
    0x20, 0x1f, 0x84, 0x0, 0x60, 0x1f, 0xfc, 0x43,
    0x0, 0x8, 0x7, 0xe1, 0x0, 0x1f, 0x0, 0x8,
    0x3, 0xf1, 0x0, 0x4, 0xc0, 0xa, 0x1, 0xf9,
    0x40, 0x18, 0x80, 0xa, 0x0, 0xfd, 0x40, 0x4,
    0x5, 0x3, 0x50, 0xf, 0x29, 0x82, 0x80, 0x20,
    0x1, 0x48, 0x1, 0x92, 0x80, 0x10, 0x0, 0x29,
    0x0, 0x5e, 0x44, 0x32, 0xc0, 0x12, 0x40, 0x13,
    0x48, 0x0, 0xdd, 0xc6, 0x0, 0x96, 0x0, 0xe6,
    0xd7, 0x20, 0x1, 0x3e, 0xb0, 0x4,

    /* U+0031 "1" */
    0xcf, 0xff, 0x10, 0x7, 0xe9, 0x88, 0x90, 0x2,
    0x57, 0x78, 0xc0, 0x3f, 0xff, 0xe0, 0x1f, 0xfe,
    0xc0,

    /* U+0032 "2" */
    0x0, 0x92, 0x77, 0xbf, 0xad, 0x80, 0x38, 0xb2,
    0xd8, 0x84, 0x5, 0x27, 0x48, 0x0, 0x78, 0x60,
    0x5, 0x77, 0x20, 0x0, 0xbc, 0x0, 0x20, 0x7,
    0xfa, 0x88, 0x5f, 0x18, 0x13, 0x1, 0x7d, 0x40,
    0x7, 0xf, 0x80, 0x30, 0x0, 0x2a, 0x1, 0xf1,
    0x80, 0x4, 0x3, 0xff, 0x84, 0x20, 0x1f, 0xf2,
    0x0, 0x34, 0x3, 0xfe, 0x80, 0x3, 0x0, 0x7f,
    0xa4, 0xc1, 0xc4, 0x3, 0xfa, 0x18, 0xe, 0x0,
    0x3f, 0x9d, 0xc0, 0x5a, 0x1, 0xfc, 0xf0, 0x5,
    0x82, 0x1, 0xf9, 0xe0, 0xb, 0x4, 0x3, 0xf3,
    0xc0, 0x16, 0x8, 0x7, 0xe7, 0x80, 0x2c, 0x10,
    0xf, 0xcd, 0x0, 0x58, 0x20, 0x1f, 0x9a, 0x40,
    0xa, 0xce, 0xff, 0x20, 0x48, 0x4, 0xf1, 0x1f,
    0xb4, 0x3, 0xff, 0x86,

    /* U+0033 "3" */
    0xf, 0xff, 0xfe, 0x3, 0x80, 0x7f, 0xf1, 0x62,
    0x3f, 0x38, 0x0, 0x58, 0x0, 0xef, 0xf8, 0xc0,
    0x14, 0x20, 0x1f, 0xd0, 0x81, 0x8, 0x1, 0xfc,
    0x8e, 0x8, 0xe0, 0x1f, 0xc5, 0x40, 0x54, 0x1,
    0xfe, 0xe1, 0xe, 0x10, 0xf, 0xe8, 0x30, 0x2b,
    0x40, 0xf, 0xe2, 0x0, 0x13, 0xde, 0x10, 0x7,
    0xde, 0xec, 0x80, 0x3, 0xc2, 0x0, 0xf2, 0xc4,
    0xdf, 0xb0, 0xc, 0x80, 0x7f, 0xd2, 0x40, 0x80,
    0x1f, 0xfc, 0x5, 0x0, 0x18, 0x7, 0xff, 0x8,
    0x41, 0x40, 0x3f, 0x90, 0x0, 0x47, 0x58, 0x60,
    0x1e, 0x93, 0x5, 0x9, 0x3, 0xce, 0xa8, 0x85,
    0x73, 0x0, 0xd8, 0x53, 0x0, 0x5, 0x5d, 0xca,
    0x20, 0x58, 0x20, 0x9, 0xe8, 0x41, 0x0, 0x12,
    0x56, 0x90, 0x0,

    /* U+0034 "4" */
    0x0, 0xfe, 0xaf, 0xf2, 0x0, 0x7f, 0xf0, 0x19,
    0x41, 0xd0, 0x3, 0xfe, 0x39, 0x3, 0x80, 0xf,
    0xfe, 0x7, 0x0, 0xe8, 0x7, 0xff, 0x2, 0x88,
    0x28, 0x40, 0x3f, 0xe6, 0x50, 0x74, 0x0, 0xff,
    0x8a, 0x40, 0xe0, 0x3, 0xff, 0x81, 0xe0, 0xe,
    0x0, 0xff, 0xe0, 0x49, 0x5, 0x10, 0x1, 0x2e,
    0xc2, 0x1, 0xca, 0xc0, 0xca, 0x1, 0x12, 0x20,
    0xc0, 0x31, 0x50, 0x14, 0x80, 0x7f, 0xf0, 0x38,
    0x1, 0xe0, 0x1f, 0xfc, 0x9, 0x30, 0x44, 0x33,
    0x76, 0x0, 0x15, 0x98, 0x8c, 0x0, 0x49, 0x9f,
    0x28, 0x2, 0x26, 0x5e, 0x1, 0xff, 0xc5, 0xff,
    0xff, 0x40, 0x3, 0x7f, 0xd6, 0x1, 0xff, 0xf8,

    /* U+0035 "5" */
    0x0, 0x1f, 0xff, 0xfa, 0x0, 0x26, 0x0, 0xff,
    0xe1, 0x18, 0x2, 0x23, 0xf5, 0x80, 0x5c, 0x0,
    0x77, 0xfc, 0x60, 0x10, 0x80, 0x80, 0x7f, 0xf0,
    0x8, 0xc, 0x3, 0xff, 0x80, 0xe0, 0xc0, 0x1f,
    0xfc, 0x2, 0x1, 0x0, 0xff, 0xe0, 0x8, 0x2f,
    0xfd, 0xd6, 0xe4, 0x1, 0x84, 0x3, 0xc2, 0x91,
    0xae, 0x1, 0xc, 0x47, 0x3a, 0x90, 0x2, 0x1c,
    0x2, 0x77, 0xe8, 0xad, 0xa0, 0x4, 0x8, 0x7,
    0xf9, 0x60, 0x0, 0xe0, 0x1f, 0xf2, 0x0, 0x38,
    0x3, 0xff, 0x85, 0xe0, 0x62, 0x1, 0xf9, 0x0,
    0x4, 0x1b, 0xec, 0x1, 0xe5, 0x80, 0x15, 0x50,
    0x8a, 0x7e, 0xe2, 0x13, 0xb4, 0x0, 0xb0, 0x59,
    0x10, 0x2, 0x3b, 0x98, 0x80, 0x12, 0xa0, 0x6,
    0xea, 0x62, 0x10, 0x13, 0x8e, 0x60, 0x0,

    /* U+0036 "6" */
    0x0, 0xe4, 0x9d, 0xff, 0x76, 0x38, 0x80, 0x62,
    0xcb, 0x62, 0x0, 0x9, 0xc5, 0x0, 0x45, 0x86,
    0x2, 0xb1, 0x7, 0x40, 0xf0, 0xb, 0xc4, 0x1f,
    0xa9, 0xdd, 0x17, 0xc8, 0x0, 0x72, 0x7, 0x80,
    0xf, 0x8, 0x5, 0x20, 0x50, 0x1, 0xfe, 0x31,
    0xa, 0x0, 0xff, 0x90, 0x0, 0x80, 0x11, 0x19,
    0x0, 0x77, 0x0, 0x8, 0x95, 0xfb, 0x9b, 0xf2,
    0x20, 0x3, 0x0, 0x2e, 0xa8, 0x7, 0x37, 0x98,
    0x6, 0xb0, 0x4c, 0xff, 0x63, 0x0, 0xe8, 0x80,
    0x67, 0xb3, 0x0, 0x1c, 0xc0, 0xb, 0x10, 0x0,
    0x60, 0x3, 0xce, 0x21, 0x7a, 0x0, 0x50, 0xf,
    0xca, 0x4, 0xe0, 0x1f, 0xf3, 0x81, 0x91, 0x82,
    0x8, 0x7, 0x84, 0xc1, 0xc2, 0x0, 0x14, 0x1,
    0xeb, 0x0, 0x70, 0x23, 0x2, 0x74, 0x2a, 0x3e,
    0xa8, 0x2a, 0x0, 0x25, 0xc0, 0x5e, 0xae, 0x8,
    0x16, 0x80, 0x34, 0x6b, 0x10, 0x0, 0x96, 0xe8,
    0x0,

    /* U+0037 "7" */
    0x3f, 0xff, 0xfe, 0x10, 0x80, 0x7f, 0xf0, 0xc4,
    0x2, 0x58, 0x8f, 0xc0, 0x3, 0x0, 0xd8, 0xef,
    0xf0, 0x80, 0x28, 0x3, 0xff, 0x81, 0x60, 0x2c,
    0x1, 0xff, 0x21, 0x3, 0x0, 0xf, 0xfc, 0xc0,
    0x1e, 0xe0, 0x5, 0x0, 0x7f, 0xc2, 0xa0, 0x84,
    0x1, 0xff, 0x48, 0x3, 0xc0, 0x3f, 0xf8, 0xc,
    0x4, 0x80, 0x1f, 0xf3, 0x8, 0x58, 0x7, 0xff,
    0x2, 0xc0, 0xc, 0x1, 0xff, 0x19, 0x3, 0x0,
    0x7f, 0xf0, 0x24, 0x1, 0x60, 0x1f, 0xf0, 0xa8,
    0x21, 0x0, 0x7f, 0xd2, 0x0, 0xe0, 0xf, 0xfe,
    0x3, 0x0, 0xa8, 0x7, 0xfc, 0xa2, 0x12, 0x1,
    0xff, 0xc0, 0x90, 0x3, 0x0, 0x7f, 0xc6, 0x60,
    0x51, 0x0, 0xf8,

    /* U+0038 "8" */
    0x0, 0x85, 0xf3, 0xbf, 0xb6, 0x4c, 0x3, 0xc9,
    0xf0, 0x62, 0x2, 0x4d, 0x92, 0x1, 0x8e, 0xc4,
    0x12, 0x6e, 0x58, 0x0, 0xd2, 0x1, 0x40, 0x2,
    0xad, 0x91, 0xa7, 0x88, 0x18, 0x80, 0x8, 0x8,
    0xa0, 0x1c, 0x30, 0x0, 0x40, 0x10, 0x1, 0x80,
    0x7c, 0xe0, 0x1, 0x1, 0x0, 0x10, 0x7, 0xcc,
    0x0, 0x10, 0x2, 0x2, 0x98, 0x7, 0xa0, 0x0,
    0xe0, 0x9, 0x0, 0x64, 0xa1, 0x1b, 0x69, 0x84,
    0x8, 0x0, 0xb4, 0x81, 0xaf, 0x72, 0x48, 0x25,
    0xc0, 0x35, 0x90, 0x7, 0xea, 0x30, 0xb, 0x18,
    0x12, 0xb7, 0xfb, 0x18, 0xf, 0xc, 0x18, 0xc1,
    0xed, 0x48, 0x4, 0xe7, 0x0, 0x1e, 0x18, 0x0,
    0x80, 0xf, 0x8d, 0x40, 0xc5, 0x80, 0x40, 0x3f,
    0x88, 0x0, 0x6c, 0x2, 0x40, 0x1f, 0x90, 0x0,
    0x5e, 0x0, 0xe1, 0x0, 0xf3, 0x98, 0x20, 0x2a,
    0x1, 0xf4, 0xb2, 0x2b, 0xec, 0x0, 0x20, 0x1,
    0x6a, 0x0, 0x69, 0xba, 0x82, 0x2, 0xc3, 0x0,
    0xab, 0x1c, 0xc4, 0x0, 0x4b, 0x5a, 0x60, 0x0,

    /* U+0039 "9" */
    0x0, 0xcd, 0x7d, 0xfd, 0x6e, 0x1, 0xf1, 0x6c,
    0xa0, 0x80, 0xa4, 0x72, 0x0, 0x61, 0xc2, 0x5,
    0x9b, 0xa6, 0x1, 0xb3, 0x0, 0xac, 0x42, 0xa8,
    0xc8, 0xb3, 0xa2, 0x1c, 0x1, 0x28, 0x2a, 0x80,
    0x38, 0xac, 0x9, 0x80, 0x80, 0x18, 0x1, 0xf2,
    0x80, 0x28, 0x4, 0x3, 0xff, 0x82, 0x60, 0x40,
    0xc, 0x0, 0xf9, 0x40, 0x23, 0x14, 0x5, 0x50,
    0x7, 0x15, 0x80, 0x4e, 0x10, 0x0, 0xab, 0x64,
    0x59, 0xd1, 0x20, 0x0, 0x81, 0xd8, 0x82, 0x4d,
    0xd3, 0x2, 0xd8, 0x7, 0x27, 0xb9, 0x88, 0xa,
    0xdd, 0x0, 0x42, 0x1, 0xc, 0x67, 0x7f, 0x52,
    0x7, 0x80, 0x14, 0x3, 0xff, 0x80, 0x80, 0x22,
    0x0, 0xff, 0x8c, 0x81, 0xc0, 0x3f, 0xf8, 0x1c,
    0x0, 0xb0, 0x8, 0x40, 0x3c, 0x58, 0x40, 0xe4,
    0x1, 0x5f, 0xd4, 0x34, 0x5e, 0x98, 0x24, 0x0,
    0x42, 0xa0, 0xaf, 0x2e, 0x80, 0x7, 0xb0, 0xc,
    0x38, 0xc4, 0x0, 0x13, 0x7d, 0x80, 0xc,

    /* U+003A ":" */
    0x2d, 0xe4, 0x82, 0x18, 0x0, 0x9e, 0xd5, 0x24,
    0x6a, 0xc8, 0x3, 0xff, 0x98, 0x37, 0x62, 0xb4,
    0x44, 0x80, 0x4f, 0x4, 0x30,

    /* U+003B ";" */
    0x2d, 0xe4, 0x82, 0x18, 0x0, 0x9e, 0xd5, 0x24,
    0x6a, 0xc8, 0x3, 0xff, 0x98, 0x35, 0x65, 0xa,
    0x92, 0x60, 0x7, 0x82, 0x5, 0x26, 0xd, 0x4,
    0x14, 0x30, 0x70, 0x40, 0xd0,

    /* U+003C "<" */
    0x0, 0xff, 0x9a, 0xc0, 0x3f, 0x14, 0xfc, 0xa8,
    0x7, 0x97, 0x35, 0x80, 0x64, 0x2, 0x28, 0xea,
    0x30, 0x4b, 0xe7, 0x4, 0xbd, 0x71, 0x13, 0xf5,
    0xa0, 0x0, 0xed, 0x1, 0x2b, 0xa0, 0x40, 0x3e,
    0x2e, 0x50, 0xf, 0x89, 0x40, 0xab, 0xa0, 0x80,
    0x38, 0x6b, 0xa0, 0x44, 0xfb, 0x6a, 0x1, 0xc2,
    0xfd, 0x48, 0x9, 0x5d, 0x4, 0x1, 0xcb, 0x7a,
    0xe2, 0x27, 0xc0, 0xf, 0x8a, 0x3a, 0x8c, 0x3,
    0xfe, 0x5c, 0xc0,

    /* U+003D "=" */
    0x3f, 0xff, 0xfb, 0x80, 0x3f, 0xf8, 0x27, 0x99,
    0xff, 0x68, 0x19, 0xff, 0xf0, 0x0, 0x3f, 0xf9,
    0xe6, 0x7f, 0xfc, 0x1c, 0xcf, 0xfb, 0x40, 0x3f,
    0xf8, 0x20,

    /* U+003E ">" */
    0x2b, 0x40, 0xf, 0xf0, 0xa5, 0xeb, 0x88, 0x7,
    0xc4, 0xc0, 0x51, 0xd4, 0x60, 0x1c, 0x33, 0xf2,
    0x40, 0xb9, 0xac, 0x1, 0xe6, 0xdc, 0x60, 0x29,
    0xf9, 0x30, 0xe, 0x39, 0xf9, 0x20, 0x6d, 0x0,
    0xfc, 0xf4, 0x20, 0x1f, 0x8e, 0xba, 0x4, 0x4c,
    0x1, 0xb, 0xee, 0x28, 0x1c, 0xf4, 0x1, 0xd7,
    0x41, 0x3, 0x66, 0x18, 0x0, 0x58, 0xa0, 0x53,
    0xd2, 0x60, 0x18, 0x41, 0x6f, 0x58, 0x40, 0x3c,
    0x7d, 0x48, 0x1, 0xfc,

    /* U+003F "?" */
    0x0, 0x92, 0x77, 0xbf, 0xad, 0x80, 0x31, 0x65,
    0xb1, 0x8, 0xa, 0x4f, 0x10, 0x1e, 0x98, 0x13,
    0x44, 0x18, 0x0, 0x38, 0xe, 0x21, 0x3b, 0x2e,
    0xe9, 0xe3, 0x1, 0x64, 0xcb, 0x60, 0xe, 0x18,
    0x0, 0x78, 0x12, 0x0, 0x7c, 0xc0, 0x1f, 0xfc,
    0x17, 0x0, 0x78, 0x7, 0xf0, 0xc0, 0x1, 0xc0,
    0x3f, 0xe, 0x90, 0x50, 0x80, 0x7c, 0x38, 0x61,
    0x2a, 0x1, 0xfb, 0x48, 0x25, 0x80, 0x3f, 0x31,
    0x83, 0xb0, 0x7, 0xf6, 0x80, 0x24, 0x3, 0xfc,
    0x6a, 0xe2, 0x1, 0xfe, 0x8a, 0x80, 0xf, 0xfe,
    0x69, 0xc2, 0x0, 0x7f, 0x87, 0x1e, 0xc4, 0x3,
    0xf8, 0xc0, 0x22, 0x0, 0xfe, 0x26, 0x5, 0x30,
    0xc,

    /* U+0040 "@" */
    0x0, 0xfc, 0x93, 0x9d, 0xfe, 0xec, 0x94, 0x0,
    0xff, 0xe1, 0x37, 0x5b, 0x18, 0x88, 0x80, 0xda,
    0xf9, 0xc0, 0x3f, 0xc5, 0x92, 0x29, 0x5d, 0xfd,
    0xbd, 0xca, 0x51, 0x8d, 0x20, 0xf, 0x8f, 0xc,
    0xdb, 0x6a, 0x20, 0x18, 0x56, 0xb5, 0xb, 0xc,
    0x3, 0x87, 0x45, 0xb0, 0x80, 0x3f, 0xc5, 0x70,
    0x3a, 0x20, 0x1a, 0x85, 0x64, 0x2, 0x3a, 0xdf,
    0xea, 0x30, 0x9f, 0xb7, 0x70, 0xd0, 0x4, 0xa8,
    0x54, 0x1, 0x4e, 0x29, 0x0, 0xae, 0x40, 0x6,
    0x83, 0x44, 0x0, 0x24, 0x20, 0x2, 0x96, 0x3,
    0xac, 0xc3, 0x8b, 0xb8, 0x3, 0x40, 0x78, 0x11,
    0x8a, 0x80, 0xd, 0x81, 0x71, 0x4c, 0xd1, 0x82,
    0x20, 0xc, 0x84, 0x82, 0x80, 0x80, 0x14, 0x80,
    0xd0, 0x7, 0x15, 0x0, 0x79, 0x41, 0x3c, 0x30,
    0x2, 0x50, 0x60, 0xf, 0x90, 0x80, 0x3b, 0x40,
    0x8c, 0xc, 0x0, 0x20, 0xc, 0x0, 0xfc, 0xe0,
    0x1c, 0x21, 0xc2, 0x2, 0x0, 0x30, 0xf, 0xf8,
    0xc0, 0x39, 0xc0, 0x2, 0x2, 0x0, 0x30, 0xf,
    0xf8, 0xc0, 0x39, 0xc0, 0x4, 0x4, 0x0, 0x11,
    0x6, 0x0, 0x7e, 0x40, 0xe, 0x10, 0xed, 0xd,
    0x0, 0x9c, 0x18, 0x3, 0xe4, 0x10, 0xe, 0xc0,
    0x34, 0x4, 0x0, 0xa8, 0x6, 0x80, 0x38, 0xa8,
    0x0, 0xc0, 0x13, 0x82, 0x9, 0x8a, 0x80, 0xd,
    0xc1, 0x71, 0x48, 0xdf, 0x5, 0x0, 0x9c, 0xe8,
    0x58, 0x1, 0x1, 0x0, 0x14, 0x30, 0x1d, 0x6e,
    0x40, 0xbd, 0x88, 0x46, 0x29, 0x48, 0x1, 0x10,
    0x54, 0x1, 0x4e, 0x29, 0x0, 0xae, 0x40, 0x62,
    0x0, 0xb6, 0x0, 0x6a, 0x15, 0x90, 0x8, 0xeb,
    0x7f, 0xa8, 0xc0, 0x5, 0x7f, 0xd2, 0x20, 0x18,
    0x74, 0x5b, 0x8, 0x3, 0xff, 0x92, 0x78, 0x47,
    0xb6, 0xa4, 0x1, 0x89, 0xad, 0x0, 0x3f, 0xe2,
    0xd8, 0x14, 0xad, 0xfe, 0xe7, 0xec, 0xa6, 0x0,
    0x7f, 0xf0, 0x5f, 0xad, 0x8c, 0x47, 0x1b, 0xe4,
    0x0, 0x7c,

    /* U+0041 "A" */
    0x0, 0xfe, 0xaf, 0xf3, 0x0, 0x7f, 0xf1, 0x5,
    0x40, 0x16, 0x1, 0xff, 0xc4, 0x90, 0x8, 0x90,
    0x3, 0xff, 0x86, 0xc0, 0xa2, 0x1e, 0x1, 0xff,
    0xc2, 0x61, 0x9, 0x90, 0x21, 0x0, 0x7f, 0xf0,
    0x6c, 0xc, 0xcc, 0x0, 0xb0, 0xf, 0xfe, 0x2,
    0x10, 0x48, 0xa, 0x83, 0x0, 0x7f, 0xf0, 0x38,
    0x5, 0x40, 0x12, 0x0, 0x60, 0xf, 0xf0, 0xa8,
    0x30, 0x4, 0x64, 0x16, 0x1, 0xfe, 0x90, 0x5,
    0x0, 0x6b, 0x2, 0x40, 0xf, 0xe6, 0x4, 0x20,
    0xc, 0xc0, 0xf, 0x0, 0xfc, 0xc2, 0x1e, 0x1,
    0xe6, 0x4, 0x20, 0xf, 0xac, 0x2, 0x44, 0xf7,
    0x80, 0x2c, 0x3, 0xc8, 0x40, 0xb, 0xbf, 0xa4,
    0x0, 0xc0, 0x1e, 0xe0, 0xf, 0xfe, 0x13, 0x0,
    0x61, 0x50, 0x6f, 0xff, 0xf0, 0x85, 0x80, 0x69,
    0x0, 0x50, 0x7, 0xf9, 0x80, 0x90, 0x2, 0x60,
    0x33, 0x0, 0x7f, 0xa4, 0x1, 0xe0, 0x6, 0x10,
    0x90, 0xf, 0xf8, 0x54, 0x10, 0x82, 0xc0, 0x54,
    0x3, 0xff, 0x81, 0xc0, 0xb,

    /* U+0042 "B" */
    0x2f, 0xff, 0xee, 0xc8, 0x10, 0xf, 0xfe, 0x10,
    0x9b, 0xf3, 0x0, 0x79, 0x6e, 0xfa, 0xa0, 0xc0,
    0x12, 0x80, 0x1c, 0x48, 0x9c, 0xaf, 0x92, 0x0,
    0x80, 0xf, 0xfe, 0x13, 0x18, 0x18, 0x7, 0xff,
    0xd, 0x80, 0x3f, 0xf8, 0xa2, 0x1, 0xff, 0xc4,
    0x24, 0x5, 0x0, 0xff, 0xe0, 0x13, 0xe0, 0x2,
    0x0, 0x39, 0xff, 0xfd, 0xb0, 0x22, 0xc2, 0x0,
    0xff, 0xe1, 0x8c, 0x88, 0x7, 0x2d, 0xdf, 0xd2,
    0x80, 0xb8, 0x20, 0x18, 0x91, 0x3e, 0x6b, 0x90,
    0x28, 0x0, 0xff, 0xe1, 0x31, 0x83, 0x80, 0x7f,
    0xf0, 0xd8, 0x4, 0x3, 0xff, 0x86, 0xc0, 0x1f,
    0xfc, 0x45, 0x30, 0x30, 0xc, 0x48, 0x9f, 0x35,
    0xd0, 0x2, 0x0, 0x32, 0xdd, 0xfd, 0x28, 0x0,
    0x94, 0x0, 0xff, 0xe0, 0xa, 0x47, 0x30, 0x0,

    /* U+0043 "C" */
    0x0, 0xf2, 0x56, 0xff, 0xbb, 0x1c, 0x80, 0x3e,
    0x3d, 0xb5, 0x20, 0x0, 0x9c, 0x6c, 0x80, 0x73,
    0x61, 0x0, 0xd, 0x9d, 0x88, 0x0, 0xd8, 0x20,
    0x5, 0x90, 0x3, 0x76, 0x4c, 0x4e, 0xe8, 0xc0,
    0x8c, 0xa, 0x80, 0x15, 0x22, 0x1, 0xc5, 0x8f,
    0x84, 0x12, 0x0, 0x85, 0x0, 0xfe, 0x82, 0x1,
    0x40, 0x27, 0x0, 0xff, 0xe0, 0xb8, 0x2, 0xc0,
    0x3f, 0xf8, 0x5e, 0x0, 0x40, 0xf, 0xfe, 0x11,
    0x80, 0x8, 0x3, 0xff, 0xa8, 0x60, 0x2, 0x0,
    0xff, 0xe1, 0x78, 0x1, 0x0, 0x3f, 0xf8, 0x48,
    0x0, 0xb0, 0xf, 0xfe, 0x11, 0x20, 0x13, 0x80,
    0x7f, 0xf0, 0xa4, 0x1, 0xa, 0x1, 0xfd, 0x4,
    0x0, 0x2a, 0x0, 0x54, 0x88, 0x7, 0x16, 0x3e,
    0x10, 0x1, 0x64, 0x0, 0xdd, 0x73, 0x13, 0x9a,
    0x60, 0x46, 0x1, 0x36, 0x10, 0x1, 0x19, 0xd8,
    0xc0, 0xd, 0x82, 0x1, 0x8f, 0x69, 0x48, 0x0,
    0x27, 0x1b, 0x20, 0x0,

    /* U+0044 "D" */
    0x2f, 0xff, 0xed, 0xb6, 0x10, 0xf, 0xfe, 0x19,
    0x24, 0xf3, 0x80, 0x7c, 0x91, 0x1c, 0xea, 0x20,
    0x8, 0xc1, 0x0, 0xe3, 0x77, 0xe8, 0xae, 0xa1,
    0x3, 0xd0, 0xf, 0xfe, 0x12, 0xf9, 0x81, 0xc0,
    0x7, 0xff, 0x8, 0x78, 0x41, 0xc4, 0x3, 0xff,
    0x84, 0x52, 0x0, 0x60, 0xf, 0xfe, 0x1b, 0x0,
    0x30, 0x3, 0xff, 0x86, 0x24, 0xa, 0x1, 0xff,
    0xc4, 0x60, 0x10, 0xf, 0xfe, 0xbb, 0x0, 0x80,
    0x7f, 0xf0, 0xc4, 0x81, 0x40, 0x3f, 0xf8, 0x6c,
    0x0, 0xc0, 0xf, 0xfe, 0x10, 0xc8, 0x1, 0x80,
    0x3f, 0xf8, 0x23, 0xa2, 0xe, 0x20, 0x1f, 0xfc,
    0x5, 0xf3, 0x3, 0x80, 0xc, 0x6e, 0xfd, 0x15,
    0xd4, 0x20, 0x7a, 0x1, 0xc9, 0x11, 0xce, 0xa2,
    0x0, 0x7c, 0x10, 0xf, 0xfe, 0x0, 0xa4, 0xf4,
    0x0, 0x60,

    /* U+0045 "E" */
    0x2f, 0xff, 0xfe, 0x9, 0x0, 0x7f, 0xf1, 0x92,
    0x23, 0xfc, 0x60, 0x11, 0xbb, 0xff, 0x84, 0x3,
    0xff, 0xfe, 0x1, 0x3f, 0xff, 0xf0, 0x7, 0xff,
    0x21, 0x26, 0x7f, 0x80, 0x38, 0xd9, 0xbf, 0x80,
    0x3f, 0xfe, 0xa6, 0xef, 0xfe, 0x30, 0x9, 0x22,
    0x3f, 0xd6, 0x1, 0xff, 0xc3,

    /* U+0046 "F" */
    0x2f, 0xff, 0xfe, 0x9, 0x0, 0x7f, 0xf1, 0x92,
    0x23, 0xfc, 0x60, 0x11, 0xbb, 0xff, 0x84, 0x3,
    0xff, 0xfe, 0x1, 0x1b, 0x37, 0xf0, 0x7, 0x24,
    0xcf, 0xf0, 0x7, 0xff, 0x21, 0xff, 0xff, 0x80,
    0x3f, 0xff, 0xe0, 0x1f, 0xfd, 0x40,

    /* U+0047 "G" */
    0x0, 0xf2, 0x4e, 0xff, 0xbb, 0x20, 0xc0, 0x3e,
    0x4d, 0xb6, 0x20, 0x0, 0x9b, 0xe5, 0x10, 0x6,
    0x7b, 0x20, 0x1, 0xab, 0xb1, 0x80, 0x17, 0xc,
    0x0, 0xd0, 0x0, 0x6d, 0xca, 0x89, 0xce, 0x60,
    0x17, 0x2, 0x90, 0x5, 0x49, 0x0, 0x70, 0xcd,
    0x5a, 0x4, 0x80, 0x21, 0x40, 0x3f, 0x95, 0x0,
    0x50, 0x9, 0xc0, 0x3f, 0xf8, 0x2e, 0x0, 0xb0,
    0xf, 0xfe, 0x17, 0x80, 0x10, 0x3, 0xff, 0x84,
    0x60, 0x2, 0x0, 0xff, 0x84, 0x40, 0x1f, 0xfc,
    0x31, 0xee, 0x41, 0x80, 0x8, 0x3, 0xff, 0x85,
    0xe0, 0x4, 0x0, 0xff, 0xe1, 0x38, 0x2, 0xc0,
    0x3f, 0xf8, 0x42, 0x80, 0x4e, 0x1, 0xff, 0xc2,
    0x90, 0x4, 0x28, 0x7, 0xff, 0x4, 0xa8, 0x1,
    0x52, 0x20, 0x1e, 0x90, 0xe, 0x59, 0x0, 0x37,
    0x64, 0xc4, 0x2f, 0xdc, 0x1, 0xa0, 0x13, 0x61,
    0x0, 0xd, 0x9d, 0xc8, 0x0, 0x3c, 0x50, 0xc,
    0x7b, 0x6c, 0x40, 0x1, 0x37, 0xcc, 0x18, 0x0,

    /* U+0048 "H" */
    0x2f, 0xf4, 0x0, 0x7f, 0xa7, 0xfc, 0x20, 0x1f,
    0xff, 0xf0, 0xf, 0xff, 0xe3, 0xff, 0xff, 0x98,
    0x3, 0xff, 0x98, 0x91, 0x1f, 0xe3, 0x0, 0xf1,
    0xbb, 0xff, 0x94, 0x3, 0xff, 0xfe, 0x1, 0xff,
    0xea,

    /* U+0049 "I" */
    0x2f, 0xf4, 0x0, 0x7f, 0xff, 0xc0,

    /* U+004A "J" */
    0x0, 0x2f, 0xff, 0xf1, 0x0, 0x7f, 0xf0, 0xde,
    0x23, 0xc8, 0x1, 0xc4, 0xef, 0xe3, 0x0, 0xff,
    0xff, 0x80, 0x7f, 0xfd, 0xc4, 0x0, 0x60, 0x6,
    0x0, 0xf2, 0x0, 0x4, 0x2e, 0x5c, 0x3, 0x29,
    0x2, 0x0, 0xa8, 0x46, 0xc3, 0x55, 0x0, 0x1e,
    0x3, 0x84, 0x4, 0xf2, 0xa0, 0x8, 0x40, 0x1,
    0x6c, 0x98, 0x80, 0xae, 0x38, 0x0,

    /* U+004B "K" */
    0x2f, 0xf4, 0x0, 0x7f, 0x57, 0xf9, 0x80, 0x3f,
    0xf8, 0x32, 0xa0, 0xec, 0x1, 0xff, 0xc0, 0x86,
    0x5, 0x80, 0xf, 0xfe, 0x3, 0x38, 0x25, 0x0,
    0x7f, 0xf0, 0x16, 0x40, 0xec, 0x3, 0xff, 0x80,
    0x94, 0x5, 0xa0, 0x1f, 0xfc, 0x3, 0xb0, 0x1f,
    0x10, 0xf, 0xf8, 0xb4, 0x1, 0xa4, 0x1, 0xff,
    0xe, 0x8, 0x59, 0x80, 0x7f, 0xc3, 0x82, 0x0,
    0x70, 0xf, 0xf8, 0x74, 0x80, 0x2d, 0x10, 0xf,
    0xf3, 0x18, 0x2a, 0x0, 0xd0, 0x7, 0xff, 0x1,
    0x2a, 0x84, 0x9, 0x0, 0x1f, 0xe3, 0xb0, 0x1f,
    0x0, 0x3a, 0x80, 0x7e, 0x3c, 0x0, 0x8a, 0xc0,
    0x14, 0x40, 0x1f, 0x20, 0x7, 0x24, 0x0, 0x3c,
    0x3, 0xff, 0x84, 0xea, 0x5, 0x40, 0x1f, 0xfc,
    0x2a, 0x30, 0x56, 0x0, 0xff, 0xe1, 0x68, 0x84,
    0x98, 0x7, 0xff, 0x4, 0x74, 0x1, 0xa2,

    /* U+004C "L" */
    0x2f, 0xf4, 0x0, 0x7f, 0xff, 0xc0, 0x3f, 0xff,
    0xe0, 0x1f, 0xff, 0xf0, 0xf, 0xfe, 0x1, 0xbb,
    0xff, 0x28, 0x4, 0x91, 0x1f, 0xd2, 0x1, 0xff,
    0xc2,

    /* U+004D "M" */
    0x2f, 0xf2, 0x80, 0x7f, 0xf0, 0xa7, 0xf8, 0x2,
    0x80, 0xf, 0xfe, 0x9, 0x30, 0x7, 0x13, 0x80,
    0x7f, 0xf0, 0x20, 0x3, 0xe9, 0x10, 0xf, 0xf1,
    0xa8, 0x7, 0xc3, 0x0, 0x1f, 0xef, 0x0, 0xf8,
    0x41, 0x88, 0x3, 0xf2, 0x98, 0x8, 0x7, 0x30,
    0x2, 0x40, 0x3f, 0x40, 0x22, 0x0, 0x3b, 0xa0,
    0x11, 0x0, 0x1e, 0x72, 0x9, 0x0, 0xf9, 0xc8,
    0x20, 0x3, 0x86, 0x41, 0x88, 0x3, 0xf4, 0x1,
    0xb0, 0x6, 0x91, 0x8, 0x0, 0xfe, 0x54, 0x8,
    0x0, 0x89, 0xc2, 0x4, 0x3, 0xfd, 0x0, 0x30,
    0x0, 0x80, 0x17, 0x0, 0xc2, 0x1, 0xe3, 0x60,
    0x71, 0x35, 0xb, 0x0, 0xff, 0xe0, 0xc0, 0x2,
    0xfc, 0xd, 0x40, 0x3f, 0xf8, 0x23, 0x0, 0xa6,
    0x1e, 0x1, 0xff, 0xc3, 0x71, 0x0, 0x29, 0x80,
    0x7f, 0xf1, 0x2c, 0x1, 0x0, 0x1f, 0xfc, 0x55,
    0x7a, 0x20, 0xf, 0xfe, 0x34, 0x28, 0x7, 0xff,
    0x48,

    /* U+004E "N" */
    0x2f, 0xf3, 0x0, 0x7f, 0xa7, 0xfc, 0x20, 0x14,
    0x98, 0x7, 0xff, 0x17, 0x44, 0x3, 0xff, 0x88,
    0x34, 0x1, 0xff, 0xc5, 0x47, 0x0, 0xff, 0xe1,
    0x20, 0x2, 0xc, 0x3, 0xff, 0x82, 0x72, 0x0,
    0xd1, 0x0, 0xff, 0xe0, 0xb2, 0x80, 0xd0, 0x7,
    0xff, 0xa, 0x88, 0x12, 0x0, 0x3f, 0xf8, 0x5e,
    0x0, 0x74, 0x0, 0xff, 0xe0, 0x95, 0x0, 0x28,
    0x40, 0x3f, 0xf8, 0x2a, 0xc0, 0x3a, 0x1, 0xff,
    0xc2, 0x93, 0x3, 0x80, 0xf, 0xfe, 0x17, 0x8,
    0x3a, 0x0, 0x7f, 0xf0, 0x4a, 0x80, 0x14, 0x40,
    0x1f, 0xfc, 0x14, 0x70, 0x14, 0x0, 0xff, 0xe1,
    0x41, 0x80, 0x7f, 0xf1, 0x74, 0x40, 0x3f, 0xf8,
    0x83, 0x40, 0x1f, 0xfc, 0x54, 0x70, 0x8,

    /* U+004F "O" */
    0x0, 0xf2, 0x4e, 0xff, 0xbb, 0x20, 0x80, 0x3f,
    0xc7, 0xb6, 0xc4, 0x0, 0x13, 0x7d, 0xa1, 0x0,
    0xf9, 0xb0, 0x80, 0x8, 0xce, 0xa4, 0x0, 0x5f,
    0x30, 0xe, 0x59, 0x0, 0x37, 0x5c, 0xc5, 0x6e,
    0x18, 0xe, 0x88, 0x4, 0x54, 0x0, 0xa9, 0x10,
    0xe, 0x3c, 0x60, 0x1d, 0x0, 0xa4, 0x1, 0xa,
    0x1, 0xfd, 0x26, 0x6, 0xc0, 0x28, 0x4, 0xe0,
    0x1f, 0xf7, 0x0, 0x28, 0x1c, 0x1, 0x60, 0x1f,
    0xfc, 0x2, 0x40, 0x31, 0xf0, 0x2, 0x0, 0x7f,
    0xf0, 0x70, 0x0, 0xa6, 0x0, 0x20, 0xf, 0xfe,
    0x9, 0x0, 0x4, 0x3, 0xff, 0x8a, 0x60, 0x11,
    0x80, 0x8, 0x3, 0xff, 0x82, 0x20, 0x1, 0xf0,
    0x2, 0x0, 0x7f, 0xf0, 0x70, 0x0, 0xae, 0x0,
    0xb0, 0xf, 0xfe, 0x1, 0x20, 0x18, 0x89, 0x0,
    0x9c, 0x3, 0xfe, 0xe0, 0x5, 0x0, 0x24, 0x1,
    0x8, 0x1, 0xfd, 0x26, 0x6, 0xc0, 0x2, 0xa0,
    0x5, 0xc0, 0x80, 0x71, 0xdb, 0x0, 0xe8, 0x6,
    0x59, 0x0, 0x3f, 0x5c, 0xc4, 0xe6, 0x10, 0x7,
    0x44, 0x3, 0x9b, 0x8, 0x0, 0x8c, 0xec, 0x60,
    0x5, 0xf3, 0x0, 0xf8, 0xf6, 0xd8, 0x80, 0x2,
    0x6f, 0xb4, 0x20, 0x18,

    /* U+0050 "P" */
    0x2f, 0xff, 0xdd, 0x8e, 0x20, 0x1f, 0xfc, 0x11,
    0x38, 0xe7, 0x0, 0xf2, 0x44, 0x73, 0x98, 0x2,
    0x20, 0x1, 0xc6, 0xef, 0xd1, 0x96, 0x20, 0xe6,
    0x1, 0xff, 0xc0, 0x4a, 0x0, 0x48, 0x7, 0xff,
    0x5, 0x8, 0x14, 0x3, 0xff, 0x84, 0xe0, 0x1f,
    0xfd, 0x57, 0x0, 0xff, 0xe1, 0xa1, 0x2, 0x0,
    0x7f, 0xf0, 0x12, 0x80, 0x1e, 0x1, 0x8d, 0xdf,
    0xa3, 0x2c, 0x41, 0xd0, 0x3, 0x24, 0x47, 0x39,
    0x80, 0x22, 0x0, 0x1f, 0xf0, 0x9b, 0xf3, 0x80,
    0x79, 0xff, 0xfb, 0xb2, 0x4, 0x3, 0xff, 0xfe,
    0x1, 0xff, 0xc2,

    /* U+0051 "Q" */
    0x0, 0xf2, 0x4e, 0xff, 0xbb, 0x20, 0x80, 0x3f,
    0xe2, 0xdb, 0x62, 0x0, 0x9, 0xbe, 0xd0, 0x80,
    0x7e, 0x6d, 0x20, 0x1, 0xb3, 0xa9, 0x0, 0x17,
    0xc, 0x3, 0xc9, 0x20, 0x6, 0xec, 0x98, 0xad,
    0xc3, 0x2, 0xd1, 0x0, 0xc5, 0x40, 0xa, 0x91,
    0x0, 0xe3, 0xc6, 0x1, 0xd0, 0xd, 0x2, 0x10,
    0xa0, 0x1f, 0xd2, 0x60, 0x6c, 0x0, 0x15, 0x2,
    0x70, 0xf, 0xfb, 0x80, 0x14, 0x0, 0x70, 0x5,
    0x0, 0x7f, 0xf0, 0x8, 0xc0, 0xc4, 0x3c, 0x0,
    0xa0, 0x1f, 0xfc, 0x1b, 0x0, 0x28, 0x18, 0x0,
    0xc0, 0x3f, 0xf8, 0x22, 0x0, 0x10, 0xc, 0x20,
    0x1f, 0xfc, 0x13, 0x0, 0xc6, 0x0, 0x20, 0xf,
    0xfe, 0x9, 0x0, 0x18, 0x3c, 0x0, 0x80, 0x1f,
    0xfc, 0x1c, 0x0, 0x10, 0x20, 0x2, 0x80, 0x3f,
    0xf8, 0x4, 0x80, 0x62, 0x4, 0x60, 0x6c, 0x1,
    0xff, 0x48, 0x2, 0x80, 0x2f, 0x0, 0x4a, 0x0,
    0x7f, 0x42, 0x1, 0x30, 0x4, 0x70, 0x0, 0xb7,
    0x0, 0xf1, 0x5b, 0x80, 0x38, 0x3, 0x9d, 0xc0,
    0x8, 0xfa, 0x87, 0x8b, 0xd4, 0x0, 0x61, 0x80,
    0x7a, 0x28, 0x40, 0xa, 0xf0, 0xe8, 0x0, 0x4d,
    0x30, 0xf, 0xcb, 0xf0, 0x82, 0x1, 0x9b, 0x2c,
    0x80, 0x3f, 0xc2, 0xf7, 0xde, 0x60, 0x3, 0x30,
    0x6, 0x65, 0x0, 0xff, 0xb4, 0xc1, 0x75, 0x8d,
    0x6e, 0x68, 0x40, 0x3f, 0xc3, 0x8c, 0x5, 0x39,
    0x48, 0x10, 0x20, 0x1f, 0xfc, 0x9, 0xc5, 0x20,
    0x15, 0xc7, 0x0,

    /* U+0052 "R" */
    0x2f, 0xff, 0xdd, 0x8e, 0x20, 0x1f, 0xfc, 0x11,
    0x38, 0xe7, 0x0, 0xf2, 0x44, 0x73, 0x98, 0x2,
    0x20, 0x1, 0xc6, 0xef, 0xd1, 0x96, 0x20, 0xe6,
    0x1, 0xff, 0xc0, 0x4a, 0x0, 0x48, 0x7, 0xff,
    0x5, 0x8, 0x14, 0x3, 0xff, 0x84, 0xe0, 0x1f,
    0xfc, 0x71, 0x0, 0xff, 0xe0, 0xb8, 0x0, 0x40,
    0x3f, 0xf8, 0x6, 0x40, 0x80, 0x1f, 0xfc, 0x3,
    0xd0, 0x7, 0x80, 0x63, 0x66, 0xe8, 0xcc, 0x8,
    0x3a, 0x0, 0x64, 0x99, 0xe7, 0x30, 0x4, 0x40,
    0x3, 0xff, 0x85, 0x8e, 0x1, 0xe7, 0xff, 0xec,
    0x0, 0x40, 0x7, 0xff, 0x4, 0xdc, 0x11, 0x40,
    0x3f, 0xf8, 0x30, 0x41, 0x62, 0x1, 0xff, 0xc1,
    0xe0, 0x1a, 0x0, 0xff, 0xe0, 0x9b, 0x82, 0x30,
    0x7, 0xff, 0x6, 0x8, 0x24, 0x40,

    /* U+0053 "S" */
    0x0, 0x85, 0xf3, 0xbf, 0xdb, 0x4c, 0x20, 0x19,
    0xba, 0xc, 0x40, 0x4, 0xb3, 0xcc, 0x0, 0x69,
    0x0, 0x24, 0x4c, 0x31, 0x0, 0x3c, 0x1, 0x0,
    0x39, 0x6e, 0xcf, 0x3b, 0x89, 0x60, 0x82, 0x10,
    0x60, 0x1e, 0x3b, 0x20, 0x20, 0x1, 0x0, 0x7f,
    0xc6, 0x0, 0x30, 0xf, 0xf9, 0x0, 0x10, 0xc0,
    0x1f, 0xe1, 0x80, 0x4, 0xf4, 0xa8, 0x80, 0x7c,
    0xf0, 0x0, 0x16, 0xae, 0xc7, 0x10, 0xe, 0x7e,
    0x83, 0x0, 0x8e, 0x3a, 0x0, 0x38, 0x5f, 0x3a,
    0x98, 0x40, 0xf, 0x40, 0x1f, 0xa, 0xcf, 0x50,
    0x82, 0x98, 0x7, 0xf9, 0x68, 0x1, 0x60, 0x1f,
    0xf2, 0x0, 0x4, 0x14, 0x3, 0xf8, 0x80, 0x2,
    0xd5, 0x42, 0x0, 0xf0, 0xf0, 0x2, 0xf0, 0x17,
    0x75, 0x2e, 0xcf, 0x5c, 0x60, 0xc7, 0x4e, 0x0,
    0x26, 0x89, 0x85, 0x0, 0x34, 0x80, 0x23, 0xe5,
    0x48, 0x40, 0x4d, 0xf6, 0x40, 0x0,

    /* U+0054 "T" */
    0xef, 0xff, 0xfe, 0x15, 0x80, 0x7f, 0xf1, 0x22,
    0x3c, 0xa0, 0x6, 0x88, 0xee, 0x67, 0x7e, 0xc0,
    0x6, 0xbb, 0xf2, 0x80, 0x7f, 0xff, 0xc0, 0x3f,
    0xff, 0xe0, 0x1f, 0xff, 0xf0, 0xf, 0xfe, 0x98,

    /* U+0055 "U" */
    0x5f, 0xf3, 0x0, 0x7f, 0xbf, 0xd4, 0x1, 0xff,
    0xff, 0x0, 0xff, 0xff, 0x80, 0x7f, 0xf2, 0x4,
    0x3, 0xff, 0x8e, 0x20, 0x1f, 0xfc, 0x3, 0x60,
    0x7, 0x0, 0x7f, 0x18, 0x3, 0x88, 0x41, 0xc0,
    0x3f, 0xac, 0x0, 0x80, 0xe0, 0x2c, 0x1, 0xf0,
    0xb8, 0x9, 0x85, 0x80, 0x25, 0x80, 0x38, 0xb0,
    0x1, 0x20, 0x2, 0x90, 0x4, 0xec, 0xc4, 0x2f,
    0x48, 0x11, 0xc0, 0x26, 0xa0, 0x1, 0x33, 0xb9,
    0x0, 0xb, 0x60, 0x1c, 0xbd, 0x6, 0x20, 0x2,
    0x6c, 0xa0, 0x8,

    /* U+0056 "V" */
    0xd, 0xff, 0x8, 0x7, 0xff, 0x2, 0xbf, 0xc2,
    0x16, 0x0, 0x90, 0xf, 0xf8, 0x54, 0x14, 0x41,
    0x80, 0xc, 0x1, 0xff, 0x30, 0x2, 0x40, 0x26,
    0x1, 0x50, 0xf, 0xf4, 0x81, 0x98, 0x2, 0xb0,
    0x4, 0x80, 0x7f, 0x28, 0x85, 0x0, 0x62, 0x40,
    0x32, 0x0, 0xfd, 0x20, 0x2c, 0x1, 0xdc, 0x0,
    0xb0, 0xf, 0x88, 0xc1, 0x80, 0x3c, 0xa2, 0xc,
    0x1, 0xf5, 0x80, 0x28, 0x3, 0xe6, 0x0, 0x30,
    0x7, 0x98, 0x10, 0x80, 0x3e, 0x90, 0x5, 0x80,
    0x73, 0x0, 0x38, 0x3, 0xf0, 0xa8, 0x11, 0x80,
    0x6b, 0x1, 0x50, 0xf, 0xee, 0x0, 0x48, 0x4,
    0x84, 0x12, 0x1, 0xfe, 0x42, 0x5, 0x10, 0x7,
    0x0, 0x18, 0x3, 0xfe, 0xb0, 0x3, 0x0, 0xa8,
    0x28, 0x80, 0x7f, 0xcc, 0x0, 0x90, 0x90, 0x4,
    0x80, 0x7f, 0xf0, 0x58, 0x5, 0x58, 0x8, 0xc0,
    0x3f, 0xf8, 0x36, 0x0, 0xb1, 0xb, 0x0, 0xff,
    0xe1, 0x11, 0x80, 0x80, 0x18, 0x3, 0xff, 0x87,
    0x20, 0x13, 0x0, 0x7f, 0xf1, 0x14, 0x40, 0x16,
    0x1, 0xf8,

    /* U+0057 "W" */
    0xf, 0xf6, 0x0, 0x7f, 0xf, 0xfa, 0xc0, 0x3f,
    0x8f, 0xfc, 0xa0, 0xa0, 0x62, 0x1, 0xf9, 0xc0,
    0x8, 0x1, 0xfd, 0x60, 0x4, 0xf, 0x0, 0x38,
    0x7, 0xea, 0x0, 0x94, 0x3, 0xf2, 0x82, 0x8,
    0x28, 0x3, 0x40, 0x3e, 0x13, 0x0, 0xbc, 0x3,
    0xe2, 0x20, 0x68, 0x4, 0x80, 0x82, 0x1, 0xe7,
    0x0, 0x20, 0x28, 0x7, 0xca, 0x0, 0x70, 0xb,
    0x40, 0x8, 0x1, 0xed, 0x3, 0xf0, 0x2, 0x0,
    0x7a, 0xc0, 0xc4, 0x2, 0x70, 0x7, 0x80, 0x70,
    0xa0, 0x52, 0x0, 0x34, 0x3, 0x84, 0xc2, 0xc0,
    0x30, 0x98, 0x28, 0x7, 0x38, 0x1, 0xc1, 0x41,
    0xc0, 0x39, 0xc0, 0xa, 0x1, 0xd6, 0x0, 0x40,
    0xd, 0xa0, 0x62, 0x1e, 0x2, 0x80, 0x1b, 0x40,
    0x88, 0x1, 0xca, 0x0, 0xe0, 0x8, 0x50, 0x2c,
    0x0, 0xa0, 0xd, 0x0, 0x85, 0x1, 0x40, 0x3c,
    0x44, 0x4, 0x0, 0x90, 0x0, 0xa0, 0x12, 0x83,
    0x80, 0x4e, 0x0, 0xb0, 0xf, 0x94, 0x5, 0x0,
    0x1c, 0x4, 0x40, 0xb, 0xc0, 0x4c, 0x1, 0xa0,
    0x26, 0x1, 0xf5, 0x80, 0x34, 0x0, 0x81, 0x40,
    0x19, 0x40, 0x16, 0x0, 0x40, 0x70, 0xf, 0xc6,
    0x40, 0xe0, 0xa0, 0x5, 0x0, 0xe4, 0x5, 0x5,
    0x0, 0x68, 0x7, 0xf2, 0x80, 0x9f, 0x81, 0x10,
    0x3, 0xb4, 0x8, 0x9e, 0x2, 0x80, 0x1f, 0xd6,
    0x0, 0xb5, 0x5, 0x0, 0xf3, 0x80, 0x29, 0x41,
    0x0, 0x3f, 0xc6, 0x20, 0xe0, 0xb, 0x0, 0xf0,
    0xa0, 0x38, 0x3, 0xc0, 0x3f, 0xe7, 0x0, 0x84,
    0xc0, 0x3e, 0xd0, 0xc, 0xa0, 0x1f, 0xf6, 0x80,
    0x4c, 0x1, 0xf9, 0xc0, 0x24, 0x0, 0xff, 0xe0,
    0x20, 0x5, 0x60, 0x1f, 0x84, 0xc0, 0x1a, 0x1,
    0xe0,

    /* U+0058 "X" */
    0xd, 0xff, 0x18, 0x7, 0xf7, 0x7f, 0x8, 0x70,
    0x3, 0x80, 0x3f, 0x50, 0x85, 0x8, 0x1b, 0x81,
    0x48, 0x7, 0x91, 0x41, 0x90, 0x2, 0x83, 0x6,
    0x40, 0xc, 0x34, 0x5, 0x20, 0x1d, 0xc0, 0xa,
    0x10, 0xa, 0xc4, 0x38, 0x3, 0xc5, 0x0, 0x36,
    0x0, 0x55, 0x3, 0x98, 0x7, 0xce, 0x60, 0xaa,
    0x1b, 0x2, 0x80, 0xf, 0xee, 0x0, 0x5e, 0x88,
    0x78, 0x7, 0xf8, 0xa4, 0x4, 0xc2, 0x8, 0x3,
    0xfe, 0x63, 0x0, 0x13, 0x80, 0x7f, 0xf0, 0x4,
    0xc0, 0x4, 0x80, 0x1f, 0xfc, 0xd, 0x0, 0xd4,
    0x1, 0xff, 0x39, 0x83, 0xc0, 0xd, 0x0, 0x7f,
    0x14, 0x1, 0x43, 0xa0, 0x2a, 0x80, 0x3f, 0x78,
    0x3, 0x80, 0x14, 0x0, 0xb1, 0x0, 0xf4, 0x10,
    0x39, 0x80, 0x6, 0x40, 0x68, 0x3, 0x8d, 0xc0,
    0xe0, 0x3, 0x32, 0x2, 0x30, 0x6, 0xe0, 0x7,
    0x0, 0x7a, 0x84, 0x24, 0x80, 0x12, 0x41, 0x4,
    0x1, 0xe1, 0xb0, 0x7, 0x2, 0x30, 0x1b, 0x80,
    0x7e, 0x55, 0x1, 0xb8,

    /* U+0059 "Y" */
    0xc, 0xff, 0x8, 0x7, 0xf9, 0xbf, 0xc8, 0x1e,
    0x0, 0xb0, 0xf, 0xf4, 0x2, 0x20, 0xd, 0x41,
    0x4c, 0x3, 0xf4, 0x8, 0x48, 0x5, 0x0, 0xf,
    0x0, 0xf8, 0x9c, 0x18, 0x80, 0x22, 0x70, 0x35,
    0x0, 0xf4, 0x80, 0xc0, 0x7, 0x40, 0x85, 0x80,
    0x72, 0x20, 0x20, 0x40, 0x3d, 0x60, 0x30, 0x1,
    0xa4, 0x9, 0x80, 0x3e, 0x53, 0x7, 0x10, 0x3,
    0x10, 0x48, 0x7, 0xf7, 0x80, 0x2c, 0x6, 0x1,
    0x10, 0x1, 0xfc, 0x6a, 0xa, 0x70, 0x21, 0x20,
    0x1f, 0xf5, 0x80, 0x39, 0x81, 0xc8, 0x3, 0xfe,
    0x18, 0x2, 0x1, 0x90, 0xf, 0xfe, 0xb, 0x88,
    0x2, 0x4, 0x3, 0xff, 0x84, 0xe0, 0x7, 0x0,
    0xff, 0xff, 0x80, 0x7f, 0xf8, 0x80,

    /* U+005A "Z" */
    0xaf, 0xff, 0xfe, 0x14, 0x80, 0x7f, 0xf1, 0x3a,
    0x23, 0xfc, 0xe0, 0x15, 0x23, 0xbf, 0xf8, 0xc0,
    0x12, 0x60, 0x1f, 0xe8, 0x40, 0x56, 0x0, 0xff,
    0x23, 0x81, 0x50, 0x7, 0xf8, 0x68, 0x1, 0xe0,
    0x1f, 0xf6, 0x88, 0x49, 0x0, 0x7f, 0xa0, 0xc1,
    0x58, 0x3, 0xfc, 0xae, 0x5, 0x40, 0x1f, 0xe2,
    0xa0, 0x7, 0x80, 0x7f, 0xdc, 0x0, 0xa2, 0x0,
    0xff, 0x49, 0x83, 0x28, 0x7, 0xf9, 0x58, 0xa,
    0x40, 0x3f, 0xc5, 0x40, 0xf, 0x0, 0xff, 0xbc,
    0x1, 0x44, 0x1, 0xfe, 0xa2, 0x6, 0x50, 0xf,
    0xf3, 0x28, 0x3, 0x9d, 0xff, 0xcd, 0x60, 0x14,
    0x47, 0xfd, 0x20, 0x1f, 0xfc, 0x40,

    /* U+005B "[" */
    0x2f, 0xfe, 0x70, 0xf, 0xf3, 0xe6, 0x18, 0x2,
    0xe3, 0x30, 0x80, 0x7f, 0xff, 0xc0, 0x3f, 0xfe,
    0x3c, 0x66, 0x10, 0x9, 0xf3, 0xc, 0x1, 0xf0,

    /* U+005C "\\" */
    0x7, 0x83, 0x0, 0xff, 0x63, 0xc8, 0x7, 0xfb,
    0x81, 0x40, 0x3f, 0xca, 0x0, 0x50, 0xf, 0xf2,
    0x7, 0x80, 0x7f, 0xb8, 0x14, 0x3, 0xfc, 0xa0,
    0x5, 0x0, 0xff, 0x28, 0x78, 0x7, 0xfb, 0xc1,
    0x40, 0x3f, 0xca, 0x0, 0x50, 0xf, 0xf2, 0x87,
    0x0, 0x7f, 0xbc, 0x10, 0x3, 0xfc, 0xa0, 0x5,
    0x0, 0xff, 0x28, 0x70, 0x7, 0xfb, 0xc1, 0x0,
    0x3f, 0xca, 0x0, 0x50, 0xf, 0xf2, 0x87, 0x0,
    0x7f, 0xb8, 0x10, 0x40, 0x3f, 0x90, 0x0, 0xe0,
    0x1f, 0xe5, 0xd, 0x0, 0xff, 0x70, 0x20, 0x80,
    0x7f, 0x20, 0x83, 0x80, 0x7f, 0x90, 0x34, 0x3,
    0xfd, 0xc0, 0x82, 0x1, 0xfc, 0x82, 0xe, 0x1,
    0xfe, 0x70, 0xd0, 0xf, 0xf6, 0x82, 0x8,

    /* U+005D "]" */
    0x7f, 0xfe, 0x20, 0xf, 0x9b, 0x30, 0xe0, 0x10,
    0x99, 0xbc, 0x3, 0xff, 0xfe, 0x1, 0xff, 0xf1,
    0x13, 0x37, 0x80, 0x4d, 0x98, 0x70, 0xf, 0xf0,

    /* U+005E "^" */
    0x0, 0xc5, 0xe, 0x1, 0xfd, 0x6f, 0xc, 0x1,
    0xf0, 0xb0, 0x2, 0x80, 0x3e, 0x60, 0x73, 0x38,
    0x3, 0xd4, 0x15, 0x40, 0xa0, 0xe, 0x42, 0x42,
    0x60, 0x61, 0x0, 0xde, 0x1c, 0x0, 0x60, 0x60,
    0x8, 0x50, 0x54, 0x1, 0x61, 0x40, 0x14, 0x83,
    0x0, 0x44, 0x64, 0x80, 0x6, 0xa, 0x0, 0xd2,
    0x1c, 0xa, 0x28, 0x40, 0x19, 0x45, 0x46, 0x43,
    0xc0, 0x3c, 0xe1, 0x20,

    /* U+005F "_" */
    0xbb, 0xff, 0xe0, 0xaa, 0x27, 0xff, 0x7, 0x40,

    /* U+0060 "`" */
    0x48, 0x82, 0x80, 0x64, 0x7, 0xa8, 0x0, 0xd1,
    0x40, 0xf0, 0x1, 0x97, 0x49, 0xe4, 0x0,

    /* U+0061 "a" */
    0x0, 0x14, 0x67, 0x7f, 0xb2, 0x4, 0x2, 0x9d,
    0x73, 0x10, 0x1, 0xbf, 0x98, 0x1, 0xc0, 0x9a,
    0x6a, 0xc, 0x7, 0x40, 0x15, 0x4d, 0x96, 0x57,
    0xc7, 0x1, 0x60, 0x45, 0x0, 0xf4, 0x0, 0x30,
    0x3, 0xfc, 0x40, 0xc0, 0x3, 0x9d, 0xee, 0x7f,
    0xc4, 0x1, 0x3e, 0x31, 0x8, 0x80, 0x3c, 0x70,
    0x5, 0x7d, 0xff, 0x8c, 0x1, 0x60, 0xf, 0x41,
    0x0, 0xf8, 0x80, 0x4, 0x1, 0xe2, 0x0, 0x10,
    0x0, 0x80, 0x3a, 0x4, 0x1, 0x60, 0xf, 0x30,
    0x1, 0x4b, 0x80, 0x47, 0x0, 0x59, 0xfe, 0xd6,
    0x24, 0x0, 0x9f, 0x14, 0x40, 0x4e, 0x34, 0x40,
    0x0,

    /* U+0062 "b" */
    0x8f, 0xf0, 0x7, 0xff, 0xfc, 0x3, 0xff, 0x96,
    0xf9, 0xfe, 0xd9, 0x20, 0xf, 0x8f, 0xa0, 0xc0,
    0x4, 0xda, 0xe0, 0x1e, 0xd1, 0x13, 0xcc, 0x94,
    0x1, 0x10, 0x0, 0xe1, 0x5e, 0x86, 0x65, 0x68,
    0x83, 0xa0, 0x6, 0x2a, 0x0, 0xe2, 0xd0, 0x7,
    0x80, 0x6b, 0x0, 0xf8, 0xd0, 0x10, 0x3, 0x38,
    0x7, 0xec, 0x0, 0x10, 0x4, 0x20, 0x1f, 0x88,
    0x0, 0xc0, 0x11, 0x0, 0x7e, 0x20, 0x3, 0x0,
    0x48, 0x1, 0xfb, 0x0, 0x4, 0x1, 0x58, 0x7,
    0xc6, 0x80, 0x80, 0x18, 0xac, 0x3, 0x8f, 0x40,
    0x1e, 0x1, 0x85, 0x3a, 0x59, 0xeb, 0x4, 0x1d,
    0x0, 0x36, 0x88, 0x9a, 0x61, 0x40, 0x11, 0x0,
    0xe, 0x3e, 0x83, 0x0, 0x13, 0x6b, 0x80, 0x40,

    /* U+0063 "c" */
    0x0, 0xcb, 0x7b, 0xfd, 0x8c, 0x1, 0xc5, 0x94,
    0x84, 0x2, 0x73, 0xc6, 0x0, 0x1c, 0x30, 0x27,
    0x98, 0x40, 0x1d, 0x10, 0xd1, 0x8, 0xd8, 0x67,
    0xba, 0x2, 0x33, 0x81, 0x9c, 0x3, 0x97, 0x30,
    0x54, 0x0, 0x80, 0xf, 0x8c, 0x0, 0x40, 0x42,
    0x1, 0xfe, 0x60, 0x10, 0xf, 0xf9, 0x80, 0x40,
    0x3f, 0xe2, 0x2, 0x10, 0xf, 0xf5, 0x0, 0x20,
    0x3, 0xe3, 0x0, 0x19, 0x81, 0x9c, 0x3, 0x97,
    0x34, 0x83, 0x44, 0x23, 0x61, 0x9e, 0xe8, 0xc,
    0xc0, 0x3e, 0x60, 0x4f, 0x30, 0x80, 0x5a, 0x20,
    0x1, 0xca, 0x42, 0x1, 0x38, 0xd3, 0x0,

    /* U+0064 "d" */
    0x0, 0xff, 0xe0, 0x57, 0xf8, 0x3, 0xff, 0xfe,
    0x1, 0x9a, 0xfb, 0xfa, 0x8c, 0x3, 0xc7, 0xb2,
    0x82, 0x2, 0xb9, 0x0, 0x18, 0xb0, 0x80, 0xa2,
    0x60, 0xc1, 0xd0, 0x2, 0xf0, 0x4, 0x6b, 0xb3,
    0xe5, 0x0, 0x80, 0x10, 0x81, 0x9c, 0x3, 0x96,
    0x0, 0x2d, 0x0, 0x58, 0x7, 0xce, 0x1, 0x28,
    0x11, 0x0, 0x3f, 0x20, 0x0, 0x40, 0x40, 0x3f,
    0x84, 0x0, 0x20, 0x20, 0x1f, 0xc2, 0x0, 0x50,
    0x21, 0x0, 0xfc, 0xa0, 0xd, 0x0, 0x48, 0x7,
    0xcc, 0x20, 0x4, 0x20, 0x75, 0x0, 0xe3, 0x90,
    0xd, 0xe0, 0xa, 0xa2, 0x9a, 0x4e, 0x0, 0x71,
    0x60, 0x82, 0xd6, 0x5b, 0x3, 0x38, 0x6, 0x3e,
    0x93, 0x10, 0x15, 0xb9, 0x0, 0x80,

    /* U+0065 "e" */
    0x0, 0xcd, 0x9d, 0xfb, 0x48, 0x1, 0xe3, 0xd9,
    0x31, 0x2, 0x5b, 0xa0, 0xc, 0x58, 0x40, 0xd5,
    0x72, 0x60, 0xb8, 0x1, 0x78, 0xe, 0xca, 0xa3,
    0x64, 0x81, 0xb8, 0x21, 0x6, 0x90, 0x7, 0x32,
    0x85, 0x6, 0x81, 0x18, 0x7, 0xd2, 0x4, 0x50,
    0x17, 0xff, 0xec, 0x0, 0x33, 0x0, 0x3f, 0xf8,
    0x22, 0xc0, 0x5f, 0xff, 0xf2, 0x90, 0x10, 0x80,
    0x7f, 0xd4, 0x0, 0xb0, 0xf, 0xf8, 0xcc, 0xb,
    0x0, 0x1c, 0x37, 0x40, 0x16, 0x88, 0x3f, 0x43,
    0x32, 0x7d, 0x14, 0xc0, 0x3, 0x86, 0x2, 0xf3,
    0x26, 0x10, 0x83, 0x0, 0x8b, 0x29, 0x48, 0x0,
    0x4f, 0xae, 0x0,

    /* U+0066 "f" */
    0x0, 0xc5, 0x5d, 0xfb, 0x22, 0x1, 0x16, 0x28,
    0x81, 0x31, 0x0, 0x52, 0x20, 0xf7, 0x4a, 0x60,
    0x12, 0x3, 0x42, 0x2d, 0x0, 0x44, 0x0, 0xf0,
    0xf, 0xfe, 0x24, 0xfe, 0x80, 0x27, 0xfe, 0x80,
    0xf, 0xfe, 0x5, 0xe5, 0x0, 0x1f, 0x32, 0x90,
    0x23, 0x70, 0x7, 0x19, 0xc2, 0x1, 0xff, 0xff,
    0x0, 0xff, 0xf1, 0x80,

    /* U+0067 "g" */
    0x0, 0x85, 0xb3, 0xbf, 0xa9, 0x1, 0x7f, 0xc4,
    0x0, 0x4f, 0x93, 0x10, 0x15, 0xbb, 0x0, 0x72,
    0x58, 0x81, 0xc5, 0x4a, 0x82, 0x58, 0x6, 0xa0,
    0x5, 0x63, 0xab, 0x56, 0x90, 0x80, 0x4c, 0x21,
    0xa, 0x1, 0xc5, 0x80, 0x1b, 0x0, 0xe, 0x1,
    0xf0, 0xb0, 0x4, 0xc0, 0x60, 0x1f, 0xde, 0x1,
    0xff, 0xc3, 0x10, 0x9, 0x80, 0xc0, 0x3f, 0xb4,
    0x2, 0xc0, 0x3, 0x80, 0x7c, 0x4a, 0x1, 0x30,
    0x84, 0x30, 0x7, 0x17, 0x80, 0x76, 0x80, 0x27,
    0x61, 0x9e, 0xb4, 0x80, 0x38, 0xec, 0x40, 0x9e,
    0x61, 0x41, 0x20, 0x3, 0x93, 0xa4, 0xc4, 0x5,
    0x6e, 0xc0, 0x11, 0x80, 0x66, 0xce, 0xfe, 0xa4,
    0xd, 0x0, 0x8, 0x7, 0xfc, 0x2a, 0x6, 0x0,
    0x4d, 0x50, 0xf, 0xa8, 0x1, 0x40, 0x9, 0x2a,
    0xe9, 0x76, 0x64, 0xf2, 0x1, 0xb0, 0x3, 0x88,
    0x5, 0xa2, 0x64, 0xc2, 0x7, 0xa0, 0x11, 0xed,
    0xb1, 0x88, 0x0, 0x96, 0xf0, 0x40, 0x0,

    /* U+0068 "h" */
    0x8f, 0xf0, 0x7, 0xff, 0xfc, 0x3, 0xff, 0x88,
    0x31, 0x9f, 0xed, 0x91, 0x0, 0xf2, 0x7b, 0x98,
    0x0, 0x9b, 0x90, 0x3, 0xac, 0x49, 0xe5, 0xc8,
    0x1, 0x62, 0x1, 0xcf, 0xb0, 0xd1, 0xac, 0x0,
    0x90, 0xc, 0x90, 0x1, 0xd2, 0x20, 0xa0, 0x1b,
    0xc0, 0x3e, 0x40, 0x20, 0xc, 0xa0, 0x1f, 0x18,
    0x7, 0x84, 0x3, 0xe1, 0x0, 0xff, 0xff, 0x80,
    0x7f, 0xf5, 0x40,

    /* U+0069 "i" */
    0x6f, 0xc1, 0x90, 0x36, 0x30, 0x1, 0xec, 0x5a,
    0xb, 0xa0, 0x7, 0x47, 0xf8, 0x3, 0xff, 0xda,

    /* U+006A "j" */
    0x0, 0xe4, 0xed, 0x20, 0xe, 0x81, 0x2b, 0x0,
    0xe6, 0x0, 0x78, 0x7, 0x54, 0xd3, 0x0, 0x79,
    0x94, 0x3, 0xff, 0x86, 0xdf, 0xe3, 0x0, 0xff,
    0xff, 0x80, 0x7f, 0xfb, 0x4, 0x0, 0x20, 0x1d,
    0xa0, 0x2, 0xa, 0x64, 0x85, 0x4, 0x3, 0x59,
    0xb7, 0x0, 0x40, 0x13, 0x10, 0xa, 0xe9, 0x80,

    /* U+006B "k" */
    0x8f, 0xf0, 0x7, 0xff, 0xfc, 0x3, 0xff, 0x95,
    0x5f, 0xe7, 0x0, 0xff, 0x52, 0x83, 0xb8, 0x3,
    0xfa, 0xd4, 0x1e, 0x0, 0x3f, 0xb1, 0x1, 0xa0,
    0x3, 0xf0, 0xe1, 0x83, 0x48, 0x7, 0xe1, 0xd3,
    0x5, 0x90, 0xf, 0xc5, 0x86, 0x0, 0x90, 0xf,
    0xec, 0x20, 0xb, 0x84, 0x3, 0xf0, 0x83, 0xb0,
    0x15, 0x0, 0x7f, 0x44, 0x24, 0x81, 0x1c, 0x3,
    0xe8, 0x70, 0x7, 0x80, 0x20, 0xc0, 0x3c, 0xe0,
    0x11, 0x50, 0x3, 0x44, 0x3, 0xfc, 0xae, 0x3,
    0x40, 0x1f, 0xf4, 0x18, 0x23, 0x80, 0x7f, 0xda,
    0x21, 0x6,

    /* U+006C "l" */
    0x8f, 0xf0, 0x7, 0xff, 0xfc, 0x3, 0xc0,

    /* U+006D "m" */
    0x8f, 0xf0, 0x14, 0xef, 0xf6, 0x38, 0x6, 0x6c,
    0xef, 0xea, 0x30, 0xf, 0x36, 0xb1, 0x0, 0x9c,
    0x68, 0x9e, 0xc9, 0x88, 0xa, 0xe3, 0x80, 0x74,
    0x82, 0xd5, 0xc1, 0x1, 0x6e, 0x88, 0x5e, 0xa8,
    0xc0, 0x8, 0x40, 0xe, 0xaa, 0x2a, 0x3e, 0x90,
    0x18, 0x97, 0xc2, 0xaa, 0x6c, 0x1, 0xe0, 0x19,
    0x94, 0x3, 0xa4, 0x2, 0xe1, 0x0, 0xc8, 0x80,
    0x40, 0xd, 0xa0, 0x1e, 0x40, 0x1, 0x18, 0x7,
    0xb0, 0x0, 0x40, 0x12, 0x80, 0x7f, 0x30, 0x7,
    0xc2, 0x0, 0x10, 0x8, 0x40, 0x3f, 0x84, 0x3,
    0xff, 0xfe, 0x1, 0xff, 0xff, 0x0, 0xff, 0xec,
    0x0,

    /* U+006E "n" */
    0x8f, 0xf0, 0x14, 0x6f, 0xfb, 0x64, 0x40, 0x3c,
    0xba, 0xe4, 0x0, 0x26, 0xe4, 0x0, 0xea, 0x4,
    0x9b, 0x94, 0x0, 0x58, 0x80, 0x74, 0xdb, 0x23,
    0x5b, 0x80, 0x24, 0x3, 0x2b, 0x0, 0x74, 0x8,
    0x28, 0x6, 0xe0, 0xf, 0x90, 0x8, 0x3, 0x28,
    0x7, 0xc4, 0x1, 0xe1, 0x0, 0xff, 0xff, 0x80,
    0x7f, 0xf7, 0x40,

    /* U+006F "o" */
    0x0, 0xcb, 0x7b, 0xfd, 0x8c, 0x1, 0xf1, 0x6d,
    0x21, 0x0, 0x9c, 0xf1, 0x80, 0x62, 0xc2, 0x2,
    0x89, 0x83, 0x1, 0xc3, 0x0, 0xb8, 0x42, 0x35,
    0xd9, 0xf2, 0x80, 0x1a, 0x0, 0x43, 0x6, 0x70,
    0xe, 0x58, 0x1, 0x60, 0xd0, 0x4, 0x0, 0x7c,
    0xe0, 0xa, 0x2, 0x2, 0x10, 0xf, 0xc8, 0x4,
    0xc, 0x2, 0x1, 0xfc, 0x20, 0x20, 0xc0, 0x20,
    0x1f, 0xc2, 0x2, 0x4, 0x4, 0x40, 0xf, 0xc8,
    0xa, 0x14, 0x0, 0xb0, 0xf, 0x9c, 0x1, 0xa0,
    0x66, 0x6, 0x70, 0xe, 0x58, 0x2, 0x60, 0x6,
    0x88, 0x46, 0xc3, 0x3e, 0x50, 0x3, 0x80, 0x21,
    0xc3, 0x2, 0x79, 0x83, 0x1, 0xc3, 0x0, 0xc5,
    0x94, 0x84, 0x2, 0x93, 0xc6, 0x1, 0x0,

    /* U+0070 "p" */
    0x8f, 0xf0, 0xc, 0x6f, 0xfb, 0x64, 0x80, 0x3e,
    0x4f, 0x72, 0x0, 0x13, 0x6b, 0x80, 0x7a, 0xc4,
    0xa2, 0xec, 0xe2, 0x11, 0x0, 0xf, 0x2e, 0xba,
    0x22, 0x3c, 0x81, 0xd0, 0x3, 0x1d, 0x0, 0x70,
    0xf8, 0x3, 0xc0, 0x34, 0x80, 0x7c, 0x4a, 0x8,
    0x1, 0x90, 0x3, 0xf6, 0x80, 0x8, 0x2, 0x10,
    0xf, 0xc4, 0x0, 0x60, 0x8, 0x80, 0x3f, 0x10,
    0x1, 0x80, 0x24, 0x0, 0xfd, 0x80, 0x2, 0x0,
    0xac, 0x3, 0xe3, 0x40, 0x40, 0xc, 0x56, 0x1,
    0xc7, 0xa0, 0xf, 0x0, 0xc2, 0x9d, 0x2c, 0xf5,
    0x82, 0xe, 0x80, 0x1b, 0x44, 0x4d, 0x30, 0xa0,
    0x8, 0x80, 0x7, 0x1f, 0x41, 0x80, 0x9, 0xb5,
    0xc0, 0x3f, 0x3e, 0x7f, 0xb6, 0x48, 0x3, 0xff,
    0xf0,

    /* U+0071 "q" */
    0x0, 0xcd, 0x7d, 0xfd, 0x46, 0x11, 0xfe, 0x0,
    0x1e, 0xca, 0x8, 0xa, 0xe4, 0x0, 0x62, 0xc2,
    0x2, 0x89, 0x83, 0x7, 0x60, 0xb, 0xc0, 0x11,
    0xae, 0xcf, 0x92, 0x2, 0x0, 0x42, 0x6, 0x70,
    0xe, 0x68, 0x0, 0xb4, 0x1, 0x0, 0x1f, 0x38,
    0x4, 0xa0, 0x42, 0x1, 0xf9, 0x0, 0x2, 0x2,
    0x1, 0xfc, 0x20, 0x1, 0x1, 0x0, 0xfe, 0x10,
    0x2, 0x81, 0x10, 0x3, 0xf2, 0x0, 0x34, 0x1,
    0x60, 0x1f, 0x38, 0x4, 0x84, 0xc, 0xe0, 0x1c,
    0xb0, 0x1, 0xbc, 0x1, 0x1b, 0xc, 0xf9, 0x40,
    0x20, 0x11, 0x60, 0x81, 0x3c, 0xc1, 0x84, 0x20,
    0x6, 0x3e, 0x93, 0x10, 0x15, 0xc7, 0x0, 0xf9,
    0xb3, 0xbf, 0xa8, 0xc0, 0x3f, 0xfe, 0x80,

    /* U+0072 "r" */
    0x8f, 0xf0, 0xc, 0x6f, 0x10, 0x4, 0x7e, 0xe4,
    0x20, 0x1b, 0x44, 0x11, 0x8c, 0x2, 0x15, 0xeb,
    0x91, 0x0, 0x8e, 0x84, 0x3, 0xd2, 0x1, 0xf9,
    0xc0, 0x3f, 0x10, 0x7, 0xff, 0xe0,

    /* U+0073 "s" */
    0x0, 0x8e, 0xb7, 0xfd, 0xd6, 0xe2, 0x1, 0x4e,
    0x29, 0x0, 0x5, 0x23, 0x84, 0x19, 0x80, 0x2f,
    0x54, 0x95, 0x5, 0x10, 0xa0, 0x1f, 0x85, 0x53,
    0x57, 0x58, 0x0, 0x41, 0x44, 0x3, 0x84, 0x40,
    0x6, 0x4, 0x60, 0xf, 0xef, 0x0, 0x4f, 0x53,
    0xa0, 0x7, 0x25, 0x10, 0xa, 0xc5, 0xfd, 0x10,
    0x4, 0xbb, 0x90, 0xa4, 0x0, 0x5c, 0x10, 0xc,
    0x6f, 0x5b, 0xcc, 0x3, 0x20, 0x1f, 0x86, 0x44,
    0xc, 0x19, 0x80, 0x1e, 0x21, 0x1, 0x8, 0x9e,
    0x96, 0x56, 0x8c, 0x0, 0x70, 0x90, 0xb, 0x4d,
    0x4b, 0x88, 0x42, 0xe, 0x5b, 0x18, 0x80, 0x9,
    0xb5, 0xc0,

    /* U+0074 "t" */
    0x0, 0xc, 0x40, 0xc0, 0x3e, 0x37, 0x72, 0x80,
    0x7f, 0xf3, 0xe7, 0xf4, 0x1, 0x3f, 0xf4, 0x0,
    0x7f, 0xf0, 0x2f, 0x28, 0x0, 0xf9, 0x94, 0x81,
    0x1b, 0x80, 0x38, 0xce, 0x10, 0xf, 0xff, 0xe0,
    0x80, 0x7c, 0x60, 0xc, 0x0, 0xf8, 0x4c, 0x12,
    0x55, 0xac, 0x3, 0x78, 0x1, 0xaa, 0x51, 0x0,
    0x11, 0xe2, 0x88, 0x13, 0xa8,

    /* U+0075 "u" */
    0xaf, 0xe0, 0xf, 0xd9, 0xf8, 0x1, 0xff, 0xff,
    0x0, 0xff, 0xeb, 0x8, 0x0, 0xc0, 0x40, 0x3f,
    0x10, 0x3, 0x80, 0x8, 0x1, 0xe6, 0x0, 0x94,
    0x1, 0x0, 0x1c, 0x50, 0x1, 0x12, 0x81, 0xeb,
    0x22, 0xc6, 0x88, 0x6, 0xb3, 0x2, 0x9b, 0xa7,
    0x6, 0x50, 0x8, 0x72, 0x50, 0x40, 0x56, 0xe4,
    0x2,

    /* U+0076 "v" */
    0xd, 0xfd, 0x0, 0xfe, 0xaf, 0xe0, 0x5, 0x81,
    0x20, 0x7, 0xc2, 0xa1, 0x20, 0x6, 0x0, 0x70,
    0x7, 0xcc, 0x0, 0x60, 0x9, 0x81, 0x44, 0x3,
    0xd4, 0xa, 0x20, 0x15, 0x80, 0x18, 0x3, 0x90,
    0x82, 0x40, 0x31, 0x18, 0x48, 0x7, 0x78, 0x11,
    0x80, 0x74, 0x80, 0xa0, 0x4, 0x48, 0x16, 0x1,
    0xe5, 0x10, 0xf0, 0xa, 0x80, 0xc, 0x1, 0xf3,
    0x2, 0x10, 0x1, 0x81, 0x80, 0x3f, 0x48, 0x2,
    0x81, 0x84, 0x2c, 0x3, 0xf0, 0xa8, 0x30, 0x50,
    0x21, 0x0, 0x7f, 0x70, 0xc, 0x18, 0x70, 0x7,
    0xf9, 0x8, 0x1c, 0x5, 0x40, 0x3f, 0xeb, 0x0,
    0xa4, 0x3, 0xff, 0x80, 0xc0, 0x13, 0x0, 0x78,

    /* U+0077 "w" */
    0xaf, 0xc0, 0xf, 0x87, 0xfc, 0xe0, 0x1f, 0x37,
    0xf0, 0x78, 0x19, 0x0, 0x79, 0x80, 0x16, 0x1,
    0xf5, 0x3, 0x82, 0x88, 0x28, 0x7, 0xac, 0x0,
    0x64, 0x1, 0xc2, 0x61, 0x40, 0x7, 0xa, 0x0,
    0xe2, 0x30, 0xa, 0x80, 0x39, 0x80, 0x8c, 0x1,
    0x40, 0x46, 0x1, 0xa8, 0x9, 0xc1, 0x40, 0x3a,
    0x81, 0x40, 0x23, 0x10, 0xb0, 0xc, 0xc1, 0x54,
    0x2, 0x30, 0x8, 0x88, 0x14, 0x1, 0x98, 0x18,
    0x2, 0x41, 0x6, 0x23, 0xa, 0x0, 0xa8, 0xc,
    0x80, 0x35, 0x0, 0x98, 0x3, 0x41, 0x4, 0x2c,
    0x1c, 0x2, 0x60, 0xa0, 0xe, 0x22, 0x5, 0x0,
    0x18, 0x38, 0x0, 0xc0, 0x28, 0x6, 0x20, 0xe0,
    0x1e, 0xa0, 0x70, 0x50, 0x2, 0x80, 0x5, 0x3,
    0x82, 0x81, 0x4, 0x3, 0xcc, 0x2, 0x9c, 0xc,
    0x1, 0xb8, 0x14, 0x1c, 0x38, 0x3, 0xe1, 0x30,
    0xf4, 0xd, 0x0, 0xca, 0x0, 0xa1, 0x5, 0x0,
    0xfd, 0x40, 0x80, 0x28, 0x1, 0xca, 0xa, 0xa,
    0x1, 0xfc, 0xe0, 0x13, 0x0, 0x7b, 0x80, 0x2e,
    0x0, 0xfe, 0x14, 0x0, 0x50, 0x7, 0x90, 0x40,
    0x50, 0x3, 0x80,

    /* U+0078 "x" */
    0x1e, 0xfd, 0x0, 0xf0, 0xf7, 0xe8, 0xd, 0x1,
    0x50, 0x7, 0x50, 0x87, 0x80, 0x11, 0xc1, 0x54,
    0x1, 0x32, 0x4, 0x90, 0x5, 0x6, 0x14, 0x40,
    0x52, 0xa, 0xc0, 0x1d, 0xa2, 0x1c, 0x1e, 0x5,
    0x40, 0x1e, 0x1b, 0x3, 0xe2, 0xe, 0x0, 0xfc,
    0xac, 0x2, 0x12, 0x60, 0x1f, 0xd4, 0x1, 0x38,
    0x7, 0xfb, 0x80, 0x2a, 0x0, 0xfe, 0x92, 0x6,
    0x4, 0x70, 0xf, 0x95, 0x81, 0xe5, 0x42, 0xc,
    0x3, 0x86, 0xc0, 0xe0, 0x28, 0x83, 0x80, 0x3b,
    0x44, 0x38, 0x2, 0xe0, 0x2a, 0x0, 0xa0, 0xc2,
    0x88, 0x2, 0x37, 0x5, 0x60, 0x47, 0x5, 0x50,
    0x7, 0x41, 0x84, 0x98,

    /* U+0079 "y" */
    0xd, 0xfd, 0x0, 0xfe, 0xaf, 0xe0, 0x5, 0x81,
    0x20, 0x7, 0xc2, 0xa1, 0x20, 0x6, 0x10, 0xf0,
    0xf, 0x98, 0x0, 0xc0, 0x13, 0x2, 0x10, 0x7,
    0xa4, 0x18, 0x40, 0x29, 0x0, 0x58, 0x7, 0x28,
    0x85, 0x80, 0x61, 0x50, 0x60, 0xe, 0x90, 0x42,
    0x0, 0xe9, 0x0, 0x38, 0x4, 0x66, 0xf, 0x0,
    0xf1, 0x98, 0x28, 0x2, 0xa0, 0x24, 0x0, 0xfa,
    0x40, 0x90, 0x5, 0x82, 0xc0, 0x3f, 0x28, 0x87,
    0x83, 0x0, 0x18, 0x3, 0xfa, 0x41, 0xe, 0x41,
    0xc0, 0x3f, 0xcc, 0x0, 0xe1, 0xa, 0x0, 0xff,
    0xb, 0x1, 0x2, 0x10, 0x7, 0xfd, 0x60, 0x17,
    0x80, 0x7f, 0xf0, 0x8, 0x80, 0x48, 0x1, 0xff,
    0xc0, 0x32, 0xb, 0x0, 0xfc, 0x20, 0x1b, 0xc0,
    0x58, 0x3, 0xf7, 0xd2, 0xaa, 0xcc, 0x20, 0x3,
    0xf3, 0xa, 0xd5, 0x10, 0x15, 0x80, 0x3f, 0x34,
    0x98, 0x0, 0xea, 0x80, 0x1f, 0xc0,

    /* U+007A "z" */
    0xcf, 0xff, 0xf6, 0x80, 0x7f, 0xf0, 0xbb, 0x33,
    0xe2, 0x0, 0x48, 0x11, 0x9f, 0x90, 0x81, 0xd0,
    0x3, 0xe3, 0x80, 0x48, 0x0, 0xf8, 0x74, 0x6,
    0x80, 0x3f, 0x50, 0x86, 0x88, 0x7, 0xd0, 0x81,
    0x6, 0x1, 0xf2, 0x38, 0x23, 0x80, 0x7c, 0x34,
    0x5, 0x60, 0x1f, 0xb4, 0x43, 0x80, 0x3f, 0x49,
    0x84, 0x98, 0x7, 0xca, 0xc0, 0x6a, 0x67, 0xf0,
    0x58, 0x0, 0xf3, 0x3f, 0x8, 0x7, 0xff, 0x4,

    /* U+007B "{" */
    0x0, 0xcf, 0xbf, 0xe0, 0xa, 0x60, 0x80, 0x30,
    0xb0, 0xc, 0xe0, 0x1, 0x40, 0x12, 0xc6, 0x1,
    0xc6, 0x1, 0xff, 0xe0, 0x10, 0xe, 0x14, 0xe0,
    0x3, 0x0, 0x1a, 0xd0, 0x20, 0x80, 0x3d, 0x80,
    0x13, 0xfb, 0x2, 0x10, 0x6, 0xd0, 0x3, 0x0,
    0x7f, 0xfa, 0xcc, 0x3, 0x28, 0x2, 0x58, 0xc0,
    0x2, 0xc0, 0x33, 0x80, 0x14, 0xc1, 0x0, 0x0,

    /* U+007C "|" */
    0x2f, 0xf1, 0x80, 0x7f, 0xff, 0xc0, 0x3f, 0xf9,
    0xa0,

    /* U+007D "}" */
    0x7f, 0xeb, 0x30, 0xe, 0x14, 0xc2, 0x0, 0x35,
    0xa8, 0x2, 0xc0, 0x2, 0x94, 0x20, 0xa0, 0x1c,
    0x40, 0x1f, 0xc2, 0x1, 0xff, 0xe1, 0x60, 0x26,
    0x30, 0xa, 0x8, 0x27, 0x40, 0x26, 0x20, 0xf,
    0x70, 0x3, 0x78, 0x2, 0x60, 0x22, 0x0, 0x7f,
    0xf8, 0x84, 0x3, 0x88, 0x3, 0xa, 0x50, 0x82,
    0x80, 0x1a, 0xd4, 0x1, 0x60, 0x18, 0x53, 0x8,
    0x0,

    /* U+007E "~" */
    0x0, 0x47, 0x7d, 0x8, 0x6, 0x9f, 0x10, 0x87,
    0x10, 0x5f, 0x20, 0x9, 0x0, 0x41, 0xc2, 0xb5,
    0x47, 0x10, 0x14, 0x90, 0x10, 0x19, 0x4a, 0xa0,
    0x6f, 0xe8, 0x3c, 0x8, 0x30, 0x2, 0x7b, 0x30,
    0x2a, 0x40,

    /* U+00B0 "°" */
    0x0, 0xc2, 0x1, 0xf4, 0x7f, 0x7d, 0x88, 0x5,
    0x6e, 0xd2, 0xe9, 0xe2, 0xa, 0x93, 0x26, 0x8d,
    0x1b, 0xf, 0x16, 0x0, 0x89, 0x94, 0x18, 0x80,
    0x3b, 0x80, 0xc, 0x40, 0x1d, 0xa0, 0xe, 0x18,
    0x0, 0x91, 0x58, 0x11, 0x9f, 0x26, 0xec, 0x52,
    0x0, 0x99, 0xb, 0x2b, 0xe8, 0x0,

    /* U+00B7 "·" */
    0x0, 0x8, 0x4, 0x39, 0xd8, 0x20, 0xc6, 0x7,
    0xa0, 0x1c, 0x64, 0xa0, 0x18, 0xca, 0xc8, 0x64,
    0x40,

    /* U+2014 "—" */
    0x4a, 0xaf, 0xfe, 0x6a, 0x62, 0xaf, 0xff, 0x37,
    0x0,

    /* U+2018 "‘" */
    0x0, 0x84, 0xf, 0x54, 0xb2, 0x52, 0xc0, 0x40,
    0xc2, 0x82, 0x45, 0x0,

    /* U+2019 "’" */
    0x4, 0xea, 0x0, 0x60, 0xa9, 0x4, 0xa0, 0x18,
    0xb, 0xb0, 0x85, 0xb4, 0x80, 0x26, 0x80, 0x0,

    /* U+201C "“" */
    0x0, 0x88, 0x0, 0x20, 0x1, 0xca, 0x6, 0xc1,
    0xd, 0x58, 0x59, 0xf1, 0x53, 0xe0, 0x92, 0x0,
    0x18, 0x41, 0x15, 0x0, 0xe4, 0x43, 0x80, 0xd0,

    /* U+201D "”" */
    0x1d, 0xc0, 0x7f, 0x52, 0x21, 0xae, 0x4, 0x1b,
    0x0, 0xc8, 0x88, 0x0, 0x88, 0x1, 0x89, 0x2b,
    0x2f, 0xa4, 0xbb, 0x1, 0x62, 0x80,

    /* U+2026 "…" */
    0x7d, 0x50, 0xf, 0x3e, 0xa0, 0x7, 0x9f, 0x52,
    0x8a, 0xc0, 0x3d, 0x45, 0x20, 0x1e, 0x92, 0x98,
    0x4, 0x0, 0xf5, 0x82, 0x0, 0x7a, 0x1, 0x0,

    /* U+3001 "、" */
    0xb, 0x60, 0xe, 0x19, 0xb1, 0x0, 0xa9, 0x53,
    0xc8, 0x2, 0xa4, 0x1d, 0x30, 0xa, 0x88, 0x20,
    0x2, 0x1f, 0x1e,

    /* U+3002 "。" */
    0x0, 0xfe, 0x3b, 0xfe, 0x90, 0x1, 0xe3, 0x43,
    0xb6, 0x4, 0x16, 0xbc, 0xd1, 0xa2, 0xa0, 0x4,
    0xa0, 0x6a, 0x80, 0x12, 0x81, 0xc1, 0x6c, 0x4d,
    0x1a, 0x1e, 0xb, 0xb9, 0xb0, 0x0,

    /* U+4E00 "一" */
    0x0, 0xff, 0xe1, 0x9, 0x19, 0x91, 0x59, 0xe6,
    0x0, 0x61, 0xe2, 0x6a, 0xed, 0x9b, 0xdf, 0xf7,
    0x6e, 0x62, 0xea, 0x61, 0x9e, 0x5, 0x21, 0xd9,
    0x51, 0x6, 0x7c, 0x8a, 0xcf, 0x10, 0x9a, 0xbc,
    0xd8, 0xc, 0xcb, 0x7b, 0x9f, 0xee, 0xdc, 0xc5,
    0xd4, 0xc3, 0xb9, 0x95, 0xc, 0x80,

    /* U+4E03 "七" */
    0x0, 0xfe, 0xb9, 0x0, 0xff, 0xe5, 0x8b, 0x20,
    0x7, 0xff, 0x28, 0xc0, 0x3f, 0xff, 0xe0, 0xe0,
    0x1f, 0xfe, 0x33, 0x0, 0xff, 0xe0, 0x10, 0x7,
    0xff, 0x20, 0xd6, 0x33, 0x78, 0xc0, 0x3f, 0xe7,
    0x46, 0x9b, 0xef, 0xca, 0x72, 0x37, 0x10, 0xe,
    0x24, 0x7a, 0x40, 0xbb, 0x4b, 0x2a, 0x9a, 0x6f,
    0xb9, 0x92, 0x4d, 0x35, 0xbf, 0xb7, 0xa, 0x20,
    0xd3, 0x9d, 0xcb, 0x96, 0x41, 0x0, 0xc6, 0xca,
    0x8, 0xf3, 0x9e, 0x81, 0x6c, 0x62, 0x1, 0xfe,
    0x5e, 0xfd, 0xb8, 0x63, 0x0, 0xff, 0xe3, 0x8,
    0x7, 0xff, 0xfc, 0x3, 0xff, 0xa8, 0x20, 0xc0,
    0x1f, 0xfc, 0xa2, 0xf, 0x0, 0xfc, 0x2b, 0x2,
    0x1, 0xfe, 0xa0, 0x4f, 0xca, 0xaa, 0xf3, 0xb9,
    0x4f, 0xe0, 0x1f, 0xe2, 0xc5, 0x13, 0x55, 0x90,
    0x8d, 0x1a, 0x28, 0x3, 0xfe, 0x3a, 0xef, 0xfe,
    0xed, 0xb9, 0x74, 0x0,

    /* U+4E09 "三" */
    0x0, 0xff, 0xe0, 0x9, 0x1a, 0x2b, 0x3d, 0x20,
    0x7, 0xcd, 0x75, 0x79, 0xbd, 0xfe, 0xed, 0xcb,
    0xa9, 0x85, 0xb1, 0x0, 0xf2, 0x2a, 0x90, 0x80,
    0x91, 0x59, 0xdd, 0x13, 0x57, 0x9a, 0x20, 0x1e,
    0x2e, 0xff, 0x76, 0xe5, 0xd4, 0xc4, 0x1d, 0x95,
    0xc, 0x80, 0x3f, 0xff, 0xe0, 0x1f, 0xfc, 0x91,
    0x30, 0xf, 0xf9, 0xe2, 0x13, 0x2a, 0xbc, 0xc6,
    0xf7, 0xf6, 0x40, 0x7, 0xf8, 0x9d, 0xcc, 0xc5,
    0x43, 0x23, 0x39, 0x10, 0x1, 0xff, 0x2e, 0xe6,
    0xf7, 0x3f, 0xdd, 0xcd, 0xcb, 0xb4, 0x0, 0x7f,
    0xc4, 0x64, 0x22, 0x0, 0xff, 0xff, 0x80, 0x7f,
    0xf5, 0xc4, 0xc8, 0xd, 0xd9, 0xdd, 0x10, 0x99,
    0x55, 0x2f, 0x31, 0xba, 0xee, 0x7f, 0xdd, 0x9a,
    0x83, 0x13, 0x10, 0x77, 0x33, 0x15, 0x48, 0x66,
    0x22, 0x0, 0x8, 0x86, 0x64, 0x40, 0x96, 0xcd,
    0x52, 0xed, 0x98, 0xdd, 0x77, 0x3f, 0xee, 0xe6,
    0xeb, 0x31, 0x76, 0x50,

    /* U+4E5D "九" */
    0x0, 0xff, 0x5b, 0x0, 0x7f, 0xf2, 0xda, 0x54,
    0x3, 0xff, 0x94, 0xc0, 0x20, 0x1f, 0xfc, 0xc7,
    0x0, 0xff, 0xe5, 0x38, 0x8, 0x7, 0xff, 0x28,
    0x40, 0x80, 0x3f, 0xf9, 0x44, 0x1, 0xff, 0xcb,
    0x30, 0x18, 0xac, 0xef, 0xf2, 0x80, 0x7e, 0x8a,
    0xa6, 0x6f, 0xfb, 0x0, 0x5d, 0x4c, 0x4, 0x8,
    0x3, 0xf5, 0x22, 0x1, 0x95, 0xd0, 0x1f, 0x7b,
    0xf9, 0x80, 0x80, 0x3f, 0x17, 0x73, 0x2e, 0xa0,
    0x42, 0xc8, 0x40, 0x2, 0xc, 0x1, 0xff, 0xc3,
    0x40, 0x30, 0xc, 0x40, 0x40, 0x1f, 0xfc, 0x23,
    0x14, 0x0, 0xe6, 0x1, 0x0, 0xff, 0xe1, 0x58,
    0x68, 0x7, 0x18, 0x80, 0x7f, 0xf0, 0xd8, 0x1c,
    0x3, 0x84, 0x80, 0x3f, 0xf8, 0x4c, 0x2c, 0x20,
    0x18, 0x41, 0xc0, 0x3c, 0x60, 0x1f, 0x40, 0x40,
    0x7, 0x10, 0x10, 0x7, 0x14, 0x0, 0x7a, 0x46,
    0x4, 0x3, 0x98, 0x38, 0x3, 0x9c, 0x3, 0xca,
    0xc8, 0xe0, 0x1e, 0x30, 0x20, 0xe, 0xc1, 0x0,
    0xc5, 0x45, 0x40, 0x1f, 0x70, 0x8, 0x7, 0x38,
    0x6, 0x2c, 0x2c, 0x10, 0xf, 0xe1, 0x0, 0xcc,
    0x24, 0x0, 0x4c, 0x5c, 0x10, 0xf, 0xda, 0x15,
    0x75, 0x4c, 0x90, 0xb0, 0x7a, 0x8b, 0x10, 0xf,
    0xe5, 0x60, 0x45, 0x51, 0x8c, 0x1d, 0x7f, 0x98,
    0x3, 0xff, 0x81, 0x3f, 0xbb, 0x77, 0x1c, 0x0,

    /* U+4E8C "二" */
    0x0, 0xff, 0xe8, 0x90, 0x91, 0xa2, 0xb3, 0xba,
    0x26, 0xaf, 0x7d, 0x40, 0x3f, 0x16, 0xf6, 0xe5,
    0xd4, 0xc4, 0x1d, 0x95, 0xc, 0xbc, 0x3, 0xf1,
    0x53, 0x3c, 0x4c, 0xaa, 0xf3, 0x7b, 0xfd, 0xdb,
    0x40, 0x1f, 0xcb, 0x30, 0xec, 0xc5, 0x43, 0x21,
    0x0, 0xff, 0xff, 0x80, 0x7f, 0xff, 0xc0, 0x3f,
    0xff, 0x82, 0x44, 0x34, 0x42, 0xb3, 0x22, 0x90,
    0x22, 0xa9, 0x79, 0x8d, 0xee, 0x7f, 0xdd, 0xba,
    0xcb, 0xb5, 0x4c, 0x9d, 0x6c, 0xad, 0x54, 0x86,
    0x7e, 0x44, 0x2b, 0x31, 0xe2, 0x13, 0x54, 0xbc,
    0xd2, 0x3f, 0xef, 0xfb, 0xb7, 0x59, 0x76, 0xa9,
    0x94, 0x3b, 0x99, 0x54, 0x86, 0x40,

    /* U+4E94 "五" */
    0x0, 0xff, 0xe1, 0x89, 0x1a, 0x3a, 0x80, 0x7c,
    0xcc, 0x78, 0x9a, 0xbc, 0xde, 0xff, 0x76, 0xe5,
    0xc5, 0x38, 0x7, 0xbe, 0x61, 0xd9, 0x18, 0x8,
    0x19, 0xe2, 0x6a, 0xf3, 0x5c, 0x3, 0xd3, 0xdf,
    0xf7, 0x6f, 0x82, 0x4c, 0x3b, 0x2a, 0x19, 0x0,
    0x7e, 0x10, 0xe, 0x50, 0xd0, 0xf, 0xfe, 0x57,
    0x81, 0x80, 0x7f, 0xf2, 0x94, 0x14, 0x3, 0xff,
    0x94, 0x40, 0x20, 0x1f, 0xfc, 0x91, 0x11, 0x91,
    0xd, 0x15, 0x98, 0x40, 0x1f, 0xd7, 0x9b, 0xdd,
    0x1, 0xee, 0xb2, 0xea, 0x65, 0xe0, 0x1f, 0xd0,
    0xee, 0x47, 0x30, 0x6a, 0xa5, 0xe6, 0x2c, 0x1c,
    0x3, 0xf8, 0xee, 0xa9, 0x2c, 0x16, 0xaa, 0x43,
    0x30, 0x0, 0xc0, 0x3f, 0xf8, 0x4e, 0x4, 0x1,
    0xc2, 0x1c, 0x1, 0xff, 0xc2, 0x23, 0x0, 0xf1,
    0x1, 0x0, 0x7f, 0xf0, 0x4c, 0x14, 0x3, 0xde,
    0x2, 0x1, 0xff, 0xc1, 0x60, 0xf0, 0xf, 0x10,
    0x30, 0x7, 0xff, 0x7, 0x41, 0x40, 0x3c, 0x20,
    0x40, 0x1f, 0xfc, 0x13, 0x3, 0x0, 0xf3, 0x0,
    0x7f, 0xf0, 0x4, 0x65, 0x13, 0x32, 0x21, 0x54,
    0xc6, 0x2f, 0x10, 0xba, 0xa, 0xff, 0xdd, 0xd0,
    0x8b, 0x31, 0x76, 0xaa, 0x48, 0x8a, 0x1d, 0xc8,
    0xb3, 0x4e, 0xcd, 0x3b, 0xa2, 0x29, 0x95, 0x52,
    0xed, 0x99, 0x6e, 0xbb, 0x9f, 0x20,

    /* U+4EF6 "件" */
    0x0, 0xff, 0xe2, 0x8, 0x7, 0xff, 0x19, 0xc8,
    0x3, 0x87, 0xac, 0x3, 0xff, 0x8b, 0x3a, 0x20,
    0x18, 0x4d, 0x0, 0x3f, 0xf8, 0x84, 0x23, 0x1,
    0x80, 0x7f, 0xf2, 0x6c, 0x24, 0x1, 0xf8, 0x1,
    0xff, 0xc7, 0x16, 0x17, 0x0, 0x9, 0x98, 0x3,
    0xff, 0x8d, 0x21, 0x0, 0x1, 0x22, 0x18, 0x7,
    0xff, 0x14, 0x9c, 0xd8, 0x0, 0xe0, 0xee, 0x82,
    0x9, 0xab, 0xdc, 0x20, 0xf, 0xd2, 0x1e, 0x1,
    0x50, 0x2c, 0x38, 0x82, 0x30, 0x3a, 0xb0, 0x7,
    0xca, 0x80, 0x40, 0x3, 0x35, 0x77, 0xf8, 0xc3,
    0x72, 0xea, 0x50, 0x3, 0xe8, 0x0, 0xe9, 0x45,
    0x10, 0xf, 0xfe, 0x24, 0x9a, 0x0, 0x44, 0x94,
    0x1, 0xff, 0xc5, 0x56, 0xa3, 0x0, 0xab, 0x4,
    0x3, 0xff, 0x88, 0x37, 0x48, 0x1, 0xa0, 0x80,
    0x3f, 0xc2, 0x22, 0x41, 0x0, 0x55, 0xa8, 0x8,
    0x1, 0xe2, 0x13, 0x2a, 0xbc, 0x30, 0xef, 0xf7,
    0x73, 0x6f, 0xc4, 0x25, 0x40, 0x39, 0x1d, 0xcc,
    0xc4, 0x51, 0x0, 0x2a, 0xcc, 0xf1, 0x10, 0x81,
    0x0, 0x78, 0xff, 0xf7, 0x73, 0x4c, 0x2e, 0xa9,
    0x30, 0xee, 0x60, 0xf, 0xff, 0xf8, 0x7, 0xff,
    0x0, 0xc0, 0x3f, 0xff, 0xe0, 0x1c, 0xc0, 0x1f,
    0xe1, 0x0, 0xff, 0xe1, 0xd8, 0x88, 0x3, 0xf3,
    0x10, 0x7, 0xf0,

    /* U+516B "八" */
    0x0, 0xff, 0x8b, 0x2c, 0xc0, 0x3f, 0xf9, 0x45,
    0x29, 0x0, 0x1f, 0xfc, 0xb5, 0x24, 0x0, 0xff,
    0xe3, 0x88, 0x6, 0x50, 0x40, 0xf, 0xfe, 0x29,
    0xf3, 0x80, 0x56, 0x1a, 0x1, 0xff, 0xc5, 0x70,
    0xa0, 0x8, 0xc5, 0xc0, 0x3f, 0xf8, 0xa6, 0x8,
    0x1, 0x9c, 0x54, 0x3, 0xff, 0x89, 0xa1, 0x80,
    0x1a, 0x83, 0x80, 0x3f, 0xf8, 0x88, 0xa, 0x1,
    0x8c, 0x90, 0x80, 0x3f, 0xf8, 0x48, 0x28, 0x1,
    0xeb, 0xb, 0x0, 0xff, 0xe1, 0x68, 0x70, 0x7,
    0x98, 0x58, 0x80, 0x3f, 0xf8, 0x2e, 0x2a, 0x1,
    0xf4, 0x84, 0x0, 0x7f, 0xf0, 0x14, 0x58, 0x3,
    0xf3, 0x8a, 0xa0, 0x7, 0xfd, 0x1, 0x20, 0x1f,
    0xd0, 0x12, 0x1, 0xfe, 0x52, 0x71, 0x0, 0xfe,
    0x63, 0x29, 0x0, 0xfe, 0xb2, 0x80, 0xf, 0xfb,
    0x81, 0x94, 0x3, 0xe9, 0x1e, 0x0, 0xff, 0xe0,
    0x14, 0x85, 0x20, 0x7, 0x2b, 0x49, 0x80, 0x7f,
    0xf0, 0x59, 0x81, 0x68, 0x1, 0x1d, 0x43, 0x0,
    0x7f, 0xf0, 0xe5, 0x2, 0xd8, 0xb, 0x65, 0xc0,
    0x3f, 0xf8, 0xb6, 0x81, 0x2f, 0x7a, 0xc0, 0x1f,
    0xfc, 0x7b, 0x74, 0x60,

    /* U+516D "六" */
    0x0, 0xff, 0x8c, 0x3, 0xff, 0x96, 0x39, 0xc4,
    0x1, 0xff, 0xc9, 0x14, 0x16, 0x0, 0xff, 0xfe,
    0x8, 0x7, 0xff, 0x8c, 0x48, 0x40, 0xd9, 0xdd,
    0x13, 0x57, 0x9c, 0xc0, 0xd, 0xcc, 0x6f, 0x7f,
    0xdd, 0xa8, 0x11, 0x31, 0x7, 0x65, 0x43, 0x18,
    0x0, 0x29, 0x9c, 0x4, 0x68, 0xac, 0xc7, 0x89,
    0xab, 0xb6, 0x6f, 0x7f, 0xb8, 0x1, 0x1f, 0xee,
    0xe6, 0xe5, 0xd4, 0xca, 0x1d, 0x95, 0x10, 0x64,
    0x20, 0x1f, 0xfd, 0x82, 0x80, 0xf, 0x20, 0x80,
    0x7f, 0xf0, 0xdd, 0xd2, 0x1, 0x8e, 0xf0, 0x40,
    0x3f, 0xf8, 0x50, 0x6, 0x1, 0x8d, 0x4b, 0x4,
    0x3, 0xff, 0x81, 0x4, 0x36, 0x1, 0xd4, 0x85,
    0xa0, 0x1f, 0xf1, 0xb8, 0x68, 0x80, 0x7a, 0x88,
    0xec, 0x3, 0xfd, 0xc1, 0x26, 0x1, 0xf0, 0xf8,
    0xa5, 0x0, 0x7e, 0x92, 0x76, 0x0, 0xfe, 0x2a,
    0x5, 0x70, 0xf, 0x33, 0x1e, 0x0, 0x3f, 0xe4,
    0x80, 0x85, 0x0, 0xc9, 0x2d, 0x0, 0x1f, 0xfc,
    0x17, 0x50, 0xa2, 0x0, 0x15, 0x44, 0x80, 0x7f,
    0xf0, 0xe8, 0x80, 0x32, 0xd3, 0x80, 0x7f, 0xf1,
    0x73, 0x48, 0x0,

    /* U+5341 "十" */
    0x0, 0xff, 0xa1, 0x40, 0x3f, 0xf9, 0x67, 0x46,
    0x1, 0xff, 0xca, 0x10, 0x70, 0xf, 0xff, 0xf8,
    0x7, 0xff, 0xfc, 0x3, 0xff, 0x98, 0x26, 0x8a,
    0xce, 0xe8, 0xac, 0x50, 0x19, 0x89, 0xab, 0xb6,
    0x6f, 0x7a, 0x85, 0x65, 0xd4, 0xc4, 0x1d, 0x4e,
    0x80, 0x55, 0xd9, 0x51, 0x4, 0x67, 0x8, 0x2b,
    0xc4, 0xd5, 0xdb, 0x37, 0xbc, 0x1, 0x98, 0xde,
    0xff, 0x77, 0x37, 0x10, 0x3a, 0x1d, 0x95, 0x10,
    0x64, 0x20, 0x18, 0xc8, 0x40, 0x3f, 0xff, 0xe0,
    0x1f, 0xff, 0xf0, 0xf, 0xff, 0x60, 0x80, 0x7f,
    0xf3, 0x18, 0x3, 0xff, 0x99, 0x2, 0xe0, 0x1f,
    0xf0,

    /* U+56DB "四" */
    0x13, 0x0, 0xe1, 0x11, 0x1a, 0x2b, 0x3c, 0x4d,
    0x5e, 0x6c, 0x80, 0x33, 0xb7, 0xbf, 0xdd, 0xcd,
    0xcb, 0xa9, 0x87, 0x65, 0x50, 0x93, 0x8, 0xe6,
    0x46, 0x77, 0x1, 0xd5, 0xa0, 0x67, 0xfd, 0xda,
    0x42, 0x20, 0x20, 0xba, 0x98, 0xb0, 0x55, 0x20,
    0x81, 0x0, 0x71, 0x98, 0x0, 0xe0, 0x1c, 0xe0,
    0x20, 0x1f, 0xe1, 0x10, 0x0, 0x40, 0x38, 0x83,
    0x40, 0x2, 0x1, 0xf9, 0xc0, 0x30, 0x80, 0x5e,
    0xe, 0x1, 0xfc, 0x20, 0x20, 0x3, 0x3, 0x0,
    0x90, 0x48, 0x3, 0xf8, 0xc0, 0xc0, 0x2, 0x2,
    0x0, 0x32, 0x60, 0x8, 0x82, 0xde, 0x2e, 0xce,
    0x2, 0x0, 0xf0, 0x70, 0x4, 0x8c, 0x80, 0x54,
    0x2b, 0xe, 0x8d, 0x81, 0xe0, 0x1, 0x1, 0x5,
    0x55, 0x8, 0x4, 0x7d, 0xcd, 0xef, 0xdc, 0x1,
    0x0, 0x18, 0x19, 0xae, 0x50, 0x3, 0xc2, 0x42,
    0x0, 0x30, 0x30, 0x0, 0x87, 0x7e, 0xb0, 0x7,
    0xff, 0x0, 0x40, 0x40, 0xe, 0x1f, 0x86, 0x1,
    0xff, 0xc1, 0xe0, 0x70, 0x0, 0x87, 0x80, 0x7f,
    0x84, 0x44, 0x43, 0x20, 0x10, 0x1, 0x82, 0xde,
    0x63, 0x75, 0xdc, 0xff, 0xbb, 0x9b, 0xac, 0x40,
    0x90, 0x0, 0x81, 0x30, 0x80, 0xb2, 0xa2, 0xa9,
    0x98, 0xee, 0x88, 0x4c, 0xb8, 0x0, 0x20, 0xbb,
    0xac, 0xc5, 0xda, 0xaa, 0x99, 0x44, 0x1d, 0xcc,
    0xc5, 0x0, 0xc2, 0x1, 0xff, 0xc8, 0x1e, 0xa0,
    0xf, 0xfe, 0x38,

    /* U+606F "息" */
    0x0, 0xff, 0xec, 0x4e, 0x90, 0x7, 0xff, 0x24,
    0x58, 0xcc, 0x1, 0xff, 0xc9, 0xd1, 0xc1, 0x0,
    0xff, 0xe1, 0x8d, 0x31, 0xad, 0x9a, 0x5d, 0x5e,
    0x6e, 0xac, 0x40, 0x3f, 0x85, 0x27, 0x29, 0x1,
    0x5d, 0xf8, 0x10, 0x80, 0x3f, 0xc8, 0x19, 0xbd,
    0xfe, 0xed, 0xcb, 0xa6, 0x2, 0x0, 0xff, 0x18,
    0x8, 0x12, 0x21, 0x59, 0xe2, 0x54, 0x4, 0x3,
    0xfc, 0x21, 0xba, 0xcb, 0xb5, 0x4c, 0x32, 0x8,
    0x80, 0x3f, 0xef, 0x7, 0xbc, 0xde, 0xff, 0xbb,
    0x40, 0x80, 0x3f, 0xe2, 0xd, 0x43, 0x20, 0x23,
    0x44, 0x30, 0x38, 0x7, 0xfc, 0x21, 0x7d, 0xfe,
    0xed, 0xcb, 0xb4, 0x81, 0x0, 0x7f, 0xce, 0x5,
    0x32, 0xaa, 0x5e, 0x6f, 0x58, 0x70, 0x7, 0xfc,
    0x20, 0x8e, 0xca, 0xa4, 0x32, 0x10, 0x0, 0x80,
    0x7f, 0xc6, 0x6, 0xcc, 0x78, 0x84, 0xd5, 0x20,
    0x38, 0x3, 0xff, 0x82, 0x93, 0x28, 0x77, 0x91,
    0xc0, 0xc4, 0x3, 0xff, 0x80, 0x29, 0xdc, 0xd9,
    0xfe, 0xe6, 0xe6, 0x25, 0x4, 0x3, 0xe3, 0xa1,
    0xfe, 0x11, 0x3c, 0xd8, 0x80, 0x74, 0xfa, 0x0,
    0x7a, 0x54, 0x1a, 0x88, 0x16, 0x93, 0x4, 0x3,
    0x79, 0xdb, 0x0, 0x61, 0x56, 0x5, 0xa, 0x0,
    0x2c, 0x96, 0x0, 0x30, 0xb, 0xa, 0x5c, 0x2,
    0x90, 0xa0, 0x22, 0x30, 0x80, 0x19, 0xcc, 0x40,
    0x58, 0x7, 0xc6, 0x14, 0x9, 0xcc, 0xc0, 0x8,
    0x1a, 0x0, 0xa3, 0x84, 0x16, 0x4, 0xb, 0x40,
    0x42, 0x42, 0x40, 0x25, 0x52, 0x6a, 0x88, 0x6,
    0xa1, 0xa0, 0x1, 0xfa, 0x2, 0x9a, 0x80, 0x6a,
    0x72, 0xae, 0xdc, 0xba, 0x90, 0x45, 0x0, 0xee,
    0xd0, 0xf, 0x47, 0x4a, 0x81, 0x22, 0xa0, 0xaa,
    0x0, 0x60,

    /* U+6536 "收" */
    0x0, 0xfc, 0xa4, 0x1, 0xeb, 0x20, 0xf, 0xfe,
    0x2c, 0xe8, 0x7, 0xa, 0x60, 0x7, 0xff, 0x15,
    0x80, 0x3c, 0xa0, 0x40, 0x1f, 0xfc, 0x7, 0x60,
    0xf, 0xf6, 0x85, 0x0, 0x7f, 0xf0, 0x3e, 0x48,
    0x3, 0xf9, 0xc1, 0x80, 0x3f, 0xf8, 0x1e, 0x1,
    0xfe, 0x51, 0x60, 0xf, 0xfe, 0x67, 0x6, 0x22,
    0xb3, 0xc4, 0xe4, 0x0, 0x7c, 0x60, 0x1f, 0xa,
    0x5, 0x5d, 0x4c, 0x3b, 0x12, 0x10, 0x7, 0xff,
    0xa, 0x42, 0x2f, 0x37, 0x90, 0x2f, 0xb0, 0x80,
    0x3f, 0xf8, 0x4e, 0x1c, 0x86, 0x42, 0x80, 0x80,
    0x1f, 0xfc, 0x1, 0x0, 0x9c, 0x51, 0x80, 0x24,
    0x4, 0x0, 0xff, 0xe2, 0xc, 0xdc, 0x83, 0x80,
    0x34, 0x38, 0x3, 0xf7, 0x80, 0x80, 0x74, 0xba,
    0x92, 0x48, 0x83, 0x2, 0x80, 0x7f, 0xf1, 0x6,
    0x40, 0x10, 0x30, 0xe0, 0xe0, 0x1f, 0xfc, 0x13,
    0x60, 0x4, 0x80, 0x46, 0xcc, 0x90, 0x90, 0xf,
    0xf9, 0x2f, 0x8, 0x3, 0xe8, 0x11, 0x40, 0x80,
    0x7f, 0x8, 0x5a, 0xda, 0x0, 0x7c, 0x62, 0x1a,
    0x1, 0xfa, 0x39, 0x81, 0xb9, 0x0, 0x3f, 0x70,
    0x22, 0xb8, 0x7, 0xde, 0x27, 0x92, 0x0, 0x70,
    0xf, 0x41, 0xc5, 0x9c, 0x30, 0x7, 0x9f, 0xf0,
    0xc0, 0x3f, 0x95, 0xd9, 0xc3, 0x4a, 0x58, 0x3,
    0xff, 0x8a, 0x94, 0xd2, 0x0, 0x1f, 0x19, 0x70,
    0xf, 0xf8, 0x40, 0x24, 0xb8, 0x90, 0xc, 0x5a,
    0x11, 0x40, 0x1f, 0xe3, 0x0, 0x35, 0x5b, 0x80,
    0x78, 0xf0, 0x57, 0x44, 0x3, 0xf1, 0x10, 0xff,
    0xc8, 0x1, 0xf8, 0xf0, 0xdc, 0x40,

    /* U+6708 "月" */
    0x0, 0xff, 0xe6, 0x2f, 0x3b, 0x3c, 0x4d, 0x5e,
    0x6f, 0x71, 0xc0, 0x39, 0xc6, 0x26, 0x1d, 0x91,
    0x81, 0x94, 0x70, 0x3, 0x8c, 0xf, 0x7b, 0xfd,
    0xdb, 0x97, 0x40, 0x20, 0x1f, 0x39, 0x8, 0x7,
    0xff, 0x70, 0x44, 0x46, 0x80, 0x1f, 0xc9, 0xbd,
    0xfe, 0xee, 0x6e, 0x50, 0x7, 0xc6, 0x4, 0x8e,
    0xe8, 0x84, 0xca, 0xa8, 0x1, 0xf0, 0x82, 0x4c,
    0xa1, 0xdc, 0xcc, 0x54, 0x0, 0xf9, 0xc0, 0x40,
    0x3f, 0xc2, 0x1, 0xc4, 0x1e, 0x1, 0xff, 0xc4,
    0xe0, 0x1, 0x10, 0xd1, 0xa, 0xcf, 0x20, 0x1f,
    0x18, 0x46, 0xeb, 0x2e, 0xd5, 0x30, 0xe0, 0x1f,
    0x20, 0x4d, 0x5d, 0xb3, 0x75, 0xdf, 0xc0, 0x1e,
    0x40, 0x46, 0x54, 0x41, 0x91, 0x4, 0x4, 0x3,
    0xde, 0x1c, 0x1, 0xff, 0xc3, 0x34, 0x25, 0x0,
    0xff, 0xe1, 0xf8, 0x70, 0x7, 0xff, 0xd, 0xce,
    0xc, 0x3, 0xc4, 0x60, 0x19, 0xc0, 0xe1, 0xdc,
    0x1, 0xf1, 0x76, 0x20, 0x4, 0x5b, 0x10, 0x0,
    0xfe, 0xc1, 0xbe, 0x0, 0x4d, 0x38, 0x7, 0xf8,
    0x70, 0xc4, 0x1, 0x68, 0x1, 0xff, 0xc0, 0x1c,
    0x72, 0x80,

    /* U+6D88 "消" */
    0x0, 0xff, 0xe1, 0x13, 0x8, 0x7, 0xf9, 0x88,
    0x3, 0xfd, 0x34, 0x1, 0xfe, 0x8d, 0x50, 0xf,
    0xc4, 0xe, 0x1, 0xaa, 0x0, 0x37, 0x9d, 0x40,
    0x3, 0x1c, 0x3, 0xf8, 0x55, 0xc4, 0x2, 0x1c,
    0x57, 0xb0, 0x58, 0x70, 0x8, 0x40, 0x34, 0x84,
    0x88, 0x7, 0x52, 0xa1, 0x4a, 0xc2, 0x80, 0x78,
    0xde, 0x58, 0x3, 0xea, 0xd2, 0xa, 0x2b, 0x10,
    0xc, 0x3b, 0x2c, 0x1, 0x51, 0x80, 0x62, 0x0,
    0xb8, 0x50, 0x3, 0x5d, 0x30, 0x4, 0x2f, 0x90,
    0x1, 0xe5, 0x3f, 0x51, 0x0, 0x27, 0x8b, 0x30,
    0x40, 0x71, 0x1f, 0x4, 0x3, 0x57, 0xfd, 0xc2,
    0x77, 0x54, 0x99, 0x80, 0x3, 0x6e, 0x78, 0x1,
    0x88, 0x93, 0x57, 0x6c, 0xdd, 0x76, 0x7, 0x80,
    0x68, 0xaa, 0x0, 0x73, 0x31, 0x51, 0x6, 0x44,
    0x11, 0x0, 0x7c, 0xae, 0x6, 0x20, 0x6e, 0x88,
    0x56, 0x63, 0xba, 0x2c, 0x3, 0xf8, 0x78, 0x40,
    0x7, 0x76, 0xa9, 0x94, 0x41, 0x9c, 0x3, 0xfa,
    0xd4, 0x2, 0x4d, 0xd7, 0x7f, 0xee, 0xc0, 0xf,
    0xca, 0xa9, 0x0, 0x84, 0x88, 0x20, 0x1c, 0x60,
    0x1f, 0xd, 0xb8, 0x80, 0x4c, 0xac, 0xee, 0x88,
    0x4d, 0x50, 0x3, 0xea, 0x8, 0x0, 0xc7, 0x53,
    0x10, 0x66, 0x23, 0xb8, 0x3c, 0x3, 0x3a, 0x40,
    0x7, 0x27, 0x7f, 0xdd, 0xcd, 0xd8, 0x3, 0x92,
    0x9, 0x80, 0x38, 0x44, 0x1, 0xff, 0xc0, 0x1a,
    0xe, 0x0, 0xff, 0xe3, 0x97, 0x8a, 0x98, 0x7,
    0x8, 0x7, 0xa2, 0xd4, 0x3, 0x14, 0x35, 0x80,
    0x7f, 0xf0, 0x63, 0x6b, 0x80, 0x40, 0xd, 0x22,
    0x1, 0xe2, 0x30, 0xf, 0x36, 0xa8, 0xd0, 0x7,
    0xfd, 0xb2, 0x1, 0xf1, 0x57, 0x18, 0x0,

    /* U+7BB1 "箱" */
    0x0, 0xff, 0xe9, 0xb8, 0x7, 0xe6, 0xc1, 0x0,
    0xff, 0xe0, 0x14, 0x58, 0x7, 0xda, 0x6e, 0x1,
    0xff, 0xc0, 0xb0, 0x20, 0xf, 0x12, 0xb, 0x9,
    0x1a, 0xba, 0x0, 0x71, 0x30, 0x2, 0x6f, 0x3b,
    0x87, 0x20, 0x3f, 0xdb, 0x95, 0x14, 0x1, 0xde,
    0x4, 0xe8, 0xc, 0xc9, 0x54, 0x38, 0x32, 0xbd,
    0xef, 0xe0, 0xd, 0x25, 0x3a, 0x85, 0xd5, 0xf,
    0x65, 0x8f, 0x45, 0x6, 0x20, 0x1c, 0xad, 0xc,
    0x14, 0xb4, 0xe1, 0x21, 0x80, 0x6, 0xa3, 0xc0,
    0xe, 0x4a, 0xa3, 0x81, 0x9a, 0x9c, 0x51, 0x70,
    0x40, 0x25, 0xc7, 0x0, 0xc3, 0xfa, 0xa0, 0x5,
    0xc3, 0x86, 0x66, 0x90, 0x7, 0x1d, 0x88, 0x4,
    0x36, 0x40, 0x11, 0x80, 0x62, 0x3c, 0xdd, 0xbb,
    0xfd, 0xdc, 0x40, 0xf, 0xfe, 0x11, 0x0, 0x16,
    0xa2, 0xae, 0x0, 0x40, 0x22, 0x87, 0x89, 0x90,
    0x76, 0xfd, 0x80, 0x12, 0x1d, 0x95, 0xc, 0x4,
    0x2, 0x23, 0x86, 0x43, 0x6, 0x47, 0xc0, 0x13,
    0x0, 0x84, 0x88, 0x1, 0xeb, 0xfe, 0xf0, 0x4,
    0x4c, 0x38, 0x1, 0x7f, 0xee, 0xd9, 0x7, 0x0,
    0xfa, 0x40, 0x1b, 0x0, 0x18, 0xea, 0x97, 0x98,
    0x80, 0x10, 0xf, 0x2a, 0x30, 0x2b, 0xe0, 0x81,
    0xb2, 0xa9, 0xc, 0xc2, 0x1, 0xf0, 0xda, 0xe0,
    0x44, 0x9e, 0x0, 0x4, 0x4, 0x88, 0x7e, 0x6,
    0x1, 0xda, 0x54, 0x1, 0x35, 0xb8, 0x1, 0x3f,
    0xb7, 0x58, 0xc0, 0x1e, 0x90, 0xd0, 0xe, 0x4a,
    0x0, 0x1d, 0xe6, 0x37, 0x9c, 0x4, 0x2, 0x75,
    0xd1, 0x0, 0xfc, 0x2e, 0x86, 0x62, 0x1f, 0x0,
    0xcd, 0xd8, 0x20, 0x1f, 0xe7, 0x0, 0xef, 0x0,
    0xcf, 0x20, 0x1f, 0xfc, 0x3, 0xee, 0x7f, 0xce,
    0xc, 0x0, 0x10, 0xe, 0x30, 0xf, 0x8, 0x9a,
    0x62, 0x66, 0xa4, 0x0, 0xfc, 0x42, 0x20, 0xc,
    0x8b, 0xe, 0xe6, 0x69, 0x48, 0x0,

    /* U+FF01 "！" */
    0x3, 0x20, 0x6, 0xe9, 0x0, 0xc1, 0xc0, 0x40,
    0x38, 0x40, 0x23, 0x0, 0xf8, 0x41, 0xc0, 0x3f,
    0xf8, 0x2, 0x0, 0x10, 0xc, 0x60, 0x1e, 0x88,
    0x0, 0x9, 0x40, 0x17, 0x40, 0x88, 0x56, 0x52,
    0x2, 0x1d, 0xe4,

    /* U+FF08 "（" */
    0x0, 0xe1, 0x0, 0xe5, 0xf0, 0xc, 0x75, 0x60,
    0x1b, 0x95, 0x40, 0x14, 0x14, 0x0, 0x42, 0xea,
    0x40, 0x13, 0x7, 0x0, 0x69, 0x14, 0x0, 0x8c,
    0x50, 0x3, 0x20, 0x68, 0x6, 0xd0, 0x20, 0xc,
    0xc0, 0xc0, 0x18, 0x40, 0x40, 0x3f, 0xe1, 0x1,
    0x0, 0xca, 0xc, 0x1, 0xbc, 0x8, 0x3, 0x20,
    0x60, 0x6, 0x22, 0x20, 0x7, 0x58, 0x28, 0x6,
    0x61, 0xe0, 0xe, 0x84, 0x30, 0xc, 0xc7, 0xe0,
    0x1d, 0xa4, 0xe0, 0x18, 0x72, 0x80,

    /* U+FF09 "）" */
    0x1, 0x0, 0xf7, 0xa0, 0x7, 0x5d, 0x8c, 0x3,
    0x2a, 0xb8, 0x3, 0xa0, 0xa0, 0x3, 0x12, 0xb8,
    0x80, 0x6e, 0x6, 0x0, 0xc8, 0x32, 0x1, 0xc8,
    0x26, 0x1, 0xb4, 0x10, 0x3, 0x10, 0x68, 0x6,
    0x60, 0x60, 0xc, 0x20, 0x20, 0x1f, 0xf0, 0x80,
    0x80, 0x66, 0x5, 0x0, 0xda, 0x1e, 0x1, 0x8c,
    0x10, 0x3, 0x21, 0x10, 0x2, 0x50, 0xb0, 0xd,
    0xc2, 0xc0, 0x11, 0xa4, 0x0, 0x6f, 0x36, 0x0,
    0x9c, 0xb4, 0x3, 0x56, 0x8, 0x4,

    /* U+FF0C "，" */
    0x2, 0x83, 0x0, 0x73, 0xe0, 0x82, 0x80, 0x8,
    0x24, 0xc4, 0xc1, 0x4e, 0xc0, 0xa2, 0xd4, 0x0,

    /* U+FF1A "：" */
    0x4b, 0x50, 0xf4, 0xa0, 0xe0, 0x20, 0x5e, 0xd0,
    0x0, 0x80, 0x7f, 0xf2, 0x92, 0xd4, 0x3d, 0x28,
    0x38, 0x8, 0x17, 0xb4, 0x0,

    /* U+FF1B "；" */
    0x4, 0xb5, 0x0, 0x7a, 0x50, 0x3, 0x80, 0x80,
    0xb, 0xda, 0x1, 0x8, 0x7, 0xff, 0x41, 0xfe,
    0x0, 0x18, 0xe, 0x0, 0xa3, 0x20, 0x1, 0x13,
    0x80, 0x7f, 0x4c, 0x0,

    /* U+FF1F "？" */
    0x0, 0xf0, 0x88, 0x3, 0xe4, 0xbf, 0xee, 0x7d,
    0x90, 0x5, 0x76, 0x44, 0x3b, 0x91, 0x1a, 0x41,
    0x68, 0x8e, 0xb8, 0x85, 0xa8, 0x5c, 0x22, 0xd8,
    0x80, 0x6e, 0x2, 0x50, 0xb0, 0xf, 0x8, 0xf,
    0xd8, 0x80, 0x7b, 0xc3, 0xc9, 0x0, 0x3c, 0xaa,
    0x25, 0x0, 0xf9, 0xa8, 0x7c, 0x3, 0xe7, 0x93,
    0xf2, 0x0, 0xf3, 0xc2, 0x60, 0x80, 0x78, 0xe1,
    0x2c, 0x3, 0xf5, 0x84, 0x0, 0x7f, 0x10, 0x10,
    0x7, 0xfc, 0x40, 0x1f, 0xd2, 0xe2, 0x1, 0xfc,
    0x70, 0x40, 0x1f, 0xd3, 0x64, 0x1, 0xf8, 0x59,
    0x20, 0x3, 0xf0, 0xa0, 0x10, 0x7, 0xf5, 0xf4,
    0x0, 0x70
};


/*---------------------
 *  GLYPH DESCRIPTION
 *--------------------*/

static const lv_font_fmt_txt_glyph_dsc_t glyph_dsc[] = {
    {.bitmap_index = 0, .adv_w = 0, .box_w = 0, .box_h = 0, .ofs_x = 0, .ofs_y = 0} /* id = 0 reserved */,
    {.bitmap_index = 0, .adv_w = 116, .box_w = 0, .box_h = 0, .ofs_x = 0, .ofs_y = 0},
    {.bitmap_index = 0, .adv_w = 116, .box_w = 5, .box_h = 20, .ofs_x = 1, .ofs_y = 0},
    {.bitmap_index = 42, .adv_w = 169, .box_w = 8, .box_h = 8, .ofs_x = 1, .ofs_y = 12},
    {.bitmap_index = 68, .adv_w = 304, .box_w = 19, .box_h = 20, .ofs_x = 0, .ofs_y = 0},
    {.bitmap_index = 198, .adv_w = 268, .box_w = 15, .box_h = 26, .ofs_x = 1, .ofs_y = -3},
    {.bitmap_index = 335, .adv_w = 364, .box_w = 21, .box_h = 20, .ofs_x = 1, .ofs_y = 0},
    {.bitmap_index = 512, .adv_w = 296, .box_w = 18, .box_h = 21, .ofs_x = 1, .ofs_y = -1},
    {.bitmap_index = 672, .adv_w = 91, .box_w = 3, .box_h = 8, .ofs_x = 1, .ofs_y = 12},
    {.bitmap_index = 682, .adv_w = 146, .box_w = 7, .box_h = 26, .ofs_x = 2, .ofs_y = -5},
    {.bitmap_index = 763, .adv_w = 146, .box_w = 7, .box_h = 26, .ofs_x = 0, .ofs_y = -5},
    {.bitmap_index = 842, .adv_w = 173, .box_w = 11, .box_h = 11, .ofs_x = 0, .ofs_y = 10},
    {.bitmap_index = 894, .adv_w = 251, .box_w = 13, .box_h = 13, .ofs_x = 1, .ofs_y = 4},
    {.bitmap_index = 926, .adv_w = 98, .box_w = 4, .box_h = 8, .ofs_x = 1, .ofs_y = -4},
    {.bitmap_index = 943, .adv_w = 165, .box_w = 8, .box_h = 3, .ofs_x = 1, .ofs_y = 7},
    {.bitmap_index = 951, .adv_w = 98, .box_w = 4, .box_h = 4, .ofs_x = 1, .ofs_y = 0},
    {.bitmap_index = 959, .adv_w = 152, .box_w = 12, .box_h = 27, .ofs_x = -1, .ofs_y = -3},
    {.bitmap_index = 1062, .adv_w = 288, .box_w = 16, .box_h = 20, .ofs_x = 1, .ofs_y = 0},
    {.bitmap_index = 1196, .adv_w = 160, .box_w = 8, .box_h = 20, .ofs_x = 0, .ofs_y = 0},
    {.bitmap_index = 1213, .adv_w = 248, .box_w = 15, .box_h = 20, .ofs_x = 0, .ofs_y = 0},
    {.bitmap_index = 1321, .adv_w = 247, .box_w = 15, .box_h = 20, .ofs_x = 0, .ofs_y = 0},
    {.bitmap_index = 1428, .adv_w = 289, .box_w = 17, .box_h = 20, .ofs_x = 1, .ofs_y = 0},
    {.bitmap_index = 1524, .adv_w = 248, .box_w = 15, .box_h = 20, .ofs_x = 0, .ofs_y = 0},
    {.bitmap_index = 1635, .adv_w = 267, .box_w = 15, .box_h = 20, .ofs_x = 1, .ofs_y = 0},
    {.bitmap_index = 1764, .adv_w = 258, .box_w = 16, .box_h = 20, .ofs_x = 0, .ofs_y = 0},
    {.bitmap_index = 1863, .adv_w = 278, .box_w = 16, .box_h = 20, .ofs_x = 1, .ofs_y = 0},
    {.bitmap_index = 2007, .adv_w = 267, .box_w = 16, .box_h = 20, .ofs_x = 0, .ofs_y = 0},
    {.bitmap_index = 2142, .adv_w = 98, .box_w = 4, .box_h = 15, .ofs_x = 1, .ofs_y = 0},
    {.bitmap_index = 2163, .adv_w = 98, .box_w = 4, .box_h = 19, .ofs_x = 1, .ofs_y = -4},
    {.bitmap_index = 2192, .adv_w = 251, .box_w = 13, .box_h = 13, .ofs_x = 1, .ofs_y = 3},
    {.bitmap_index = 2259, .adv_w = 251, .box_w = 13, .box_h = 9, .ofs_x = 1, .ofs_y = 5},
    {.bitmap_index = 2285, .adv_w = 251, .box_w = 13, .box_h = 13, .ofs_x = 1, .ofs_y = 3},
    {.bitmap_index = 2353, .adv_w = 248, .box_w = 14, .box_h = 20, .ofs_x = 0, .ofs_y = 0},
    {.bitmap_index = 2450, .adv_w = 447, .box_w = 26, .box_h = 25, .ofs_x = 1, .ofs_y = -5},
    {.bitmap_index = 2716, .adv_w = 316, .box_w = 21, .box_h = 20, .ofs_x = -1, .ofs_y = 0},
    {.bitmap_index = 2857, .adv_w = 327, .box_w = 18, .box_h = 20, .ofs_x = 2, .ofs_y = 0},
    {.bitmap_index = 2969, .adv_w = 312, .box_w = 18, .box_h = 20, .ofs_x = 1, .ofs_y = 0},
    {.bitmap_index = 3101, .adv_w = 357, .box_w = 19, .box_h = 20, .ofs_x = 2, .ofs_y = 0},
    {.bitmap_index = 3215, .adv_w = 289, .box_w = 15, .box_h = 20, .ofs_x = 2, .ofs_y = 0},
    {.bitmap_index = 3260, .adv_w = 274, .box_w = 15, .box_h = 20, .ofs_x = 2, .ofs_y = 0},
    {.bitmap_index = 3298, .adv_w = 334, .box_w = 18, .box_h = 20, .ofs_x = 1, .ofs_y = 0},
    {.bitmap_index = 3434, .adv_w = 351, .box_w = 18, .box_h = 20, .ofs_x = 2, .ofs_y = 0},
    {.bitmap_index = 3467, .adv_w = 134, .box_w = 4, .box_h = 20, .ofs_x = 2, .ofs_y = 0},
    {.bitmap_index = 3473, .adv_w = 222, .box_w = 13, .box_h = 20, .ofs_x = -1, .ofs_y = 0},
    {.bitmap_index = 3527, .adv_w = 311, .box_w = 18, .box_h = 20, .ofs_x = 2, .ofs_y = 0},
    {.bitmap_index = 3646, .adv_w = 257, .box_w = 14, .box_h = 20, .ofs_x = 2, .ofs_y = 0},
    {.bitmap_index = 3671, .adv_w = 413, .box_w = 21, .box_h = 20, .ofs_x = 2, .ofs_y = 0},
    {.bitmap_index = 3800, .adv_w = 351, .box_w = 18, .box_h = 20, .ofs_x = 2, .ofs_y = 0},
    {.bitmap_index = 3903, .adv_w = 363, .box_w = 21, .box_h = 20, .ofs_x = 1, .ofs_y = 0},
    {.bitmap_index = 4067, .adv_w = 312, .box_w = 17, .box_h = 20, .ofs_x = 2, .ofs_y = 0},
    {.bitmap_index = 4150, .adv_w = 363, .box_w = 22, .box_h = 24, .ofs_x = 1, .ofs_y = -4},
    {.bitmap_index = 4353, .adv_w = 314, .box_w = 17, .box_h = 20, .ofs_x = 2, .ofs_y = 0},
    {.bitmap_index = 4463, .adv_w = 268, .box_w = 15, .box_h = 20, .ofs_x = 1, .ofs_y = 0},
    {.bitmap_index = 4589, .adv_w = 254, .box_w = 16, .box_h = 20, .ofs_x = 0, .ofs_y = 0},
    {.bitmap_index = 4621, .adv_w = 342, .box_w = 17, .box_h = 20, .ofs_x = 2, .ofs_y = 0},
    {.bitmap_index = 4696, .adv_w = 308, .box_w = 21, .box_h = 20, .ofs_x = -1, .ofs_y = 0},
    {.bitmap_index = 4842, .adv_w = 486, .box_w = 30, .box_h = 20, .ofs_x = 0, .ofs_y = 0},
    {.bitmap_index = 5075, .adv_w = 291, .box_w = 18, .box_h = 20, .ofs_x = 0, .ofs_y = 0},
    {.bitmap_index = 5215, .adv_w = 280, .box_w = 19, .box_h = 20, .ofs_x = -1, .ofs_y = 0},
    {.bitmap_index = 5317, .adv_w = 284, .box_w = 16, .box_h = 20, .ofs_x = 1, .ofs_y = 0},
    {.bitmap_index = 5411, .adv_w = 144, .box_w = 7, .box_h = 26, .ofs_x = 2, .ofs_y = -5},
    {.bitmap_index = 5435, .adv_w = 152, .box_w = 13, .box_h = 27, .ofs_x = -2, .ofs_y = -3},
    {.bitmap_index = 5538, .adv_w = 144, .box_w = 7, .box_h = 26, .ofs_x = 0, .ofs_y = -5},
    {.bitmap_index = 5562, .adv_w = 252, .box_w = 12, .box_h = 12, .ofs_x = 2, .ofs_y = 4},
    {.bitmap_index = 5622, .adv_w = 216, .box_w = 14, .box_h = 2, .ofs_x = 0, .ofs_y = -2},
    {.bitmap_index = 5630, .adv_w = 259, .box_w = 8, .box_h = 4, .ofs_x = 3, .ofs_y = 17},
    {.bitmap_index = 5645, .adv_w = 258, .box_w = 13, .box_h = 15, .ofs_x = 1, .ofs_y = 0},
    {.bitmap_index = 5734, .adv_w = 295, .box_w = 16, .box_h = 21, .ofs_x = 2, .ofs_y = 0},
    {.bitmap_index = 5838, .adv_w = 247, .box_w = 14, .box_h = 15, .ofs_x = 1, .ofs_y = 0},
    {.bitmap_index = 5925, .adv_w = 295, .box_w = 15, .box_h = 21, .ofs_x = 1, .ofs_y = 0},
    {.bitmap_index = 6027, .adv_w = 264, .box_w = 15, .box_h = 15, .ofs_x = 1, .ofs_y = 0},
    {.bitmap_index = 6118, .adv_w = 152, .box_w = 11, .box_h = 21, .ofs_x = 0, .ofs_y = 0},
    {.bitmap_index = 6170, .adv_w = 298, .box_w = 16, .box_h = 20, .ofs_x = 1, .ofs_y = -5},
    {.bitmap_index = 6305, .adv_w = 294, .box_w = 15, .box_h = 21, .ofs_x = 2, .ofs_y = 0},
    {.bitmap_index = 6364, .adv_w = 121, .box_w = 4, .box_h = 21, .ofs_x = 2, .ofs_y = 0},
    {.bitmap_index = 6380, .adv_w = 123, .box_w = 9, .box_h = 26, .ofs_x = -3, .ofs_y = -5},
    {.bitmap_index = 6428, .adv_w = 266, .box_w = 15, .box_h = 21, .ofs_x = 2, .ofs_y = 0},
    {.bitmap_index = 6510, .adv_w = 121, .box_w = 4, .box_h = 21, .ofs_x = 2, .ofs_y = 0},
    {.bitmap_index = 6517, .adv_w = 457, .box_w = 25, .box_h = 15, .ofs_x = 2, .ofs_y = 0},
    {.bitmap_index = 6606, .adv_w = 294, .box_w = 15, .box_h = 15, .ofs_x = 2, .ofs_y = 0},
    {.bitmap_index = 6657, .adv_w = 274, .box_w = 16, .box_h = 15, .ofs_x = 1, .ofs_y = 0},
    {.bitmap_index = 6760, .adv_w = 295, .box_w = 16, .box_h = 20, .ofs_x = 2, .ofs_y = -5},
    {.bitmap_index = 6865, .adv_w = 295, .box_w = 15, .box_h = 20, .ofs_x = 1, .ofs_y = -5},
    {.bitmap_index = 6968, .adv_w = 177, .box_w = 9, .box_h = 15, .ofs_x = 2, .ofs_y = 0},
    {.bitmap_index = 6998, .adv_w = 216, .box_w = 13, .box_h = 15, .ofs_x = 0, .ofs_y = 0},
    {.bitmap_index = 7088, .adv_w = 179, .box_w = 11, .box_h = 19, .ofs_x = 0, .ofs_y = 0},
    {.bitmap_index = 7141, .adv_w = 292, .box_w = 14, .box_h = 15, .ofs_x = 2, .ofs_y = 0},
    {.bitmap_index = 7190, .adv_w = 241, .box_w = 17, .box_h = 15, .ofs_x = -1, .ofs_y = 0},
    {.bitmap_index = 7286, .adv_w = 388, .box_w = 25, .box_h = 15, .ofs_x = 0, .ofs_y = 0},
    {.bitmap_index = 7441, .adv_w = 238, .box_w = 15, .box_h = 15, .ofs_x = 0, .ofs_y = 0},
    {.bitmap_index = 7533, .adv_w = 241, .box_w = 17, .box_h = 20, .ofs_x = -1, .ofs_y = -5},
    {.bitmap_index = 7659, .adv_w = 225, .box_w = 13, .box_h = 15, .ofs_x = 1, .ofs_y = 0},
    {.bitmap_index = 7723, .adv_w = 152, .box_w = 8, .box_h = 26, .ofs_x = 1, .ofs_y = -5},
    {.bitmap_index = 7779, .adv_w = 129, .box_w = 4, .box_h = 26, .ofs_x = 2, .ofs_y = -5},
    {.bitmap_index = 7788, .adv_w = 152, .box_w = 8, .box_h = 26, .ofs_x = 0, .ofs_y = -5},
    {.bitmap_index = 7845, .adv_w = 251, .box_w = 14, .box_h = 5, .ofs_x = 1, .ofs_y = 8},
    {.bitmap_index = 7879, .adv_w = 181, .box_w = 10, .box_h = 10, .ofs_x = 1, .ofs_y = 11},
    {.bitmap_index = 7925, .adv_w = 151, .box_w = 6, .box_h = 6, .ofs_x = 2, .ofs_y = 7},
    {.bitmap_index = 7942, .adv_w = 432, .box_w = 27, .box_h = 2, .ofs_x = 0, .ofs_y = 9},
    {.bitmap_index = 7951, .adv_w = 151, .box_w = 4, .box_h = 6, .ofs_x = 3, .ofs_y = 16},
    {.bitmap_index = 7963, .adv_w = 151, .box_w = 5, .box_h = 6, .ofs_x = 2, .ofs_y = 16},
    {.bitmap_index = 7979, .adv_w = 151, .box_w = 8, .box_h = 6, .ofs_x = 1, .ofs_y = 17},
    {.bitmap_index = 8003, .adv_w = 151, .box_w = 7, .box_h = 6, .ofs_x = 1, .ofs_y = 16},
    {.bitmap_index = 8025, .adv_w = 432, .box_w = 21, .box_h = 3, .ofs_x = 3, .ofs_y = 9},
    {.bitmap_index = 8049, .adv_w = 432, .box_w = 7, .box_h = 6, .ofs_x = 1, .ofs_y = -2},
    {.bitmap_index = 8068, .adv_w = 432, .box_w = 8, .box_h = 8, .ofs_x = 2, .ofs_y = -2},
    {.bitmap_index = 8098, .adv_w = 432, .box_w = 25, .box_h = 4, .ofs_x = 1, .ofs_y = 8},
    {.bitmap_index = 8144, .adv_w = 432, .box_w = 25, .box_h = 23, .ofs_x = 1, .ofs_y = -2},
    {.bitmap_index = 8268, .adv_w = 432, .box_w = 25, .box_h = 19, .ofs_x = 1, .ofs_y = 0},
    {.bitmap_index = 8400, .adv_w = 432, .box_w = 25, .box_h = 24, .ofs_x = 1, .ofs_y = -2},
    {.bitmap_index = 8584, .adv_w = 432, .box_w = 25, .box_h = 17, .ofs_x = 1, .ofs_y = 1},
    {.bitmap_index = 8678, .adv_w = 432, .box_w = 25, .box_h = 21, .ofs_x = 1, .ofs_y = -1},
    {.bitmap_index = 8860, .adv_w = 432, .box_w = 27, .box_h = 25, .ofs_x = 0, .ofs_y = -2},
    {.bitmap_index = 9039, .adv_w = 432, .box_w = 26, .box_h = 21, .ofs_x = 1, .ofs_y = -1},
    {.bitmap_index = 9195, .adv_w = 432, .box_w = 25, .box_h = 23, .ofs_x = 1, .ofs_y = -1},
    {.bitmap_index = 9350, .adv_w = 432, .box_w = 25, .box_h = 24, .ofs_x = 1, .ofs_y = -2},
    {.bitmap_index = 9439, .adv_w = 432, .box_w = 23, .box_h = 20, .ofs_x = 2, .ofs_y = -2},
    {.bitmap_index = 9634, .adv_w = 432, .box_w = 25, .box_h = 25, .ofs_x = 1, .ofs_y = -2},
    {.bitmap_index = 9868, .adv_w = 432, .box_w = 27, .box_h = 24, .ofs_x = 0, .ofs_y = -2},
    {.bitmap_index = 10082, .adv_w = 432, .box_w = 19, .box_h = 24, .ofs_x = 2, .ofs_y = -3},
    {.bitmap_index = 10236, .adv_w = 432, .box_w = 24, .box_h = 25, .ofs_x = 1, .ofs_y = -3},
    {.bitmap_index = 10467, .adv_w = 432, .box_w = 25, .box_h = 25, .ofs_x = 1, .ofs_y = -2},
    {.bitmap_index = 10721, .adv_w = 432, .box_w = 4, .box_h = 21, .ofs_x = 4, .ofs_y = -1},
    {.bitmap_index = 10756, .adv_w = 432, .box_w = 7, .box_h = 25, .ofs_x = 19, .ofs_y = -2},
    {.bitmap_index = 10826, .adv_w = 432, .box_w = 7, .box_h = 25, .ofs_x = 1, .ofs_y = -2},
    {.bitmap_index = 10896, .adv_w = 432, .box_w = 5, .box_h = 6, .ofs_x = 2, .ofs_y = -2},
    {.bitmap_index = 10912, .adv_w = 432, .box_w = 4, .box_h = 14, .ofs_x = 5, .ofs_y = -1},
    {.bitmap_index = 10933, .adv_w = 432, .box_w = 5, .box_h = 15, .ofs_x = 4, .ofs_y = -2},
    {.bitmap_index = 10961, .adv_w = 432, .box_w = 12, .box_h = 21, .ofs_x = 2, .ofs_y = -1}
};

/*---------------------
 *  CHARACTER MAPPING
 *--------------------*/

static const uint16_t unicode_list_1[] = {
    0x0, 0x7, 0x1f64, 0x1f68, 0x1f69, 0x1f6c, 0x1f6d, 0x1f76,
    0x2f51, 0x2f52, 0x4d50, 0x4d53, 0x4d59, 0x4dad, 0x4ddc, 0x4de4,
    0x4e46, 0x50bb, 0x50bd, 0x5291, 0x562b, 0x5fbf, 0x6486, 0x6658,
    0x6cd8, 0x7b01, 0xfe51, 0xfe58, 0xfe59, 0xfe5c, 0xfe6a, 0xfe6b,
    0xfe6f
};

/*Collect the unicode lists and glyph_id offsets*/
static const lv_font_fmt_txt_cmap_t cmaps[] =
{
    {
        .range_start = 32, .range_length = 95, .glyph_id_start = 1,
        .unicode_list = NULL, .glyph_id_ofs_list = NULL, .list_length = 0, .type = LV_FONT_FMT_TXT_CMAP_FORMAT0_TINY
    },
    {
        .range_start = 176, .range_length = 65136, .glyph_id_start = 96,
        .unicode_list = unicode_list_1, .glyph_id_ofs_list = NULL, .list_length = 33, .type = LV_FONT_FMT_TXT_CMAP_SPARSE_TINY
    }
};

/*-----------------
 *    KERNING
 *----------------*/


/*Map glyph_ids to kern left classes*/
static const uint8_t kern_left_class_mapping[] =
{
    0, 0, 1, 2, 0, 3, 4, 5,
    2, 6, 7, 8, 9, 10, 9, 10,
    11, 12, 0, 13, 14, 15, 16, 17,
    18, 19, 12, 20, 20, 0, 0, 0,
    21, 22, 23, 24, 25, 22, 26, 27,
    28, 29, 29, 30, 31, 32, 29, 29,
    22, 33, 34, 35, 3, 36, 30, 37,
    37, 38, 39, 40, 41, 42, 43, 0,
    44, 0, 45, 46, 47, 48, 49, 50,
    51, 45, 52, 52, 53, 48, 45, 45,
    46, 46, 54, 55, 56, 57, 51, 58,
    58, 59, 58, 60, 41, 0, 0, 9,
    61, 0, 0, 0, 0, 0, 0, 0,
    0, 0, 0, 0, 0, 0, 0, 0,
    0, 0, 0, 0, 0, 0, 0, 0,
    0, 0, 0, 0, 0, 0, 0, 0,
    0
};

/*Map glyph_ids to kern right classes*/
static const uint8_t kern_right_class_mapping[] =
{
    0, 0, 1, 2, 0, 3, 4, 5,
    2, 6, 7, 8, 9, 10, 9, 10,
    11, 12, 13, 14, 15, 16, 17, 12,
    18, 19, 20, 21, 21, 0, 0, 0,
    22, 23, 24, 25, 23, 25, 25, 25,
    23, 25, 25, 26, 25, 25, 25, 25,
    23, 25, 23, 25, 3, 27, 28, 29,
    29, 30, 31, 32, 33, 34, 35, 0,
    36, 0, 37, 38, 39, 39, 39, 0,
    39, 38, 40, 41, 38, 38, 42, 42,
    39, 42, 39, 42, 43, 44, 45, 46,
    46, 47, 46, 48, 0, 0, 35, 9,
    49, 0, 0, 0, 0, 0, 0, 0,
    0, 0, 0, 0, 0, 0, 0, 0,
    0, 0, 0, 0, 0, 0, 0, 0,
    0, 0, 0, 0, 0, 0, 0, 0,
    0
};

/*Kern values between classes*/
static const int8_t kern_class_values[] =
{
    0, 1, 0, 0, 0, 0, 0, 0,
    0, 1, 0, 0, 4, 0, 0, 0,
    0, 3, 0, 0, 0, 0, 0, 0,
    0, 0, 0, 0, 0, 0, 0, 0,
    0, 0, 1, 0, 0, 0, 0, 0,
    0, 0, 0, 0, 0, 0, 0, 0,
    0, 1, 19, 0, 12, -10, 0, 0,
    0, 0, -24, -26, 3, 20, 10, 7,
    -17, 3, 21, 1, 18, 4, 14, 0,
    0, 0, 0, 0, 0, 0, 0, 0,
    0, 0, 26, 3, -3, 0, 0, 0,
    0, 0, 0, 0, 0, 0, 0, 0,
    0, 9, 0, -13, 0, 0, 0, 0,
    0, -9, 7, 9, 0, 0, -4, 0,
    -3, 4, 0, -4, 0, -4, -2, -9,
    0, 0, 0, 0, -4, 0, 0, -6,
    -6, 0, 0, -4, 0, -9, 0, 0,
    0, 0, 0, 0, 0, 0, 0, -4,
    -4, 0, -6, 0, -12, 0, -52, 0,
    0, -9, 0, 9, 13, 0, 0, -9,
    4, 4, 14, 9, -7, 9, 0, 0,
    -25, 0, 0, 0, 0, 0, 0, 0,
    0, 0, 0, 0, -16, 0, 0, 0,
    0, 0, 0, 0, 0, 0, 0, 0,
    0, 0, 0, -12, -5, -21, 0, -17,
    -3, 0, 0, 0, 0, 1, 17, 0,
    -13, -3, -1, 1, 0, -7, 0, 0,
    -3, -32, 0, 0, 0, 0, 0, 0,
    0, 0, 0, 0, 0, -35, -3, 16,
    0, 0, 0, 0, 0, 0, 0, 0,
    0, 0, 0, 0, -18, 0, 0, 0,
    0, 0, 0, 0, 0, 0, 0, 14,
    0, 4, 0, 0, -9, 0, 0, 0,
    0, 0, 0, 0, 0, 0, 0, 0,
    0, 0, 0, 0, 0, 0, 16, 3,
    1, 0, 0, 0, 0, 0, 0, 0,
    0, 0, 0, 0, 0, 0, 0, 0,
    0, 0, 0, 0, 0, 0, 0, 0,
    0, 0, 0, 0, 0, 0, 0, 0,
    0, 0, 0, 0, 0, 0, 0, 0,
    -16, 0, 0, 0, 0, 0, 0, 0,
    0, 0, 0, 0, 0, 0, 0, 0,
    0, 0, 0, 0, 0, 0, 0, 3,
    9, 4, 13, -4, 0, 0, 9, -4,
    -14, -59, 3, 12, 9, 1, -6, 0,
    16, 0, 14, 0, 14, 0, -40, 0,
    -5, 13, 0, 14, -4, 9, 4, 0,
    0, 1, -4, 0, 0, -7, 35, 0,
    35, 0, 13, 0, 18, 6, 7, 13,
    0, 0, 0, -16, 0, 0, 0, 0,
    1, -3, 0, 3, -8, -6, -9, 3,
    0, -4, 0, 0, 0, -17, 0, 0,
    0, 0, 0, 0, 0, 0, 0, 0,
    0, -28, 0, 0, 0, 0, 0, 0,
    0, 0, 0, 0, 0, 0, 0, 0,
    0, 1, -24, 0, -27, 0, 0, 0,
    0, -3, 0, 43, -5, -6, 4, 4,
    -4, 0, -6, 4, 0, 0, -23, 0,
    0, 0, 0, 0, 0, 0, 0, 0,
    0, 0, -42, 0, 4, 0, 0, 0,
    0, 0, 0, 0, 0, 0, 0, 0,
    0, -27, 0, 26, 0, 0, -16, 0,
    14, 0, -29, -42, -29, -9, 13, 0,
    0, -29, 0, 5, -10, 0, -6, 0,
    0, 0, 0, 0, 0, 0, 0, 0,
    0, 0, 0, 11, 13, -53, 0, 0,
    0, 0, 0, 0, 0, 0, 0, 0,
    0, 0, 20, 0, 3, 0, 0, 0,
    0, 0, 3, 3, -5, -9, 0, -1,
    -1, -4, 0, 0, -3, 0, 0, 0,
    -9, 0, -3, 0, -10, -9, 0, -11,
    -14, -14, -8, 0, -9, 0, -9, 0,
    0, 0, 0, -3, 0, 0, 4, 0,
    3, -4, 0, 1, 0, 0, 0, 4,
    -3, 0, 0, 0, -3, 4, 4, -1,
    0, 0, 0, -8, 0, -1, 0, 0,
    0, 0, 0, 1, 0, 6, -3, 0,
    -5, 0, -7, 0, 0, -3, 0, 13,
    0, 0, -4, 0, 0, 0, 0, 0,
    -1, 1, -3, -3, 0, 0, -4, 0,
    -4, 0, 0, 0, 0, 0, 0, 0,
    0, 0, -2, -2, 0, -4, -5, 0,
    0, 0, 0, 0, 1, 0, 0, -3,
    0, -4, -4, -4, 0, 0, 0, 0,
    0, 0, 0, 0, 0, -3, 0, 0,
    0, 0, -3, -6, 0, -6, 0, -13,
    -3, -13, 9, 0, 0, -9, 4, 9,
    12, 0, -11, -1, -5, 0, -1, -20,
    4, -3, 3, -23, 4, 0, 0, 1,
    -22, 0, -23, -3, -38, -3, 0, -22,
    0, 9, 12, 0, 6, 0, 0, 0,
    0, 1, 0, -8, -6, 0, -13, 0,
    0, 0, -4, 0, 0, 0, -4, 0,
    0, 0, 0, 0, -2, -2, 0, -2,
    -6, 0, 0, 0, 0, 0, 0, 0,
    -4, -4, 0, -3, -5, -3, 0, 0,
    -4, 0, 0, 0, 0, 0, 0, 0,
    0, 0, 0, 0, -3, -3, 0, -5,
    0, -3, 0, -9, 4, 0, 0, -5,
    2, 4, 4, 0, 0, 0, 0, 0,
    0, -3, 0, 0, 0, 0, 0, 3,
    0, 0, -4, 0, -4, -3, -5, 0,
    0, 0, 0, 0, 0, 0, 3, 0,
    -3, 0, 0, 0, 0, -5, -6, 0,
    -8, 0, 13, -3, 1, -14, 0, 0,
    12, -22, -22, -18, -9, 4, 0, -3,
    -28, -8, 0, -8, 0, -9, 6, -8,
    -28, 0, -12, 0, 0, 2, -1, 3,
    -3, 0, 4, 0, -13, -16, 0, -22,
    -10, -9, -10, -13, -5, -12, -1, -8,
    -12, 3, 0, 1, 0, -4, 0, 0,
    0, 3, 0, 4, 0, 0, 0, 0,
    0, 0, 0, 0, 0, 0, 0, -4,
    0, -2, 0, -1, -4, 0, -7, -10,
    -10, -1, 0, -13, 0, 0, 0, 0,
    0, 0, -3, 0, 0, 0, 0, 2,
    -3, 0, 0, 0, 4, 0, 0, 0,
    0, 0, 0, 0, 0, 21, 0, 0,
    0, 0, 0, 0, 3, 0, 0, 0,
    -4, 0, 0, 0, 0, 0, 0, 0,
    0, 0, 0, 0, -8, 0, 4, 0,
    0, 0, 0, 0, 0, 0, 0, 0,
    0, 0, 0, 0, -3, 0, 0, 0,
    -8, 0, 0, 0, 0, -22, -13, 0,
    0, 0, -6, -22, 0, 0, -4, 4,
    0, -12, 0, 0, 0, 0, 0, 0,
    0, 0, 0, 0, -7, 0, 0, -8,
    0, 0, 0, 0, 0, 0, 0, 0,
    0, 0, 0, 0, 4, 0, -8, 0,
    0, 0, 0, 5, 0, 3, -9, -9,
    0, -4, -4, -5, 0, 0, 0, 0,
    0, 0, -13, 0, -4, 0, -6, -4,
    0, -10, -11, -13, -3, 0, -9, 0,
    -13, 0, 0, 0, 0, 35, 0, 0,
    2, 0, 0, -6, 0, 4, 0, -19,
    0, 0, 0, 0, 0, -40, -8, 14,
    13, -3, -18, 0, 4, -6, 0, -22,
    -2, -6, 4, -30, -4, 6, 0, 6,
    -15, -6, -16, -14, -18, 0, 0, -26,
    0, 25, 0, 0, -2, 0, 0, 0,
    -2, -2, -4, -12, -14, -1, -40, 0,
    0, 0, 0, 0, 0, 0, 0, 0,
    1, 0, 0, 0, 0, 0, 0, 0,
    0, 0, 0, 0, 0, 0, 0, 0,
    0, -4, 0, -2, -4, -6, 0, 0,
    -9, 0, -4, 0, 0, 0, 0, 0,
    0, 0, 0, 0, 0, 0, 0, 0,
    0, 0, -1, 0, -9, 0, 0, 9,
    -1, 6, 0, -10, 4, -3, -1, -11,
    -4, 0, -6, -4, -3, 0, -6, -7,
    0, 0, -3, -1, -3, -7, -5, 0,
    0, -4, 0, 4, -3, 0, -10, 0,
    0, 0, -9, 0, -7, 0, -7, -7,
    4, 0, 0, 0, 0, 0, 0, 0,
    0, -9, 4, 0, -6, 0, -3, -5,
    -13, -3, -3, -3, -1, -3, -5, -1,
    0, 0, 0, 0, 0, -4, -3, -3,
    0, 0, 0, 0, 5, -3, 0, -3,
    0, 0, 0, -3, -5, -3, -4, -5,
    -4, 0, 3, 17, -1, 0, -12, 0,
    -3, 9, 0, -4, -18, -6, 6, 0,
    0, -20, -7, 4, -7, 3, 0, -3,
    -3, -14, 0, -6, 2, 0, 0, -7,
    0, 0, 0, 4, 4, -9, -8, 0,
    -7, -4, -6, -4, -4, 0, -7, 2,
    -8, -7, 13, 0, 0, 0, 0, 0,
    0, 0, 0, 0, 4, 0, 0, 0,
    0, 0, 0, 0, 0, 0, 0, 0,
    0, 0, 0, 0, 0, 0, 0, 0,
    0, 0, 0, 0, -7, 0, 0, 0,
    0, 0, 0, 0, 0, 0, 0, 0,
    0, 0, 0, 0, 0, 0, 0, 0,
    0, 0, 0, 0, 0, 0, 0, 0,
    0, 0, 0, 0, 0, 0, 0, 0,
    0, 0, 0, 0, 0, 0, 0, 0,
    -3, 0, 0, 0, 0, 0, 0, 0,
    0, 0, 0, 0, 0, 0, 0, 0,
    0, 0, 0, 0, 0, 0, 0, 0,
    0, 0, 0, 0, 0, 0, -3, -4,
    0, 0, 0, 0, 0, 0, 0, 0,
    0, 0, 0, 0, -6, 0, 0, -6,
    0, 0, -4, -4, 0, 0, 0, 0,
    -4, 0, 0, 0, 0, -2, 0, 0,
    0, 0, 0, -3, 0, 0, 0, 0,
    -6, 0, -9, 0, 0, 0, -14, 0,
    3, -10, 9, 1, -3, -20, 0, 0,
    -10, -4, 0, -17, -11, -12, 0, 0,
    -19, -4, -17, -16, -21, 0, -11, 0,
    3, 29, -6, 0, -10, -4, -1, -4,
    -7, -12, -8, -16, -18, -10, -4, 0,
    0, -3, 0, 1, 0, 0, -30, -4,
    13, 10, -10, -16, 0, 1, -13, 0,
    -22, -3, -4, 9, -40, -6, 1, 0,
    0, -28, -5, -22, -4, -32, 0, 0,
    -30, 0, 25, 1, 0, -3, 0, 0,
    0, 0, -2, -3, -16, -3, 0, -28,
    0, 0, 0, 0, -14, 0, -4, 0,
    -1, -12, -20, 0, 0, -2, -6, -13,
    -4, 0, -3, 0, 0, 0, 0, -19,
    -4, -14, -14, -3, -7, -11, -4, -7,
    0, -9, -4, -14, -6, 0, -5, -8,
    -4, -8, 0, 2, 0, -3, -14, 0,
    9, 0, -8, 0, 0, 0, 0, 5,
    0, 3, -9, 18, 0, -4, -4, -5,
    0, 0, 0, 0, 0, 0, -13, 0,
    -4, 0, -6, -4, 0, -10, -11, -13,
    -3, 0, -9, 3, 17, 0, 0, 0,
    0, 35, 0, 0, 2, 0, 0, -6,
    0, 4, 0, 0, 0, 0, 0, 0,
    0, 0, -1, 0, 0, 0, 0, 0,
    -3, -9, 0, 0, 0, 0, 0, -2,
    0, 0, 0, -4, -4, 0, 0, -9,
    -4, 0, 0, -9, 0, 7, -2, 0,
    0, 0, 0, 0, 0, 2, 0, 0,
    0, 0, 6, 9, 3, -4, 0, -14,
    -7, 0, 13, -14, -14, -9, -9, 17,
    8, 4, -38, -3, 9, -4, 0, -4,
    5, -4, -15, 0, -4, 4, -6, -3,
    -13, -3, 0, 0, 13, 9, 0, -12,
    0, -24, -6, 13, -6, -16, 1, -6,
    -14, -14, -4, 17, 4, 0, -6, 0,
    -12, 0, 3, 14, -10, -16, -17, -11,
    13, 0, 1, -32, -3, 4, -7, -3,
    -10, 0, -10, -16, -6, -6, -3, 0,
    0, -10, -9, -4, 0, 13, 10, -4,
    -24, 0, -24, -6, 0, -15, -25, -1,
    -14, -7, -14, -12, 12, 0, 0, -6,
    0, -9, -4, 0, -4, -8, 0, 7,
    -14, 4, 0, 0, -23, 0, -4, -10,
    -7, -3, -13, -11, -14, -10, 0, -13,
    -4, -10, -8, -13, -4, 0, 0, 1,
    20, -7, 0, -13, -4, 0, -4, -9,
    -10, -12, -12, -16, -6, -9, 9, 0,
    -6, 0, -22, -5, 3, 9, -14, -16,
    -9, -14, 14, -4, 2, -40, -8, 9,
    -10, -7, -16, 0, -13, -18, -5, -4,
    -3, -4, -9, -13, -1, 0, 0, 13,
    12, -3, -28, 0, -26, -10, 10, -16,
    -29, -9, -15, -18, -22, -14, 9, 0,
    0, 0, 0, -5, 0, 0, 4, -5,
    9, 3, -8, 9, 0, 0, -13, -1,
    0, -1, 0, 1, 1, -3, 0, 0,
    0, 0, 0, 0, -4, 0, 0, 0,
    0, 3, 13, 1, 0, -5, 0, 0,
    0, 0, -3, -3, -5, 0, 0, 0,
    1, 3, 0, 0, 0, 0, 3, 0,
    -3, 0, 16, 0, 8, 1, 1, -6,
    0, 9, 0, 0, 0, 3, 0, 0,
    0, 0, 0, 0, 0, 0, 0, 0,
    0, 13, 0, 12, 0, 0, 0, 0,
    0, 0, 0, 0, 0, 0, 0, 0,
    0, 0, -26, 0, -4, 7, 0, 13,
    0, 0, 43, 5, -9, -9, 4, 4,
    -3, 1, -22, 0, 0, 21, -26, 0,
    0, 0, 0, 0, 0, 0, 0, 0,
    0, 0, -29, 16, 60, 0, 0, 0,
    0, 0, 0, 0, 0, 0, 0, 0,
    0, -26, 0, 0, 0, 0, 0, 0,
    0, 0, 0, 0, 0, 0, 0, 0,
    0, 0, 0, 0, 0, 0, 0, 0,
    0, 0, 0, 0, -7, 0, 0, -8,
    -4, 0, 0, 0, 0, 0, 0, 0,
    0, 0, 0, 0, 0, 0, 0, 0,
    0, 0, 0, 0, -3, 0, -12, 0,
    0, 1, 0, 0, 4, 56, -9, -3,
    14, 12, -12, 4, 0, 0, 4, 4,
    -6, 0, 0, 0, 0, 0, 0, 0,
    0, 0, 0, 0, -56, 12, 0, 0,
    0, 0, 0, 0, 0, 0, 0, 0,
    0, 0, 0, 0, 0, 0, 0, -12,
    0, 0, 0, -12, 0, 0, 0, 0,
    -10, -2, 0, 0, 0, -10, 0, -5,
    0, -20, 0, 0, 0, 0, 0, 0,
    0, 0, 0, 0, 0, -29, 0, 0,
    0, 0, 1, 0, 0, 0, 0, 0,
    0, -4, 0, 0, -8, 0, -6, 0,
    -12, 0, 0, 0, -7, 4, -5, 0,
    0, -12, -4, -10, 0, 0, -12, 0,
    -4, 0, -20, 0, -5, 0, 0, -35,
    -8, -17, -5, -16, 0, 0, -29, 0,
    -12, -2, 0, 0, 0, 0, 0, 0,
    0, 0, -6, -8, -3, -7, 0, 0,
    0, 0, -10, 0, -10, 6, -5, 9,
    0, -3, -10, -3, -7, -8, 0, -5,
    -2, -3, 3, -12, -1, 0, 0, 0,
    -38, -3, -6, 0, -10, 0, -3, -20,
    -4, 0, 0, -3, -3, 0, 0, 0,
    0, 3, 0, -3, -7, -3, 7, 0,
    0, 0, 0, 0, 0, 0, 0, 0,
    0, 0, 0, 0, 0, 0, 0, 0,
    0, 0, 0, 0, 0, 0, 0, 0,
    0, 0, 0, 0, 0, 0, 0, 0,
    0, 0, 0, 0, 0, 0, 0, 0,
    0, 0, 6, 0, 0, 0, 0, 0,
    0, -10, 0, -3, 0, 0, 0, -9,
    4, 0, 0, 0, -12, -4, -9, 0,
    0, -12, 0, -4, 0, -20, 0, 0,
    0, 0, -42, 0, -9, -16, -22, 0,
    0, -29, 0, -3, -6, 0, 0, 0,
    0, 0, 0, 0, 0, -4, -6, -2,
    -6, 1, 0, 0, 7, -6, 0, 13,
    21, -4, -4, -13, 5, 21, 7, 10,
    -12, 5, 18, 5, 13, 10, 12, 0,
    0, 0, 0, 0, 0, 0, 0, 0,
    0, 0, 27, 20, -8, -4, 0, -3,
    35, 19, 35, 0, 0, 0, 4, 0,
    0, 16, 0, 0, -7, 0, 0, 0,
    0, 0, 0, 0, 0, 0, -3, 0,
    0, 0, 0, 0, 0, 0, 0, 6,
    0, 0, 0, 0, -36, -5, -3, -18,
    -21, 0, 0, -29, 0, 0, 0, 0,
    0, 0, 0, 0, 0, 0, 0, 0,
    0, 0, 0, 0, 0, -7, 0, 0,
    0, 0, 0, 0, 0, 0, 0, -3,
    0, 0, 0, 0, 0, 0, 0, 0,
    6, 0, 0, 0, 0, -36, -5, -3,
    -18, -21, 0, 0, -17, 0, 0, 0,
    0, 0, 0, 0, 0, 0, 0, 0,
    0, 0, 0, 0, 0, 0, 0, 0,
    -3, 0, 0, 0, -10, 4, 0, -4,
    3, 8, 4, -13, 0, -1, -3, 4,
    0, 3, 0, 0, 0, 0, -11, 0,
    -4, -3, -9, 0, -4, -17, 0, 27,
    -4, 0, -10, -3, 0, -3, -7, 0,
    -4, -12, -9, -5, 0, 0, 0, -7,
    0, 0, 0, 0, 0, 0, 0, 0,
    0, -3, 0, 0, 0, 0, 0, 0,
    0, 0, 6, 0, 0, 0, 0, -36,
    -5, -3, -18, -21, 0, 0, -29, 0,
    0, 0, 0, 0, 0, 22, 0, 0,
    0, 0, 0, 0, 0, 0, 0, 0,
    -7, 0, -14, -5, -4, 13, -4, -4,
    -17, 1, -3, 1, -3, -12, 1, 10,
    1, 3, 1, 3, -10, -17, -5, 0,
    -16, -8, -12, -18, -17, 0, -7, -9,
    -5, -6, -3, -3, -5, -3, 0, -3,
    -1, 6, 0, 6, -3, 0, 13, 0,
    0, 0, 0, 0, 0, 0, 0, 0,
    0, 0, 0, -3, -4, -4, 0, 0,
    -12, 0, -2, 0, -7, 0, 0, 0,
    0, 0, 0, 0, 0, 0, 0, 0,
    -26, 0, 0, 0, 0, 0, 0, 0,
    0, 0, 0, 0, -4, -4, 0, -6,
    0, 0, 0, 0, -3, 0, 0, -7,
    -4, 4, 0, -7, -8, -3, 0, -13,
    -3, -10, -3, -5, 0, -7, 0, 0,
    0, 0, 0, 0, 0, 0, 0, 0,
    0, -29, 0, 14, 0, 0, -8, 0,
    0, 0, 0, -6, 0, -4, 0, 0,
    -2, 0, 0, -3, 0, -10, 0, 0,
    18, -6, -14, -13, 3, 5, 5, -1,
    -12, 3, 6, 3, 13, 3, 14, -3,
    -12, 0, 0, -17, 0, 0, -13, -12,
    0, 0, -9, 0, -6, -7, 0, -6,
    0, -6, 0, -3, 6, 0, -3, -13,
    -4, 16, 0, 0, -4, 0, -9, 0,
    0, 6, -10, 0, 4, -4, 3, 0,
    0, -14, 0, -3, -1, 0, -4, 5,
    -3, 0, 0, 0, -18, -5, -10, 0,
    -13, 0, 0, -20, 0, 16, -4, 0,
    -8, 0, 3, 0, -4, 0, -4, -13,
    0, -4, 4, 0, 0, 0, 0, -3,
    0, 0, 4, -6, 1, 0, 0, -5,
    -3, 0, -5, 0, 0, 0, 0, 0,
    0, 0, 0, 0, 0, 0, 0, 0,
    0, 0, 0, 0, -27, 0, 10, 0,
    0, -3, 0, 0, 0, 0, 1, 0,
    -4, -4, 0, 0, 0, 9, 0, 10,
    0, 0, 0, 0, 0, -27, -25, 1,
    19, 13, 7, -17, 3, 18, 0, 16,
    0, 9, 0, 0, 0, 0, 0, 0,
    0, 0, 0, 0, 0, 23, 0, 0,
    0, 0, 0, 0, 0, 0, 0, 0,
    0, 0, 0, 0, 0
};


/*Collect the kern class' data in one place*/
static const lv_font_fmt_txt_kern_classes_t kern_classes =
{
    .class_pair_values   = kern_class_values,
    .left_class_mapping  = kern_left_class_mapping,
    .right_class_mapping = kern_right_class_mapping,
    .left_class_cnt      = 61,
    .right_class_cnt     = 49,
};

/*--------------------
 *  ALL CUSTOM DATA
 *--------------------*/

#if LVGL_VERSION_MAJOR == 8
/*Store all the custom data of the font*/
static  lv_font_fmt_txt_glyph_cache_t cache;
#endif

#if LVGL_VERSION_MAJOR >= 8
static const lv_font_fmt_txt_dsc_t font_dsc = {
#else
static lv_font_fmt_txt_dsc_t font_dsc = {
#endif
    .glyph_bitmap = glyph_bitmap,
    .glyph_dsc = glyph_dsc,
    .cmaps = cmaps,
    .kern_dsc = &kern_classes,
    .kern_scale = 16,
    .cmap_num = 2,
    .bpp = 4,
    .kern_classes = 1,
    .bitmap_format = 1,
#if LVGL_VERSION_MAJOR == 8
    .cache = &cache
#endif
};



/*-----------------
 *  PUBLIC FONT
 *----------------*/

/*Initialize a public general font descriptor*/
#if LVGL_VERSION_MAJOR >= 8
const lv_font_t lv_font_montserrat_lxgw_tghz_static_27_4 = {
#else
lv_font_t lv_font_montserrat_lxgw_tghz_static_27_4 = {
#endif
    .get_glyph_dsc = lv_font_get_glyph_dsc_fmt_txt,    /*Function pointer to get glyph's data*/
    .get_glyph_bitmap = lv_font_get_bitmap_fmt_txt,    /*Function pointer to get glyph's bitmap*/
    .line_height = 29,          /*The maximum line height required by the font*/
    .base_line = 5,             /*Baseline measured from the bottom of the line*/
#if !(LVGL_VERSION_MAJOR == 6 && LVGL_VERSION_MINOR == 0)
    .subpx = LV_FONT_SUBPX_NONE,
#endif
#if LV_VERSION_CHECK(7, 4, 0) || LVGL_VERSION_MAJOR >= 8
    .underline_position = -2,
    .underline_thickness = 1,
#endif
    .dsc = &font_dsc,          /*The custom font data. Will be accessed by `get_glyph_bitmap/dsc` */
#if LV_VERSION_CHECK(8, 2, 0) || LVGL_VERSION_MAJOR >= 9
    .fallback = NULL,
#endif
    .user_data = NULL,
};



#endif /*#if LV_FONT_MONTSERRAT_LXGW_TGHZ_STATIC_27_4*/

