/*******************************************************************************
 * LVGL compiled Chinese font: size=20, bpp=4
 * Generated by scripts/lvgl_fonts/build_lvgl_cfont.py.
 ******************************************************************************/

#ifdef LV_LVGL_H_INCLUDE_SIMPLE
#include "lvgl.h"
#else
#include "lvgl/lvgl.h"
#endif

#ifndef LV_FONT_MONTSERRAT_LXGW_MUSIC_UI_20_4
#define LV_FONT_MONTSERRAT_LXGW_MUSIC_UI_20_4 1
#endif

#if LV_FONT_MONTSERRAT_LXGW_MUSIC_UI_20_4

/*-----------------
 *    BITMAPS
 *----------------*/

/*Store the image of the glyphs*/
static LV_ATTRIBUTE_LARGE_CONST const uint8_t glyph_bitmap[] = {
    /* U+0020 " " */

    /* U+0021 "!" */
    0x6f, 0xc0, 0x8, 0xc1, 0xc4, 0x4, 0x2, 0x70,
    0x30, 0x8, 0x40, 0x40, 0x1e, 0x64, 0x22, 0xd6,
    0x19, 0x48, 0x6a, 0xd0, 0x70,

    /* U+0022 "\"" */
    0xbe, 0x1, 0xf8, 0x0, 0xf0, 0x98, 0x5, 0xe0,
    0x10, 0x80, 0x7e, 0xfa, 0x0, 0x3a, 0x0,

    /* U+0023 "#" */
    0x0, 0xcf, 0xe0, 0x12, 0x79, 0x0, 0x7b, 0x4c,
    0x2, 0x30, 0x20, 0xf, 0x33, 0x0, 0x2e, 0x20,
    0xd, 0xbf, 0xe3, 0x5f, 0xf9, 0x8b, 0xfd, 0x1,
    0x6e, 0xe0, 0x47, 0x78, 0x4d, 0xdd, 0x80, 0xd1,
    0x41, 0xf1, 0x10, 0xdc, 0x41, 0x0, 0x21, 0x6,
    0x0, 0xc4, 0x1, 0xe6, 0x3, 0x0, 0x10, 0x8,
    0x7, 0x88, 0x4, 0x0, 0xc0, 0xc0, 0x13, 0xff,
    0xa0, 0x3f, 0xeb, 0xd, 0xfe, 0x4, 0x77, 0x11,
    0x1d, 0xe3, 0x7, 0x74, 0x81, 0xc4, 0x1, 0x22,
    0x26, 0x38, 0x83, 0x80, 0x62, 0xe0, 0x9, 0x98,
    0x1, 0xe1, 0x2, 0x0, 0x88, 0x80, 0x18,

    /* U+0024 "$" */
    0x0, 0xe5, 0xf0, 0xf, 0xfe, 0xa3, 0xe5, 0x7,
    0xe4, 0x8, 0x0, 0x76, 0xc, 0x40, 0x8d, 0xf0,
    0x1, 0x24, 0x7d, 0x61, 0xbf, 0x36, 0x0, 0x40,
    0xf1, 0x0, 0xcc, 0xc0, 0xc, 0xc0, 0x1f, 0xd4,
    0x16, 0xe6, 0x1, 0xf3, 0x38, 0xc4, 0x84, 0xa0,
    0x7, 0x46, 0xc1, 0x83, 0x5f, 0x20, 0x6, 0x27,
    0x90, 0xb5, 0x1b, 0x20, 0xf, 0x92, 0x98, 0x14,
    0x4, 0x3, 0xef, 0xf, 0xd, 0x92, 0x0, 0xc5,
    0x61, 0x80, 0x6, 0xde, 0x80, 0xdd, 0x12, 0xa0,
    0x65, 0xa8, 0x10, 0x11, 0xcd, 0x0, 0x49, 0x5d,
    0x41, 0xf8, 0xc0, 0x1f, 0xfc, 0x77, 0x80, 0xe,

    /* U+0025 "%" */
    0x0, 0x4f, 0x72, 0x40, 0x3d, 0xb4, 0x1, 0xa9,
    0x2a, 0x89, 0x40, 0x1a, 0x4e, 0xc0, 0x21, 0x59,
    0x44, 0x4a, 0x88, 0x1, 0x1a, 0x84, 0x2, 0x20,
    0x50, 0x2, 0x81, 0x0, 0xd3, 0x20, 0x6, 0x10,
    0x20, 0x1, 0x1, 0x5, 0x9c, 0x80, 0x71, 0x1c,
    0x8, 0xa1, 0x5, 0x55, 0xc0, 0x1f, 0x6b, 0xf7,
    0x1e, 0x86, 0xdc, 0xab, 0xf9, 0xc0, 0x21, 0xce,
    0xe6, 0xd, 0x9c, 0x5b, 0xdd, 0xa1, 0x80, 0x30,
    0x88, 0x15, 0x5c, 0x4b, 0xc8, 0xb1, 0x0, 0xf,
    0xd, 0x41, 0xb0, 0x18, 0x0, 0xc4, 0x3, 0xd4,
    0x6e, 0x1, 0xe7, 0x0, 0xf3, 0x27, 0x0, 0x18,
    0x8, 0x0, 0xa2, 0x1, 0x8a, 0x60, 0x80, 0x4,
    0x92, 0x47, 0x10, 0x0, 0xdc, 0x6e, 0x1, 0xa8,
    0x77, 0x4c, 0xc0,

    /* U+0026 "&" */
    0x0, 0x86, 0x77, 0xf5, 0xc0, 0x3f, 0x63, 0x24,
    0x34, 0x38, 0x7, 0x90, 0x9a, 0x5e, 0xca, 0xc0,
    0x3c, 0x21, 0xc0, 0x11, 0x80, 0x7c, 0x81, 0x22,
    0x2b, 0x18, 0x0, 0xf0, 0xd0, 0xe7, 0xa5, 0x20,
    0x7, 0xc2, 0x22, 0x1c, 0x50, 0xf, 0xa2, 0xca,
    0x3, 0x88, 0x1, 0x6, 0x0, 0x77, 0x36, 0x3d,
    0x16, 0x10, 0xbd, 0x80, 0x24, 0x64, 0x0, 0xb6,
    0x39, 0x61, 0x60, 0x1, 0x30, 0xc, 0x96, 0x2a,
    0x66, 0x0, 0x11, 0x1c, 0x3, 0x8, 0x80, 0xcc,
    0x0, 0x90, 0x8e, 0xbb, 0x75, 0x4, 0x86, 0x10,
    0x26, 0xb1, 0xa2, 0xa, 0x39, 0xb1, 0x8, 0x0,
    0x53, 0xbf, 0xec, 0x70, 0x1, 0xd8, 0x0,

    /* U+0027 "'" */
    0xbe, 0x0, 0x9, 0x80, 0x6f, 0xa0,

    /* U+0028 "(" */
    0x0, 0xbb, 0x40, 0x27, 0x1b, 0x0, 0xa4, 0x18,
    0x0, 0x62, 0xa0, 0x15, 0x87, 0x80, 0x46, 0xe,
    0x1, 0x28, 0x10, 0x4, 0x22, 0x0, 0xe3, 0x0,
    0x84, 0x4, 0x2, 0x10, 0x10, 0xe, 0x30, 0xc,
    0x22, 0x0, 0xca, 0x4, 0x1, 0x18, 0x38, 0x5,
    0x61, 0xe0, 0x11, 0x8a, 0x0, 0x69, 0x16, 0x0,
    0x9c, 0x6c, 0x0,

    /* U+0029 ")" */
    0x2f, 0xb0, 0x1, 0x2a, 0x18, 0x2, 0x42, 0x40,
    0x6, 0x2a, 0x1, 0x38, 0x20, 0x3, 0xc0, 0xc0,
    0xa, 0x1a, 0x0, 0x10, 0x10, 0x1, 0x83, 0x80,
    0x4, 0x4, 0x0, 0x20, 0x20, 0x3, 0x7, 0x0,
    0x8, 0x8, 0x1, 0x43, 0x40, 0x1e, 0x6, 0x0,
    0x70, 0x40, 0x31, 0x50, 0x4, 0x84, 0x81, 0x2a,
    0x18, 0x0,

    /* U+002A "*" */
    0x0, 0xa6, 0x40, 0x11, 0x30, 0x6, 0x62, 0x79,
    0xc2, 0x26, 0x4b, 0xae, 0xba, 0x21, 0xf5, 0x41,
    0x54, 0x0, 0x55, 0x3, 0x44, 0x19, 0x91, 0x6,
    0x67, 0x30, 0x1, 0xb9, 0x80, 0x43, 0xfc, 0x2,
    0x0,

    /* U+002B "+" */
    0x0, 0xff, 0xe1, 0x7d, 0x0, 0x7f, 0xf5, 0xab,
    0xfe, 0x5, 0xff, 0x93, 0x15, 0x60, 0x25, 0x59,
    0x99, 0x55, 0x3, 0xd5, 0x44, 0x1, 0xff, 0xc8,

    /* U+002C "," */
    0x6, 0xa1, 0x9, 0x59, 0x5, 0xf, 0xf, 0x5,
    0xc, 0x32, 0x4, 0xb0,

    /* U+002D "-" */
    0x9b, 0xbc, 0xa8, 0x9d, 0xa0,

    /* U+002E "." */
    0x7, 0xb2, 0x8, 0x4a, 0x5, 0x1c,

    /* U+002F "/" */
    0x0, 0xf9, 0xd4, 0x3, 0xc9, 0x4, 0x1, 0xee,
    0x6, 0x0, 0xf2, 0x98, 0x80, 0x72, 0x5, 0x0,
    0x7b, 0x81, 0xc0, 0x3c, 0xa6, 0x20, 0x1c, 0xa1,
    0x40, 0x1e, 0xf0, 0x70, 0xf, 0x2a, 0x8, 0x7,
    0x28, 0x68, 0x7, 0xbc, 0x1c, 0x3, 0xca, 0x82,
    0x1, 0xca, 0x1a, 0x1, 0xee, 0x7, 0x0, 0xe1,
    0x44, 0x8, 0x7, 0x38, 0x70, 0x7, 0xb4, 0x14,
    0x3, 0x85, 0x10, 0x1, 0xe7, 0xe, 0x0, 0xf0,

    /* U+0030 "0" */
    0x0, 0x86, 0x37, 0xfa, 0x8c, 0x3, 0x8b, 0xdc,
    0x88, 0xb, 0x8c, 0x1, 0xbc, 0x57, 0xb7, 0xa4,
    0x24, 0x80, 0xc, 0x47, 0x42, 0x0, 0x68, 0x9,
    0x0, 0x68, 0x40, 0x7, 0x38, 0x20, 0x1, 0x41,
    0x40, 0x3c, 0x60, 0x60, 0x20, 0x20, 0x1e, 0x60,
    0x60, 0xf, 0xfe, 0x10, 0x80, 0x80, 0x79, 0x81,
    0x81, 0x41, 0x40, 0x3c, 0x60, 0x61, 0xa1, 0x0,
    0x1c, 0xe0, 0x80, 0x6, 0x23, 0xa1, 0x0, 0x34,
    0x4, 0x80, 0x5e, 0x2b, 0xdb, 0xf2, 0x12, 0x40,
    0x11, 0x7b, 0x91, 0x5, 0x71, 0x80, 0x0,

    /* U+0031 "1" */
    0xdf, 0xfc, 0x8e, 0x66, 0x10, 0x5, 0x66, 0x14,
    0x3, 0xff, 0xf0,

    /* U+0032 "2" */
    0x0, 0x36, 0x77, 0xf5, 0x18, 0x0, 0xb6, 0x4c,
    0x8, 0x57, 0x14, 0x1c, 0x9b, 0xb9, 0xbe, 0xc1,
    0x60, 0xbd, 0x22, 0x1, 0x48, 0x88, 0x80, 0x40,
    0x3c, 0x60, 0x1f, 0xc4, 0x58, 0x3, 0xc3, 0xe1,
    0x0, 0x1e, 0x1d, 0x27, 0x50, 0xe, 0x1c, 0x37,
    0x80, 0xe, 0x1c, 0x27, 0x80, 0xe, 0x2f, 0x28,
    0x80, 0x7, 0x16, 0xc, 0xb8, 0x7, 0x16, 0x8,
    0x56, 0x67, 0x4b, 0x8, 0x0, 0xcf, 0xca,

    /* U+0033 "3" */
    0x4f, 0xff, 0xe0, 0x73, 0x3f, 0x8, 0x10, 0x1e,
    0x67, 0x70, 0x8b, 0xc0, 0x3c, 0x3e, 0x14, 0x40,
    0x1e, 0xd2, 0x94, 0x0, 0xf4, 0x9a, 0xb0, 0x7,
    0xcc, 0xb, 0xd0, 0x1, 0xe9, 0x93, 0x83, 0xe0,
    0x7, 0x33, 0x23, 0xc8, 0xd4, 0x3, 0xe1, 0x50,
    0xd0, 0x10, 0xf, 0x10, 0x7b, 0xfb, 0x8, 0x4,
    0xca, 0xa, 0x3, 0x3d, 0xd7, 0xc8, 0x49, 0x3e,
    0xb9, 0x8, 0xcb, 0x8c, 0x0,

    /* U+0034 "4" */
    0x0, 0xf9, 0xfe, 0xc0, 0x3f, 0xc7, 0x5, 0x40,
    0x1f, 0xc3, 0xa1, 0xc2, 0x1, 0xfd, 0x43, 0x26,
    0x1, 0xfd, 0x8, 0xac, 0x1, 0xfc, 0x8e, 0x54,
    0x0, 0x10, 0xf, 0x15, 0x7, 0x80, 0x1b, 0x9c,
    0x3, 0xb8, 0x68, 0x80, 0x3f, 0xa4, 0xd9, 0x40,
    0x3f, 0x8d, 0x81, 0xbf, 0xf4, 0x84, 0x7f, 0x88,
    0x4c, 0xfe, 0x20, 0x13, 0x38, 0xb3, 0x3e, 0xa0,
    0x9c, 0xc0, 0x80, 0x7f, 0xf4, 0x0,

    /* U+0035 "5" */
    0x0, 0x7f, 0xfe, 0x0, 0x8, 0x0, 0xcf, 0xc0,
    0x3, 0x4, 0xcc, 0xf0, 0x1, 0x80, 0x80, 0x3f,
    0x10, 0x70, 0x7, 0xe1, 0x9, 0xcc, 0x53, 0x90,
    0x5, 0xc0, 0x26, 0x65, 0x8d, 0x70, 0x4, 0xff,
    0xed, 0x70, 0x84, 0x0, 0xf1, 0x43, 0x87, 0x0,
    0x7e, 0xc0, 0x60, 0x20, 0xf, 0x10, 0x31, 0xec,
    0x10, 0x4, 0xb2, 0x1c, 0xe0, 0xfb, 0xdb, 0xf4,
    0xc, 0x88, 0xe8, 0x30, 0x21, 0x4a, 0x90,

    /* U+0036 "6" */
    0x0, 0xcb, 0x7d, 0xfd, 0x6c, 0x1, 0xae, 0x90,
    0xc, 0xc9, 0xa0, 0x15, 0x22, 0x37, 0xb3, 0x7a,
    0x80, 0x8, 0xa7, 0x64, 0x1, 0x8, 0x80, 0x1c,
    0x10, 0x1, 0xfc, 0x80, 0x8d, 0x9f, 0xec, 0x60,
    0x8, 0x42, 0xa4, 0x50, 0xcd, 0x34, 0x1, 0x96,
    0x76, 0xf3, 0x45, 0x54, 0x1, 0x2b, 0x0, 0x45,
    0x61, 0xe0, 0x61, 0xa0, 0x1c, 0xc0, 0xc1, 0x61,
    0xa0, 0x1c, 0xc0, 0xc0, 0xc2, 0xac, 0x1, 0x15,
    0x87, 0x0, 0xd0, 0x4f, 0x5e, 0x68, 0xba, 0x0,
    0x13, 0x58, 0xd0, 0x92, 0xe0, 0x0,

    /* U+0037 "7" */
    0x6f, 0xff, 0xf1, 0x0, 0x4, 0xcf, 0x88, 0x0,
    0x60, 0x6, 0xcc, 0xeb, 0x5, 0x10, 0xf, 0xd6,
    0x12, 0xf, 0x74, 0x1, 0x90, 0x8c, 0xc0, 0x28,
    0x40, 0x1a, 0x2, 0x40, 0x3f, 0x19, 0x89, 0x40,
    0x3f, 0x48, 0x58, 0x7, 0xe2, 0x51, 0x60, 0xf,
    0xd6, 0xc, 0x1, 0xf8, 0x58, 0x24, 0x3, 0xf3,
    0x3, 0x8, 0x7, 0xe9, 0xb, 0x0, 0xfc, 0xc2,
    0x84, 0x1, 0xc0,

    /* U+0038 "8" */
    0x0, 0x9b, 0x3b, 0xfa, 0xd4, 0x3, 0x64, 0x99,
    0x29, 0x25, 0x58, 0x1, 0x8c, 0xdd, 0x95, 0x9a,
    0x48, 0x80, 0xf0, 0xa1, 0x0, 0x89, 0x40, 0xc3,
    0xc3, 0x40, 0x30, 0xa8, 0x18, 0x32, 0xa7, 0x54,
    0xd7, 0x13, 0xa0, 0x3, 0xc4, 0x4a, 0xca, 0x3,
    0x80, 0x6, 0xa0, 0x9e, 0xfd, 0x81, 0xb4, 0x8,
    0xd, 0x61, 0x2, 0x7a, 0x8, 0x11, 0x8c, 0x3,
    0x94, 0xc, 0x40, 0x44, 0x1, 0xc6, 0x2, 0xa,
    0x14, 0x20, 0x11, 0x70, 0x30, 0x59, 0x27, 0x65,
    0xe6, 0x91, 0xc0, 0xe, 0xc1, 0x92, 0x12, 0x4e,
    0x0,

    /* U+0039 "9" */
    0x0, 0x1d, 0x77, 0xf5, 0xa0, 0x6, 0x6c, 0x53,
    0x52, 0x4b, 0x80, 0x0, 0xc8, 0x5e, 0xd6, 0x71,
    0xba, 0x82, 0x3, 0x20, 0x4, 0x3c, 0x10, 0x6,
    0x1, 0xf0, 0x81, 0xa, 0x3, 0x20, 0x4, 0x3e,
    0x0, 0x52, 0x70, 0xbd, 0xab, 0xe2, 0x30, 0x10,
    0x8b, 0x43, 0x56, 0x67, 0xb0, 0x8, 0x1, 0x2f,
    0xbf, 0x64, 0x5c, 0x1c, 0x3, 0xf0, 0x90, 0x18,
    0x7, 0xeb, 0x6, 0x0, 0x90, 0x2, 0x1a, 0x51,
    0x80, 0x3, 0x5f, 0x6e, 0xb9, 0x47, 0x44, 0x0,
    0xaa, 0x32, 0x33, 0x47, 0x98, 0x0,

    /* U+003A ":" */
    0xa, 0xe4, 0x5, 0x1c, 0x8, 0x4a, 0x7, 0xb2,
    0x0, 0xff, 0xe2, 0xbd, 0x90, 0x42, 0x50, 0x28,
    0xe0,

    /* U+003B ";" */
    0xa, 0xe4, 0x5, 0x1c, 0x8, 0x4a, 0x7, 0xb2,
    0x0, 0xff, 0xe2, 0xb5, 0x8, 0x4a, 0xc8, 0x28,
    0x78, 0x78, 0x28, 0x61, 0x90, 0x25, 0x80,

    /* U+003C "<" */
    0x0, 0xfc, 0xc6, 0x1, 0xc5, 0x3f, 0x2e, 0x1,
    0x2e, 0x6b, 0x25, 0xa1, 0x47, 0x51, 0x3f, 0x5a,
    0x4, 0x39, 0x5f, 0x40, 0x80, 0x44, 0x7, 0xc8,
    0x1, 0xd1, 0xac, 0x97, 0xae, 0x20, 0x11, 0x4f,
    0x48, 0xc7, 0x59, 0x0, 0x66, 0xcc, 0x32, 0x30,
    0x7, 0x8e, 0x7d, 0x40,

    /* U+003D "=" */
    0xaf, 0xff, 0xc9, 0x8a, 0xbf, 0x99, 0x95, 0x5f,
    0x88, 0x3, 0xff, 0x91, 0x5f, 0xff, 0x93, 0x15,
    0x7f, 0x30,

    /* U+003E ">" */
    0x63, 0x0, 0xfd, 0x98, 0xd6, 0x10, 0xe, 0xb8,
    0x9, 0xe9, 0x30, 0x8, 0x5f, 0x71, 0x5b, 0x30,
    0xc0, 0x18, 0xeb, 0xa4, 0xa5, 0x0, 0x39, 0xe8,
    0x41, 0xc0, 0x7, 0x3f, 0x23, 0x3e, 0x6b, 0xb8,
    0xcb, 0x9a, 0xc0, 0xf, 0x8, 0xea, 0x30, 0xd,
    0x1a, 0xe2, 0x1, 0xe0,

    /* U+003F "?" */
    0x0, 0x3e, 0x77, 0xed, 0x18, 0x0, 0xba, 0xc,
    0x8c, 0xcb, 0x8c, 0x8, 0x2f, 0xf9, 0x8e, 0x70,
    0x80, 0x6e, 0x80, 0xd, 0x0, 0x22, 0x1, 0x0,
    0xe1, 0x1, 0x10, 0x7, 0xd4, 0x10, 0x1, 0xe1,
    0xc4, 0x76, 0x0, 0xf6, 0x9b, 0xc0, 0x7, 0x90,
    0xcd, 0x0, 0x1f, 0x3c, 0x40, 0x3, 0xf1, 0xba,
    0x0, 0x7e, 0x29, 0x30, 0xf, 0xd0, 0xde, 0x1,
    0xfb, 0x1, 0x0, 0x30,

    /* U+0040 "@" */
    0x0, 0xf2, 0x4e, 0xff, 0xbb, 0x24, 0xc0, 0x3f,
    0x8b, 0x6d, 0x11, 0x13, 0x25, 0x7c, 0xb1, 0x0,
    0xf2, 0xe8, 0x66, 0xcb, 0xb3, 0xcf, 0x5b, 0x79,
    0x80, 0x63, 0xa5, 0xd3, 0x5, 0x88, 0x28, 0x1e,
    0xca, 0xe8, 0x80, 0x5a, 0x74, 0x5, 0xb4, 0xee,
    0xad, 0x46, 0x1a, 0x3a, 0x0, 0x30, 0xf8, 0xe,
    0x14, 0x77, 0xd8, 0x40, 0x0, 0x61, 0x8, 0x34,
    0x8c, 0x24, 0x61, 0xc4, 0x13, 0x4, 0x2, 0x51,
    0x50, 0x54, 0x0, 0x20, 0x38, 0x6, 0x16, 0x0,
    0xc5, 0xa0, 0x3c, 0x0, 0x21, 0x0, 0xf7, 0x0,
    0x66, 0x10, 0xe, 0x31, 0x0, 0xff, 0x84, 0x40,
    0x3c, 0x0, 0x70, 0x30, 0xe, 0xd0, 0xc, 0xc4,
    0xa, 0x80, 0x9, 0xe, 0x10, 0x9, 0xd0, 0x8,
    0xc, 0xb0, 0x34, 0x8c, 0xe, 0xb, 0xaa, 0x76,
    0x20, 0x13, 0x5a, 0x68, 0xc, 0x3e, 0x0, 0x7b,
    0x35, 0x66, 0x5b, 0xd0, 0x2a, 0x68, 0x5, 0xa7,
    0x40, 0x4, 0xcf, 0xf5, 0xa0, 0x2f, 0x7d, 0x8,
    0x4, 0x74, 0xba, 0x60, 0x1f, 0xfc, 0x45, 0xc0,
    0xcd, 0x97, 0x68, 0xaf, 0x70, 0xf, 0xe3, 0xda,
    0x74, 0x89, 0x51, 0x86, 0x0, 0xe0,

    /* U+0041 "A" */
    0x0, 0xfb, 0xbe, 0x0, 0x3f, 0xf8, 0xa, 0x20,
    0xc0, 0x1f, 0xfc, 0x8, 0x5, 0x16, 0x0, 0xff,
    0x21, 0x2d, 0x85, 0x80, 0x7f, 0xbc, 0x24, 0x54,
    0x94, 0x3, 0xf1, 0x21, 0x98, 0x24, 0x24, 0x3,
    0xf4, 0x4, 0x80, 0xc, 0xf0, 0x7, 0x85, 0x45,
    0x40, 0x29, 0x8, 0x0, 0xf4, 0x84, 0x80, 0x65,
    0x14, 0x20, 0xe, 0x60, 0x8f, 0xfe, 0x10, 0xb0,
    0xc, 0xc2, 0x4a, 0xbf, 0x3, 0x8, 0x5, 0x61,
    0xd5, 0x5f, 0x30, 0x48, 0x1, 0x49, 0xc, 0x3,
    0xeb, 0x6, 0x0, 0x48, 0x78, 0x7, 0xe2, 0x51,
    0x60,

    /* U+0042 "B" */
    0xef, 0xff, 0x75, 0xa8, 0x7, 0x22, 0xac, 0x86,
    0x95, 0x40, 0xd, 0x55, 0xaf, 0x6c, 0x14, 0xc0,
    0x3f, 0x91, 0x41, 0x40, 0x3f, 0xcc, 0x4, 0x1,
    0xf8, 0xa4, 0xcc, 0x80, 0x17, 0x7f, 0xed, 0x62,
    0xd0, 0xc, 0x8a, 0xb8, 0xc4, 0xb0, 0x40, 0x2a,
    0xae, 0xce, 0x72, 0xa0, 0xf, 0xf4, 0x2, 0x0,
    0x7f, 0xf0, 0x44, 0x3, 0xfa, 0x0, 0x44, 0x0,
    0xaa, 0xeb, 0xe7, 0xa, 0x0, 0x91, 0x57, 0x21,
    0xb6, 0xa0, 0x0,

    /* U+0043 "C" */
    0x0, 0xc2, 0xf9, 0xdf, 0xd6, 0xa0, 0x1c, 0xbf,
    0x6, 0x24, 0x9, 0x58, 0x20, 0x5, 0xa1, 0x6d,
    0xfd, 0xec, 0x43, 0x40, 0x2a, 0x9, 0x91, 0x0,
    0x47, 0x78, 0xa1, 0x40, 0xcc, 0x0, 0xf8, 0xc0,
    0xa, 0x14, 0x1, 0xff, 0x10, 0x18, 0x7, 0xff,
    0x34, 0x80, 0xc0, 0x3f, 0xe5, 0xa, 0x0, 0xff,
    0xa8, 0x19, 0x80, 0x1f, 0x18, 0x0, 0xa8, 0x26,
    0x8c, 0x2, 0x3b, 0xc5, 0x0, 0x2d, 0xa, 0xe7,
    0xef, 0xe2, 0x1a, 0x0, 0x4b, 0xf0, 0x62, 0x42,
    0x95, 0x82,

    /* U+0044 "D" */
    0xef, 0xff, 0x6d, 0x20, 0x7, 0x88, 0xce, 0x22,
    0x2d, 0xd8, 0x40, 0x36, 0x66, 0xdf, 0xa2, 0x4c,
    0x0, 0xff, 0x2e, 0x99, 0x50, 0x7, 0xfd, 0xa0,
    0xa2, 0x1, 0xfe, 0x15, 0x7, 0x0, 0xff, 0x88,
    0x38, 0x3, 0xfe, 0xf0, 0xf0, 0xf, 0xfb, 0x40,
    0x40, 0x3f, 0xc2, 0xa0, 0xe0, 0x1f, 0xea, 0x5,
    0x10, 0xf, 0xc9, 0xa8, 0x56, 0x1, 0x6e, 0x65,
    0xbf, 0x64, 0x98, 0x20, 0x11, 0x9e, 0x22, 0x2d,
    0xd8, 0x40, 0x0,

    /* U+0045 "E" */
    0xef, 0xff, 0xe0, 0x8, 0x8c, 0xfe, 0x0, 0xb3,
    0x3f, 0x0, 0x7f, 0xf6, 0x3b, 0xff, 0xc4, 0x1,
    0x19, 0xfe, 0x0, 0xb7, 0x33, 0xc2, 0x1, 0xff,
    0xd8, 0xdc, 0xcf, 0x8c, 0x0, 0x67, 0xf9, 0xc0,

    /* U+0046 "F" */
    0xef, 0xff, 0xe0, 0x1, 0x19, 0xfc, 0x0, 0xcc,
    0xfc, 0x1, 0xff, 0xd4, 0xdc, 0xcf, 0x8, 0x0,
    0xcf, 0xf0, 0x3, 0xbf, 0xfc, 0x40, 0x1f, 0xfe,
    0x60,

    /* U+0047 "G" */
    0x0, 0xc2, 0xd9, 0xdf, 0xd6, 0xc0, 0x1c, 0xbf,
    0x26, 0x24, 0x9, 0x3a, 0x40, 0x5, 0xa1, 0x6d,
    0xfd, 0xed, 0x62, 0x50, 0x2a, 0x9, 0x91, 0x0,
    0x45, 0x3a, 0xe1, 0x40, 0xcc, 0x0, 0xf8, 0x80,
    0xa, 0x14, 0x1, 0xff, 0x10, 0x18, 0x7, 0xe1,
    0x10, 0x7, 0xfc, 0x7d, 0x40, 0x40, 0x60, 0x1f,
    0xf2, 0x84, 0x80, 0x7f, 0xd2, 0xa, 0xc0, 0x1f,
    0xe1, 0xa0, 0x9a, 0x30, 0x8, 0xa4, 0x3, 0x2d,
    0x8a, 0xe7, 0xef, 0xea, 0x8f, 0x80, 0x49, 0xf0,
    0x62, 0x42, 0x93, 0xc8,

    /* U+0048 "H" */
    0xef, 0x10, 0xf, 0xb7, 0xc8, 0x3, 0xff, 0xef,
    0xdf, 0xff, 0x10, 0x6, 0x23, 0x3f, 0x80, 0x3b,
    0x33, 0xf1, 0x0, 0x7f, 0xfd, 0xc0,

    /* U+0049 "I" */
    0xef, 0x10, 0xf, 0xfe, 0xd8,

    /* U+004A "J" */
    0x0, 0x67, 0xff, 0x90, 0x0, 0xa6, 0x78, 0x3,
    0xa7, 0x33, 0x20, 0x7, 0xff, 0xf4, 0x40, 0x39,
    0x81, 0x83, 0x70, 0x80, 0xc, 0x42, 0x40, 0xc7,
    0xba, 0xe9, 0x8, 0x0, 0x54, 0x99, 0x9, 0xd3,
    0x0,

    /* U+004B "K" */
    0xef, 0x10, 0xf, 0x5f, 0xc0, 0x7, 0xf5, 0xa3,
    0xc0, 0x7, 0xeb, 0x46, 0x80, 0xf, 0xd4, 0x8b,
    0x20, 0x1f, 0xa9, 0x52, 0x80, 0x3f, 0x52, 0xa5,
    0x80, 0x7e, 0x95, 0x8, 0x0, 0xfd, 0x6c, 0x21,
    0xa2, 0x1, 0xf2, 0x97, 0xa8, 0xe8, 0x7, 0xc5,
    0x83, 0x46, 0x6a, 0x0, 0xf7, 0x88, 0x3, 0x49,
    0x5c, 0x3, 0x8c, 0x2, 0x1f, 0x8, 0x40, 0xf,
    0xe2, 0xb0, 0xb2, 0x0, 0xfe, 0x49, 0xf, 0x10,

    /* U+004C "L" */
    0xef, 0x10, 0xf, 0xff, 0xf8, 0x7, 0xff, 0x83,
    0x73, 0x3d, 0x0, 0x3, 0x3f, 0xc0,

    /* U+004D "M" */
    0xef, 0x10, 0xf, 0xf7, 0x78, 0x2, 0x0, 0x3f,
    0xa0, 0x40, 0x26, 0x30, 0xf, 0x89, 0xc0, 0x3b,
    0xc0, 0x3e, 0x90, 0xe, 0x63, 0x60, 0xe, 0x44,
    0x28, 0x6, 0x81, 0x81, 0x0, 0xd2, 0x16, 0x1,
    0x86, 0x6, 0x0, 0x27, 0x28, 0x11, 0x0, 0x66,
    0x36, 0x30, 0x18, 0x27, 0x0, 0xfb, 0xc3, 0xc2,
    0xc2, 0x40, 0x3f, 0x1b, 0x1c, 0xaa, 0x90, 0x3,
    0xfa, 0x5, 0x82, 0xc0, 0x3f, 0xc3, 0x1, 0x2,
    0x1, 0xff, 0x35, 0xb8, 0x7, 0xff, 0x5, 0x0,
    0x3e,

    /* U+004E "N" */
    0xef, 0x20, 0xf, 0xb7, 0xc8, 0x1, 0xe2, 0x1,
    0xff, 0x15, 0x0, 0x7f, 0xc2, 0x90, 0x1, 0xfe,
    0xa0, 0x75, 0x0, 0xfe, 0x5a, 0xa, 0x30, 0xf,
    0xe5, 0x70, 0xd1, 0x0, 0xfe, 0x84, 0x1d, 0x0,
    0xff, 0x51, 0x1c, 0x80, 0x7f, 0xf, 0x83, 0x30,
    0x3, 0xf8, 0xa8, 0x24, 0x80, 0x3f, 0x95, 0xc0,
    0x3f, 0xf8, 0x10, 0x80, 0x1f, 0xfc, 0xb, 0x20,
    0x0,

    /* U+004F "O" */
    0x0, 0xc2, 0xd9, 0xdf, 0xd6, 0xa0, 0x1f, 0x27,
    0xc9, 0x81, 0xa, 0x56, 0x98, 0x6, 0x5b, 0x16,
    0xde, 0xdf, 0xc4, 0x2c, 0x20, 0x0, 0xd0, 0x4c,
    0x88, 0x2, 0x3b, 0x60, 0xf0, 0x4, 0x83, 0x30,
    0x3, 0xe9, 0x22, 0x28, 0x28, 0x50, 0x7, 0xf5,
    0x87, 0x81, 0x1, 0x80, 0x7f, 0x28, 0x30, 0x7,
    0xff, 0x14, 0x80, 0xc0, 0x3f, 0x94, 0x18, 0x14,
    0x28, 0x3, 0xfa, 0xc3, 0xc2, 0x41, 0x98, 0x1,
    0xf4, 0x91, 0x14, 0x6, 0x82, 0x68, 0x80, 0x23,
    0xb6, 0xf, 0x0, 0x96, 0xc5, 0x77, 0xf7, 0xf1,
    0xb, 0x8, 0x3, 0x27, 0xc1, 0x89, 0xa, 0x56,
    0x98, 0x0,

    /* U+0050 "P" */
    0xef, 0xfe, 0xec, 0x70, 0xe, 0x23, 0x31, 0x1,
    0xc6, 0x90, 0x5, 0x99, 0x6f, 0x6a, 0x17, 0x0,
    0x7e, 0x2b, 0x13, 0x30, 0x7, 0xf2, 0x3, 0x0,
    0x7f, 0x8, 0x7, 0xf8, 0x90, 0x1c, 0x3, 0xc2,
    0xbe, 0xa, 0x40, 0xe, 0xff, 0xba, 0x89, 0x28,
    0x2, 0x33, 0xc8, 0xd7, 0x60, 0xd, 0xb9, 0x95,
    0xca, 0x0, 0x7f, 0xf6, 0xc0,

    /* U+0051 "Q" */
    0x0, 0xc2, 0xd9, 0xdf, 0xd6, 0xa0, 0x1f, 0x93,
    0xe4, 0xc4, 0x85, 0x2b, 0x4c, 0x3, 0x96, 0xc5,
    0x77, 0xf7, 0xed, 0xb, 0x8, 0x2, 0x1a, 0x9,
    0xa2, 0x0, 0x92, 0xd8, 0x3c, 0x2, 0x90, 0x56,
    0x0, 0xfa, 0x48, 0x8a, 0x0, 0x50, 0x90, 0xf,
    0xeb, 0xf, 0x0, 0x10, 0x18, 0x7, 0xf2, 0x83,
    0x0, 0x7f, 0xf1, 0xc8, 0x8, 0x3, 0xf9, 0x41,
    0x80, 0x8, 0x16, 0x1, 0xfd, 0x41, 0xe0, 0xb,
    0x6, 0x50, 0xf, 0xa0, 0xc9, 0x40, 0x5, 0x21,
    0x52, 0x40, 0x11, 0xdb, 0x87, 0x0, 0x66, 0x90,
    0x6d, 0xec, 0xec, 0x41, 0xc3, 0x0, 0xe6, 0xd7,
    0x21, 0x31, 0x29, 0xe3, 0x0, 0xf8, 0xa3, 0x7d,
    0x80, 0xd0, 0x0, 0x34, 0x20, 0x1f, 0xa5, 0xc7,
    0x6e, 0xdc, 0xa4, 0x1, 0xfd, 0x16, 0x8a, 0x88,
    0xc3,

    /* U+0052 "R" */
    0xef, 0xfe, 0xec, 0x70, 0xe, 0x23, 0x31, 0x1,
    0xc6, 0x90, 0x5, 0x99, 0x6f, 0x6a, 0x17, 0x0,
    0x7e, 0x2b, 0x13, 0x30, 0x7, 0xf2, 0x3, 0x0,
    0x7f, 0x8, 0x7, 0xf8, 0x90, 0x1c, 0x3, 0xc2,
    0xbe, 0xa, 0x40, 0xe, 0xff, 0xba, 0x89, 0x68,
    0x2, 0x33, 0x90, 0x81, 0xa8, 0x3, 0x6e, 0x62,
    0xf0, 0x58, 0xc0, 0x3f, 0xd, 0x7, 0x0, 0x7f,
    0x23, 0x14, 0x80, 0x7f, 0x49, 0x32, 0x0,

    /* U+0053 "S" */
    0x0, 0x9b, 0x3b, 0xfb, 0x1c, 0x40, 0x2c, 0x93,
    0x3e, 0x8c, 0x0, 0x41, 0x9b, 0x75, 0x9b, 0xd1,
    0x60, 0x4, 0xf, 0x20, 0x8, 0x5d, 0x80, 0x33,
    0x80, 0x7f, 0x50, 0x5b, 0x88, 0x7, 0xcd, 0x1,
    0x1d, 0xb2, 0x80, 0x1c, 0xfd, 0x2a, 0x6d, 0x7c,
    0x80, 0x18, 0x5a, 0xbb, 0x14, 0x6c, 0x80, 0x3e,
    0x3a, 0x70, 0x50, 0x10, 0xf, 0xbc, 0x3c, 0x32,
    0xcc, 0x3, 0x1c, 0x86, 0x3, 0xa6, 0x7e, 0x63,
    0xb0, 0x59, 0x2, 0xb1, 0x88, 0xcc, 0xb, 0x72,
    0x0,

    /* U+0054 "T" */
    0xef, 0xff, 0xf5, 0x29, 0x9c, 0x40, 0x3, 0x3c,
    0x57, 0x99, 0x78, 0x16, 0x66, 0x80, 0xf, 0xff,
    0xf8, 0x7, 0xff, 0xb4,

    /* U+0055 "U" */
    0xf, 0xf0, 0x7, 0xc5, 0xfa, 0x1, 0xff, 0xff,
    0x0, 0xff, 0xe1, 0x88, 0x7, 0xff, 0x8, 0x80,
    0xc0, 0x3c, 0xe0, 0xc0, 0x81, 0x40, 0x1e, 0x90,
    0xc0, 0xb0, 0x68, 0x0, 0x86, 0x8c, 0x58, 0xa,
    0x81, 0xff, 0x7b, 0x8a, 0x3a, 0x1, 0x2e, 0xb1,
    0x10, 0x49, 0xfc, 0xc0,

    /* U+0056 "V" */
    0xc, 0xf5, 0x0, 0xfe, 0xef, 0x10, 0x90, 0x90,
    0xf, 0xcc, 0x2c, 0x20, 0xa2, 0x66, 0x0, 0xfa,
    0xc2, 0xc0, 0x29, 0x9, 0x0, 0xf2, 0x12, 0x10,
    0x4, 0xc0, 0xa4, 0x1, 0xde, 0x1e, 0x1, 0x85,
    0x82, 0x80, 0x31, 0x21, 0x20, 0x7, 0x58, 0x38,
    0x6, 0xb0, 0xb0, 0xf, 0x12, 0x3, 0x0, 0x5,
    0x85, 0x80, 0x3e, 0xf0, 0xb0, 0x3, 0x3, 0x0,
    0x7e, 0x42, 0x22, 0x4, 0x84, 0x80, 0x7f, 0x58,
    0x7a, 0x8a, 0x88, 0x7, 0xf3, 0xa, 0x58, 0x48,
    0x7, 0xfc, 0xc0, 0x26, 0x60, 0xf, 0xfa, 0x40,
    0x12, 0x1, 0xe0,

    /* U+0057 "W" */
    0x3f, 0xd0, 0xf, 0xb3, 0xd8, 0x3, 0xc7, 0xf6,
    0x64, 0x43, 0x0, 0xe1, 0x30, 0xa0, 0xf, 0x58,
    0x70, 0x28, 0x58, 0x7, 0x30, 0x0, 0xc4, 0x3,
    0x94, 0x10, 0x2c, 0x14, 0x3, 0xac, 0x1c, 0x18,
    0x3, 0x19, 0x20, 0x81, 0x91, 0xc, 0x2, 0x23,
    0x4a, 0xb, 0x0, 0xd6, 0x1c, 0x1, 0x28, 0x58,
    0x4, 0xa1, 0xc4, 0x66, 0x10, 0x9, 0x41, 0x0,
    0x2b, 0x5, 0x0, 0xa8, 0x14, 0x2c, 0x18, 0x0,
    0x64, 0x82, 0x1, 0x19, 0x10, 0xc0, 0x88, 0xa0,
    0x5, 0xb, 0x0, 0x58, 0x70, 0x7, 0x28, 0x58,
    0x50, 0x78, 0x0, 0x8c, 0xc4, 0xc, 0x8, 0x1,
    0xd6, 0xa, 0xa, 0xa, 0x1, 0x58, 0x29, 0x8a,
    0x8, 0x7, 0x19, 0x11, 0x89, 0x40, 0x33, 0x5,
    0xd8, 0x38, 0x3, 0xe5, 0x9, 0xe, 0x0, 0xc2,
    0x66, 0x60, 0x50, 0xf, 0xac, 0x2, 0x40, 0xe,
    0xa0, 0x14, 0x0, 0xfc, 0x64, 0xc, 0x1, 0xe7,
    0x0, 0x70, 0x6,

    /* U+0058 "X" */
    0x1f, 0xf1, 0x80, 0x7a, 0xfd, 0xc0, 0x68, 0x34,
    0x40, 0x33, 0x22, 0x1c, 0x0, 0xac, 0x36, 0x1,
    0x14, 0x8d, 0x0, 0x69, 0x25, 0x60, 0x7, 0x85,
    0x8, 0x7, 0x70, 0x49, 0x49, 0x3a, 0x0, 0x78,
    0xe0, 0x31, 0x8e, 0x0, 0x3f, 0x3a, 0x8, 0x70,
    0x7, 0xf0, 0xa8, 0x1, 0x40, 0x3f, 0xa8, 0x58,
    0x20, 0xc0, 0x3e, 0x74, 0x39, 0xa0, 0xe0, 0xf,
    0x1c, 0x7, 0x2, 0xa8, 0xa8, 0x3, 0xb8, 0x28,
    0x80, 0x14, 0x4a, 0xa0, 0xa, 0x89, 0x54, 0x1,
    0xb8, 0x28, 0x81, 0x54, 0x54, 0x1, 0xc7, 0x1,
    0xc0,

    /* U+0059 "Y" */
    0xc, 0xf5, 0x0, 0xf9, 0x3e, 0xc0, 0x1c, 0x16,
    0x20, 0x1e, 0x90, 0x90, 0x1, 0x38, 0xc0, 0x7,
    0x39, 0x41, 0x0, 0x50, 0x2c, 0x60, 0x11, 0x41,
    0x38, 0x7, 0x58, 0x78, 0x5, 0x21, 0x20, 0x1e,
    0x54, 0x36, 0x5, 0x45, 0x40, 0xf, 0xa4, 0x20,
    0x6c, 0x2c, 0x3, 0xf1, 0x38, 0xf8, 0xc0, 0x80,
    0x7f, 0x41, 0x9, 0x38, 0x7, 0xfc, 0xa1, 0x40,
    0x1f, 0xff, 0x60,

    /* U+005A "Z" */
    0xf, 0xff, 0xf9, 0x0, 0xcf, 0xf0, 0x80, 0x18,
    0x33, 0x3e, 0xd3, 0x9, 0x20, 0xf, 0xd4, 0x4c,
    0xc0, 0xf, 0xd0, 0x87, 0x20, 0x1f, 0x95, 0xc7,
    0x40, 0x3f, 0x1d, 0x6, 0x88, 0x7, 0xc3, 0xa1,
    0x46, 0x1, 0xfb, 0x45, 0xd4, 0x3, 0xf4, 0x9a,
    0x40, 0x7, 0xe6, 0x61, 0x50, 0x7, 0xe4, 0x90,
    0xf1, 0x0, 0xf8, 0x68, 0x7, 0xb3, 0x3e, 0x73,
    0x10, 0x13, 0x3f, 0xdc,

    /* U+005B "[" */
    0xef, 0xf9, 0x0, 0xa, 0xa6, 0x0, 0x55, 0x8,
    0x3, 0xff, 0xf9, 0x54, 0x20, 0x2, 0xa9, 0x80,

    /* U+005C "\\" */
    0x57, 0x0, 0xf8, 0xe1, 0x40, 0x3c, 0xe1, 0xe0,
    0x1e, 0x13, 0x50, 0xf, 0xa8, 0x14, 0x3, 0xce,
    0x1e, 0x1, 0xe1, 0x45, 0x0, 0xfb, 0x41, 0x40,
    0x3c, 0xe1, 0xc0, 0x1e, 0x14, 0x40, 0x7, 0xda,
    0xa, 0x1, 0xe7, 0xe, 0x0, 0xf0, 0xa2, 0x4,
    0x3, 0xdc, 0xe, 0x1, 0xe5, 0xd, 0x0, 0xf9,
    0x50, 0x40, 0x3d, 0xe0, 0xe0, 0x1e, 0x50, 0xd0,
    0xf, 0x95, 0x4, 0x3, 0xde, 0xe,

    /* U+005D "]" */
    0xaf, 0xfa, 0x71, 0x4c, 0x0, 0xd5, 0x20, 0x1f,
    0xff, 0xc6, 0xa9, 0x0, 0x62, 0x98, 0x0,

    /* U+005E "^" */
    0x0, 0xce, 0xa0, 0x1f, 0x2c, 0x50, 0x80, 0x7a,
    0x50, 0x18, 0x3, 0x8c, 0xde, 0xd4, 0x1, 0xd4,
    0x49, 0x44, 0x80, 0x10, 0xb5, 0x1, 0x9b, 0xc0,
    0x26, 0x6, 0x0, 0x52, 0x10, 0x2, 0x94, 0x40,
    0xc, 0x14, 0x8, 0x52, 0x1, 0x99, 0x80,

    /* U+005F "_" */
    0x0, 0xff, 0x7f, 0xff, 0xb3, 0x3f, 0xc0,

    /* U+0060 "`" */
    0x27, 0x70, 0x4, 0x44, 0x8c, 0x10, 0x2, 0xe8,
    0xe0, 0x80,

    /* U+0061 "a" */
    0x5, 0xbe, 0xfe, 0xb4, 0x0, 0x3d, 0x21, 0xa1,
    0xa5, 0xa8, 0x2a, 0xbb, 0x6f, 0x60, 0x2c, 0xa,
    0x84, 0x2, 0x72, 0x12, 0x0, 0x84, 0x78, 0x4,
    0x23, 0xbb, 0x8c, 0x1, 0x2e, 0x53, 0x77, 0x18,
    0x1, 0x83, 0x19, 0x12, 0x70, 0x0, 0x80, 0x80,
    0x46, 0x80, 0x6, 0xc, 0x76, 0x9c, 0x10, 0x4,
    0x48, 0xc4, 0xad, 0x38, 0x0,

    /* U+0062 "b" */
    0x3f, 0xb0, 0xf, 0xff, 0x20, 0xcf, 0x7e, 0xc9,
    0x0, 0x66, 0xf6, 0x33, 0x9b, 0x10, 0x2, 0x20,
    0xcd, 0xce, 0x71, 0xa1, 0x0, 0xb4, 0xc0, 0x28,
    0x51, 0x60, 0x1, 0x18, 0x7, 0x70, 0x68, 0x1,
    0x80, 0x3c, 0xc0, 0xc0, 0x6, 0x0, 0xf3, 0x3,
    0x0, 0x8, 0xc0, 0x3b, 0x83, 0x40, 0x2d, 0x30,
    0xa, 0x14, 0x58, 0x0, 0x61, 0x9b, 0x9c, 0xe1,
    0x42, 0x0, 0x6f, 0x63, 0x30, 0x36, 0xa0, 0x0,

    /* U+0063 "c" */
    0x0, 0x8e, 0xbb, 0xfa, 0x44, 0x2, 0x7c, 0x53,
    0x30, 0x37, 0x90, 0x24, 0xd, 0xee, 0x74, 0xa,
    0x4, 0x5, 0x20, 0x4, 0xfc, 0xc0, 0x62, 0x80,
    0x1c, 0x20, 0x40, 0x40, 0x1f, 0x88, 0x8, 0x3,
    0xf8, 0xc5, 0x0, 0x38, 0x40, 0x10, 0x14, 0x80,
    0x13, 0xf3, 0x2, 0x40, 0xde, 0xe7, 0x40, 0xa0,
    0x1, 0xf1, 0x4c, 0xc0, 0xde, 0x40,

    /* U+0064 "d" */
    0x0, 0xfe, 0x1f, 0xd0, 0xf, 0xfe, 0xda, 0x5f,
    0x7e, 0x30, 0x7, 0x45, 0xa1, 0x98, 0xa6, 0x80,
    0x25, 0x71, 0xbd, 0xce, 0x84, 0x0, 0xa4, 0x2d,
    0x0, 0x27, 0x60, 0x8, 0xc5, 0x40, 0x3a, 0x80,
    0x4, 0x4, 0x1, 0xe2, 0x0, 0x10, 0x10, 0x7,
    0x88, 0x2, 0x31, 0x40, 0xe, 0xb0, 0xa, 0x42,
    0x88, 0x2, 0x57, 0x0, 0x95, 0xc7, 0x6e, 0xb6,
    0x90, 0x3, 0x45, 0xa2, 0xa8, 0x22, 0xc0, 0x0,

    /* U+0065 "e" */
    0x0, 0x92, 0xfb, 0xf1, 0x80, 0x3a, 0x2d, 0x9,
    0xa, 0x70, 0x2, 0x57, 0x2d, 0xcb, 0xe5, 0x38,
    0x0, 0x48, 0x71, 0x0, 0x54, 0x4e, 0x0, 0x31,
    0x21, 0x1e, 0x40, 0x42, 0x1, 0xee, 0xf3, 0x1,
    0x10, 0x6, 0xef, 0xf3, 0x81, 0x8b, 0xa2, 0x7c,
    0x21, 0x1, 0xa8, 0x1, 0x15, 0x90, 0x1, 0x20,
    0x6f, 0xb3, 0x74, 0x88, 0x0, 0x9f, 0x14, 0xc,
    0xcb, 0x8c, 0x0,

    /* U+0066 "f" */
    0x0, 0x9b, 0x7f, 0x58, 0x0, 0xd2, 0x6a, 0x20,
    0x15, 0x6, 0x56, 0x30, 0x0, 0x80, 0x80, 0x2b,
    0xf1, 0xf, 0xf8, 0x71, 0x40, 0xa, 0xb0, 0xbd,
    0x8, 0x55, 0x40, 0x1f, 0xff, 0x50,

    /* U+0067 "g" */
    0x0, 0x92, 0xfb, 0xf5, 0xc3, 0x7c, 0x1, 0x16,
    0x86, 0x74, 0x61, 0x80, 0x15, 0xc6, 0xf7, 0x3a,
    0x8c, 0x40, 0x12, 0x14, 0x80, 0x12, 0xc8, 0x4,
    0x62, 0x80, 0x1c, 0xc0, 0x2, 0x2, 0x0, 0xfe,
    0x20, 0x20, 0xf, 0x8, 0x4, 0x62, 0xa0, 0x1c,
    0xc0, 0x14, 0x85, 0xa0, 0x4, 0xb0, 0x1, 0x2b,
    0x8d, 0xed, 0xf5, 0x18, 0x6, 0x8b, 0x43, 0x43,
    0x8d, 0x1, 0x0, 0x92, 0xfb, 0xf5, 0xc8, 0x14,
    0x6, 0x90, 0x3, 0x17, 0x7, 0x2, 0xaa, 0xfb,
    0x2f, 0x74, 0x4a, 0xa0, 0x4d, 0x72, 0x22, 0x1a,
    0x55, 0x0,

    /* U+0068 "h" */
    0x3f, 0xb0, 0xf, 0xff, 0x0, 0xcf, 0x7f, 0x48,
    0x80, 0x4d, 0xec, 0x64, 0x2d, 0x80, 0x11, 0x1e,
    0xee, 0x22, 0x38, 0x5, 0xe4, 0x0, 0x29, 0xb,
    0x0, 0x11, 0x0, 0x32, 0x80, 0x80, 0x18, 0x3,
    0x84, 0xc, 0x3, 0xff, 0xd6,

    /* U+0069 "i" */
    0x3e, 0xb0, 0x41, 0x40, 0x77, 0x58, 0x2, 0x10,
    0xf, 0xec, 0x3, 0xff, 0xba,

    /* U+006A "j" */
    0x0, 0x8b, 0xb0, 0x3, 0x38, 0x98, 0x80, 0x4b,
    0x14, 0x20, 0x19, 0xd4, 0x3, 0xf, 0xe8, 0x7,
    0xff, 0xfc, 0x3, 0xc8, 0xe, 0xf, 0xb7, 0x41,
    0xc0, 0x3, 0x42, 0xa4, 0x0,

    /* U+006B "k" */
    0x3f, 0xb0, 0xf, 0xff, 0x41, 0x6f, 0xa8, 0x7,
    0xc5, 0x85, 0x2a, 0x1, 0xe3, 0xc1, 0x96, 0x0,
    0xf1, 0xe0, 0xcb, 0x0, 0x79, 0x30, 0x19, 0x80,
    0x1e, 0x5b, 0x0, 0x31, 0x0, 0x78, 0x42, 0x98,
    0x3c, 0x3, 0xeb, 0x59, 0x32, 0x90, 0xe, 0x44,
    0x0, 0x34, 0x59, 0x80, 0x1f, 0x86, 0x82, 0x48,
    0x3, 0xf2, 0x40, 0x78, 0x0,

    /* U+006C "l" */
    0x3f, 0xb0, 0xf, 0xfe, 0xf0,

    /* U+006D "m" */
    0x3f, 0xa3, 0xae, 0xfd, 0x70, 0x2, 0xe7, 0xfb,
    0x14, 0x3, 0x3e, 0x22, 0x99, 0x45, 0x54, 0x48,
    0x66, 0xa7, 0x0, 0x89, 0x3e, 0xf3, 0x0, 0xab,
    0x75, 0xe5, 0x84, 0x8, 0x5, 0x42, 0x0, 0x36,
    0x1, 0xa0, 0x9, 0x10, 0xa, 0x0, 0x21, 0x0,
    0xde, 0xa, 0x1, 0xc6, 0x4, 0x0, 0x60, 0xe,
    0x30, 0x20, 0xf, 0xff, 0xf8, 0x7, 0xff, 0x40,

    /* U+006E "n" */
    0x3f, 0xa2, 0xae, 0xfe, 0x91, 0x0, 0x9f, 0x54,
    0x90, 0x1b, 0x0, 0x22, 0x3e, 0xcb, 0xf3, 0x27,
    0x0, 0xb8, 0x40, 0x3, 0x1, 0x60, 0x2, 0x20,
    0x6, 0x50, 0x10, 0x3, 0x0, 0x70, 0x81, 0x80,
    0x7f, 0xfa, 0xc0,

    /* U+006F "o" */
    0x0, 0x8e, 0xbb, 0xf6, 0x44, 0x3, 0x3e, 0x29,
    0x9c, 0xde, 0x80, 0x5, 0x81, 0xbd, 0xce, 0x81,
    0xa1, 0x9, 0xa, 0x40, 0x9, 0xd8, 0x58, 0xc,
    0x50, 0x3, 0xa8, 0x30, 0x80, 0x80, 0x3c, 0x40,
    0xc4, 0x4, 0x1, 0xe2, 0x6, 0x3, 0x14, 0x0,
    0xea, 0xc, 0x8, 0xa, 0x40, 0x9, 0xd8, 0x58,
    0x12, 0x6, 0xf7, 0x3a, 0x7, 0x44, 0x0, 0xf8,
    0xa6, 0x73, 0x79, 0x80,

    /* U+0070 "p" */
    0x3f, 0xa2, 0x9e, 0xfd, 0x92, 0x0, 0xcd, 0x8c,
    0xaa, 0x6, 0xc4, 0x0, 0x8c, 0xdb, 0x75, 0xb2,
    0x34, 0x20, 0x17, 0x10, 0x4, 0xcc, 0x16, 0x0,
    0x11, 0x80, 0x76, 0x86, 0x80, 0x18, 0x3, 0xcc,
    0xc, 0x0, 0x60, 0xf, 0x30, 0x30, 0x0, 0x8c,
    0x3, 0xb8, 0x34, 0x2, 0xd3, 0x0, 0xa1, 0x45,
    0x80, 0x4, 0x19, 0xb9, 0xce, 0x14, 0x20, 0x6,
    0xf6, 0x33, 0x3, 0x6a, 0x0, 0x61, 0x9e, 0xfe,
    0x92, 0x0, 0xff, 0xed, 0x0,

    /* U+0071 "q" */
    0x0, 0x92, 0xfb, 0xf1, 0x83, 0xf4, 0x1, 0x16,
    0x86, 0x62, 0x9a, 0x0, 0x95, 0xc6, 0xf7, 0x3a,
    0x14, 0x2, 0x90, 0xa4, 0x0, 0x9d, 0x80, 0x23,
    0x14, 0x0, 0xea, 0x0, 0x10, 0x10, 0x7, 0x88,
    0x0, 0x40, 0x40, 0x1e, 0x20, 0x8, 0xc5, 0x0,
    0x3a, 0x80, 0x29, 0xa, 0x40, 0x9, 0xd8, 0x2,
    0x57, 0x1b, 0xdc, 0xe8, 0x40, 0xd, 0x16, 0x86,
    0x62, 0x9a, 0x0, 0xe4, 0xbe, 0xfc, 0x60, 0xf,
    0xfe, 0xd8,

    /* U+0072 "r" */
    0x3f, 0xa1, 0x9e, 0x80, 0x3, 0x7b, 0xf, 0x80,
    0xc, 0x2f, 0xdc, 0x2, 0xa4, 0x0, 0xc2, 0x80,
    0x1c, 0x40, 0x1e, 0x70, 0xf, 0xfe, 0xa0,

    /* U+0073 "s" */
    0x0, 0x2e, 0x77, 0xf5, 0x28, 0x2, 0x68, 0xc9,
    0xd, 0x60, 0x5, 0x87, 0xb2, 0xf7, 0x5c, 0x6,
    0x6, 0x20, 0x11, 0x18, 0x11, 0x58, 0xc6, 0x1,
    0xde, 0x66, 0x9c, 0xfb, 0x30, 0x1, 0x67, 0x5c,
    0x22, 0x30, 0x80, 0x21, 0x47, 0xb6, 0x4, 0x9,
    0x30, 0xc, 0x40, 0x6a, 0xd9, 0xd7, 0x6e, 0x43,
    0x55, 0x52, 0x82, 0x29, 0x46, 0x0,

    /* U+0074 "t" */
    0x0, 0x3c, 0x0, 0x7a, 0x5c, 0x3, 0xff, 0x81,
    0x7e, 0x21, 0xff, 0xe, 0x28, 0x1, 0x56, 0x17,
    0xa1, 0xa, 0xa8, 0x3, 0xff, 0xbe, 0x40, 0x80,
    0x1d, 0x41, 0x76, 0xd7, 0x0, 0x34, 0x12, 0x1,
    0x0,

    /* U+0075 "u" */
    0x4f, 0xa0, 0xe, 0x3f, 0xb0, 0xf, 0xff, 0x68,
    0x80, 0x73, 0x0, 0x18, 0x18, 0x3, 0xb0, 0x0,
    0x45, 0x38, 0x4, 0xac, 0x1, 0x48, 0x46, 0xd6,
    0xd1, 0x80, 0x49, 0x88, 0x6a, 0x11, 0xc0, 0x0,

    /* U+0076 "v" */
    0xd, 0xf2, 0x0, 0xf7, 0x78, 0x2, 0xc2, 0xc0,
    0x39, 0x45, 0x80, 0xc, 0xc, 0x1, 0xdc, 0x16,
    0x1, 0x30, 0x30, 0x4, 0x48, 0x82, 0x0, 0xac,
    0x28, 0x2, 0xb0, 0xf0, 0xc, 0x48, 0x66, 0x0,
    0x31, 0x20, 0x7, 0x78, 0x48, 0x30, 0x50, 0x7,
    0x90, 0x94, 0x6c, 0x18, 0x3, 0xea, 0xa, 0x26,
    0x10, 0xf, 0x98, 0x10, 0x28, 0x3, 0xf0, 0xb0,
    0x19, 0x80, 0x30,

    /* U+0077 "w" */
    0xbf, 0x10, 0xe, 0xef, 0x0, 0xe1, 0xfa, 0xe0,
    0x60, 0xc, 0xa2, 0xc, 0x1, 0x9c, 0x3d, 0x42,
    0x80, 0x37, 0x0, 0x34, 0x3, 0x50, 0xa8, 0x29,
    0x10, 0x0, 0x28, 0xa8, 0x81, 0x0, 0x9, 0xb8,
    0x3, 0x82, 0x80, 0xe, 0x1f, 0xc0, 0xc0, 0x6,
    0xa, 0x0, 0x20, 0xa8, 0x2, 0x85, 0x54, 0x36,
    0x0, 0xa1, 0x30, 0x9, 0x88, 0xc8, 0xdc, 0x0,
    0xe6, 0x46, 0x4c, 0x1, 0xac, 0x2a, 0x81, 0x40,
    0xa, 0xa, 0xb0, 0xa0, 0xc, 0x64, 0xec, 0x46,
    0x0, 0x32, 0x56, 0x32, 0x0, 0xea, 0x11, 0x50,
    0x6, 0xa2, 0x1b, 0x0, 0xf3, 0x0, 0x18, 0x3,
    0x28, 0x1, 0x80, 0x20,

    /* U+0078 "x" */
    0x2f, 0xe1, 0x0, 0xdb, 0xe6, 0x52, 0x34, 0x1,
    0x51, 0x49, 0x83, 0x2a, 0x38, 0x32, 0xa9, 0x80,
    0x2a, 0x28, 0x59, 0x1b, 0x0, 0xee, 0xa, 0xd,
    0x10, 0xe, 0x34, 0x4, 0x30, 0xf, 0x32, 0x2,
    0x30, 0x7, 0x14, 0x8e, 0x8c, 0x90, 0x6, 0xf0,
    0xa2, 0xd0, 0xf0, 0xa, 0x49, 0xd0, 0xd, 0xca,
    0x81, 0x58, 0xe0, 0x2, 0x83, 0x56,

    /* U+0079 "y" */
    0xd, 0xf2, 0x0, 0xf7, 0x78, 0x2, 0xc2, 0xc0,
    0x39, 0x45, 0xc0, 0xc, 0x2c, 0x1, 0xdc, 0x14,
    0x1, 0x30, 0x38, 0x4, 0x48, 0x82, 0x0, 0xa4,
    0x28, 0x2, 0xb0, 0xf0, 0xc, 0x2a, 0x48, 0x0,
    0x62, 0x40, 0xe, 0x90, 0xf0, 0x60, 0xb0, 0xf,
    0x19, 0x21, 0x58, 0x30, 0x7, 0xd6, 0x1c, 0x4e,
    0x1, 0xf9, 0x84, 0xc2, 0x80, 0x3f, 0x98, 0x10,
    0x80, 0x3f, 0x88, 0x3c, 0x3, 0xc6, 0x0, 0x35,
    0x34, 0x0, 0xe2, 0xcd, 0xbc, 0xf, 0x0, 0xf1,
    0x39, 0xa1, 0xd9, 0x80, 0x78,

    /* U+007A "z" */
    0x1f, 0xff, 0xd0, 0x2a, 0xbe, 0x0, 0x68, 0x55,
    0x71, 0x83, 0x28, 0x7, 0x33, 0xe, 0x40, 0x38,
    0xe4, 0x74, 0x3, 0x87, 0x82, 0x84, 0x3, 0xa8,
    0xa1, 0x0, 0x39, 0xd1, 0xe, 0x1, 0xc9, 0x5,
    0x40, 0x1c, 0x34, 0x3, 0x75, 0x59, 0x88, 0x40,
    0xd5, 0x7b, 0x40,

    /* U+007B "{" */
    0x0, 0x1e, 0x7d, 0x0, 0x34, 0xcd, 0x80, 0x62,
    0x78, 0xc0, 0xe0, 0xc0, 0x1f, 0xfc, 0x91, 0x0,
    0xd1, 0x61, 0x80, 0x5, 0x11, 0x20, 0x3, 0x60,
    0x6c, 0x2, 0x30, 0x30, 0xf, 0xfe, 0x7b, 0x3,
    0x80, 0x44, 0x25, 0x8c, 0x0, 0xd3, 0x36, 0x0,

    /* U+007C "|" */
    0xee, 0x0, 0x7f, 0xf6, 0x0,

    /* U+007D "}" */
    0xaf, 0xc3, 0x0, 0x61, 0x9b, 0x40, 0xd, 0x86,
    0x26, 0x1, 0x30, 0x38, 0x7, 0xff, 0x24, 0xc0,
    0x40, 0x2c, 0xb, 0x80, 0x3, 0x88, 0x94, 0x1,
    0x63, 0x1a, 0x1, 0x8c, 0x2, 0x30, 0xf, 0xfe,
    0x5b, 0x3, 0x83, 0x61, 0x89, 0x86, 0x19, 0xb4,
    0x0,

    /* U+007E "~" */
    0x9, 0xee, 0x30, 0x5, 0xac, 0xec, 0x8b, 0x36,
    0x4c, 0x4b, 0x8d, 0x57, 0x4b, 0xb2, 0xc7, 0x10,
    0x0, 0x2f, 0x66, 0xc8, 0x0,

    /* U+00B0 "°" */
    0x0, 0x36, 0xf5, 0x8, 0x1, 0xe2, 0x1a, 0x3a,
    0x0, 0x9a, 0x53, 0xb2, 0x41, 0x12, 0x0, 0x4a,
    0x62, 0x6, 0x1, 0x31, 0x3, 0xf9, 0x4, 0x1a,
    0x84, 0x2e, 0xfa, 0x60, 0x5, 0x3f, 0xd8, 0x40,

    /* U+00B7 "·" */
    0xa, 0xf6, 0x2, 0x50, 0x92, 0x20, 0x4, 0xc1,
    0x64, 0x88,

    /* U+2014 "—" */
    0x0, 0xff, 0xe4, 0x57, 0xff, 0xff, 0x1a, 0xaf,
    0x33, 0xff, 0x8d, 0x60,

    /* U+2018 "‘" */
    0x0, 0xcd, 0x7, 0x71, 0x64, 0x96, 0x22,

    /* U+2019 "’" */
    0x4e, 0x40, 0x1d, 0x43, 0xd8, 0xa4, 0x86, 0x0,

    /* U+201C "“" */
    0x0, 0xfa, 0x54, 0xac, 0x20, 0x57, 0xe4, 0x11,
    0x8c, 0x94, 0x2c, 0xc8, 0x9e, 0x0,

    /* U+201D "”" */
    0x8, 0xd1, 0xd7, 0x0, 0x11, 0xe, 0xc2, 0x88,
    0xd9, 0x2, 0x7d, 0x46, 0x2, 0xc9, 0x64, 0x0,

    /* U+2026 "…" */
    0x2, 0x0, 0xe1, 0x10, 0x7, 0x10, 0x4e, 0x98,
    0x6, 0xec, 0x0, 0xcb, 0xb1, 0x80, 0x1e, 0x40,
    0xe, 0x71, 0xf0,

    /* U+3001 "、" */
    0x11, 0x0, 0x49, 0xca, 0x0, 0x58, 0xa9, 0x0,
    0x3b, 0x9a, 0x40, 0x10, 0x82,

    /* U+3002 "。" */
    0x1, 0xad, 0x90, 0xb, 0xe, 0x4a, 0xc0, 0xcd,
    0x29, 0x68, 0x2e, 0x60, 0x1c, 0x86, 0xe5, 0x26,
    0x21, 0x97, 0xa5, 0xa0,

    /* U+4E00 "一" */
    0x0, 0xfe, 0x12, 0x21, 0xa2, 0xb4, 0x14, 0x55,
    0xe6, 0xf7, 0x3f, 0xdd, 0xba, 0xcb, 0xa8, 0x5b,
    0xa3, 0x24, 0xa8, 0xbb, 0xb3, 0x7b, 0xfe, 0xed,
    0x90,

    /* U+4E0A "上" */
    0x0, 0xfc, 0xf0, 0x1, 0xff, 0xc6, 0x27, 0x10,
    0xf, 0xff, 0xf8, 0x7, 0xff, 0x28, 0x40, 0x8c,
    0xc8, 0xca, 0x1, 0xff, 0xc2, 0xcc, 0xaa, 0xe4,
    0x80, 0x3f, 0xf8, 0x3b, 0xfe, 0xed, 0xc2, 0x0,
    0xff, 0xe0, 0x98, 0x7, 0xff, 0xfc, 0x0, 0xe0,
    0x60, 0x1f, 0xfc, 0x57, 0x6, 0x33, 0x22, 0x15,
    0x4e, 0x60, 0xc, 0xde, 0xe7, 0xfd, 0x61, 0x79,
    0x8b, 0xb5, 0x5d, 0x78, 0x3, 0xae, 0xfb, 0x31,
    0xbd, 0xcf, 0xfd, 0xdb, 0x80,

    /* U+4E0B "下" */
    0x0, 0xfe, 0x12, 0x34, 0x56, 0x75, 0x6, 0xaa,
    0x5e, 0x6f, 0x7f, 0xbb, 0x72, 0xef, 0x70, 0xb9,
    0x10, 0xee, 0xe8, 0xb, 0xef, 0xf7, 0x6e, 0x58,
    0x8a, 0x22, 0x76, 0x54, 0x6, 0x10, 0xf, 0xfe,
    0xb5, 0x98, 0x7, 0xff, 0x11, 0x32, 0x44, 0x3,
    0xff, 0x85, 0xf4, 0xfe, 0xa0, 0x1f, 0xfc, 0x25,
    0xf4, 0xaa, 0x0, 0x7f, 0xf0, 0x86, 0xa4, 0x40,
    0x3f, 0xf8, 0x8d, 0x60, 0x1f, 0xff, 0xf0, 0xf,
    0x98, 0x3, 0xff, 0x8a, 0xe4, 0x60, 0x1f, 0x80,

    /* U+4E50 "乐" */
    0x0, 0xff, 0xe0, 0x88, 0x7, 0xff, 0xd, 0x2f,
    0xc0, 0x3e, 0x21, 0x0, 0x1b, 0x57, 0xd8, 0x40,
    0x7, 0xc9, 0xdc, 0xfd, 0xd1, 0x5f, 0xdb, 0x0,
    0x7c, 0x61, 0x9f, 0xd7, 0x8, 0x1, 0xfe, 0xd2,
    0x20, 0x2, 0x30, 0x3, 0xfe, 0x37, 0x0, 0xb8,
    0x80, 0x3f, 0xe5, 0xc0, 0xf, 0xfe, 0x19, 0x8a,
    0x0, 0x78, 0x48, 0xd1, 0x0, 0x19, 0x43, 0xb7,
    0xbe, 0x47, 0xfb, 0x75, 0x30, 0xc0, 0x13, 0xcc,
    0xd5, 0x90, 0x3f, 0xf7, 0x6e, 0x30, 0x4, 0x2c,
    0xa0, 0x86, 0x40, 0x13, 0x8, 0x7, 0xe4, 0xb5,
    0x0, 0xea, 0xf2, 0x0, 0xfa, 0x4d, 0x40, 0x3b,
    0xb, 0x8, 0x3, 0xa8, 0x34, 0x2, 0x10, 0xb,
    0xb, 0x8, 0x2, 0x90, 0xd1, 0x0, 0xfd, 0xa7,
    0x80, 0x9, 0xca, 0x2, 0x30, 0xf, 0x87, 0xd0,
    0x1, 0x2a, 0x0, 0x29, 0xd9, 0x0, 0xf1, 0x50,
    0x7, 0xd5, 0x20, 0x60, 0x1f, 0x80,

    /* U+4E8C "二" */
    0x0, 0xf0, 0x91, 0xd, 0x15, 0xe0, 0x40, 0x38,
    0xfb, 0xfd, 0xdb, 0xac, 0xbb, 0x52, 0x38, 0x7,
    0x1e, 0xde, 0x6e, 0xbb, 0xfd, 0xdb, 0x8c, 0x1,
    0xe3, 0x43, 0x22, 0x8, 0x7, 0xff, 0xfc, 0x3,
    0xff, 0xac, 0x24, 0x43, 0x45, 0x71, 0xab, 0xcc,
    0x6f, 0x73, 0xfe, 0xed, 0xd6, 0x5d, 0x45, 0xc9,
    0x22, 0x2a, 0x21, 0x57, 0x6c, 0xdd, 0x77, 0xfd,
    0x40,

    /* U+4E91 "云" */
    0x0, 0xff, 0x9, 0x1a, 0x88, 0x7, 0xd3, 0x79,
    0xbd, 0xfe, 0xed, 0xd4, 0x30, 0x7, 0xd5, 0x95,
    0x1b, 0xae, 0xff, 0x76, 0xb8, 0x7, 0xc6, 0xec,
    0xa6, 0x42, 0x1, 0xff, 0xdd, 0x12, 0x34, 0x30,
    0x77, 0x44, 0xca, 0xaf, 0x37, 0xb9, 0xfe, 0xed,
    0xcb, 0xe0, 0x1c, 0x20, 0x12, 0xc1, 0x3a, 0xa6,
    0x6f, 0x7f, 0xda, 0xd, 0x75, 0x31, 0x5, 0x28,
    0x44, 0x11, 0x4, 0x3, 0xfe, 0x82, 0x60, 0x7f,
    0x20, 0xf, 0xf8, 0xd6, 0x0, 0xe, 0xb8, 0x40,
    0x1f, 0xe8, 0x35, 0x0, 0xac, 0xf0, 0x80, 0x3f,
    0x22, 0x38, 0x3, 0xbc, 0x7c, 0x40, 0x3e, 0x96,
    0x20, 0x25, 0x8b, 0xc0, 0x2c, 0x0, 0xc6, 0xd4,
    0x4b, 0xbf, 0xb2, 0x3b, 0xaf, 0xa2, 0xb0, 0x8,
    0x6d, 0x96, 0xe3, 0x7f, 0x25, 0x8c, 0x16, 0x94,
    0x40,

    /* U+4ECA "今" */
    0x0, 0xfe, 0x20, 0xf, 0xfe, 0x3c, 0x60, 0x7,
    0xff, 0x14, 0x94, 0x3, 0xff, 0x8d, 0x22, 0x4e,
    0x1, 0xff, 0xc3, 0x54, 0xdd, 0x42, 0x0, 0x7f,
    0xf0, 0x4a, 0xa0, 0xcd, 0x56, 0xa0, 0x1f, 0xf0,
    0xfb, 0x38, 0x1, 0x6a, 0x8c, 0x1, 0xfc, 0x3a,
    0xf6, 0x80, 0x12, 0xdc, 0xc8, 0x3, 0xe1, 0xd5,
    0xa7, 0xbf, 0xa4, 0x4, 0xc7, 0xd3, 0x0, 0xc5,
    0x97, 0x20, 0xbf, 0x43, 0x7a, 0x7, 0xed, 0x94,
    0x20, 0x93, 0xce, 0x1, 0x96, 0xf6, 0x0, 0x3,
    0x70, 0xa8, 0x5, 0x66, 0x1, 0x9, 0x19, 0x98,
    0x19, 0xcc, 0x1f, 0xd4, 0x18, 0x0, 0xbf, 0xee,
    0xdc, 0xd9, 0x8a, 0x8a, 0x0, 0xfc, 0xbd, 0xcf,
    0xfb, 0xb7, 0x4a, 0x30, 0x1, 0xfc, 0x22, 0x0,
    0xe5, 0x6a, 0x10, 0xf, 0xfe, 0x19, 0x5b, 0xa0,
    0x7, 0xff, 0xc, 0xb1, 0x60, 0x3, 0xff, 0x86,
    0x78, 0x76, 0x1, 0xff, 0xc4, 0xa2, 0xc0, 0xf,
    0xc0,

    /* U+4F7F "使" */
    0x0, 0xff, 0xe6, 0xb3, 0x80, 0x6b, 0x80, 0xf,
    0xfe, 0x6, 0x50, 0x6, 0x22, 0x0, 0x7f, 0xf0,
    0x16, 0x80, 0x30, 0x88, 0x8d, 0x14, 0x3, 0xe7,
    0x6, 0xce, 0xff, 0x3a, 0x67, 0x47, 0x28, 0x7,
    0xa5, 0xc7, 0x73, 0x79, 0xd3, 0xb7, 0x2d, 0x40,
    0x39, 0xc6, 0x0, 0x8a, 0x0, 0x3a, 0x2a, 0x90,
    0x3, 0x86, 0x40, 0x29, 0xff, 0x9c, 0xe3, 0xa6,
    0xc0, 0x3a, 0xc8, 0x2, 0xc4, 0xfe, 0x75, 0xcb,
    0xa2, 0x0, 0xc8, 0xde, 0x1, 0x12, 0x80, 0x4,
    0xc0, 0x1e, 0x80, 0x10, 0xfe, 0x80, 0x66, 0x1c,
    0xc3, 0x33, 0xbd, 0x94, 0x3, 0x58, 0x80, 0x63,
    0x34, 0xf8, 0xc7, 0xf7, 0xe0, 0x4, 0x20, 0x1d,
    0x18, 0xe6, 0x42, 0xa2, 0x20, 0xf, 0xfa, 0x7b,
    0x97, 0xe6, 0x40, 0x1f, 0xfc, 0x11, 0x35, 0xf1,
    0x3a, 0x20, 0xf, 0xfe, 0x11, 0x7c, 0xf1, 0x6d,
    0x20, 0x7, 0xce, 0x1, 0x3f, 0x4b, 0xc, 0x71,
    0x57, 0x4a, 0x0, 0x67, 0x13, 0x92, 0xc4, 0x0,
    0x86, 0x3a, 0x8e, 0x8c, 0x2, 0x3e, 0x39, 0x50,
    0xf, 0xc9, 0x5c, 0x60,

    /* U+505C "停" */
    0x0, 0xff, 0x84, 0x40, 0x1f, 0xfc, 0x6, 0x50,
    0xe, 0xe3, 0x0, 0xff, 0xb6, 0x0, 0x30, 0x83,
    0x80, 0x92, 0x8, 0x7, 0xa, 0x54, 0xd5, 0xe6,
    0x85, 0xff, 0x64, 0xb0, 0x7, 0x48, 0xbd, 0xe7,
    0x47, 0x6f, 0x7f, 0xbb, 0x5c, 0x3, 0xb, 0x40,
    0x11, 0xc4, 0x3b, 0x3b, 0xfd, 0x0, 0x1e, 0x81,
    0x60, 0x2, 0x14, 0xff, 0xe2, 0xe0, 0xe, 0x26,
    0x10, 0x8, 0x43, 0xee, 0xd5, 0x64, 0x1, 0xee,
    0x70, 0x8, 0x80, 0x83, 0xff, 0x63, 0x88, 0x80,
    0xe, 0x96, 0x1, 0x64, 0xa9, 0xe7, 0x4c, 0xb7,
    0xba, 0x12, 0xf8, 0x0, 0x88, 0x40, 0x1d, 0x9d,
    0x1d, 0x9d, 0x24, 0x27, 0x0, 0xe0, 0x5, 0x39,
    0x87, 0x65, 0x50, 0xb1, 0xfc, 0x0, 0x80, 0x75,
    0x5c, 0x77, 0x3f, 0xdd, 0xf1, 0x62, 0xa0, 0x1f,
    0x2b, 0x46, 0x7f, 0x8e, 0x37, 0x26, 0x0, 0x3f,
    0x40, 0x81, 0x8, 0x38, 0x7, 0xff, 0x60, 0xc4,
    0x1, 0xe0, 0x1f, 0xc2, 0x1, 0xc5, 0x52, 0xc0,
    0x1f, 0xe6, 0x30, 0xc, 0x37, 0xc7, 0xc0, 0x1e,

    /* U+51B2 "冲" */
    0x0, 0xff, 0x91, 0x80, 0x3f, 0xf8, 0xd2, 0x1,
    0xff, 0xc5, 0x70, 0x10, 0xf, 0xd, 0x98, 0x7,
    0xff, 0x10, 0x4b, 0x14, 0x3, 0xf1, 0x91, 0xa2,
    0x88, 0x2, 0x62, 0x98, 0xbf, 0x7b, 0xf0, 0x37,
    0x59, 0x54, 0x80, 0x9, 0xe3, 0xc8, 0x56, 0xb2,
    0x83, 0x7f, 0xdc, 0x3e, 0x1, 0x9e, 0x40, 0xf9,
    0xd, 0x80, 0x80, 0x21, 0x20, 0xf, 0x84, 0x40,
    0x1f, 0x10, 0x30, 0x7, 0x50, 0x3f, 0x80, 0x7c,
    0xc0, 0x40, 0x19, 0xc, 0x8, 0xd9, 0xe8, 0x26,
    0xa9, 0x20, 0x40, 0x1a, 0x6c, 0x0, 0xbb, 0xa2,
    0x0, 0x16, 0xdd, 0x18, 0x5, 0xe, 0x41, 0x8d,
    0x75, 0x1, 0x30, 0xec, 0xa2, 0x0, 0x37, 0x90,
    0x2, 0xc0, 0x7, 0xff, 0x3, 0x94, 0xc0, 0x3f,
    0xf8, 0x76, 0x50, 0x1, 0xff, 0xc4, 0x39, 0x20,
    0xf, 0xfe, 0x24, 0x30, 0x7, 0xe7, 0x0, 0xff,
    0xe3, 0x38, 0x80, 0x78,

    /* U+5217 "列" */
    0x0, 0xff, 0xe1, 0x8d, 0x90, 0x6, 0x12, 0x34,
    0x56, 0x84, 0x0, 0x85, 0x50, 0x7, 0xfd, 0xdb,
    0x93, 0x2d, 0x23, 0x0, 0xf8, 0x7b, 0x9e, 0xa9,
    0xb9, 0x74, 0xa6, 0x1, 0xf0, 0x8c, 0xbc, 0x1,
    0x8f, 0x10, 0x3, 0xf4, 0x92, 0x11, 0x90, 0x8,
    0x7, 0xf0, 0xb9, 0x76, 0x6e, 0x88, 0x3, 0xfd,
    0x9, 0xfe, 0xe7, 0x32, 0x0, 0xfe, 0x27, 0xd1,
    0x0, 0x34, 0x80, 0x7f, 0xa7, 0x7f, 0x9, 0xc9,
    0x40, 0x21, 0x0, 0xe5, 0xf3, 0x97, 0xf9, 0x80,
    0xf, 0xf2, 0xa0, 0x2, 0x81, 0x54, 0x1, 0xff,
    0xc2, 0x63, 0xa0, 0xf, 0xfe, 0x12, 0xde, 0x8,
    0x6, 0xe5, 0x0, 0xf9, 0xa7, 0x8, 0x3, 0x84,
    0x3, 0xe8, 0xfc, 0x10, 0xf, 0xe, 0x38, 0x80,
    0x6, 0x6a, 0x40, 0x3f, 0xe, 0xdf, 0x8, 0xc,
    0x90, 0x7, 0xf8, 0x71, 0xc5, 0x40,

    /* U+524D "前" */
    0x0, 0xff, 0xe5, 0xa0, 0x7, 0xb4, 0xc0, 0x3f,
    0x15, 0x48, 0x6, 0x72, 0x0, 0xfe, 0x2c, 0x7a,
    0x0, 0x2c, 0x59, 0x80, 0x7f, 0x1d, 0xaa, 0x35,
    0x21, 0xc4, 0xd6, 0xb3, 0x3b, 0x9f, 0xee, 0xb1,
    0x9a, 0x41, 0xe0, 0x1d, 0xb2, 0x6c, 0xc7, 0x7f,
    0xbb, 0x9b, 0x97, 0x53, 0x1a, 0x8c, 0x80, 0x57,
    0x9b, 0xdf, 0xec, 0x0, 0x28, 0x0, 0xf4, 0x3,
    0x70, 0xce, 0xea, 0x88, 0x1, 0x68, 0x6, 0x1,
    0xe6, 0x43, 0x20, 0xf, 0xfe, 0xf, 0xaf, 0x7f,
    0xa8, 0x3, 0x8, 0x18, 0x7, 0x97, 0x3b, 0xec,
    0x2, 0x30, 0xf, 0xe3, 0x21, 0x1, 0x0, 0xff,
    0xe0, 0xb7, 0x7f, 0xa8, 0x2, 0x30, 0xf, 0xc2,
    0xb9, 0xbd, 0x40, 0x1f, 0xfc, 0x3, 0x22, 0x84,
    0x40, 0x17, 0xa0, 0x7, 0xc2, 0x0, 0x30, 0xe,
    0x25, 0x0, 0xf9, 0xc0, 0xf, 0xbe, 0x20, 0x3,
    0xcd, 0xa0, 0xe, 0x6f, 0x4, 0xc2, 0x60, 0xa,
    0x24, 0x54, 0x0,

    /* U+529F "功" */
    0x0, 0xff, 0xe0, 0x35, 0x80, 0x7f, 0xf1, 0x90,
    0x3, 0xff, 0xb0, 0x24, 0x1, 0xe5, 0x99, 0x55,
    0x2f, 0x74, 0x1, 0x78, 0x80, 0x79, 0x0, 0x2,
    0xbb, 0x16, 0x66, 0x43, 0x29, 0xab, 0x90, 0x0,
    0xcc, 0xb8, 0x59, 0x55, 0x98, 0xa4, 0x5, 0x17,
    0x60, 0xf, 0xe3, 0xff, 0x70, 0x5e, 0x5d, 0x10,
    0x7, 0xff, 0x1, 0x1, 0xc0, 0x2, 0x20, 0xf,
    0xfe, 0x6, 0x11, 0x0, 0x1e, 0xe0, 0x1f, 0x8e,
    0x4c, 0x15, 0x40, 0x10, 0x88, 0x3, 0x8c, 0x72,
    0xa0, 0xd0, 0xa8, 0x2, 0x33, 0x0, 0x9, 0xae,
    0x57, 0xa4, 0x42, 0x18, 0x80, 0x26, 0xe0, 0x7,
    0x49, 0x6d, 0x10, 0x1, 0x8a, 0x0, 0x31, 0x90,
    0x3, 0x3e, 0x48, 0x2, 0x29, 0xa0, 0x30, 0x0,
    0x83, 0x80, 0x7e, 0x1f, 0x84, 0x19, 0xa1, 0x40,
    0x20, 0xf, 0x87, 0x61, 0xc0, 0x14, 0x7d, 0x64,
    0x1, 0xfa, 0x3d, 0x40, 0x34, 0xc8, 0x2c, 0x0,

    /* U+52A0 "加" */
    0x0, 0xff, 0xe6, 0x63, 0x0, 0x7f, 0xf1, 0x5f,
    0x40, 0x3f, 0xf8, 0xc2, 0x1, 0xff, 0xc5, 0x70,
    0xf, 0xfe, 0x41, 0xa2, 0x2, 0x25, 0xe2, 0x6a,
    0x40, 0xb, 0xdc, 0xf3, 0x5c, 0xab, 0x2e, 0x6d,
    0x11, 0x1b, 0x10, 0x2d, 0x53, 0x2, 0xbf, 0x40,
    0xcc, 0x15, 0x31, 0x40, 0x60, 0x4, 0x40, 0x83,
    0x80, 0x42, 0x20, 0xc, 0xe0, 0x20, 0x19, 0xc0,
    0x81, 0xc0, 0xe, 0x1, 0xff, 0x62, 0x80, 0x4,
    0x40, 0x10, 0x80, 0x4, 0x3, 0xcf, 0xe0, 0x3,
    0x20, 0x10, 0xc, 0x62, 0x1, 0x8c, 0x50, 0x0,
    0x2e, 0x6, 0x6, 0x1, 0x18, 0x6, 0x97, 0x10,
    0x7, 0x10, 0x4, 0x20, 0x1, 0x10, 0x4, 0x49,
    0x20, 0x12, 0xf0, 0x8, 0x7, 0xf4, 0xd8, 0x80,
    0x44, 0x40, 0x9, 0x10, 0xba, 0x1, 0x39, 0x29,
    0x4a, 0x10, 0xa0, 0x5, 0x32, 0x86, 0x70, 0x2f,
    0x90, 0x29, 0x3f, 0x61, 0x0, 0x1d, 0x6e, 0xb2,
    0xc0,

    /* U+5355 "单" */
    0x0, 0xff, 0xe0, 0xb0, 0x7, 0xfd, 0x10, 0x0,
    0xe3, 0x94, 0x0, 0xff, 0x52, 0xd8, 0x4, 0x3c,
    0xa8, 0x1, 0xfe, 0x2c, 0x56, 0x0, 0x6a, 0xd0,
    0x7, 0xf0, 0x88, 0x7, 0xdc, 0xa9, 0x75, 0x9d,
    0x0, 0x3e, 0x2e, 0xff, 0x77, 0xeb, 0x97, 0xfa,
    0xe8, 0x3, 0xe3, 0xd, 0xff, 0x71, 0x5d, 0xaa,
    0x50, 0x80, 0x3f, 0x8, 0x80, 0x2, 0x1c, 0x8a,
    0xa4, 0x60, 0xf, 0xc7, 0x9f, 0xd8, 0x4b, 0xfd,
    0xe4, 0x40, 0xf, 0xc3, 0x3f, 0xda, 0x57, 0x75,
    0x17, 0x0, 0x7e, 0x61, 0x1, 0x20, 0xe3, 0x45,
    0x23, 0x0, 0xfc, 0x71, 0xfd, 0x84, 0xdf, 0xee,
    0x42, 0x0, 0xfd, 0x8f, 0xfe, 0xe2, 0x8c, 0xbb,
    0x53, 0x80, 0x70, 0x80, 0x12, 0x48, 0x86, 0x1c,
    0xaa, 0x66, 0x3b, 0xa5, 0x80, 0x1b, 0xfe, 0xee,
    0x66, 0x38, 0x96, 0x7b, 0x73, 0x78, 0x38, 0x1,
    0x9d, 0xff, 0x77, 0x34, 0xa3, 0x2e, 0xd5, 0x49,
    0x94, 0x0, 0x42, 0x1, 0xff, 0xce, 0x30, 0xf,
    0xfe, 0x39, 0x8, 0x7, 0xf0,

    /* U+53D6 "取" */
    0x0, 0xe1, 0x23, 0x46, 0x50, 0xf, 0xf5, 0x7f,
    0xdd, 0x9b, 0x75, 0xc2, 0x1, 0xfd, 0x5a, 0x35,
    0xfd, 0xa1, 0x96, 0x20, 0x46, 0x88, 0x0, 0xe2,
    0x1, 0x0, 0xc5, 0xff, 0x6e, 0x55, 0xb8, 0x7,
    0xa3, 0x37, 0x40, 0x5b, 0x9b, 0xdf, 0xa0, 0x80,
    0x1e, 0xbe, 0xca, 0x0, 0x1e, 0x0, 0x82, 0x9,
    0x80, 0x78, 0xc8, 0x40, 0x21, 0x4b, 0x0, 0x63,
    0x80, 0x7d, 0xd1, 0x3e, 0x1, 0x7b, 0x11, 0x12,
    0x80, 0x3f, 0x7f, 0x8c, 0x2, 0x44, 0x45, 0x19,
    0x80, 0x3e, 0xe7, 0x6c, 0x0, 0xd2, 0xaf, 0x0,
    0x1f, 0xe3, 0xe0, 0xc, 0x48, 0xc, 0x1, 0xfb,
    0xfb, 0x86, 0x1, 0x91, 0x7, 0xe2, 0x1, 0xe,
    0x78, 0x8a, 0xb7, 0x40, 0x10, 0xd5, 0x34, 0x34,
    0x2, 0x19, 0x97, 0x52, 0x0, 0x61, 0xc9, 0x51,
    0xf2, 0xd2, 0x0, 0x2b, 0x8, 0x7, 0xe, 0xdb,
    0x80, 0xb, 0xf, 0xc, 0x3, 0xe1, 0x6, 0xf6,
    0x0, 0xc5, 0x8c, 0x40, 0x1f, 0x9, 0x39, 0x80,
    0x78, 0xa0, 0x40,

    /* U+53F7 "号" */
    0x0, 0xe4, 0x0, 0xe1, 0x23, 0x0, 0xff, 0xbb,
    0x75, 0xdf, 0xee, 0xdc, 0x90, 0xf, 0xf6, 0x84,
    0xee, 0xbb, 0xfc, 0x3c, 0x1, 0xfe, 0x20, 0x43,
    0x21, 0x0, 0x9, 0x80, 0x7f, 0x98, 0x80, 0x2,
    0x46, 0xa0, 0xc0, 0x1f, 0xe1, 0xf, 0xf7, 0x6e,
    0xa0, 0xdc, 0x3, 0xfc, 0x66, 0xce, 0xff, 0x76,
    0xe2, 0x80, 0x8, 0x80, 0x7, 0x67, 0x89, 0x59,
    0xab, 0xcd, 0xd7, 0x7f, 0xdb, 0x82, 0x1f, 0xba,
    0x11, 0x2, 0x9e, 0xcc, 0xbb, 0x75, 0xdf, 0xee,
    0x10, 0x8b, 0xa9, 0x97, 0xc, 0x32, 0xa1, 0x98,
    0x84, 0x3, 0xfd, 0x4e, 0x24, 0x43, 0x44, 0x8,
    0x7, 0xf8, 0x44, 0xdd, 0xbb, 0x4d, 0x68, 0x7,
    0xf8, 0x73, 0xff, 0x76, 0x92, 0x80, 0x7f, 0xf1,
    0x8f, 0x0, 0x3f, 0xf8, 0x2, 0x1, 0x94, 0x10,
    0x3, 0xff, 0x80, 0x5a, 0xc0, 0x9, 0x41, 0x0,
    0xff, 0xe0, 0x1f, 0xd7, 0xd1, 0xf0, 0x7, 0xff,
    0x8, 0xb2, 0x51, 0xa, 0x1, 0xe0,

    /* U+559C "喜" */
    0x0, 0xfc, 0x82, 0x1, 0xff, 0xc5, 0xea, 0x0,
    0xff, 0xe1, 0x89, 0x3, 0x2b, 0x3c, 0x4b, 0x80,
    0x75, 0x77, 0xfb, 0xb1, 0xb, 0xb3, 0x83, 0x84,
    0x3, 0xab, 0x3b, 0xfd, 0xcc, 0x71, 0x3b, 0xa7,
    0x60, 0xf, 0x1f, 0xf7, 0xf9, 0xcf, 0x7a, 0x38,
    0xc0, 0x3e, 0x1d, 0xce, 0xff, 0x77, 0xfd, 0x6,
    0x1, 0xfb, 0xb3, 0xfe, 0xef, 0xfb, 0x10, 0x3,
    0xf2, 0x3f, 0xfe, 0xed, 0xe0, 0x50, 0xf, 0xc2,
    0xf5, 0x98, 0xde, 0xe6, 0x81, 0x0, 0x7e, 0xb6,
    0xcf, 0xef, 0xf3, 0xbb, 0xcc, 0x3, 0xf1, 0xc5,
    0x49, 0x14, 0xf8, 0x1, 0xe1, 0x18, 0x88, 0x72,
    0x90, 0xda, 0xe7, 0x10, 0x9a, 0xa0, 0x4f, 0x73,
    0x31, 0xd2, 0x47, 0xa8, 0x7c, 0x21, 0xdb, 0x81,
    0x1f, 0xee, 0x5e, 0xff, 0xec, 0xf0, 0xd7, 0x73,
    0x0, 0x7b, 0x3f, 0xa3, 0xfb, 0x3d, 0x80, 0x3f,
    0x89, 0x77, 0x59, 0x77, 0x81, 0xc0, 0x3f, 0x72,
    0xff, 0xf7, 0x68, 0xb8, 0x7, 0xe2, 0x3e, 0xe7,
    0xff, 0x72, 0x80, 0x60,

    /* U+5728 "在" */
    0x0, 0xfe, 0x30, 0xf, 0xfe, 0x28, 0xe2, 0x0,
    0x7f, 0xf1, 0x10, 0x14, 0x3, 0xff, 0x89, 0xca,
    0x20, 0x1f, 0xe1, 0x11, 0x19, 0x95, 0x2, 0x26,
    0xaf, 0x37, 0xe4, 0x2, 0x4e, 0xdc, 0xda, 0x11,
    0x10, 0x16, 0x54, 0x5d, 0x0, 0x4b, 0xff, 0x60,
    0x6d, 0xd0, 0xd3, 0xb2, 0xa1, 0x80, 0x7d, 0x2a,
    0x60, 0x3, 0xa0, 0xf, 0xf2, 0xf2, 0xd8, 0x7,
    0xff, 0xd, 0x86, 0xc4, 0x3, 0xff, 0x87, 0xe0,
    0xa4, 0x43, 0x47, 0x47, 0x8a, 0x50, 0xe, 0xa1,
    0x0, 0x26, 0xea, 0x4c, 0x74, 0x48, 0xc0, 0x34,
    0x9c, 0x80, 0x1b, 0xfb, 0x51, 0x6a, 0x61, 0x80,
    0x29, 0xf9, 0x0, 0xff, 0xe1, 0x94, 0x30, 0x7,
    0xe7, 0xf0, 0xf, 0x10, 0x80, 0x7f, 0xbc, 0x8c,
    0xc8, 0xa4, 0x1, 0xc3, 0x7d, 0xcf, 0xf1, 0xbe,
    0xe6, 0x2a, 0xe4, 0x3, 0x10, 0x55, 0x37, 0x37,
    0xb9, 0xff, 0x77, 0x2c, 0x3, 0x29, 0x8a, 0x19,
    0x88, 0x44, 0x1, 0xe0,

    /* U+5927 "大" */
    0x0, 0xfc, 0x72, 0x20, 0x1f, 0xfc, 0x52, 0x67,
    0x0, 0xff, 0xe3, 0x98, 0x7, 0xff, 0x14, 0xc0,
    0x40, 0x3f, 0xf8, 0xa2, 0xe, 0x1, 0xff, 0xc5,
    0x50, 0x1, 0x1a, 0x2b, 0x39, 0x80, 0x6a, 0xde,
    0xe7, 0xfa, 0x43, 0x37, 0x2a, 0x2b, 0x28, 0x3,
    0x5d, 0xf6, 0x10, 0x17, 0xfb, 0xb7, 0x2e, 0x40,
    0x30, 0xb2, 0xa9, 0x8, 0x90, 0x6c, 0x1, 0xff,
    0xc3, 0x70, 0x68, 0x91, 0x0, 0xff, 0xe1, 0x42,
    0x8b, 0x1e, 0x80, 0x7f, 0xf0, 0x5c, 0x60, 0x1,
    0xc5, 0x20, 0x1f, 0xf1, 0xc4, 0x90, 0x0, 0xa9,
    0xa0, 0x3, 0xf8, 0xb5, 0xd8, 0x3, 0x24, 0xbc,
    0x0, 0x7c, 0x79, 0x30, 0x1, 0xe6, 0x97, 0xc1,
    0x0, 0xcf, 0xd4, 0xe0, 0x1f, 0x9a, 0xcb, 0xa0,
    0x6, 0x83, 0x50, 0x3, 0xfc, 0x9e, 0xa8, 0x22,
    0xa7, 0x0, 0xff, 0xe0, 0x8d, 0x60, 0x80,

    /* U+5931 "失" */
    0x0, 0xfc, 0x20, 0x1f, 0xfc, 0x6c, 0x70, 0xf,
    0xfe, 0x11, 0x80, 0x1b, 0x40, 0x3f, 0xf8, 0x27,
    0x88, 0x1, 0xff, 0xc4, 0x40, 0x50, 0xf, 0xfe,
    0x25, 0x29, 0x1b, 0xb3, 0xba, 0x68, 0x80, 0x3e,
    0x42, 0x5c, 0xd3, 0x2c, 0xd0, 0x26, 0x0, 0xfa,
    0x65, 0xfe, 0xe3, 0x6b, 0xa9, 0x84, 0x0, 0xf3,
    0xa3, 0x0, 0x45, 0xc0, 0x1f, 0xfc, 0x9, 0x0,
    0x84, 0x40, 0x46, 0x64, 0x57, 0x10, 0x0, 0xed,
    0x77, 0x3f, 0xdc, 0x13, 0xba, 0xe9, 0x96, 0x30,
    0x0, 0x7e, 0x2b, 0x73, 0x54, 0x7, 0xb9, 0xba,
    0xcb, 0x70, 0x8, 0x95, 0xc, 0xc4, 0xb0, 0x54,
    0x1, 0xff, 0xc2, 0x80, 0x6e, 0x48, 0x0, 0xff,
    0xe0, 0x1b, 0xc8, 0x95, 0xbc, 0x80, 0x7f, 0x8b,
    0x59, 0x80, 0x4, 0xb6, 0xb1, 0x0, 0xf9, 0x71,
    0xa4, 0x3, 0x26, 0x37, 0xb0, 0x6, 0x2a, 0x8a,
    0x80, 0xf, 0x1e, 0xa4, 0xf4, 0x4, 0x4f, 0xea,
    0x0, 0x7f, 0x56, 0xa2, 0x8c, 0x5a, 0x80, 0x7f,
    0xf0, 0xa, 0xb4, 0x40,

    /* U+59CB "始" */
    0x0, 0xc4, 0x1, 0xf0, 0xa8, 0x7, 0xf4, 0xd0,
    0x7, 0x8e, 0x90, 0x3, 0xff, 0x88, 0xa2, 0x80,
    0x1f, 0x9b, 0x40, 0x3d, 0x32, 0x0, 0xfe, 0x23,
    0x13, 0x0, 0x98, 0x1c, 0x68, 0x40, 0x38, 0xc1,
    0xf, 0x14, 0x82, 0x20, 0x2, 0x2a, 0x0, 0xa,
    0x2c, 0x85, 0x78, 0x60, 0xb9, 0xb0, 0x2, 0x51,
    0xc0, 0x62, 0x8, 0x89, 0xb0, 0xa6, 0x91, 0xac,
    0xed, 0x28, 0x30, 0xcd, 0xe, 0x3e, 0x20, 0x92,
    0x6d, 0x9c, 0xfd, 0x3f, 0x0, 0x10, 0xa0, 0x22,
    0xf, 0x31, 0x4e, 0xa4, 0x0, 0xfa, 0x0, 0x38,
    0x0, 0x4e, 0x80, 0xd4, 0x8d, 0x15, 0x9c, 0x18,
    0x0, 0xad, 0xf0, 0x46, 0x3, 0x59, 0xb3, 0x2d,
    0x98, 0x0, 0xd2, 0xcc, 0xa0, 0x1, 0x6, 0xf6,
    0xe5, 0x99, 0x80, 0x39, 0x11, 0xa, 0x1, 0x38,
    0x6, 0x2d, 0x0, 0xd4, 0xf7, 0x54, 0x60, 0x11,
    0x0, 0x42, 0xc, 0x1, 0x51, 0xd8, 0x2c, 0x88,
    0x1c, 0x66, 0x37, 0x1, 0x80, 0x13, 0xd2, 0x1,
    0x33, 0x80, 0x1a, 0x65, 0x13, 0x6e, 0x0, 0x94,
    0x0, 0xf9, 0x4d, 0x56, 0x44, 0x10, 0x0,

    /* U+5DF2 "已" */
    0x0, 0xe1, 0x23, 0x45, 0x67, 0x71, 0x0, 0x76,
    0x77, 0xfb, 0xb7, 0x2a, 0x2b, 0x26, 0x40, 0x1d,
    0x9b, 0x9b, 0xdf, 0xee, 0xdc, 0xb3, 0x20, 0xf,
    0x19, 0x88, 0x40, 0x3c, 0x5c, 0x1, 0xec, 0x30,
    0xf, 0xe2, 0x0, 0xf0, 0xa0, 0x7, 0xc2, 0xc,
    0x1, 0xe3, 0x0, 0x9, 0x19, 0x91, 0x64, 0x1c,
    0x3, 0xe8, 0xfe, 0xdc, 0xda, 0x84, 0x41, 0x80,
    0x7c, 0xfb, 0xdf, 0xee, 0xe6, 0xe5, 0xb8, 0x7,
    0xdc, 0x42, 0x1, 0xff, 0xc2, 0x10, 0xf, 0xfe,
    0xb, 0x88, 0x7, 0xff, 0x13, 0x0, 0x3f, 0xf8,
    0xa8, 0x1, 0x8c, 0x3, 0xfe, 0x40, 0x10, 0x0,
    0xf2, 0xa9, 0x10, 0x66, 0x44, 0x33, 0xcd, 0x10,
    0x5, 0x4f, 0x75, 0x76, 0xcc, 0x5d, 0xa6, 0x4a,
    0xfe, 0x1, 0x26, 0x77, 0xff, 0xee, 0xc9, 0x20,

    /* U+5E8F "序" */
    0x0, 0xfe, 0x28, 0x0, 0xff, 0xe2, 0x93, 0xa0,
    0x7, 0xf8, 0x80, 0x3e, 0x12, 0x34, 0x57, 0x40,
    0xd, 0x3b, 0x9b, 0xae, 0xf0, 0xac, 0xe8, 0xec,
    0xc0, 0x6, 0x20, 0x99, 0x76, 0x77, 0xfb, 0xb7,
    0x2e, 0xd0, 0x1, 0xcc, 0xa8, 0x64, 0x4, 0x43,
    0x45, 0x10, 0xf, 0x84, 0x27, 0xfd, 0xdb, 0x9d,
    0x54, 0x40, 0xf, 0x18, 0x2, 0x77, 0x4f, 0xfd,
    0x41, 0x4a, 0x1, 0xe1, 0x30, 0x1, 0x10, 0xf7,
    0x2f, 0x14, 0x3, 0xe7, 0xe0, 0xd, 0x6a, 0x7c,
    0x42, 0x46, 0x20, 0x18, 0x89, 0x76, 0xcd, 0xe6,
    0xd, 0xfe, 0xcc, 0x70, 0x4, 0x22, 0x78, 0xe9,
    0x96, 0xc0, 0x77, 0xfb, 0x2, 0x40, 0x25, 0x12,
    0x35, 0x52, 0x19, 0x0, 0x80, 0x3a, 0x18, 0x2,
    0xc7, 0x0, 0xff, 0x2c, 0xb8, 0x6, 0x5a, 0x0,
    0xff, 0x2a, 0x80, 0x31, 0x89, 0x80, 0x7f, 0xf1,
    0x27, 0xc0, 0x31, 0x5a, 0x80, 0x7f, 0xe, 0x98,
    0x6, 0x28, 0xbb, 0x0, 0x7e, 0x17, 0x0, 0xf1,
    0xfa, 0x18, 0x7, 0xc0,

    /* U+5F00 "开" */
    0x0, 0xff, 0xe1, 0x8, 0x7, 0x3b, 0xd1, 0x35,
    0x79, 0xba, 0xef, 0xed, 0x0, 0xc3, 0x9a, 0x6c,
    0x79, 0x56, 0x6f, 0x9b, 0x80, 0x19, 0xae, 0xa0,
    0x21, 0xd9, 0x87, 0xc6, 0x42, 0x1, 0xff, 0xec,
    0x11, 0x11, 0x99, 0x1, 0xd9, 0xe0, 0xea, 0x97,
    0x9c, 0xb3, 0xdb, 0x98, 0x80, 0xba, 0xc2, 0x1,
    0x2c, 0xa8, 0x68, 0xee, 0x7f, 0xa4, 0xb7, 0x2e,
    0x8e, 0xe1, 0xd9, 0x86, 0x2, 0x20, 0x6, 0x38,
    0x7, 0xff, 0x11, 0x3c, 0x3, 0xff, 0x86, 0xa0,
    0xa0, 0x1f, 0xfc, 0x3b, 0x80, 0xf, 0xfe, 0x1d,
    0x23, 0x0, 0x7f, 0xf0, 0xa8, 0xe8, 0x3, 0xff,
    0x85, 0x3d, 0x20, 0x1f, 0x18, 0x7, 0xd2, 0x80,
    0x1f, 0x98, 0x3, 0xc0,

    /* U+5F53 "当" */
    0x0, 0xf1, 0x0, 0x7f, 0xf0, 0x6f, 0x40, 0x3f,
    0xf8, 0x1e, 0x60, 0x19, 0x0, 0xc, 0x1, 0xfe,
    0xb9, 0x1b, 0xb0, 0x7, 0xe8, 0xa, 0x1c, 0x5b,
    0x0, 0xf1, 0xbd, 0x18, 0xe, 0xa4, 0x80, 0x61,
    0xeb, 0x50, 0x8, 0xef, 0x0, 0x32, 0x7a, 0x0,
    0x72, 0x28, 0x4, 0x4c, 0xc5, 0x62, 0x6d, 0xd7,
    0x7f, 0xa4, 0x77, 0x2a, 0x21, 0xcd, 0x31, 0x59,
    0xbd, 0xcf, 0xf7, 0x6a, 0xb0, 0x22, 0xa1, 0x90,
    0x88, 0x3, 0x39, 0x0, 0x61, 0x11, 0x19, 0x91,
    0x58, 0xb8, 0x13, 0xfd, 0xdc, 0xdc, 0xd9, 0x8a,
    0x13, 0x4, 0xed, 0xef, 0xfb, 0xb7, 0x58, 0xc,
    0x0, 0x12, 0x10, 0xf, 0x8, 0x8, 0xf1, 0x10,
    0xcc, 0x89, 0x30, 0x1, 0xfb, 0xad, 0xd6, 0x62,
    0xed, 0x52, 0x4a, 0xdd, 0xdb, 0xff, 0xbb, 0x9a,
    0xe0,

    /* U+5F55 "录" */
    0x0, 0xf8, 0x44, 0x46, 0x64, 0x30, 0xf, 0xa7,
    0xfe, 0xee, 0x67, 0x72, 0x30, 0x80, 0x3d, 0x3d,
    0xff, 0xbb, 0x75, 0xe0, 0x40, 0x1f, 0x4e, 0x63,
    0x7b, 0x9f, 0xec, 0x20, 0xf, 0xd1, 0xf, 0xec,
    0xc7, 0x7c, 0x8, 0x7, 0xf2, 0x19, 0x88, 0x82,
    0x1c, 0xc2, 0x24, 0x14, 0xaa, 0x5d, 0xb3, 0x1b,
    0xae, 0xe7, 0xb2, 0xf7, 0xd5, 0xa7, 0xfb, 0xbe,
    0x3f, 0x90, 0xbf, 0xbf, 0xee, 0xe5, 0x2, 0xa8,
    0x0, 0x86, 0x6e, 0x1, 0x10, 0x2d, 0x80, 0x7d,
    0x54, 0x10, 0x0, 0x80, 0xe, 0x88, 0x3, 0xcb,
    0xe3, 0xa0, 0x2, 0xa4, 0xc7, 0x90, 0xf, 0x86,
    0xf9, 0xc0, 0x9a, 0xea, 0x0, 0x3f, 0x93, 0x94,
    0x1, 0x89, 0x6, 0x1, 0xf1, 0xdc, 0x69, 0x0,
    0x56, 0xb9, 0x0, 0x19, 0x6f, 0xb, 0x4, 0x3,
    0xa2, 0x9b, 0x94, 0x0, 0xe7, 0x72, 0xe4, 0x2,
    0x1, 0x97, 0xd6, 0x94, 0xa, 0x10, 0x13, 0xf6,
    0x8c, 0x3, 0xd, 0xea, 0x80, 0x71, 0xed, 0x8a,
    0x0, 0x78, 0x80,

    /* U+5FAA "循" */
    0x0, 0xff, 0xe6, 0xab, 0x80, 0x7c, 0xfa, 0x1,
    0xfd, 0x34, 0x1, 0x85, 0xf6, 0x50, 0x3, 0xf3,
    0x1f, 0x15, 0xc6, 0x75, 0xbf, 0x48, 0x7, 0xc5,
    0x34, 0x64, 0x85, 0xfe, 0xc5, 0x40, 0xf, 0x87,
    0xe1, 0x0, 0x2f, 0x31, 0x20, 0x35, 0x69, 0x70,
    0xb, 0x6d, 0xee, 0x80, 0x6b, 0xfb, 0x2, 0xff,
    0x0, 0x32, 0xfb, 0xa, 0xe8, 0xd, 0x7f, 0xc1,
    0xb5, 0x49, 0x70, 0x2, 0x98, 0x59, 0x38, 0x0,
    0x50, 0x14, 0x9, 0x10, 0x1, 0xe5, 0x57, 0x80,
    0x4d, 0x5f, 0x63, 0xd1, 0x6e, 0x1, 0x86, 0xc4,
    0x80, 0x80, 0xcd, 0x7f, 0xdb, 0x82, 0x40, 0x1a,
    0x88, 0x2, 0x61, 0x1b, 0xa6, 0x55, 0x62, 0x20,
    0xa, 0xb, 0xc0, 0x23, 0x50, 0xb, 0xbf, 0xe0,
    0x70, 0x2, 0xfc, 0x80, 0x80, 0x33, 0x40, 0x18,
    0xee, 0x46, 0x1, 0x0, 0x2b, 0x83, 0x80, 0x5,
    0x1c, 0x1e, 0x7f, 0xbf, 0xc0, 0x60, 0x1f, 0x9d,
    0x84, 0x1, 0x1f, 0xee, 0xc0, 0x10, 0xf, 0xd7,
    0x0, 0x1, 0xd5, 0x66, 0x48, 0x8, 0x7, 0xc9,
    0xc2, 0x0, 0x14, 0xed, 0xc2, 0x65, 0x0, 0xe7,
    0x14, 0x30, 0x8, 0xda, 0xed, 0x54, 0x94, 0x0,
    0xe3, 0xe0, 0xe, 0x88, 0x0, 0x7e,

    /* U+6001 "态" */
    0x0, 0xfe, 0x73, 0x0, 0xff, 0xe3, 0x4c, 0x0,
    0x7f, 0xf1, 0x4c, 0x78, 0x3, 0xff, 0x8b, 0x22,
    0xa0, 0x1f, 0xfc, 0x11, 0x11, 0x22, 0xa9, 0x9e,
    0x26, 0xaf, 0x50, 0x3, 0x37, 0xf7, 0x36, 0xc1,
    0xee, 0xc, 0x77, 0x50, 0xc0, 0x19, 0xbb, 0x9f,
    0x41, 0x98, 0xd6, 0x5b, 0x76, 0x52, 0x0, 0xe1,
    0x11, 0xd5, 0x14, 0xc2, 0x65, 0x8c, 0x1, 0xfc,
    0x5b, 0x2a, 0x78, 0xc0, 0xf5, 0x34, 0x20, 0x1e,
    0x2c, 0xb6, 0x5, 0xb9, 0x50, 0x5d, 0x7e, 0x70,
    0xc, 0x9f, 0xaa, 0x1, 0x25, 0x18, 0x0, 0xb6,
    0x27, 0x98, 0x1b, 0x7c, 0xc4, 0x81, 0x65, 0x58,
    0x0, 0x34, 0xdf, 0x2a, 0x9, 0x3c, 0xcf, 0xc0,
    0x88, 0xb0, 0x8, 0x5b, 0x1, 0xcc, 0x8, 0x86,
    0x88, 0x31, 0x16, 0x2d, 0x2, 0x86, 0xe, 0x8,
    0x4, 0xa6, 0x44, 0x39, 0x1, 0xd4, 0x0, 0x38,
    0x68, 0x68, 0x5, 0x34, 0x0, 0x87, 0x80, 0x3e,
    0x4, 0x92, 0x1f, 0xb0, 0x3, 0x83, 0x0, 0x12,
    0x9b, 0xe9, 0x95, 0x47, 0x20, 0x4e, 0x0, 0x7d,
    0x0, 0xcb, 0xd2, 0x17, 0x56, 0x42, 0x1, 0x80,

    /* U+6210 "成" */
    0x0, 0xfe, 0x63, 0x0, 0xff, 0xe3, 0x74, 0x4,
    0x10, 0x7, 0xff, 0xf, 0x54, 0x1, 0xae, 0x1,
    0xff, 0xc2, 0x71, 0x14, 0x64, 0xa8, 0x7, 0xc4,
    0x1, 0xc6, 0x8, 0x6f, 0x6, 0xe0, 0x1e, 0x5f,
    0xde, 0xff, 0x70, 0x57, 0x46, 0xe7, 0x18, 0x7,
    0x10, 0x4e, 0xeb, 0xbd, 0xd3, 0x72, 0xea, 0x4c,
    0x3, 0xe4, 0x32, 0x10, 0xc4, 0x0, 0x9c, 0x40,
    0x3e, 0x10, 0x23, 0x30, 0x20, 0x18, 0x2, 0x64,
    0x1, 0xe3, 0x1f, 0xce, 0xc4, 0x3, 0xa0, 0x51,
    0xa0, 0xf, 0x71, 0xff, 0x60, 0x38, 0x53, 0x8d,
    0xb9, 0x0, 0x78, 0x94, 0x0, 0x40, 0x40, 0xc3,
    0xa7, 0x0, 0x1f, 0x37, 0x0, 0x18, 0x4, 0x0,
    0xc7, 0xc0, 0x1f, 0x8c, 0x98, 0x34, 0xc0, 0x6,
    0xc0, 0xc0, 0x12, 0x90, 0x1, 0x9, 0x7e, 0xd5,
    0x0, 0x76, 0x5e, 0xc4, 0x1, 0x80, 0x17, 0x50,
    0x48, 0x95, 0xe, 0x43, 0x41, 0xd0, 0x1, 0xc,
    0x5, 0x1c, 0x1, 0x5c, 0x1b, 0x2c, 0x0, 0xe4,
    0x82, 0x20, 0x84, 0xd8, 0x6, 0x3b, 0xd4, 0x0,
    0x8e, 0x5f, 0xc8, 0x2, 0x50, 0xc, 0x52, 0x20,
    0x1c, 0xd0, 0x4a, 0x0, 0x80, 0xf, 0xfe, 0x13,
    0xfc, 0x0,

    /* U+6211 "我" */
    0x0, 0xfe, 0x10, 0xf, 0xfe, 0x32, 0x78, 0x80,
    0x7f, 0xf0, 0x8e, 0x50, 0xc, 0x3, 0xff, 0x83,
    0x18, 0xa2, 0xd, 0x1a, 0x40, 0x1f, 0xc, 0x73,
    0x66, 0x0, 0x3, 0xf, 0x86, 0x1, 0xcb, 0x1b,
    0x26, 0x60, 0x1, 0x10, 0x29, 0x28, 0x3, 0x96,
    0x54, 0x40, 0x33, 0xf0, 0x2, 0xec, 0xa0, 0x1,
    0x44, 0x2b, 0x61, 0x55, 0x2d, 0x1b, 0xfd, 0xdb,
    0x50, 0x3, 0x13, 0x14, 0xe0, 0x65, 0x8e, 0x15,
    0x76, 0xae, 0x80, 0x6, 0x6e, 0xb2, 0xa, 0x61,
    0xec, 0x1d, 0x2, 0x84, 0x3, 0xfc, 0x2c, 0x42,
    0xa1, 0xa, 0x1, 0xf8, 0x89, 0x96, 0xa0, 0xd6,
    0xc7, 0x60, 0x19, 0xa7, 0x3e, 0x47, 0x68, 0xc2,
    0x8e, 0x68, 0x40, 0x39, 0x11, 0xb6, 0x2, 0x1,
    0x18, 0x92, 0x80, 0x4, 0x40, 0xdb, 0x4, 0x1,
    0xc3, 0x8e, 0x4c, 0x0, 0x72, 0x0, 0x8, 0x80,
    0x38, 0xf2, 0x25, 0xe0, 0x83, 0x0, 0x21, 0xb8,
    0x20, 0x3, 0x4e, 0x28, 0x41, 0xe1, 0x20, 0x6,
    0xad, 0xa5, 0x5, 0xa1, 0x0, 0xbc, 0x74, 0x48,
    0x3, 0x2e, 0xd8, 0x18, 0x7, 0x16, 0x12, 0x8,

    /* U+626B "扫" */
    0x0, 0xff, 0xe5, 0xbd, 0x80, 0x7f, 0xf1, 0x4d,
    0x0, 0x3f, 0xf9, 0xc2, 0x46, 0x8a, 0x1, 0xfc,
    0x3d, 0xcf, 0xf7, 0x67, 0x45, 0x38, 0x4, 0x24,
    0xd, 0x4b, 0xfb, 0xaf, 0xf7, 0x6e, 0x0, 0x84,
    0x7f, 0x48, 0x50, 0x98, 0x99, 0x0, 0x78, 0x82,
    0x3f, 0xd6, 0x19, 0x6e, 0x1, 0xf0, 0x83, 0x80,
    0x7e, 0x40, 0xf, 0xe1, 0x0, 0xf4, 0xe3, 0x3d,
    0x5e, 0x6f, 0x7f, 0x1, 0x80, 0x45, 0xe1, 0xd8,
    0x4d, 0x9b, 0x32, 0xdd, 0x58, 0x8, 0x2d, 0xea,
    0x8b, 0x80, 0x5, 0x98, 0xa8, 0x64, 0x1, 0xd,
    0xac, 0xd8, 0x7, 0xfc, 0x22, 0x1, 0xfe, 0x60,
    0xf, 0xfe, 0x9, 0x80, 0x4, 0x3, 0xff, 0x84,
    0x60, 0x19, 0x0, 0x3a, 0xa9, 0x76, 0xcc, 0x6e,
    0xa4, 0x88, 0x0, 0x1c, 0xf0, 0xb, 0xb7, 0x69,
    0x9b, 0xb3, 0x48, 0x0, 0xb0, 0xe8, 0x0, 0x47,
    0x66, 0x2a, 0x90, 0xcc, 0x40,

    /* U+62E9 "择" */
    0x0, 0xcc, 0xe0, 0x1f, 0x84, 0x84, 0x3, 0xe3,
    0x90, 0x3, 0x66, 0xf7, 0xfb, 0xb7, 0x84, 0x3,
    0xc2, 0x1, 0x34, 0x43, 0x75, 0xde, 0x4a, 0x20,
    0x1e, 0x10, 0xc, 0x96, 0xc4, 0x30, 0x76, 0x1,
    0x84, 0x44, 0x41, 0x69, 0x10, 0xaa, 0x32, 0xbe,
    0x88, 0x6, 0x9e, 0xd9, 0xd, 0x34, 0x4, 0xc9,
    0xaa, 0x18, 0x7, 0x47, 0xfa, 0xc6, 0xe9, 0x40,
    0x14, 0x49, 0x6c, 0x1, 0xff, 0x10, 0x2e, 0x8c,
    0x4d, 0x6f, 0xd2, 0x80, 0x7d, 0x57, 0x5, 0x90,
    0x5c, 0x97, 0xa5, 0xa, 0x1, 0x1c, 0x8f, 0x4c,
    0x30, 0x8b, 0xc5, 0x15, 0x23, 0x54, 0x1f, 0x30,
    0x4, 0x80, 0xc, 0xfe, 0x72, 0x8e, 0xd3, 0x0,
    0xb9, 0xf6, 0x40, 0x36, 0xff, 0xa4, 0xf2, 0xec,
    0x60, 0x14, 0xd9, 0x0, 0x7e, 0x11, 0x88, 0xd0,
    0x3, 0xc6, 0x1, 0x6f, 0x7f, 0xa0, 0xbb, 0x72,
    0xa0, 0x3, 0xfb, 0x73, 0x7a, 0xf, 0xfe, 0xe8,
    0x0, 0xa0, 0x80, 0x38, 0x88, 0x22, 0x0, 0xfe,
    0xac, 0xb0, 0xf, 0x84, 0x3, 0xf8, 0xb0, 0x10,
    0x3, 0xc2, 0xe0, 0x1e,

    /* U+63A8 "推" */
    0x0, 0xff, 0x84, 0x3, 0xff, 0x80, 0xcc, 0x0,
    0xec, 0x70, 0xf, 0xf8, 0xe0, 0x3, 0x9, 0x10,
    0x17, 0x80, 0x3f, 0x8, 0x7, 0x39, 0x28, 0x62,
    0x80, 0x7e, 0x10, 0xe, 0xb8, 0x1, 0x79, 0x0,
    0xff, 0x12, 0x2, 0x96, 0xce, 0x8f, 0x6f, 0xa8,
    0x1, 0xbb, 0x94, 0x39, 0x2f, 0x9, 0xd8, 0xc9,
    0xd9, 0xea, 0x0, 0x6c, 0xc4, 0x8f, 0x6f, 0x81,
    0xb2, 0x90, 0x90, 0x80, 0x71, 0x10, 0xc0, 0x6,
    0x8, 0x0, 0x11, 0x32, 0xb9, 0x0, 0x7f, 0x35,
    0x83, 0xff, 0x98, 0xa7, 0x10, 0x3, 0xe1, 0x9d,
    0x30, 0x7f, 0xe7, 0x4c, 0xb6, 0x0, 0xc7, 0x16,
    0x17, 0x0, 0x1c, 0x22, 0x24, 0x10, 0xb, 0xb0,
    0x98, 0x48, 0x0, 0x6f, 0xfe, 0x64, 0xc9, 0x80,
    0xb, 0x3a, 0xb4, 0x3, 0x9b, 0xbd, 0x99, 0xdb,
    0x20, 0x11, 0x8, 0x7, 0xe1, 0x0, 0xff, 0xe5,
    0x19, 0x19, 0x90, 0x2, 0x67, 0x30, 0xe, 0x6f,
    0xf3, 0x2e, 0x6f, 0x49, 0x80, 0x18, 0xed, 0x0,
    0x21, 0x6e, 0xff, 0xbb, 0x9b, 0xa3, 0x0, 0x93,
    0x68, 0x2, 0x21, 0x10, 0x7, 0xe0,

    /* U+63CF "描" */
    0x0, 0x86, 0x84, 0x3, 0xf1, 0xb0, 0x7, 0xc2,
    0x84, 0x1, 0xa5, 0x0, 0xd, 0x20, 0x1f, 0xfc,
    0x21, 0xc0, 0x1, 0x18, 0x7, 0xff, 0xb, 0x88,
    0xac, 0x75, 0x76, 0x0, 0xc2, 0xa, 0xd1, 0xdf,
    0x2b, 0x9e, 0x8f, 0xdb, 0xe0, 0xb, 0xfe, 0x1b,
    0xdc, 0xfe, 0xc2, 0xec, 0x2c, 0xba, 0x90, 0x5,
    0xf7, 0x8f, 0x5a, 0x8, 0x88, 0x80, 0xf0, 0x1,
    0xf0, 0x80, 0x80, 0x44, 0x3, 0xa2, 0xae, 0x68,
    0x20, 0x1f, 0x9d, 0x6f, 0xfd, 0xbd, 0xbf, 0xea,
    0xc0, 0xe, 0x10, 0xe3, 0x5f, 0x3f, 0xf0, 0xd6,
    0xe3, 0x30, 0x2, 0x39, 0xe0, 0xe4, 0x3, 0x10,
    0xf, 0x10, 0x80, 0xb, 0x97, 0x0, 0x40, 0x2,
    0x57, 0x83, 0x5d, 0xc5, 0x20, 0x1, 0x6e, 0x18,
    0x6, 0x70, 0xe8, 0x18, 0xcf, 0x3e, 0x0, 0xff,
    0x8, 0x2a, 0x2, 0x90, 0x88, 0xc0, 0x22, 0x0,
    0xf1, 0x80, 0x7c, 0x6c, 0x1, 0xad, 0x80, 0x30,
    0x86, 0xf0, 0xe7, 0xf8, 0x6c, 0x2, 0x2a, 0xd2,
    0x20, 0x4, 0x93, 0xbb, 0xbb, 0x90, 0x0,

    /* U+64AD "播" */
    0x0, 0xff, 0xe5, 0x8d, 0x88, 0x7, 0xe3, 0x8b,
    0x0, 0xf0, 0xaa, 0x80, 0x30, 0xac, 0xf6, 0x29,
    0x80, 0x7f, 0x8a, 0x6e, 0xb1, 0xab, 0xec, 0xc0,
    0x3f, 0x8, 0x8b, 0x8e, 0xe4, 0x10, 0x2f, 0x0,
    0x35, 0x6f, 0x8d, 0x74, 0x32, 0x58, 0x5, 0x14,
    0xe0, 0x1b, 0x48, 0x40, 0x94, 0xe, 0x9, 0x42,
    0xf, 0x6b, 0x54, 0x0, 0xff, 0xc3, 0x35, 0xfd,
    0xe5, 0x40, 0xe5, 0x9f, 0xe, 0x1, 0xf9, 0xb2,
    0x9d, 0x42, 0x5c, 0x55, 0x44, 0x1, 0xe3, 0x92,
    0x3c, 0x4b, 0x6, 0xfd, 0xe8, 0x10, 0xc, 0x63,
    0x90, 0x91, 0xd0, 0x2, 0x3, 0x5a, 0x7c, 0x80,
    0x97, 0xa1, 0xe4, 0x46, 0x9b, 0xd3, 0xde, 0xfc,
    0xaf, 0x44, 0x58, 0x78, 0x0, 0xd4, 0xb3, 0xe0,
    0xa7, 0x38, 0x4, 0x0, 0x9f, 0x62, 0x1, 0xc8,
    0x90, 0x29, 0x8, 0x80, 0x3f, 0x38, 0x0, 0x7f,
    0x78, 0x3b, 0xa3, 0x0, 0xff, 0x8e, 0x33, 0xc3,
    0xb9, 0x8c, 0x1, 0x8e, 0x4, 0x3, 0x8, 0x8,
    0x0, 0xc9, 0xc4, 0x3, 0x1d, 0x58, 0x90, 0x5,
    0x5f, 0xc1, 0xb9, 0x6e, 0x1, 0xc5, 0x5c, 0x20,
    0x4, 0x9f, 0xfd, 0xdc, 0xd0, 0x8,

    /* U+653E "放" */
    0x0, 0xc2, 0x1, 0xf4, 0x20, 0x7, 0xf9, 0x7c,
    0x40, 0x39, 0x3c, 0x3, 0xfc, 0xa0, 0x60, 0x18,
    0x4f, 0x80, 0x3f, 0xf8, 0x6, 0x1, 0x98, 0x54,
    0x3, 0xe7, 0x74, 0x40, 0x37, 0x5f, 0xc3, 0x4c,
    0x0, 0x12, 0x43, 0x0, 0xb0, 0x99, 0x6e, 0xd5,
    0xaa, 0x4d, 0xfe, 0xed, 0xaf, 0x0, 0x3d, 0xd0,
    0x4b, 0xb2, 0x9f, 0x86, 0xf7, 0x9a, 0xf6, 0x0,
    0x63, 0x5, 0x78, 0x13, 0x62, 0x51, 0x11, 0xf8,
    0x7, 0x94, 0x7c, 0x1d, 0x3f, 0xd7, 0x60, 0x70,
    0x50, 0xf, 0x64, 0xc9, 0xc0, 0x10, 0x4c, 0x6d,
    0x6e, 0x1, 0xf2, 0x28, 0x10, 0x22, 0x0, 0x17,
    0x25, 0x20, 0x1e, 0x43, 0x20, 0x60, 0x10, 0x9,
    0x40, 0xc4, 0x3, 0xdd, 0x60, 0x3, 0x30, 0x6,
    0x92, 0x24, 0x0, 0x70, 0xa3, 0x0, 0x35, 0x80,
    0x26, 0x7f, 0xd7, 0x70, 0x6, 0x8b, 0x74, 0x4,
    0xd0, 0x3, 0x46, 0x91, 0xdc, 0x48, 0x0, 0x41,
    0x5a, 0x6c, 0x54, 0x1e, 0xb0, 0xc0, 0x9, 0x6d,
    0x62, 0x12, 0x3, 0x8e, 0xa4, 0xe1, 0x84, 0x1,
    0x93, 0x19, 0x80,

    /* U+65E5 "日" */
    0x41, 0x0, 0x84, 0x8c, 0xc8, 0xa3, 0xbd, 0xff,
    0x76, 0xe6, 0x2a, 0x97, 0xc3, 0x79, 0xbd, 0xff,
    0x71, 0x10, 0x41, 0xc, 0x84, 0x3, 0x1f, 0x80,
    0x7f, 0xc2, 0x62, 0x1, 0xf8, 0x40, 0x3f, 0x84,
    0x80, 0xc4, 0x33, 0x7b, 0x9f, 0xee, 0xd0, 0x10,
    0x5, 0x45, 0xd6, 0x6e, 0xc0, 0xe0, 0x6, 0x55,
    0x21, 0x91, 0xc, 0x0, 0xe0, 0x20, 0x1e, 0x30,
    0x10, 0xf, 0xe1, 0x3, 0x10, 0x30, 0xf, 0xc2,
    0x1, 0xc2, 0x22, 0x22, 0x80, 0x6d, 0xff, 0x77,
    0x37, 0x52, 0xc, 0x0, 0x9d, 0xd7, 0x73, 0xff,
    0x31, 0x11, 0x48, 0x82, 0x20, 0xe,

    /* U+6613 "易" */
    0x0, 0x84, 0x40, 0x18, 0x48, 0xcc, 0x40, 0x1e,
    0x5e, 0xde, 0xff, 0x76, 0x77, 0x34, 0x40, 0x39,
    0x2, 0x33, 0xbf, 0xdd, 0xb2, 0x2, 0x1, 0xf7,
    0x45, 0x66, 0xf7, 0x2c, 0x80, 0x3e, 0x12, 0xff,
    0xf4, 0x30, 0x7, 0xc5, 0xea, 0x86, 0x60, 0x3d,
    0x10, 0xf, 0x9e, 0x3b, 0xfd, 0xdc, 0xc7, 0x60,
    0xf, 0xb1, 0xcd, 0x7b, 0xfd, 0xdb, 0x80, 0x1f,
    0x39, 0x9a, 0x4, 0x3, 0x9, 0x8, 0x7, 0x5a,
    0x9f, 0x6e, 0xbb, 0xfd, 0xdb, 0xc0, 0x11, 0xe8,
    0xcd, 0x9b, 0xfd, 0x85, 0x7d, 0x8, 0x2, 0x27,
    0xa9, 0xa9, 0x28, 0xa1, 0x94, 0x8, 0x80, 0x33,
    0x46, 0x38, 0xd6, 0x14, 0x32, 0x0, 0xe6, 0x1,
    0x10, 0x2e, 0x4d, 0x4, 0x3e, 0x80, 0x4a, 0x40,
    0x14, 0xee, 0x28, 0x52, 0x60, 0x80, 0x47, 0xa0,
    0x14, 0xc0, 0x96, 0x16, 0x1e, 0x38, 0xb0, 0x38,
    0x7, 0x25, 0xf4, 0x1, 0x75, 0x74, 0x99, 0x0,
    0x72, 0x49, 0x0, 0x45, 0xac, 0x3e, 0x0,

    /* U+661F "星" */
    0x0, 0xff, 0x84, 0x88, 0x1, 0xfa, 0xf7, 0x37,
    0xb9, 0xff, 0x66, 0xb0, 0x7, 0xd8, 0x1f, 0xd9,
    0xff, 0x77, 0x0, 0x80, 0x3e, 0x23, 0x31, 0x1,
    0x22, 0x15, 0xc1, 0x80, 0x3e, 0x11, 0x76, 0x74,
    0x7f, 0x66, 0x81, 0x0, 0x7c, 0xc1, 0xfb, 0x97,
    0x6a, 0x8f, 0x10, 0xf, 0xc6, 0x19, 0xbd, 0xff,
    0x75, 0x81, 0x0, 0x7c, 0x2b, 0x1f, 0xe9, 0xdf,
    0xf7, 0x70, 0x80, 0x3f, 0x64, 0x10, 0xf4, 0x80,
    0x7f, 0xf0, 0x6c, 0x0, 0x22, 0x75, 0x67, 0x8a,
    0x10, 0xf, 0x39, 0x13, 0xb1, 0xcb, 0xb3, 0x44,
    0x8c, 0x3, 0x8e, 0x2b, 0xfb, 0x59, 0x6e, 0xa9,
    0x10, 0x20, 0xc, 0x3f, 0x7d, 0x76, 0xc6, 0x4e,
    0xff, 0x72, 0x80, 0x7b, 0x12, 0x7b, 0xfc, 0x88,
    0xce, 0xff, 0x28, 0x7, 0x8, 0x0, 0x95, 0xc,
    0x80, 0x84, 0x3, 0xe1, 0x1, 0x11, 0x14, 0x64,
    0xe8, 0xab, 0x33, 0x21, 0x82, 0x3f, 0xb9, 0xba,
    0xcd, 0x41, 0x99, 0xbb, 0x70, 0xbc, 0x27, 0xff,
    0xbb, 0xad, 0xd6, 0x62, 0xed, 0x54, 0x90,

    /* U+667A "智" */
    0x0, 0xff, 0xe4, 0x3c, 0x80, 0x7f, 0xf0, 0xf3,
    0x80, 0x2, 0x40, 0x1f, 0xe2, 0x49, 0xff, 0x67,
    0xe, 0x55, 0xe6, 0xf5, 0x0, 0x26, 0xf8, 0xe7,
    0x70, 0x5c, 0xff, 0xe4, 0x0, 0x2f, 0x20, 0x0,
    0xc0, 0x46, 0xe4, 0x32, 0x2, 0x27, 0xfa, 0xf0,
    0xeb, 0xfb, 0xf, 0xc0, 0x26, 0xe2, 0xef, 0xf5,
    0x86, 0x7f, 0xb4, 0x48, 0x48, 0xc4, 0x81, 0x15,
    0x2c, 0xf2, 0x0, 0x1e, 0xbf, 0xf3, 0x8, 0x5,
    0x1, 0x9a, 0x7c, 0x68, 0xfd, 0xb9, 0x6a, 0x3,
    0x45, 0xc0, 0x57, 0xe, 0x72, 0x42, 0x1, 0xc,
    0x4d, 0x27, 0x6f, 0x4d, 0xff, 0xb3, 0x80, 0x21,
    0x93, 0x2, 0xf, 0xfe, 0xeb, 0x10, 0xf, 0x9c,
    0x48, 0x40, 0x44, 0x5a, 0x40, 0x1f, 0x8, 0x7f,
    0xdd, 0xfe, 0x67, 0x0, 0xf8, 0xc3, 0x7f, 0xee,
    0xd6, 0x10, 0xf, 0x84, 0xc, 0x2, 0x12, 0x21,
    0x80, 0x7f, 0x77, 0xfd, 0xda, 0xa8, 0x1, 0xf8,
    0xaf, 0xbf, 0xfb, 0x40, 0x20,

    /* U+6682 "暂" */
    0x0, 0xff, 0xe5, 0x79, 0x0, 0x7e, 0xb8, 0x0,
    0x88, 0x8a, 0x8, 0xf0, 0x44, 0x2, 0x7e, 0x7d,
    0x0, 0x97, 0xec, 0xb3, 0x80, 0x67, 0xb9, 0xf9,
    0x85, 0x0, 0x9f, 0x42, 0x86, 0x60, 0xc9, 0x32,
    0x8, 0x0, 0x60, 0x14, 0x28, 0xa4, 0xd8, 0x82,
    0x66, 0xf7, 0xfb, 0x1c, 0x0, 0xcc, 0xa0, 0xee,
    0x9, 0x3f, 0xf8, 0x2f, 0xfc, 0xe0, 0xe, 0xde,
    0x3, 0xc4, 0x5a, 0x32, 0x7, 0x0, 0xc4, 0x8f,
    0xc1, 0xb6, 0xe6, 0x60, 0x9, 0xc0, 0x23, 0xdb,
    0xb2, 0x4, 0x94, 0x70, 0x4, 0x20, 0x18, 0xf3,
    0xb2, 0xc4, 0x1b, 0x4c, 0x2, 0x27, 0x0, 0xc6,
    0x23, 0x40, 0x33, 0x89, 0x1a, 0x71, 0x80, 0x7d,
    0xb1, 0xfe, 0xee, 0x67, 0x46, 0x20, 0x7, 0x84,
    0x57, 0xdf, 0xf7, 0x6f, 0x3, 0x0, 0x7e, 0xbc,
    0xef, 0xfd, 0xa0, 0x60, 0x1f, 0x1b, 0x7e, 0x77,
    0x3f, 0xd6, 0x2, 0x1, 0xf0, 0xf9, 0x18, 0x0,
    0x88, 0x64, 0x1, 0xf9, 0xe3, 0xfb, 0xad, 0xc9,
    0x2, 0x0, 0xf8, 0x9f, 0xff, 0xbb, 0x9a, 0x40,
    0x10,

    /* U+66F2 "曲" */
    0x0, 0xfe, 0x63, 0x0, 0xfe, 0x3c, 0x10, 0x7,
    0x40, 0x7, 0xf1, 0x99, 0x40, 0x3f, 0xf8, 0x42,
    0x1, 0xff, 0xc4, 0x10, 0x8, 0x40, 0x38, 0xd4,
    0x8c, 0xc1, 0x8c, 0xe8, 0xf5, 0x4b, 0xb1, 0x85,
    0x6e, 0xc2, 0x9b, 0x82, 0x5, 0xb8, 0x8a, 0x41,
    0xdd, 0x14, 0x5d, 0x9d, 0x21, 0xdc, 0x4, 0x1,
    0xe3, 0x0, 0x84, 0x3, 0x38, 0x81, 0x80, 0x4,
    0x62, 0x12, 0x45, 0x60, 0x10, 0x6, 0x7f, 0x8e,
    0x3b, 0x11, 0x11, 0x34, 0x4, 0x3, 0x1b, 0xc9,
    0x1f, 0xc9, 0x39, 0x88, 0x0, 0xc4, 0x41, 0x0,
    0xfc, 0x22, 0x0, 0x18, 0x80, 0x79, 0xc4, 0x0,
    0x66, 0x0, 0x9, 0x80, 0x7, 0xc4, 0x40, 0x26,
    0x6f, 0x10, 0x0, 0xcf, 0xf9, 0x5f, 0xb8, 0x71,
    0x98, 0x62, 0x20, 0x3b, 0x66, 0xeb, 0xba, 0xff,
    0xee, 0x20,

    /* U+6700 "最" */
    0x0, 0x84, 0x3, 0xc2, 0x22, 0x20, 0x7, 0xd5,
    0xb9, 0xbd, 0xfd, 0x9b, 0xda, 0x80, 0x1e, 0xc0,
    0xec, 0xef, 0xec, 0xe9, 0x5, 0x0, 0xf1, 0x13,
    0xf3, 0x77, 0x4c, 0x80, 0x40, 0x3c, 0x21, 0xbb,
    0xe9, 0x42, 0x0, 0xf9, 0xc3, 0x7b, 0xb6, 0x71,
    0xb0, 0x80, 0x78, 0xe3, 0x3b, 0xb6, 0x74, 0x41,
    0x54, 0xe3, 0x35, 0x79, 0x59, 0xdf, 0xf7, 0x67,
    0x7c, 0x76, 0xa5, 0xe6, 0x9c, 0xfe, 0x15, 0x7f,
    0xbb, 0x75, 0xd7, 0x4a, 0x4c, 0xe1, 0xf3, 0xc4,
    0x15, 0xdf, 0xd9, 0xb4, 0x1, 0xee, 0x8e, 0x20,
    0xa9, 0xfe, 0xc0, 0xf0, 0xc, 0x20, 0x86, 0x60,
    0xa, 0x9c, 0x18, 0x94, 0x3, 0xdd, 0xcf, 0x20,
    0x7, 0x42, 0xc4, 0x80, 0x7d, 0xdd, 0x10, 0x0,
    0xea, 0x8a, 0x80, 0x1c, 0x21, 0x37, 0x86, 0x1,
    0x72, 0x22, 0x0, 0x2b, 0xee, 0x10, 0x46, 0x18,
    0x1e, 0x62, 0xf1, 0x75, 0x42, 0xaf, 0xb6, 0xc,
    0xf, 0x2f, 0x5c, 0xb, 0x6a, 0xc8, 0x54, 0x40,
    0x33, 0xe4, 0x8, 0x6, 0x7e, 0x20,

    /* U+672A "未" */
    0x0, 0xfc, 0x28, 0x1, 0xff, 0xc6, 0x1b, 0x50,
    0xf, 0xfe, 0x30, 0x98, 0x7, 0xff, 0x54, 0x88,
    0x66, 0x40, 0xc8, 0x9a, 0xe3, 0x0, 0xfd, 0x5b,
    0x9b, 0x42, 0xe6, 0x73, 0x0, 0x7f, 0x47, 0xfb,
    0xb8, 0x37, 0x6a, 0x98, 0x30, 0xf, 0xfe, 0x70,
    0x80, 0x91, 0x99, 0x3, 0x66, 0x55, 0x79, 0xee,
    0x1, 0xab, 0xfb, 0x75, 0xd6, 0x28, 0x46, 0x72,
    0x41, 0x80, 0x6b, 0xff, 0xbb, 0x80, 0x1, 0xa,
    0x98, 0x83, 0xa0, 0x7, 0xe1, 0xd7, 0x18, 0xb,
    0x0, 0xff, 0xe0, 0xe, 0x24, 0x1, 0xd8, 0x61,
    0x0, 0x7f, 0x16, 0x3d, 0x0, 0x6b, 0x6c, 0x50,
    0xf, 0x93, 0x2a, 0x80, 0x1e, 0xa8, 0xac, 0x30,
    0xd, 0x10, 0xd7, 0x0, 0xfc, 0xda, 0xf9, 0x44,
    0x35, 0xb8, 0x60, 0x1f, 0xe2, 0xba, 0x10, 0x1a,
    0x50, 0xf, 0x8, 0x7, 0xcb, 0x64, 0x1, 0xfc,
    0x62, 0x1, 0xfc,

    /* U+673A "机" */
    0x0, 0xff, 0xe6, 0x2e, 0x80, 0x7f, 0xf1, 0x98,
    0x80, 0x22, 0x20, 0x0, 0x44, 0x1, 0xff, 0xc2,
    0x1d, 0xff, 0x77, 0x18, 0x3, 0xff, 0x82, 0x41,
    0x5d, 0xe4, 0x1, 0xe2, 0x34, 0xb0, 0x9b, 0x90,
    0x3, 0x8, 0x18, 0x7, 0x9b, 0xa1, 0x40, 0x77,
    0x42, 0x1, 0xff, 0x26, 0xe3, 0x84, 0x32, 0x0,
    0x7f, 0xf0, 0x85, 0x43, 0x8c, 0x4, 0x4, 0x3,
    0xfe, 0x71, 0x14, 0xe9, 0x0, 0x7f, 0xf0, 0xad,
    0xc1, 0xd6, 0xcc, 0x8, 0x2, 0x30, 0xf, 0x20,
    0xe8, 0x2, 0xe5, 0xc4, 0x2, 0x10, 0xf, 0xa3,
    0xc0, 0xc0, 0x2d, 0x40, 0xf, 0x94, 0x41, 0x50,
    0xc4, 0x3, 0x27, 0x80, 0x7d, 0xa4, 0x19, 0x0,
    0x1c, 0x44, 0x50, 0xf, 0x88, 0x1, 0x20, 0x1e,
    0xb9, 0x0, 0xfc, 0xe2, 0x1, 0xf1, 0x2b, 0x80,
    0x61, 0xe7, 0x92, 0x30, 0xc, 0x42, 0x15, 0xa0,
    0x1d, 0x6f, 0x4b, 0x22, 0x1, 0x8d, 0xc2, 0x4,
    0x3, 0x97, 0x37, 0x18, 0x0,

    /* U+6765 "来" */
    0x0, 0xfe, 0x30, 0xf, 0xfe, 0x3e, 0xb0, 0x7,
    0xff, 0x18, 0xc0, 0x3f, 0xf8, 0x82, 0x46, 0x1b,
    0x13, 0x57, 0xce, 0x1, 0xed, 0xff, 0x76, 0x71,
    0x7, 0xf6, 0x1d, 0x30, 0x7, 0xb7, 0x2b, 0xfb,
    0x4b, 0x5d, 0xc6, 0xea, 0x20, 0x1f, 0xa9, 0xc0,
    0x3d, 0x8, 0x20, 0x1f, 0x8e, 0xe1, 0x80, 0x34,
    0xb5, 0x80, 0x7f, 0x92, 0x64, 0x1, 0x38, 0x58,
    0x7, 0xf8, 0x49, 0x29, 0xf, 0xfb, 0xde, 0x26,
    0xec, 0x1, 0xb3, 0xfb, 0x72, 0xe8, 0x58, 0xff,
    0xc1, 0xdb, 0xc0, 0x1b, 0x3b, 0xfd, 0xde, 0x1,
    0xa6, 0x20, 0xec, 0xa0, 0x1c, 0x20, 0x1, 0xc4,
    0x19, 0x6b, 0x0, 0xff, 0xe0, 0xe, 0x35, 0x1,
    0xe0, 0xf2, 0x0, 0x7f, 0x16, 0x3d, 0x80, 0x6a,
    0x8b, 0x90, 0xf, 0x97, 0x2e, 0x80, 0x3c, 0xd8,
    0x9c, 0xc0, 0x10, 0xd7, 0x63, 0x0, 0x7e, 0x3d,
    0x69, 0xe2, 0x19, 0x95, 0x90, 0x6, 0x10, 0xf,
    0x47, 0x59, 0xc, 0x18, 0x7, 0x8c, 0x40, 0x3c,
    0x2a, 0x0,

    /* U+6B22 "欢" */
    0x0, 0xff, 0xe0, 0x8, 0x7, 0xff, 0x1f, 0x90,
    0x3, 0xff, 0x8a, 0x40, 0xe0, 0x1f, 0x88, 0x48,
    0xd1, 0x50, 0x0, 0x82, 0x60, 0x1f, 0xa7, 0xb7,
    0x53, 0x16, 0x61, 0xae, 0x1, 0x8, 0x80, 0x35,
    0xff, 0xbb, 0x68, 0xc, 0x11, 0x1b, 0xdf, 0xdc,
    0x70, 0xc, 0xc2, 0x0, 0xd4, 0x5, 0x39, 0xec,
    0xea, 0x6, 0x0, 0xdb, 0x40, 0x4, 0xd0, 0xe8,
    0x66, 0x10, 0xfc, 0x88, 0x6, 0xa5, 0x84, 0x17,
    0x27, 0x41, 0xa2, 0x11, 0x30, 0x7, 0xe, 0xbc,
    0xa8, 0xd7, 0x3, 0x81, 0x85, 0x80, 0x7c, 0x6e,
    0x5c, 0x12, 0x40, 0x40, 0x22, 0x0, 0xfe, 0x20,
    0xe0, 0x10, 0x6, 0x3, 0x0, 0x7f, 0x1a, 0xd2,
    0xa8, 0x2, 0x43, 0x80, 0xf, 0xee, 0x85, 0x8a,
    0x10, 0x41, 0xd3, 0x80, 0xf, 0x9d, 0x9c, 0x1c,
    0x9c, 0x21, 0x86, 0x5c, 0xc0, 0x39, 0x2a, 0x80,
    0x16, 0xb3, 0x94, 0x2, 0x36, 0x90, 0x4, 0x53,
    0x82, 0x1, 0x8e, 0x34, 0x40, 0x12, 0xbe, 0x20,
    0x8, 0xc1, 0x0, 0xc7, 0xb6, 0x60, 0x1a, 0xc7,
    0xc8, 0x28, 0x40, 0x31, 0xc6, 0x20, 0x7, 0xb4,
    0xd0, 0x3, 0xe3, 0xb2, 0x0, 0xf8, 0x75, 0x80,

    /* U+6B4C "歌" */
    0x0, 0xff, 0x8, 0xe, 0x98, 0x7, 0x96, 0xa9,
    0x79, 0xbd, 0xff, 0x8, 0x13, 0x80, 0x79, 0x33,
    0x1d, 0x1d, 0x85, 0x3c, 0x2a, 0x8, 0x1, 0xe1,
    0x42, 0x11, 0x39, 0x0, 0x63, 0x50, 0x8, 0x40,
    0x3a, 0xc8, 0x96, 0x0, 0x30, 0x6, 0x27, 0x7f,
    0xba, 0xc0, 0x22, 0x6, 0x32, 0x0, 0xc2, 0xbb,
    0x9d, 0xc0, 0xe0, 0xe, 0xea, 0x0, 0x10, 0x1,
    0xe4, 0x4c, 0x50, 0xd4, 0x3, 0x47, 0x73, 0x45,
    0xc, 0x75, 0xdd, 0xe1, 0xfe, 0x0, 0x16, 0x6c,
    0xff, 0xdc, 0x93, 0x5e, 0x6, 0x21, 0xc6, 0x0,
    0x2f, 0xed, 0xd7, 0x7f, 0x86, 0xec, 0x81, 0xc6,
    0x8, 0x1, 0x8c, 0x4, 0x8, 0x80, 0x20, 0x19,
    0xc, 0x40, 0x3d, 0x7b, 0xdc, 0xc0, 0xf, 0x18,
    0xc0, 0x7, 0xb5, 0x32, 0xd4, 0x3, 0x94, 0x75,
    0x88, 0x3, 0x99, 0x3a, 0x58, 0x3, 0xa6, 0x46,
    0xb2, 0x1, 0xc4, 0x9d, 0xfa, 0x1, 0x90, 0x98,
    0x2d, 0x18, 0x3, 0xd, 0x82, 0x18, 0x6, 0x9d,
    0x10, 0x19, 0x91, 0x80, 0x79, 0x7b, 0x0, 0x13,
    0x46, 0x1, 0x32, 0xe9, 0x80, 0x70, 0xeb, 0x9,
    0xfb, 0x80, 0x75, 0x14, 0x80,

    /* U+6B63 "正" */
    0x0, 0xff, 0xe0, 0x9, 0x1a, 0x90, 0x7, 0xa2,
    0xae, 0xd9, 0xbd, 0xfe, 0xed, 0xca, 0xf0, 0xf,
    0x59, 0x1e, 0x54, 0x30, 0x66, 0xf7, 0xfb, 0x40,
    0x3c, 0x71, 0x7, 0x65, 0xd0, 0x32, 0x10, 0xf,
    0xfe, 0x92, 0x60, 0x80, 0x7f, 0xf1, 0x54, 0xd4,
    0x3, 0xff, 0x8a, 0x20, 0x1e, 0x55, 0x34, 0x38,
    0x7, 0xf8, 0x40, 0x35, 0xc5, 0x26, 0x10, 0x7,
    0xff, 0xb, 0xf7, 0x31, 0x64, 0x1, 0xff, 0xc0,
    0x10, 0xf, 0xfe, 0xc1, 0x80, 0x7f, 0xf1, 0x84,
    0x3, 0xf0, 0x88, 0x8c, 0x80, 0x17, 0x76, 0xc,
    0x6f, 0x58, 0x77, 0xfb, 0xb9, 0xb9, 0xa2, 0x10,
    0x79, 0x73, 0x10, 0xba, 0xbb, 0x66, 0x37, 0x5d,
    0xcf, 0x10,

    /* U+6D77 "海" */
    0x0, 0xfc, 0x40, 0x1f, 0xfc, 0x6d, 0x60, 0xf,
    0xf4, 0xe0, 0x80, 0x48, 0xa, 0x1, 0xfe, 0x96,
    0xc2, 0x0, 0x78, 0xdc, 0xd5, 0xef, 0x7e, 0x0,
    0x6a, 0x7e, 0x3, 0x47, 0xe, 0xce, 0x9d, 0xd6,
    0x0, 0x75, 0x68, 0x45, 0x4c, 0x3b, 0x2a, 0x19,
    0x0, 0x50, 0x60, 0x1, 0x41, 0x9b, 0xb6, 0x6f,
    0x73, 0xf4, 0x2, 0xec, 0x80, 0x6, 0xd0, 0x97,
    0x2f, 0x7f, 0x49, 0x80, 0x4d, 0x8d, 0x61, 0x20,
    0x7a, 0x85, 0xae, 0x0, 0x30, 0xc, 0x7f, 0xc0,
    0x10, 0xb0, 0xdd, 0x60, 0x8, 0xc4, 0x1, 0xa,
    0x22, 0x68, 0x26, 0xf2, 0x5f, 0xa0, 0xff, 0xcc,
    0x1, 0x5b, 0x60, 0xf, 0x9c, 0xfe, 0x72, 0xb7,
    0x6b, 0x0, 0x9, 0x89, 0x49, 0x11, 0xb5, 0x20,
    0x6, 0xe0, 0xe, 0x9b, 0x0, 0x19, 0x2, 0xf0,
    0x30, 0x11, 0x0, 0x31, 0xa3, 0x0, 0x10, 0xe6,
    0xac, 0x33, 0x3, 0x7f, 0x60, 0xf, 0x51, 0x0,
    0x41, 0xf6, 0xe7, 0x72, 0xc3, 0x75, 0x40, 0xe7,
    0x20, 0x13, 0xc3, 0xb9, 0x15, 0x42, 0x23, 0x21,
    0x1, 0x83, 0x0, 0xfa, 0xb2, 0x29, 0x0, 0x33,
    0x38, 0x7, 0xe8, 0xf3, 0x28, 0x0, 0xc0,

    /* U+6E90 "源" */
    0x0, 0x10, 0x7, 0xff, 0x0, 0x48, 0x2, 0x1d,
    0x90, 0x4, 0x64, 0xd6, 0x6f, 0x7f, 0xbb, 0x8,
    0x0, 0x36, 0xd4, 0x1a, 0x7d, 0x93, 0x25, 0xde,
    0xfe, 0x20, 0x9, 0x2d, 0x54, 0x2, 0xec, 0xae,
    0x80, 0x20, 0x1f, 0x26, 0xa8, 0x4, 0x21, 0x2a,
    0x64, 0x60, 0x12, 0x50, 0x81, 0x0, 0xc, 0x7b,
    0x8a, 0xae, 0xcc, 0x20, 0x1, 0x9f, 0xcc, 0x0,
    0x62, 0x35, 0xf7, 0xfc, 0xc, 0x0, 0x2d, 0x2c,
    0x10, 0xe7, 0x2, 0x32, 0x34, 0x60, 0x20, 0xd,
    0x8c, 0x20, 0x24, 0xf, 0x1f, 0x1d, 0x82, 0x1,
    0xe9, 0x40, 0x5f, 0x2, 0x9c, 0xba, 0xd2, 0x0,
    0xf3, 0x10, 0x1a, 0x80, 0xcf, 0x7f, 0xa0, 0x44,
    0x1, 0xd6, 0xe4, 0x26, 0x1a, 0xde, 0x37, 0xde,
    0x20, 0x1a, 0x50, 0x55, 0xc0, 0x11, 0xc2, 0x0,
    0x4d, 0x30, 0x8, 0xda, 0xc2, 0xa8, 0x6, 0x48,
    0x1, 0x23, 0x68, 0x80, 0xf3, 0x11, 0xb1, 0x87,
    0xc9, 0x0, 0x69, 0x2d, 0xb, 0x28, 0x8, 0x90,
    0x8b, 0x47, 0x10, 0x10, 0x6, 0xb8, 0x57, 0x9,
    0xe9, 0x5, 0x39, 0x7f, 0x8, 0x4, 0x36, 0x0,
    0x10, 0x36, 0x0, 0x10, 0x2, 0x24, 0x58, 0x3,
    0x80,

    /* U+72B6 "状" */
    0x0, 0xe4, 0x70, 0xc, 0x3a, 0x60, 0x1f, 0xf3,
    0x40, 0x80, 0x42, 0x6a, 0x1, 0xff, 0xc8, 0x52,
    0x0, 0xff, 0xe2, 0x9e, 0x60, 0x3, 0xdc, 0x80,
    0x20, 0x1f, 0xa4, 0xe4, 0x3, 0xa6, 0x80, 0x3f,
    0x8, 0x82, 0x10, 0x3, 0x9c, 0x18, 0x0, 0x20,
    0x1c, 0xe2, 0xfc, 0xa0, 0x1c, 0xd6, 0x0, 0x1c,
    0xdd, 0x70, 0x67, 0x6e, 0x5b, 0x0, 0x69, 0xe7,
    0x1, 0xf8, 0x99, 0x0, 0x3b, 0xfd, 0xcc, 0x1,
    0x84, 0xc4, 0x0, 0x6a, 0x9e, 0x64, 0xe0, 0x1f,
    0xcd, 0x60, 0x1c, 0x97, 0x70, 0x7, 0xc3, 0x77,
    0x0, 0x62, 0x36, 0x61, 0xb8, 0x7, 0x4f, 0x36,
    0x8, 0x6, 0xb5, 0x10, 0xb8, 0x20, 0xd, 0xeb,
    0x82, 0x20, 0x8, 0xde, 0xc0, 0xa, 0x9e, 0x20,
    0x13, 0x50, 0x80, 0x77, 0xd8, 0x80, 0x56, 0x1a,
    0x1, 0xf8, 0x42, 0xad, 0x40, 0x3b, 0xc7, 0x48,
    0x3, 0x8c, 0x1b, 0xdc, 0x3, 0xc5, 0x82, 0xa0,
    0x1c, 0x46, 0xca, 0x1, 0xf8, 0x71, 0xc0,

    /* U+73AF "环" */
    0x0, 0xf1, 0x0, 0x78, 0x48, 0xd1, 0x88, 0x1,
    0x7b, 0xdf, 0xed, 0x88, 0x6f, 0x7f, 0xbb, 0x75,
    0x3b, 0x60, 0xa, 0xed, 0xd, 0xf8, 0x87, 0x6e,
    0xba, 0x83, 0x36, 0xe4, 0x0, 0x26, 0x40, 0x1c,
    0x66, 0x22, 0x49, 0x90, 0x7, 0xff, 0x11, 0xe,
    0x40, 0x3f, 0xcc, 0x80, 0x1d, 0xc0, 0xa0, 0x1e,
    0x4f, 0xe0, 0xa9, 0x60, 0x8, 0x98, 0x40, 0x3e,
    0x4f, 0xd0, 0xcd, 0x60, 0xb, 0x84, 0x1b, 0x44,
    0x3, 0xc6, 0x1, 0xe8, 0x8, 0x6, 0x1f, 0x20,
    0xf, 0xe2, 0x5, 0x56, 0x98, 0x3, 0x17, 0xc,
    0x3, 0xcf, 0x4a, 0x91, 0x82, 0x1, 0xac, 0xb4,
    0x40, 0x2, 0xc1, 0xd0, 0x9f, 0x82, 0x6, 0x1,
    0xb4, 0x8c, 0xdb, 0xd7, 0x71, 0x1d, 0x88, 0x7,
    0xc3, 0x84, 0x77, 0x6c, 0x40, 0xf, 0xfe, 0x23,
    0x20, 0x7, 0xff, 0x44, 0x40, 0x3f, 0xf8, 0xe6,
    0x60, 0xf, 0x0,

    /* U+7528 "用" */
    0x0, 0xff, 0xe1, 0x8, 0x4, 0x76, 0xf1, 0x35,
    0x79, 0xbd, 0xfe, 0xed, 0x0, 0x12, 0x60, 0x8b,
    0x59, 0x91, 0x59, 0xb2, 0x60, 0x1, 0x8, 0x98,
    0x71, 0xd5, 0x43, 0x20, 0xf, 0xfe, 0x53, 0x91,
    0xc, 0x75, 0x9e, 0x21, 0xa0, 0x10, 0x85, 0xee,
    0x71, 0x3e, 0xe8, 0x84, 0x3, 0xd9, 0xfd, 0xa7,
    0x57, 0x54, 0x9e, 0x0, 0xe1, 0x0, 0xff, 0xe0,
    0x98, 0x18, 0x6, 0xf2, 0x21, 0xa6, 0x80, 0x4c,
    0x1f, 0xdf, 0xe3, 0x7d, 0xda, 0x98, 0x2, 0x23,
    0xdd, 0xb8, 0xe3, 0xfd, 0xdc, 0xb0, 0xb, 0x2c,
    0xcc, 0x42, 0x1, 0xfe, 0x44, 0x0, 0x7f, 0xf0,
    0x50, 0x8c, 0x3, 0xff, 0x83, 0xf0, 0x1, 0xc2,
    0x0, 0x3b, 0x53, 0x4, 0x14, 0x0, 0xeb, 0x30,
    0x3f, 0xa9, 0x3, 0xa0, 0xf, 0x32, 0x0, 0x13,
    0x4d, 0x0,

    /* U+767B "登" */
    0x0, 0xf8, 0x48, 0x3, 0xac, 0x40, 0x3e, 0x5e,
    0xe7, 0xf6, 0xcc, 0x80, 0x16, 0xc0, 0x1f, 0x97,
    0x31, 0xb4, 0x16, 0x53, 0x6d, 0x83, 0x84, 0x1,
    0xd4, 0x84, 0x48, 0x72, 0xa4, 0x7d, 0x1b, 0x13,
    0x0, 0xe9, 0xba, 0x90, 0x80, 0x1f, 0x26, 0xc0,
    0xc1, 0x0, 0xe3, 0xc7, 0x77, 0x80, 0x4, 0x22,
    0x1, 0x62, 0x1, 0xf2, 0x12, 0xff, 0x7f, 0x65,
    0xd8, 0x70, 0x80, 0x3c, 0xd7, 0x97, 0xff, 0xbb,
    0x57, 0x5b, 0x60, 0x40, 0x29, 0xdf, 0x49, 0xa8,
    0xab, 0xb6, 0x60, 0xea, 0x8d, 0xe2, 0x13, 0x96,
    0x24, 0xff, 0xd9, 0xdf, 0x26, 0x0, 0x5e, 0xc1,
    0x9, 0x50, 0x3, 0xb, 0xb9, 0x95, 0x18, 0xc,
    0x2, 0x20, 0xf, 0x18, 0x5d, 0xb3, 0x1b, 0xa0,
    0x10, 0xf, 0xf9, 0xf3, 0xa6, 0x39, 0xb0, 0x40,
    0x3f, 0xed, 0xb4, 0x54, 0x27, 0x40, 0xf, 0xfe,
    0x2, 0xab, 0x4, 0x2c, 0xdc, 0x3, 0xf1, 0x80,
    0x4, 0x56, 0xa4, 0xc9, 0x6, 0x88, 0x55, 0x0,
    0x6f, 0xfb, 0xb9, 0xaf, 0x92, 0x15, 0xb3, 0x28,
    0x93, 0x0, 0xb3, 0xba, 0xff, 0xee, 0xeb, 0x76,
    0xc3, 0x0,

    /* U+7684 "的" */
    0x0, 0x84, 0x3, 0xd4, 0x20, 0x1f, 0xaa, 0x40,
    0x30, 0xaa, 0x0, 0x7e, 0x4c, 0x0, 0xc8, 0x8,
    0x1, 0xf3, 0x9a, 0x80, 0x6f, 0x61, 0x0, 0xe4,
    0x29, 0x91, 0x18, 0x80, 0x14, 0xe6, 0xaf, 0x2c,
    0x3b, 0x46, 0xb3, 0x68, 0x18, 0x8c, 0x77, 0x48,
    0x80, 0x25, 0xff, 0x73, 0x0, 0x2f, 0xe6, 0x1d,
    0xb4, 0x1, 0xe0, 0x1c, 0x2a, 0xa2, 0x0, 0xc6,
    0x20, 0x1e, 0x13, 0xd9, 0xe4, 0x0, 0xc6, 0x0,
    0x64, 0x42, 0xa8, 0x20, 0x6e, 0xc6, 0x0, 0x11,
    0x0, 0x9c, 0x43, 0x88, 0x40, 0xb, 0x18, 0x41,
    0xee, 0x0, 0x4c, 0xc5, 0xa0, 0x6, 0x74, 0x90,
    0x11, 0x0, 0x78, 0x7c, 0x3, 0x5d, 0x1, 0x10,
    0x0, 0xe0, 0x1f, 0xe1, 0x6, 0xf0, 0x30, 0x12,
    0x37, 0x0, 0xfc, 0x44, 0x0, 0x1f, 0x6e, 0x8b,
    0x40, 0x27, 0x81, 0x20, 0x60, 0x32, 0xff, 0x77,
    0x28, 0x2, 0x70, 0xee, 0x1, 0x3, 0x60, 0x7,
    0xf4, 0x51, 0x30, 0x80,

    /* U+77E5 "知" */
    0x0, 0xce, 0x40, 0x1f, 0xfc, 0x5a, 0xb0, 0xf,
    0xfe, 0x20, 0x96, 0x0, 0x7f, 0xf1, 0x10, 0x14,
    0x4, 0x84, 0xc, 0x44, 0x46, 0x70, 0x6, 0xf0,
    0xff, 0x76, 0x60, 0x67, 0xb9, 0xb9, 0xb8, 0x60,
    0x12, 0xe6, 0x85, 0xf6, 0x89, 0x1f, 0x7f, 0xb0,
    0x4, 0x0, 0xcc, 0x33, 0x3, 0x80, 0x5e, 0x2,
    0x0, 0x10, 0x20, 0x5, 0x40, 0x18, 0x8, 0x4,
    0x22, 0x0, 0x9c, 0x2, 0x49, 0x2, 0x40, 0x46,
    0x87, 0x33, 0x0, 0x42, 0x20, 0x4, 0xd7, 0x64,
    0x85, 0x69, 0xf0, 0x80, 0x63, 0x30, 0x3, 0x7f,
    0xdc, 0xc9, 0x97, 0x69, 0x71, 0x0, 0x85, 0x80,
    0x3c, 0xe8, 0xa0, 0x10, 0x80, 0x6e, 0x10, 0xe,
    0x50, 0x8a, 0x50, 0xc, 0x20, 0x3, 0x30, 0x6,
    0x1b, 0x87, 0x9a, 0x40, 0x30, 0x44, 0x98, 0x40,
    0x35, 0x23, 0x3, 0x32, 0xcc, 0x1, 0x73, 0x20,
    0x20, 0xa, 0x86, 0x80, 0x29, 0x3f, 0x11, 0x66,
    0xeb, 0x28, 0x1, 0x5f, 0x40, 0x1d, 0xba, 0xe,
    0x20, 0xe,

    /* U+7801 "码" */
    0x0, 0xff, 0xe0, 0x91, 0x98, 0x3, 0xfc, 0x21,
    0x7d, 0xfe, 0xdc, 0xc2, 0x80, 0x53, 0x79, 0xbd,
    0xfd, 0x54, 0xbb, 0x67, 0x60, 0x30, 0x5, 0x7d,
    0x6, 0xdd, 0xf4, 0x2a, 0x86, 0x2e, 0x4, 0x1,
    0x12, 0xb0, 0xc8, 0x80, 0x5c, 0x60, 0x2, 0x1,
    0x0, 0xea, 0x41, 0x0, 0xc2, 0xa0, 0xe, 0x20,
    0xf, 0x37, 0x80, 0x78, 0x80, 0x4, 0xc0, 0x1c,
    0xa3, 0x3d, 0xf0, 0x4, 0xa, 0x0, 0x72, 0x0,
    0xe8, 0x8, 0xc5, 0x10, 0x60, 0x0, 0x91, 0x1,
    0x50, 0x0, 0xc8, 0x2c, 0x40, 0x20, 0x41, 0xdc,
    0xc2, 0x5e, 0xb4, 0x1d, 0x90, 0x70, 0x1f, 0x6,
    0xdf, 0xf7, 0x6e, 0x58, 0x39, 0x50, 0x18, 0x1,
    0xc4, 0x0, 0x40, 0x1c, 0x20, 0x26, 0x20, 0x3,
    0x41, 0x36, 0x9a, 0xbc, 0xdf, 0x62, 0x2, 0x0,
    0xd3, 0x21, 0x24, 0x30, 0x24, 0xa9, 0x56, 0x10,
    0xc, 0x31, 0xb8, 0xe5, 0x54, 0x98, 0x76, 0x3d,
    0x50, 0xd, 0x8c, 0x1, 0xf1, 0x18, 0x1, 0x4c,
    0x3, 0xff, 0x82, 0x51, 0x90, 0x56, 0x1, 0xff,
    0xc2, 0xba, 0x65, 0x30,

    /* U+7EF4 "维" */
    0x0, 0xce, 0x1, 0xd3, 0x20, 0x0, 0x80, 0x7c,
    0x30, 0x80, 0x19, 0x48, 0x7, 0x88, 0x3, 0xcc,
    0x48, 0x1, 0x11, 0xf8, 0x28, 0x90, 0x7, 0xc,
    0xc8, 0x24, 0x42, 0xcd, 0x3, 0xa4, 0x3, 0xd0,
    0xa8, 0x4c, 0xa2, 0xd6, 0xac, 0xbb, 0x7c, 0x80,
    0x50, 0xf4, 0x16, 0x69, 0x1, 0x7d, 0x40, 0x59,
    0xc, 0x2, 0x82, 0xc6, 0xd0, 0x6e, 0x59, 0x70,
    0x30, 0xec, 0x40, 0x79, 0x75, 0x88, 0x8a, 0xb3,
    0x1, 0x21, 0x46, 0x40, 0xc, 0x92, 0x12, 0x12,
    0x22, 0xff, 0x40, 0x46, 0xe8, 0x3, 0xa6, 0x8,
    0x2, 0x1f, 0xea, 0x1c, 0xb9, 0x0, 0x96, 0xb,
    0x36, 0xc4, 0x3, 0x8, 0x9, 0x90, 0x5, 0xce,
    0x9b, 0x96, 0x20, 0x3d, 0xf4, 0x3d, 0xbc, 0x1,
    0x5f, 0xdb, 0x8, 0x8, 0xe, 0x74, 0x97, 0xf6,
    0x0, 0x78, 0x5e, 0x80, 0x22, 0x13, 0x0, 0xfc,
    0x73, 0xe1, 0x42, 0x1, 0x9, 0x98, 0x8d, 0x18,
    0x13, 0x70, 0xfd, 0xc0, 0x2, 0x2f, 0xe9, 0x1c,
    0xd9, 0xb4, 0x45, 0x6d, 0x8, 0x4, 0x63, 0xdf,
    0xf7, 0x73, 0x74, 0x80, 0xe4, 0x1, 0xc6, 0x61,
    0x0, 0xfc,

    /* U+7F13 "缓" */
    0x0, 0xff, 0xe5, 0x2c, 0x0, 0x7e, 0x3a, 0xd0,
    0xf, 0x62, 0x80, 0x61, 0x59, 0xee, 0x4, 0x0,
    0x70, 0xb4, 0x0, 0x1e, 0xaf, 0x7, 0xf7, 0x5c,
    0x1, 0xd0, 0x6a, 0xb1, 0xb5, 0x5b, 0x0, 0x2b,
    0x0, 0x32, 0x37, 0x7, 0x4a, 0x3d, 0x12, 0xb3,
    0xb3, 0x80, 0x55, 0x48, 0x23, 0x48, 0xa, 0x11,
    0x78, 0x4e, 0xb8, 0x80, 0x3c, 0x28, 0xe1, 0x50,
    0xfd, 0x3a, 0x6d, 0x73, 0x88, 0x0, 0xbc, 0x98,
    0x96, 0x7, 0xd8, 0x1b, 0x97, 0x52, 0x22, 0x0,
    0xa4, 0x64, 0x4e, 0xaf, 0x83, 0x7b, 0xfd, 0xdf,
    0x20, 0x14, 0x93, 0xa3, 0xf7, 0x84, 0x67, 0xfd,
    0xdb, 0x0, 0x54, 0xc7, 0xfa, 0xc8, 0xc5, 0x95,
    0xbb, 0x48, 0x4, 0x42, 0xd7, 0xd2, 0x41, 0x48,
    0x7d, 0x12, 0x5c, 0x1, 0xae, 0x50, 0x12, 0x5,
    0xa5, 0xc1, 0x34, 0x9c, 0x3, 0xcb, 0x9d, 0x17,
    0x5, 0x75, 0x47, 0xf0, 0xc, 0x71, 0xd1, 0xa,
    0x53, 0x60, 0x45, 0x51, 0x18, 0x6, 0xa6, 0x9d,
    0x42, 0xc9, 0x1, 0xb1, 0xc0, 0xe6, 0x0, 0xa7,
    0x9c, 0x0, 0x72, 0xf, 0x9b, 0x67, 0x8f, 0x3d,
    0x2, 0x1, 0xc2, 0x54, 0x5a, 0xc0, 0x14, 0x73,
    0xa8, 0x0,

    /* U+7F51 "网" */
    0x11, 0x0, 0x61, 0x23, 0x45, 0x67, 0x87, 0x2,
    0xed, 0xef, 0xf7, 0x6e, 0xa6, 0x5b, 0xa2, 0x82,
    0x20, 0x5e, 0xeb, 0xb3, 0xfb, 0x75, 0xf5, 0x0,
    0x19, 0x4c, 0x87, 0x94, 0x0, 0x76, 0x20, 0x3,
    0x0, 0x84, 0x0, 0x62, 0x80, 0xc0, 0x20, 0x1e,
    0xa7, 0x11, 0x35, 0x29, 0xa0, 0x7, 0xd3, 0x28,
    0x32, 0xda, 0xa6, 0x0, 0x7c, 0x56, 0xd6, 0x7,
    0x4, 0x80, 0x1f, 0x94, 0x3c, 0x0, 0x61, 0x20,
    0x20, 0x1e, 0x63, 0x73, 0xd, 0x74, 0x60, 0x0,
    0x80, 0x6b, 0xe7, 0xf1, 0x79, 0x89, 0x70, 0xe,
    0x54, 0x29, 0xb6, 0x91, 0x67, 0x0, 0xf7, 0x48,
    0xb, 0x5b, 0x80, 0x21, 0xc0, 0x32, 0xc8, 0x5,
    0x7e, 0x1, 0xfc, 0xa4, 0x0, 0x4f, 0x30, 0x19,
    0x20, 0x8, 0x80, 0x39, 0x14, 0x0, 0x39, 0xba,
    0x0, 0x11, 0x88, 0x7, 0xe5, 0xd2, 0x20, 0x0,

    /* U+80FD "能" */
    0x0, 0xff, 0x8, 0x7, 0xff, 0x3, 0x48, 0x3,
    0x4d, 0x80, 0x7f, 0x8c, 0x84, 0x3, 0x73, 0x0,
    0x42, 0x1, 0xe8, 0x43, 0x84, 0x0, 0xf1, 0xe2,
    0x0, 0x64, 0x44, 0x87, 0x51, 0x0, 0x47, 0x58,
    0xea, 0x1, 0xd, 0x2a, 0x4d, 0xf, 0x80, 0xb,
    0xb7, 0xa9, 0xc, 0x2f, 0x85, 0xf3, 0xa3, 0xa,
    0x0, 0xb5, 0xc4, 0x9, 0x82, 0xf3, 0xf6, 0x9d,
    0xe, 0xac, 0x3, 0xd8, 0x1, 0x3e, 0x55, 0xe7,
    0x71, 0xcd, 0xb, 0xf7, 0x5e, 0xa8, 0x0, 0x63,
    0xce, 0x8c, 0x11, 0x2, 0xce, 0x4c, 0xb3, 0x84,
    0x3, 0x32, 0xa1, 0x80, 0x5f, 0x46, 0x88, 0x30,
    0xf, 0x77, 0xf6, 0x0, 0x5e, 0x1, 0xa2, 0x40,
    0x21, 0xe, 0xfe, 0xd0, 0xc, 0xe0, 0xba, 0xfc,
    0x1, 0xc4, 0x68, 0xa0, 0xe1, 0xeb, 0xd1, 0x5c,
    0xea, 0x0, 0x70, 0xff, 0xc0, 0x18, 0xf7, 0x4e,
    0x21, 0x84, 0x1, 0x6e, 0x5d, 0x8, 0x4, 0xc6,
    0x1, 0x94, 0x3, 0x8c, 0xc0, 0x1, 0xf, 0x65,
    0x44, 0x2c, 0x19, 0x80, 0x80, 0x5, 0xfc, 0x20,
    0x6, 0x65, 0x5d, 0xa9, 0x60, 0x41, 0xd4, 0x7,
    0x1c, 0x50, 0x6, 0xff, 0xf6, 0xb8, 0x0,

    /* U+8350 "荐" */
    0x0, 0xff, 0xe0, 0x10, 0x7, 0xff, 0x1, 0x78,
    0x40, 0x35, 0x60, 0x7, 0xfc, 0xa2, 0x40, 0x1,
    0x22, 0x31, 0xa2, 0xa8, 0x2, 0x2b, 0xcc, 0x68,
    0x6f, 0xfe, 0x51, 0x9d, 0xd1, 0x8, 0x0, 0xbe,
    0x3f, 0xc8, 0xfd, 0xbd, 0xed, 0x75, 0x30, 0xe2,
    0x1, 0x22, 0xc, 0xbf, 0x1f, 0x40, 0x10, 0x1,
    0xff, 0xc0, 0x15, 0x7a, 0x25, 0x47, 0x74, 0x54,
    0x80, 0x70, 0xf7, 0xf7, 0xe9, 0x8f, 0x67, 0xfd,
    0x98, 0x0, 0xe1, 0xef, 0xf6, 0xc, 0xe5, 0xd4,
    0xc3, 0x31, 0x40, 0x3e, 0x11, 0x72, 0x23, 0x37,
    0xbf, 0xdd, 0xc0, 0xf, 0xc9, 0xcf, 0x45, 0xfd,
    0x9d, 0x21, 0x60, 0x1f, 0xbc, 0x2c, 0x0, 0x66,
    0x6d, 0x8b, 0x50, 0xf, 0xad, 0x4, 0x3, 0x98,
    0xf5, 0x44, 0x8c, 0x80, 0x3, 0x87, 0x40, 0xbb,
    0xdc, 0xfd, 0xc, 0xfc, 0xef, 0x80, 0x2b, 0xf8,
    0x0, 0x2f, 0x6e, 0x77, 0xc2, 0x76, 0xe6, 0x28,
    0xa, 0x8c, 0x3, 0x19, 0x88, 0x40, 0x5c, 0x3,
    0xff, 0x86, 0x64, 0x1, 0xff, 0xc1, 0x10, 0xc,
    0x73, 0x78, 0xe0, 0x1f, 0xe1, 0x30, 0xd, 0x78,
    0x9a, 0x1, 0xe0,

    /* U+83B7 "获" */
    0x0, 0xff, 0x88, 0x3, 0xff, 0x80, 0x96, 0x20,
    0x14, 0x48, 0x7, 0xfc, 0x8a, 0x80, 0x10, 0x80,
    0x7e, 0x11, 0x11, 0xa1, 0xfb, 0xc4, 0xaa, 0x66,
    0xf7, 0xb0, 0x2, 0x7f, 0xdd, 0x0, 0x9c, 0x0,
    0x38, 0x87, 0x67, 0x30, 0x2, 0x3b, 0x75, 0x94,
    0x53, 0x1f, 0x6a, 0x86, 0x42, 0x1, 0xf9, 0xbc,
    0x0, 0x8a, 0x9, 0x62, 0x1, 0xc5, 0xc4, 0x11,
    0x0, 0x1, 0x4d, 0x20, 0x60, 0x80, 0x62, 0x8c,
    0x97, 0x80, 0x8, 0x84, 0x2d, 0xac, 0x3, 0x90,
    0x53, 0xcc, 0x3, 0x8, 0x2, 0xe0, 0x3, 0x37,
    0x39, 0x1b, 0xba, 0x25, 0x53, 0x37, 0xb5, 0x80,
    0x10, 0x79, 0x20, 0xff, 0xa2, 0x23, 0x59, 0x96,
    0xe9, 0x80, 0x10, 0xa1, 0x41, 0xb1, 0x53, 0x2,
    0xaa, 0x43, 0x20, 0xe, 0xb0, 0x62, 0x0, 0x90,
    0x16, 0x40, 0x3c, 0x38, 0x77, 0xc2, 0x1, 0x73,
    0x53, 0x20, 0x6, 0x3b, 0xf8, 0xf, 0x0, 0x91,
    0x10, 0x33, 0x66, 0x1, 0x15, 0x39, 0x81, 0x10,
    0x6, 0xa8, 0x20, 0xcf, 0x88, 0x0, 0x10, 0x48,
    0xb4, 0xf2, 0xda, 0x40, 0xa, 0x1e, 0xe4, 0x3,
    0x58, 0x81, 0x5f, 0x20, 0x7, 0x45, 0x3a, 0x0,

    /* U+8868 "表" */
    0x0, 0xfe, 0x51, 0x0, 0xff, 0xe3, 0x74, 0x0,
    0x7f, 0xf1, 0x84, 0x3, 0xff, 0x8a, 0x24, 0x24,
    0xcf, 0x14, 0xc0, 0x1f, 0xb3, 0xfd, 0xd8, 0x8b,
    0xba, 0x13, 0x10, 0xf, 0xd9, 0xff, 0x72, 0x3d,
    0xd4, 0x41, 0xc0, 0x3f, 0xab, 0x7b, 0xd1, 0xbf,
    0xbf, 0x44, 0x3, 0xfa, 0xfb, 0x35, 0x1b, 0xfb,
    0x98, 0x20, 0x1f, 0xc2, 0x64, 0x60, 0x66, 0x44,
    0x2b, 0x42, 0x0, 0x6a, 0xdd, 0x77, 0xfb, 0x91,
    0x1d, 0x31, 0xd8, 0x38, 0x1, 0xae, 0x7b, 0x36,
    0x80, 0x13, 0xba, 0xcc, 0x14, 0xc0, 0x6, 0x14,
    0x32, 0x7a, 0x8b, 0x85, 0x5, 0x80, 0xf, 0xf3,
    0xd0, 0x3a, 0x4d, 0x4d, 0x52, 0x0, 0x3e, 0x1b,
    0xa7, 0x10, 0x3, 0x43, 0x3a, 0x80, 0x7c, 0x9e,
    0x5b, 0xa0, 0xc, 0xf2, 0xf4, 0x20, 0x18, 0x67,
    0x72, 0x40, 0x31, 0x40, 0xb5, 0xa7, 0x40, 0x80,
    0x6, 0x64, 0x40, 0x3, 0x1c, 0xfb, 0x10, 0x4e,
    0x77, 0x75, 0x18, 0x6, 0x8e, 0x90, 0xbd, 0x30,
    0xd, 0x1c, 0xe8, 0xc0, 0x1b, 0x1, 0xf9, 0xc0,
    0x3e, 0x18, 0xe5,

    /* U+8BD5 "试" */
    0x0, 0xff, 0x8b, 0x8c, 0x3, 0xfa, 0x50, 0x3,
    0xc4, 0xd, 0x24, 0x1, 0xf6, 0x5a, 0x80, 0x78,
    0xcb, 0xb0, 0xc0, 0x3c, 0xb3, 0x48, 0x1, 0xcd,
    0xcf, 0x3a, 0x1, 0xf3, 0x3f, 0x80, 0x71, 0x10,
    0x1f, 0x40, 0x3f, 0x45, 0x80, 0x4, 0x8c, 0x16,
    0x26, 0x2c, 0x3, 0xfb, 0x3f, 0xb3, 0x90, 0x4c,
    0xf, 0x0, 0x3, 0x79, 0xdf, 0x41, 0x9d, 0xfd,
    0xb8, 0x11, 0x30, 0xe0, 0x1, 0x9f, 0xf2, 0x90,
    0x0, 0x40, 0x2, 0x2, 0xa0, 0x1e, 0x23, 0x10,
    0xf0, 0x2d, 0xef, 0xea, 0x4c, 0x0, 0xff, 0xe0,
    0x16, 0x50, 0xfd, 0xe2, 0x0, 0x7f, 0x8, 0x80,
    0x2, 0xe0, 0x13, 0x8a, 0x0, 0x7e, 0x73, 0x5,
    0x0, 0xe1, 0x3e, 0x0, 0xff, 0x51, 0x80, 0x49,
    0x2b, 0x2a, 0x20, 0xa8, 0x1, 0x86, 0x8c, 0x9a,
    0x7, 0x6d, 0x54, 0x50, 0x1a, 0x1, 0xb0, 0x9a,
    0x7a, 0xb3, 0xa4, 0x80, 0x10, 0xc6, 0x8e, 0x1,
    0x6d, 0xc8, 0x56, 0x38, 0x80, 0x65, 0x56, 0x99,
    0x0, 0x42, 0x80, 0x1f, 0xf5, 0x22, 0x4,

    /* U+8BF7 "请" */
    0x0, 0xff, 0xe0, 0x28, 0x7, 0xf8, 0x40, 0x3f,
    0x4b, 0x80, 0x7f, 0x4e, 0x8, 0x7, 0xb, 0xf2,
    0x2b, 0x0, 0x7a, 0x1b, 0x4, 0x2b, 0xfe, 0x44,
    0x7f, 0xc4, 0x1, 0xea, 0x1d, 0xa, 0xff, 0x72,
    0xaa, 0x65, 0x4, 0x1, 0xf6, 0xd0, 0x3, 0x3b,
    0xd5, 0xba, 0x1c, 0x3, 0xf0, 0xb0, 0x3, 0x3b,
    0xd6, 0x72, 0xd8, 0x4, 0x0, 0xcf, 0x15, 0x20,
    0xf1, 0x35, 0x69, 0x3b, 0xdf, 0xec, 0x10, 0x3e,
    0xf0, 0x50, 0x4e, 0xff, 0xb7, 0x31, 0xdf, 0xed,
    0x10, 0x59, 0x7d, 0x70, 0x37, 0x8e, 0x8f, 0xfb,
    0xb0, 0x3, 0xf0, 0x80, 0x4, 0x59, 0x1f, 0xd9,
    0x64, 0x1, 0xf7, 0x98, 0x6, 0x35, 0x10, 0x12,
    0x0, 0xff, 0xe1, 0x57, 0xfe, 0xb0, 0xf, 0xc2,
    0x20, 0x71, 0xc, 0xec, 0xde, 0xa0, 0xf, 0xe2,
    0xc2, 0x10, 0xdf, 0xef, 0xc8, 0x0, 0xf8, 0x95,
    0x56, 0xa2, 0x1b, 0xfe, 0xee, 0x50, 0x80, 0x79,
    0x4e, 0x1c, 0xc, 0xc, 0x0, 0x60, 0xe0, 0x1f,
    0x3f, 0xb8, 0x0, 0x40, 0x40, 0xd, 0xd0, 0x1,
    0xff, 0xc0, 0x12, 0x0, 0x97, 0x0, 0xc0, 0x20,

    /* U+8D25 "败" */
    0x0, 0xff, 0xa9, 0x0, 0x3e, 0x85, 0x45, 0x67,
    0x30, 0x9, 0x38, 0x3, 0xe2, 0xb8, 0xec, 0xa8,
    0x0, 0x10, 0xf8, 0x7, 0xc6, 0x99, 0x74, 0xe2,
    0x0, 0x51, 0x50, 0xf, 0x84, 0xa, 0x0, 0x6,
    0x0, 0xb4, 0x35, 0x67, 0xa3, 0x0, 0xc4, 0xe4,
    0x1, 0x11, 0xbf, 0xf5, 0xd6, 0xb8, 0x7, 0xe1,
    0xa, 0x1d, 0xcb, 0x1a, 0x74, 0x0, 0x84, 0x40,
    0x1, 0x0, 0x30, 0x20, 0x0, 0xd0, 0x3, 0xf1,
    0x80, 0x1a, 0x65, 0xc0, 0x82, 0x60, 0x1b, 0xc0,
    0x3b, 0xf1, 0xd9, 0x4b, 0x9c, 0x3, 0xe3, 0x1,
    0x0, 0x58, 0xb, 0xf2, 0xd0, 0x7, 0xcc, 0x20,
    0xc2, 0x20, 0x4, 0x12, 0x18, 0x7, 0x19, 0xb1,
    0xe, 0x50, 0x2, 0x51, 0x43, 0x0, 0xe4, 0x85,
    0xf9, 0x82, 0x0, 0x1d, 0xd9, 0xf4, 0xc0, 0x39,
    0x85, 0x6c, 0xa4, 0x13, 0x69, 0x21, 0xf1, 0x40,
    0x23, 0xbe, 0x1, 0xa6, 0x88, 0x62, 0x0, 0x26,
    0x2a, 0x82, 0x29, 0xc2, 0x0, 0x22, 0xf6, 0x10,
    0x6, 0x7a, 0x46, 0x1a, 0x10, 0xd, 0x4c, 0x1,
    0xf2, 0xf3, 0x80,

    /* U+8D26 "账" */
    0x0, 0xff, 0x30, 0x7, 0xf8, 0xdc, 0xd1, 0x59,
    0x80, 0xb, 0x50, 0x8, 0xd0, 0x3, 0x1c, 0x74,
    0x76, 0x49, 0x80, 0x98, 0x5, 0x12, 0x1, 0xc3,
    0xf9, 0x74, 0x2, 0x1, 0xd0, 0x9c, 0x1, 0xf2,
    0x18, 0x7, 0xcc, 0xf8, 0x60, 0x1e, 0x12, 0xe0,
    0x1, 0x80, 0x4d, 0x5a, 0x60, 0x1f, 0xc2, 0x1,
    0xc2, 0x78, 0x40, 0x1f, 0x18, 0x7, 0x12, 0xe,
    0x94, 0xd5, 0xef, 0x18, 0x6, 0x70, 0xe, 0x92,
    0x7a, 0x72, 0xcb, 0xb1, 0x0, 0x70, 0xb8, 0x0,
    0xf4, 0xe3, 0x86, 0x5d, 0x94, 0x40, 0x3b, 0xc4,
    0x40, 0x1c, 0x69, 0x20, 0x1f, 0xc4, 0x40, 0xf,
    0xa1, 0xc8, 0x3, 0xce, 0xe4, 0xc1, 0x70, 0x0,
    0x80, 0xd, 0x38, 0x3, 0xd4, 0xe1, 0x97, 0x0,
    0x1e, 0x92, 0x90, 0xf, 0x4c, 0x41, 0xa4, 0x3,
    0x14, 0x95, 0xb3, 0x80, 0x6b, 0x56, 0x9, 0x64,
    0x0, 0x4d, 0x48, 0x2c, 0x42, 0x40, 0x15, 0xf0,
    0x0, 0x45, 0x17, 0x6f, 0x80, 0x9, 0xe0, 0x0,

    /* U+8F7D "载" */
    0x0, 0xfe, 0x11, 0x0, 0x7f, 0xf0, 0x70, 0xc0,
    0x5, 0xc4, 0x1, 0xff, 0xc1, 0x40, 0x1, 0x83,
    0x54, 0x80, 0x7c, 0x66, 0x51, 0xba, 0xd3, 0x21,
    0xb4, 0xb0, 0xf, 0x27, 0xf1, 0x81, 0x50, 0xb1,
    0xe, 0x33, 0x0, 0x39, 0xf2, 0xca, 0xe9, 0x4,
    0x31, 0x9d, 0x3e, 0x0, 0xf, 0x9b, 0xde, 0x71,
    0x9d, 0xec, 0x9f, 0xc3, 0xdc, 0x0, 0x3f, 0xf6,
    0x4b, 0xff, 0x6e, 0x48, 0x4c, 0x41, 0xd8, 0x2,
    0x33, 0x17, 0x98, 0x92, 0x1a, 0x1, 0x80, 0x4,
    0x3, 0x37, 0x7b, 0x2e, 0x77, 0xc8, 0x92, 0x80,
    0xf0, 0x80, 0x4d, 0xd2, 0x7b, 0xf9, 0x74, 0x2b,
    0xa1, 0x4, 0x20, 0x1d, 0x1e, 0xfa, 0x6, 0x21,
    0x68, 0x6d, 0x0, 0x1d, 0x3, 0xf4, 0x1f, 0xd2,
    0x6, 0x58, 0xaa, 0x0, 0xed, 0x98, 0xb1, 0xfd,
    0x80, 0x2, 0x4, 0x0, 0x10, 0x40, 0xa, 0xc8,
    0xc2, 0xf7, 0x0, 0x8e, 0x54, 0x0, 0xd0, 0x14,
    0x69, 0xcc, 0x0, 0xdc, 0x25, 0x6f, 0x39, 0x82,
    0x9, 0xdc, 0x95, 0x50, 0x58, 0x12, 0x30, 0xcd,
    0x5a, 0xa0, 0x2, 0xef, 0xb6, 0x10, 0x2, 0x66,
    0x8, 0x0, 0xb5, 0xa, 0x0, 0x10, 0x9, 0xc8,
    0x12, 0x0, 0x39, 0x36, 0x0,

    /* U+8FB0 "辰" */
    0x0, 0xff, 0xe0, 0x89, 0x29, 0x0, 0x78, 0xfa,
    0x6a, 0xf3, 0x7b, 0xfd, 0xdb, 0x5e, 0x1, 0xe2,
    0x12, 0x26, 0x54, 0x56, 0x6f, 0x7f, 0xb4, 0x3,
    0xf7, 0xc3, 0xb2, 0xa1, 0x90, 0x80, 0x7f, 0xf0,
    0x4, 0x44, 0x68, 0xac, 0xf0, 0x1, 0xff, 0x37,
    0x6e, 0xa6, 0x5b, 0xa1, 0x30, 0xf, 0x8c, 0x1d,
    0xdf, 0xee, 0xdc, 0xba, 0x93, 0x0, 0xf8, 0x40,
    0x40, 0x30, 0x91, 0xd, 0x15, 0xd0, 0x3, 0x9c,
    0x3f, 0x7b, 0xfd, 0xdb, 0xb4, 0xcb, 0x38, 0x3,
    0x88, 0x22, 0x87, 0x58, 0xbb, 0xfb, 0x5a, 0x28,
    0x3, 0xbc, 0xd4, 0xc0, 0xa4, 0x34, 0x6, 0xdc,
    0x40, 0x3c, 0x88, 0x0, 0xec, 0x2c, 0xf3, 0xd2,
    0x0, 0xe2, 0x25, 0x80, 0x70, 0xe1, 0x1d, 0x0,
    0x7d, 0x46, 0x60, 0xf, 0x16, 0x6, 0x28, 0x7,
    0x9b, 0xc0, 0x30, 0xac, 0xd0, 0x6a, 0x55, 0x8,
    0x2, 0x76, 0x33, 0x37, 0x87, 0x7d, 0x50, 0x82,
    0xa8, 0x9b, 0x46, 0x1b, 0x0, 0xf0, 0x13, 0xf4,
    0x60, 0x19, 0x7a, 0x5e, 0x82, 0x80, 0x9, 0xd6,
    0xc0, 0x1f, 0xcd, 0xb2,

    /* U+8FD1 "近" */
    0x0, 0xff, 0xe1, 0x1d, 0x80, 0x7b, 0x28, 0x3,
    0x8, 0x0, 0x5a, 0xf0, 0x4, 0x3, 0xb9, 0x2c,
    0x2, 0x4e, 0xdf, 0xdd, 0x75, 0x88, 0x7, 0x16,
    0x25, 0x0, 0x1c, 0x7b, 0x96, 0xc2, 0x1, 0xf8,
    0xac, 0xc0, 0x31, 0x0, 0x7f, 0xf0, 0x52, 0x40,
    0x32, 0xa2, 0xb3, 0xc4, 0xe1, 0x0, 0x15, 0x4f,
    0x34, 0x20, 0x21, 0x1f, 0xe8, 0xa3, 0x32, 0xb0,
    0x0, 0xa7, 0x51, 0xc4, 0x1c, 0x32, 0xe8, 0xae,
    0xd5, 0x28, 0x0, 0x7c, 0xe2, 0xf0, 0x1, 0x10,
    0x3, 0xff, 0x83, 0x54, 0x20, 0x7, 0xa0, 0x7,
    0xff, 0x0, 0x4f, 0xc4, 0x0, 0x9a, 0x1, 0xff,
    0xc0, 0x1d, 0xf, 0x13, 0x14, 0x0, 0xff, 0xe1,
    0x10, 0x2, 0x78, 0x3, 0x8, 0x7, 0xf4, 0x36,
    0x9f, 0x10, 0x7, 0xfc, 0x35, 0xae, 0x11, 0x64,
    0x84, 0x1, 0x30, 0x7, 0x87, 0x6e, 0xec, 0xa,
    0xbd, 0xfd, 0xb2, 0xe6, 0x55, 0x20, 0x1, 0xd9,
    0x15, 0xe7, 0x3f, 0xb2, 0xcc, 0xc9, 0x75, 0x49,
    0x0, 0xff, 0x9, 0xb4, 0x56, 0x6f, 0xfb, 0x40,

    /* U+9009 "选" */
    0x0, 0xff, 0x89, 0x40, 0x3f, 0x88, 0x3, 0xc6,
    0x27, 0x46, 0x1, 0xfa, 0x70, 0x40, 0x35, 0xe0,
    0x83, 0x80, 0x7e, 0xa0, 0xc1, 0x0, 0x91, 0xc0,
    0xe, 0x2, 0x1, 0xe1, 0xd0, 0xd0, 0x1, 0x1a,
    0x70, 0x67, 0xfa, 0x40, 0x3c, 0x3e, 0xc0, 0xb,
    0x6d, 0xd0, 0x5f, 0xf4, 0x80, 0x7c, 0x54, 0x2,
    0xb2, 0x66, 0x7, 0x0, 0xfa, 0x6f, 0x3b, 0x80,
    0xba, 0x0, 0x10, 0x63, 0x45, 0x74, 0x0, 0x6e,
    0x50, 0x32, 0xce, 0x77, 0xf0, 0x56, 0xcc, 0xaf,
    0x80, 0x8, 0xfc, 0xb0, 0xbd, 0x3a, 0x4f, 0xe1,
    0x5b, 0x98, 0xa0, 0x8, 0x9e, 0x40, 0x6, 0x82,
    0x54, 0x1, 0xfe, 0x33, 0x79, 0x0, 0x50, 0xa4,
    0x1, 0xea, 0x0, 0x87, 0x13, 0x0, 0x8, 0x8b,
    0x0, 0xf1, 0xb0, 0x7, 0x29, 0x0, 0xce, 0x88,
    0x4, 0x40, 0xb, 0x0, 0xeb, 0xd, 0xb, 0xf3,
    0x0, 0x96, 0x77, 0x9e, 0x40, 0x17, 0xc8, 0x35,
    0x38, 0x22, 0x0, 0xab, 0xb9, 0xbe, 0xa0, 0xc,
    0xbb, 0x4e, 0x85, 0x6f, 0x7e, 0xdc, 0xb2, 0xb2,
    0x20, 0x81, 0xd5, 0x10, 0xd3, 0x9d, 0xcc, 0x83,
    0x36, 0x5d, 0xe6, 0x0, 0xfe, 0x13, 0x58, 0xab,
    0xde, 0xff, 0x20,

    /* U+91CD "重" */
    0x0, 0xff, 0xe9, 0x24, 0x71, 0x0, 0x7f, 0x9,
    0xb4, 0xe7, 0xda, 0x38, 0x80, 0x78, 0x66, 0xea,
    0x7d, 0x1b, 0x7f, 0x24, 0xc0, 0x3c, 0x33, 0x54,
    0x8a, 0x10, 0x47, 0x74, 0x4d, 0xd0, 0x0, 0x77,
    0xfd, 0xdf, 0xf1, 0x3e, 0x77, 0xfd, 0xdc, 0x0,
    0xe, 0xf7, 0x3f, 0xb7, 0x15, 0x57, 0x71, 0xba,
    0xa0, 0x6, 0x1a, 0xee, 0x7f, 0x91, 0xb6, 0x62,
    0xa0, 0x3, 0xec, 0x2e, 0xff, 0x24, 0xe5, 0xd8,
    0xf8, 0x3, 0xe1, 0x2a, 0xbc, 0x49, 0xee, 0x88,
    0x80, 0x1f, 0x10, 0xf4, 0x71, 0xb7, 0x74, 0xc,
    0x1, 0xf3, 0x2, 0x19, 0x0, 0x8, 0xd0, 0x4,
    0x3, 0xfb, 0xfd, 0xc6, 0xdd, 0xfe, 0x46, 0x0,
    0xf8, 0x9f, 0xbf, 0x92, 0x73, 0x15, 0x44, 0x0,
    0xf1, 0x6a, 0xff, 0xc9, 0x1f, 0xdf, 0x96, 0x1,
    0xe2, 0xce, 0xce, 0xe1, 0xc7, 0xf7, 0x36, 0xc0,
    0x3e, 0x13, 0x21, 0x0, 0x79, 0x10, 0xce, 0x45,
    0x30, 0xbf, 0xff, 0x71, 0xbe, 0xef, 0x4c, 0x40,
    0x2f, 0x37, 0x5d, 0xd7, 0xff, 0x77, 0x5b, 0xab,
    0x0,

    /* U+961F "队" */
    0x0, 0xff, 0x10, 0x7, 0xf4, 0x8, 0x89, 0x10,
    0x1, 0x57, 0x0, 0x7e, 0x5e, 0xff, 0x4d, 0x98,
    0x3, 0x84, 0x3, 0xf3, 0x47, 0x6b, 0x29, 0x80,
    0x38, 0x3, 0xff, 0x80, 0x88, 0x80, 0x8, 0x44,
    0x1, 0xf9, 0xc0, 0x13, 0x4, 0x1, 0x19, 0x0,
    0x7f, 0x84, 0x90, 0x3, 0x33, 0x0, 0x3f, 0x84,
    0x53, 0xa0, 0x18, 0xd8, 0x3, 0xfe, 0x62, 0x70,
    0x0, 0x81, 0x90, 0x7, 0xc2, 0x1, 0x55, 0x80,
    0x10, 0x16, 0xc0, 0x3f, 0xd, 0x37, 0x8, 0x3,
    0xe, 0x18, 0x80, 0x3e, 0x1a, 0xc7, 0x70, 0x1,
    0xe8, 0x96, 0x0, 0x3e, 0x30, 0xad, 0xa0, 0x51,
    0x70, 0x85, 0x30, 0xf, 0xe2, 0x0, 0x4b, 0x88,
    0x13, 0x70, 0x7, 0x18, 0x7, 0x29, 0x40, 0x5,
    0x7, 0x40, 0x1f, 0xc3, 0x74, 0x1, 0x86, 0xd5,
    0xc0, 0x3f, 0x6c, 0x20, 0x7, 0x2b, 0x43, 0x0,
    0x4, 0x40, 0xa, 0xb6, 0x0, 0xfa, 0x52, 0x80,
    0x6, 0xe0, 0xbc, 0xe0, 0x1f, 0xd7, 0x80,

    /* U+968F "随" */
    0x0, 0xff, 0xe0, 0x10, 0x7, 0xff, 0x1a, 0x18,
    0x3, 0xdb, 0x54, 0xcb, 0x0, 0xf3, 0x90, 0x7,
    0xc3, 0xa2, 0x20, 0xe, 0x32, 0x5, 0x67, 0x10,
    0xb, 0x5c, 0xa7, 0x9, 0x3f, 0xd8, 0x51, 0xd9,
    0xca, 0x1, 0x9d, 0x4d, 0x3d, 0x3f, 0x8b, 0x72,
    0xea, 0x50, 0x2, 0x3b, 0xc0, 0x81, 0x70, 0x90,
    0xab, 0xcc, 0x8, 0x7, 0x4c, 0x0, 0x31, 0xcc,
    0x4b, 0xe3, 0x88, 0xc0, 0x23, 0x5, 0x26, 0x0,
    0xae, 0x1, 0x4c, 0x80, 0x3c, 0x61, 0x7a, 0xf1,
    0x58, 0x0, 0xee, 0x84, 0x3, 0x86, 0xf4, 0x8,
    0x55, 0xc0, 0x1d, 0xd0, 0x80, 0x71, 0xc3, 0xea,
    0xaa, 0x4c, 0xc1, 0x79, 0xa2, 0x1, 0xe3, 0xd6,
    0x33, 0x28, 0x5, 0x3b, 0x82, 0x1, 0x84, 0x3,
    0x1c, 0xe2, 0x0, 0x8, 0x44, 0x1, 0xff, 0x20,
    0x80, 0x80, 0x20, 0xc0, 0x3c, 0xe0, 0x26, 0x6f,
    0x84, 0x1, 0x9, 0x90, 0x98, 0x7, 0xb7, 0x62,
    0x9e, 0xf5, 0x96, 0xca, 0x53, 0x10, 0xd, 0x9d,
    0xcf, 0xed, 0x9c, 0xd, 0xd4, 0x56, 0x30, 0x10,
    0x80, 0x70, 0x9a, 0xbc, 0xd5, 0xef, 0x7b, 0x80,

    /* U+96F2 "雲" */
    0x0, 0xfe, 0x13, 0x45, 0x71, 0x0, 0xf2, 0xe6,
    0xf7, 0xfb, 0xb9, 0x1d, 0xae, 0x1, 0xca, 0x9f,
    0xf8, 0x6b, 0x75, 0x32, 0x25, 0x50, 0x80, 0x2b,
    0x7f, 0xf0, 0xde, 0xea, 0x65, 0xb9, 0x50, 0xa,
    0x5f, 0xfc, 0x35, 0xb9, 0x75, 0x3c, 0x72, 0x13,
    0x54, 0xe8, 0x60, 0x17, 0xbe, 0xc9, 0x2c, 0xd0,
    0x33, 0x34, 0xe7, 0x8, 0x5, 0x7d, 0xcc, 0xb,
    0x10, 0x29, 0x1a, 0x83, 0x20, 0x3, 0xdd, 0xc6,
    0x40, 0x10, 0xb0, 0x55, 0x99, 0x84, 0x1a, 0xee,
    0x30, 0xf, 0xc6, 0xac, 0x6e, 0xca, 0xb8, 0x3,
    0xf4, 0x77, 0x31, 0x63, 0xb9, 0xa6, 0x1, 0xfa,
    0x7f, 0xdd, 0xb9, 0x75, 0x0, 0x6a, 0x20, 0x8,
    0xbb, 0x66, 0xeb, 0xbf, 0xee, 0xcd, 0xe9, 0x60,
    0x4, 0xf7, 0x23, 0x90, 0xbb, 0xe6, 0x3b, 0x9b,
    0x8e, 0x0, 0x15, 0x52, 0x32, 0x68, 0x83, 0xe5,
    0x0, 0x7c, 0x24, 0xb5, 0x47, 0x74, 0xd3, 0x26,
    0x8, 0x7, 0xb2, 0x8a, 0xf3, 0xfd, 0x19, 0xd7,
    0xe2, 0x1, 0x87, 0xbf, 0x72, 0xa1, 0x8c, 0x41,
    0xd4, 0x80, 0x0,

    /* U+9704 "霄" */
    0x0, 0xff, 0xe4, 0x8c, 0x3c, 0x4d, 0x5e, 0x63,
    0x7d, 0x40, 0x3c, 0x3a, 0x1d, 0x8c, 0x7f, 0xd9,
    0xea, 0x1, 0xd8, 0x6a, 0xee, 0x40, 0x3, 0xb9,
    0x19, 0xe2, 0x4, 0x2, 0x7b, 0xdc, 0xcd, 0x34,
    0xef, 0xce, 0x0, 0x38, 0x83, 0x1e, 0xab, 0xde,
    0x1c, 0x8a, 0x10, 0x31, 0x39, 0x84, 0xc8, 0x7b,
    0x98, 0x42, 0x2c, 0x8c, 0x5, 0x28, 0x0, 0x32,
    0xd5, 0xc8, 0x9d, 0xb7, 0xd4, 0x2a, 0x40, 0x5,
    0x1, 0x19, 0x1e, 0x3a, 0xf1, 0xd3, 0xe0, 0x1f,
    0xd1, 0xc0, 0x3a, 0x11, 0x64, 0x1, 0xf8, 0x75,
    0x8, 0x44, 0xe9, 0x2, 0x1, 0xfa, 0x30, 0x31,
    0x96, 0xd6, 0x74, 0x3, 0xf0, 0xcf, 0x73, 0x73,
    0x6a, 0x80, 0x1f, 0xe8, 0xee, 0xd9, 0xb6, 0x1,
    0xfe, 0x9e, 0xed, 0x9b, 0x60, 0x1f, 0xc3, 0x1d,
    0xdb, 0x31, 0x60, 0x1f, 0xe9, 0xee, 0xdb, 0xa8,
    0x0, 0xfe, 0x70, 0xe, 0xa8, 0xd1, 0x0, 0xfc,
    0xe6, 0x1, 0xab, 0x95, 0xc0, 0x30,

    /* U+97F3 "音" */
    0x0, 0xff, 0xe8, 0xf, 0xa8, 0x7, 0xff, 0x14,
    0x4b, 0x40, 0x3f, 0xf8, 0x2, 0x31, 0x1a, 0x1a,
    0x4d, 0x5d, 0xb9, 0x80, 0x3d, 0x5d, 0xcd, 0xe8,
    0x27, 0x37, 0x2c, 0x92, 0x0, 0xf5, 0xff, 0x86,
    0x73, 0x17, 0x42, 0x6e, 0xe4, 0x0, 0xfe, 0xbb,
    0x18, 0x1, 0x4e, 0x40, 0x3f, 0xf8, 0xa, 0xaa,
    0x23, 0xb8, 0x65, 0x67, 0x88, 0x0, 0xe6, 0x37,
    0xb9, 0xea, 0xdb, 0x83, 0x31, 0x35, 0x84, 0x24,
    0x31, 0x51, 0x5b, 0x9b, 0xdf, 0xf7, 0x6e, 0x62,
    0xea, 0x48, 0x11, 0x95, 0x4e, 0x64, 0x4, 0x66,
    0x45, 0x40, 0xf, 0xe1, 0xbf, 0xf7, 0x6e, 0xd3,
    0x16, 0x40, 0x1f, 0xc3, 0x1f, 0xf7, 0x73, 0x60,
    0x8, 0x3, 0xf8, 0xbc, 0x88, 0x66, 0x45, 0xc0,
    0xf, 0xf9, 0xdd, 0x98, 0xee, 0x47, 0x21, 0x0,
    0x7f, 0x85, 0xbb, 0x9b, 0xac, 0xb5, 0x10, 0xf,
    0xf1, 0x16, 0x33, 0x90, 0xdc, 0x3, 0xfd, 0xe9,
    0xba, 0xcd, 0xd5, 0x33, 0x0, 0x3f, 0xc4, 0x7f,
    0xf7, 0x75, 0xba, 0x0, 0xe0,

    /* U+987A "顺" */
    0x0, 0xfa, 0x61, 0xe6, 0xaf, 0x37, 0xbf, 0xce,
    0x0, 0xb8, 0x13, 0x1, 0x25, 0xff, 0x9d, 0x7f,
    0xe7, 0x0, 0x10, 0x86, 0x7, 0x81, 0x32, 0xa2,
    0x80, 0x80, 0x7c, 0x20, 0x20, 0x12, 0x93, 0xe,
    0xab, 0x18, 0x7, 0xfd, 0x19, 0x67, 0xdf, 0x70,
    0x1, 0xff, 0xc, 0x6f, 0xdd, 0x21, 0x0, 0x61,
    0x0, 0xf3, 0x80, 0x22, 0x0, 0x60, 0x18, 0xc0,
    0x3f, 0x8, 0x8, 0x80, 0x2, 0x1, 0xbc, 0x3,
    0xc2, 0x1, 0x8, 0x8, 0x6, 0x62, 0x0, 0xfb,
    0xc0, 0x7c, 0x1, 0xe0, 0x11, 0x30, 0x7, 0x8c,
    0x41, 0xc4, 0x1c, 0x3, 0x9, 0x88, 0x7, 0xe3,
    0x50, 0x0, 0x80, 0x11, 0x0, 0x1f, 0x70, 0x20,
    0x88, 0xec, 0x80, 0x19, 0xc0, 0x3e, 0x20, 0x13,
    0xcf, 0xb3, 0xe1, 0x20, 0x1, 0x14, 0x3, 0x78,
    0x4, 0xcc, 0x85, 0xaa, 0x30, 0x27, 0x80, 0x77,
    0x18, 0x2d, 0x60, 0x1, 0x6a, 0x51, 0x6, 0x1,
    0xcd, 0x2c, 0x58, 0x20, 0x12, 0xc6, 0x80,

    /* U+9996 "首" */
    0x0, 0xff, 0xe0, 0x8, 0x7, 0xf2, 0x20, 0x3,
    0x8b, 0x94, 0x3, 0xfa, 0xdc, 0x3, 0x48, 0xb8,
    0x7, 0xe4, 0xb8, 0x70, 0x4, 0xb6, 0x10, 0x7,
    0xf2, 0x48, 0x1d, 0x3d, 0xa3, 0xc4, 0xdb, 0xce,
    0x6f, 0x7f, 0xa6, 0x31, 0x97, 0x73, 0x83, 0xb4,
    0xe2, 0x1d, 0x9d, 0xfe, 0x80, 0xcb, 0xb5, 0x4c,
    0x3b, 0x20, 0xa1, 0x81, 0x2, 0x44, 0x9a, 0x2a,
    0x98, 0x40, 0x3e, 0xcf, 0xb0, 0x8e, 0x8e, 0xe4,
    0xb8, 0x7, 0x88, 0x33, 0xfd, 0xdb, 0x97, 0x60,
    0x20, 0xf, 0xf0, 0x91, 0x99, 0x14, 0x1c, 0x3,
    0xf6, 0x7f, 0x67, 0x72, 0x38, 0x3, 0xf8, 0x6b,
    0xfd, 0xdb, 0xac, 0xa0, 0x10, 0xf, 0x8e, 0x6e,
    0xd9, 0xbd, 0xd0, 0x18, 0x7, 0xc2, 0xdd, 0xc8,
    0xed, 0xcb, 0x1, 0x0, 0xfd, 0xaa, 0xa4, 0x33,
    0x13, 0x80, 0x7f, 0x3d, 0x5d, 0xb3, 0x1b, 0xda,
    0x6, 0x1, 0xf9, 0xb7, 0xa6, 0x27, 0x76, 0x30,
    0xf, 0x8c, 0xcc, 0xaa, 0x44, 0x19, 0x88, 0x3,
    0x0,

    /* U+9EC4 "黄" */
    0x0, 0xff, 0xe7, 0x1b, 0x0, 0x47, 0xc2, 0x1,
    0xff, 0xc0, 0x19, 0x0, 0x88, 0x4c, 0x3, 0xfe,
    0x16, 0x5, 0x67, 0x80, 0x9c, 0xf6, 0x0, 0xf4,
    0xff, 0x50, 0x4e, 0xe8, 0x80, 0xee, 0x54, 0x3,
    0xd3, 0xfe, 0xe0, 0xeb, 0xaf, 0x18, 0x76, 0x30,
    0xf, 0x84, 0x88, 0xa, 0xcf, 0xc3, 0x57, 0x9b,
    0xdc, 0x10, 0xdf, 0xf7, 0x6e, 0x15, 0xcd, 0x83,
    0x19, 0xae, 0xd1, 0x60, 0xd, 0xee, 0x6f, 0xf6,
    0xe0, 0xd4, 0x56, 0xe3, 0xb3, 0x14, 0x40, 0x2,
    0x2f, 0xee, 0x7f, 0x86, 0x73, 0xa2, 0xe0, 0x3,
    0xf3, 0xa6, 0x77, 0x8d, 0x76, 0xe1, 0x70, 0x7,
    0xe2, 0x11, 0x2a, 0x87, 0xe2, 0x12, 0x44, 0x0,
    0xfd, 0xc9, 0xd1, 0xc0, 0x22, 0x1, 0x6, 0x0,
    0xfc, 0x66, 0xdc, 0xb1, 0xe8, 0xac, 0x2, 0x0,
    0xfc, 0x27, 0xdf, 0xe1, 0xae, 0xc9, 0x24, 0x0,
    0xfc, 0xad, 0x95, 0xbf, 0xe9, 0xdd, 0x90, 0x3,
    0xf0, 0xcb, 0xdd, 0x80, 0x15, 0x9a, 0xe2, 0x1,
    0xf9, 0xb6, 0x9e, 0xc0, 0x19, 0x84, 0x8e, 0x90,
    0xc, 0x35, 0x9f, 0x3f, 0x24, 0x1, 0x1c, 0xf3,
    0x30, 0x40, 0x21, 0xac, 0x94, 0x0, 0xfc, 0x33,
    0xe2, 0x0,

    /* U+FF01 "！" */
    0x2, 0x3, 0xd6, 0x10, 0x30, 0x0, 0x80, 0x46,
    0xe, 0x1, 0xc2, 0x1, 0xc6, 0x20, 0x13, 0x8,
    0x48, 0x2f, 0xa0, 0x0, 0xd7, 0x5c,

    /* U+FF08 "（" */
    0x0, 0x95, 0xc0, 0x7, 0xe, 0x0, 0xe9, 0x0,
    0x38, 0xa0, 0x2, 0xa8, 0x0, 0x32, 0x70, 0x5,
    0x88, 0x80, 0x6, 0x40, 0x13, 0xb0, 0x7, 0xe7,
    0x10, 0x8, 0xd4, 0x2, 0xb1, 0x10, 0x0, 0xc9,
    0xc0, 0x2a, 0xa0, 0x4, 0xe4, 0x80, 0x15, 0x48,
    0x4, 0x96, 0xe0,

    /* U+FF09 "）" */
    0x75, 0x0, 0x9e, 0xc, 0x2, 0x9e, 0x0, 0x90,
    0x58, 0x2, 0xab, 0x0, 0x90, 0x8c, 0x0, 0x43,
    0x60, 0x11, 0x18, 0x4, 0xce, 0x1, 0xf8, 0x5c,
    0x2, 0x53, 0x0, 0x8, 0xac, 0x0, 0xe4, 0x60,
    0xa, 0xa0, 0x1, 0x9, 0xc0, 0x13, 0x40, 0x7,
    0xb4, 0x0, 0x0,

    /* U+FF0C "，" */
    0x0, 0x8, 0x2, 0x78, 0xc0, 0x41, 0x2, 0x85,
    0x42, 0x74, 0x80,

    /* U+FF1A "：" */
    0x2, 0x10, 0xdc, 0x6, 0x40, 0x99, 0x0, 0x7f,
    0xf0, 0x76, 0x80, 0xe, 0x1b, 0xa0,

    /* U+FF1B "；" */
    0x2, 0x10, 0xdc, 0x6, 0x40, 0x99, 0x0, 0x7f,
    0xf0, 0x6d, 0xc1, 0x64, 0x25, 0xd3, 0xa4,

    /* U+FF1F "？" */
    0x0, 0xc4, 0x64, 0x1, 0x9f, 0xb7, 0x37, 0x4,
    0x2a, 0x63, 0xbf, 0x4a, 0x99, 0x71, 0x84, 0x9,
    0xd4, 0x1c, 0x80, 0x31, 0x11, 0xa0, 0x3, 0x1a,
    0x48, 0x7, 0x1e, 0xb2, 0x80, 0x64, 0xc6, 0x90,
    0xc, 0x37, 0x10, 0x0, 0xe4, 0x7, 0x0, 0xf1,
    0x8, 0x7, 0xca, 0xe0, 0x1f, 0x14, 0x80, 0x7d,
    0x1c, 0x20, 0x1e, 0x11, 0x10, 0x7, 0xa7, 0x4c,
    0x2
};


/*---------------------
 *  GLYPH DESCRIPTION
 *--------------------*/

static const lv_font_fmt_txt_glyph_dsc_t glyph_dsc[] = {
    {.bitmap_index = 0, .adv_w = 0, .box_w = 0, .box_h = 0, .ofs_x = 0, .ofs_y = 0} /* id = 0 reserved */,
    {.bitmap_index = 0, .adv_w = 86, .box_w = 0, .box_h = 0, .ofs_x = 0, .ofs_y = 0},
    {.bitmap_index = 0, .adv_w = 86, .box_w = 3, .box_h = 14, .ofs_x = 1, .ofs_y = 0},
    {.bitmap_index = 21, .adv_w = 125, .box_w = 6, .box_h = 6, .ofs_x = 1, .ofs_y = 8},
    {.bitmap_index = 36, .adv_w = 225, .box_w = 14, .box_h = 14, .ofs_x = 0, .ofs_y = 0},
    {.bitmap_index = 123, .adv_w = 199, .box_w = 12, .box_h = 20, .ofs_x = 0, .ofs_y = -3},
    {.bitmap_index = 211, .adv_w = 270, .box_w = 17, .box_h = 14, .ofs_x = 0, .ofs_y = 0},
    {.bitmap_index = 318, .adv_w = 220, .box_w = 14, .box_h = 15, .ofs_x = 0, .ofs_y = -1},
    {.bitmap_index = 413, .adv_w = 67, .box_w = 2, .box_h = 6, .ofs_x = 1, .ofs_y = 8},
    {.bitmap_index = 419, .adv_w = 108, .box_w = 6, .box_h = 19, .ofs_x = 1, .ofs_y = -4},
    {.bitmap_index = 470, .adv_w = 108, .box_w = 5, .box_h = 19, .ofs_x = 0, .ofs_y = -4},
    {.bitmap_index = 520, .adv_w = 128, .box_w = 8, .box_h = 8, .ofs_x = 0, .ofs_y = 7},
    {.bitmap_index = 553, .adv_w = 186, .box_w = 10, .box_h = 10, .ofs_x = 1, .ofs_y = 3},
    {.bitmap_index = 577, .adv_w = 73, .box_w = 4, .box_h = 6, .ofs_x = 0, .ofs_y = -3},
    {.bitmap_index = 589, .adv_w = 123, .box_w = 6, .box_h = 2, .ofs_x = 1, .ofs_y = 5},
    {.bitmap_index = 594, .adv_w = 73, .box_w = 4, .box_h = 3, .ofs_x = 0, .ofs_y = 0},
    {.bitmap_index = 600, .adv_w = 113, .box_w = 9, .box_h = 20, .ofs_x = -1, .ofs_y = -2},
    {.bitmap_index = 664, .adv_w = 213, .box_w = 13, .box_h = 14, .ofs_x = 0, .ofs_y = 0},
    {.bitmap_index = 743, .adv_w = 118, .box_w = 6, .box_h = 14, .ofs_x = 0, .ofs_y = 0},
    {.bitmap_index = 754, .adv_w = 184, .box_w = 11, .box_h = 14, .ofs_x = 0, .ofs_y = 0},
    {.bitmap_index = 817, .adv_w = 183, .box_w = 11, .box_h = 14, .ofs_x = 0, .ofs_y = 0},
    {.bitmap_index = 878, .adv_w = 214, .box_w = 14, .box_h = 14, .ofs_x = 0, .ofs_y = 0},
    {.bitmap_index = 940, .adv_w = 184, .box_w = 11, .box_h = 14, .ofs_x = 0, .ofs_y = 0},
    {.bitmap_index = 1003, .adv_w = 197, .box_w = 12, .box_h = 14, .ofs_x = 0, .ofs_y = 0},
    {.bitmap_index = 1081, .adv_w = 191, .box_w = 12, .box_h = 14, .ofs_x = 0, .ofs_y = 0},
    {.bitmap_index = 1140, .adv_w = 206, .box_w = 12, .box_h = 14, .ofs_x = 0, .ofs_y = 0},
    {.bitmap_index = 1221, .adv_w = 197, .box_w = 12, .box_h = 14, .ofs_x = 0, .ofs_y = 0},
    {.bitmap_index = 1299, .adv_w = 73, .box_w = 4, .box_h = 11, .ofs_x = 0, .ofs_y = 0},
    {.bitmap_index = 1316, .adv_w = 73, .box_w = 4, .box_h = 14, .ofs_x = 0, .ofs_y = -3},
    {.bitmap_index = 1339, .adv_w = 186, .box_w = 10, .box_h = 10, .ofs_x = 1, .ofs_y = 2},
    {.bitmap_index = 1383, .adv_w = 186, .box_w = 10, .box_h = 7, .ofs_x = 1, .ofs_y = 4},
    {.bitmap_index = 1401, .adv_w = 186, .box_w = 10, .box_h = 10, .ofs_x = 1, .ofs_y = 2},
    {.bitmap_index = 1445, .adv_w = 183, .box_w = 11, .box_h = 14, .ofs_x = 0, .ofs_y = 0},
    {.bitmap_index = 1505, .adv_w = 331, .box_w = 20, .box_h = 18, .ofs_x = 0, .ofs_y = -4},
    {.bitmap_index = 1663, .adv_w = 234, .box_w = 16, .box_h = 14, .ofs_x = -1, .ofs_y = 0},
    {.bitmap_index = 1744, .adv_w = 242, .box_w = 13, .box_h = 14, .ofs_x = 2, .ofs_y = 0},
    {.bitmap_index = 1811, .adv_w = 231, .box_w = 14, .box_h = 14, .ofs_x = 0, .ofs_y = 0},
    {.bitmap_index = 1885, .adv_w = 264, .box_w = 14, .box_h = 14, .ofs_x = 2, .ofs_y = 0},
    {.bitmap_index = 1952, .adv_w = 214, .box_w = 11, .box_h = 14, .ofs_x = 2, .ofs_y = 0},
    {.bitmap_index = 1984, .adv_w = 203, .box_w = 10, .box_h = 14, .ofs_x = 2, .ofs_y = 0},
    {.bitmap_index = 2009, .adv_w = 247, .box_w = 14, .box_h = 14, .ofs_x = 0, .ofs_y = 0},
    {.bitmap_index = 2085, .adv_w = 260, .box_w = 13, .box_h = 14, .ofs_x = 2, .ofs_y = 0},
    {.bitmap_index = 2107, .adv_w = 99, .box_w = 3, .box_h = 14, .ofs_x = 2, .ofs_y = 0},
    {.bitmap_index = 2112, .adv_w = 164, .box_w = 10, .box_h = 14, .ofs_x = -1, .ofs_y = 0},
    {.bitmap_index = 2145, .adv_w = 230, .box_w = 13, .box_h = 14, .ofs_x = 2, .ofs_y = 0},
    {.bitmap_index = 2209, .adv_w = 190, .box_w = 10, .box_h = 14, .ofs_x = 2, .ofs_y = 0},
    {.bitmap_index = 2223, .adv_w = 306, .box_w = 15, .box_h = 14, .ofs_x = 2, .ofs_y = 0},
    {.bitmap_index = 2296, .adv_w = 260, .box_w = 13, .box_h = 14, .ofs_x = 2, .ofs_y = 0},
    {.bitmap_index = 2353, .adv_w = 269, .box_w = 16, .box_h = 14, .ofs_x = 0, .ofs_y = 0},
    {.bitmap_index = 2443, .adv_w = 231, .box_w = 12, .box_h = 14, .ofs_x = 2, .ofs_y = 0},
    {.bitmap_index = 2496, .adv_w = 269, .box_w = 17, .box_h = 17, .ofs_x = 0, .ofs_y = -3},
    {.bitmap_index = 2609, .adv_w = 233, .box_w = 12, .box_h = 14, .ofs_x = 2, .ofs_y = 0},
    {.bitmap_index = 2672, .adv_w = 199, .box_w = 12, .box_h = 14, .ofs_x = 0, .ofs_y = 0},
    {.bitmap_index = 2745, .adv_w = 188, .box_w = 12, .box_h = 14, .ofs_x = 0, .ofs_y = 0},
    {.bitmap_index = 2765, .adv_w = 253, .box_w = 13, .box_h = 14, .ofs_x = 1, .ofs_y = 0},
    {.bitmap_index = 2809, .adv_w = 228, .box_w = 16, .box_h = 14, .ofs_x = -1, .ofs_y = 0},
    {.bitmap_index = 2892, .adv_w = 360, .box_w = 22, .box_h = 14, .ofs_x = 0, .ofs_y = 0},
    {.bitmap_index = 3023, .adv_w = 215, .box_w = 14, .box_h = 14, .ofs_x = 0, .ofs_y = 0},
    {.bitmap_index = 3104, .adv_w = 207, .box_w = 15, .box_h = 14, .ofs_x = -1, .ofs_y = 0},
    {.bitmap_index = 3163, .adv_w = 210, .box_w = 13, .box_h = 14, .ofs_x = 0, .ofs_y = 0},
    {.bitmap_index = 3223, .adv_w = 107, .box_w = 5, .box_h = 19, .ofs_x = 2, .ofs_y = -4},
    {.bitmap_index = 3239, .adv_w = 113, .box_w = 9, .box_h = 20, .ofs_x = -1, .ofs_y = -2},
    {.bitmap_index = 3301, .adv_w = 107, .box_w = 5, .box_h = 19, .ofs_x = 0, .ofs_y = -4},
    {.bitmap_index = 3316, .adv_w = 187, .box_w = 10, .box_h = 9, .ofs_x = 1, .ofs_y = 3},
    {.bitmap_index = 3355, .adv_w = 160, .box_w = 10, .box_h = 3, .ofs_x = 0, .ofs_y = -2},
    {.bitmap_index = 3362, .adv_w = 192, .box_w = 6, .box_h = 3, .ofs_x = 2, .ofs_y = 12},
    {.bitmap_index = 3372, .adv_w = 191, .box_w = 10, .box_h = 11, .ofs_x = 1, .ofs_y = 0},
    {.bitmap_index = 3425, .adv_w = 218, .box_w = 12, .box_h = 15, .ofs_x = 1, .ofs_y = 0},
    {.bitmap_index = 3489, .adv_w = 183, .box_w = 11, .box_h = 11, .ofs_x = 0, .ofs_y = 0},
    {.bitmap_index = 3543, .adv_w = 218, .box_w = 12, .box_h = 15, .ofs_x = 0, .ofs_y = 0},
    {.bitmap_index = 3607, .adv_w = 196, .box_w = 12, .box_h = 11, .ofs_x = 0, .ofs_y = 0},
    {.bitmap_index = 3666, .adv_w = 113, .box_w = 8, .box_h = 15, .ofs_x = 0, .ofs_y = 0},
    {.bitmap_index = 3696, .adv_w = 221, .box_w = 12, .box_h = 15, .ofs_x = 0, .ofs_y = -4},
    {.bitmap_index = 3778, .adv_w = 218, .box_w = 11, .box_h = 15, .ofs_x = 1, .ofs_y = 0},
    {.bitmap_index = 3815, .adv_w = 89, .box_w = 4, .box_h = 15, .ofs_x = 1, .ofs_y = 0},
    {.bitmap_index = 3828, .adv_w = 91, .box_w = 7, .box_h = 19, .ofs_x = -2, .ofs_y = -4},
    {.bitmap_index = 3857, .adv_w = 197, .box_w = 12, .box_h = 15, .ofs_x = 1, .ofs_y = 0},
    {.bitmap_index = 3910, .adv_w = 89, .box_w = 3, .box_h = 15, .ofs_x = 1, .ofs_y = 0},
    {.bitmap_index = 3915, .adv_w = 338, .box_w = 19, .box_h = 11, .ofs_x = 1, .ofs_y = 0},
    {.bitmap_index = 3971, .adv_w = 218, .box_w = 11, .box_h = 11, .ofs_x = 1, .ofs_y = 0},
    {.bitmap_index = 4006, .adv_w = 203, .box_w = 12, .box_h = 11, .ofs_x = 0, .ofs_y = 0},
    {.bitmap_index = 4066, .adv_w = 218, .box_w = 12, .box_h = 15, .ofs_x = 1, .ofs_y = -4},
    {.bitmap_index = 4135, .adv_w = 218, .box_w = 12, .box_h = 15, .ofs_x = 0, .ofs_y = -4},
    {.bitmap_index = 4201, .adv_w = 131, .box_w = 7, .box_h = 11, .ofs_x = 1, .ofs_y = 0},
    {.bitmap_index = 4224, .adv_w = 160, .box_w = 10, .box_h = 11, .ofs_x = 0, .ofs_y = 0},
    {.bitmap_index = 4278, .adv_w = 132, .box_w = 8, .box_h = 14, .ofs_x = 0, .ofs_y = 0},
    {.bitmap_index = 4311, .adv_w = 217, .box_w = 11, .box_h = 11, .ofs_x = 1, .ofs_y = 0},
    {.bitmap_index = 4343, .adv_w = 179, .box_w = 13, .box_h = 11, .ofs_x = -1, .ofs_y = 0},
    {.bitmap_index = 4402, .adv_w = 288, .box_w = 18, .box_h = 11, .ofs_x = 0, .ofs_y = 0},
    {.bitmap_index = 4494, .adv_w = 177, .box_w = 11, .box_h = 11, .ofs_x = 0, .ofs_y = 0},
    {.bitmap_index = 4548, .adv_w = 179, .box_w = 13, .box_h = 15, .ofs_x = -1, .ofs_y = -4},
    {.bitmap_index = 4625, .adv_w = 167, .box_w = 10, .box_h = 11, .ofs_x = 0, .ofs_y = 0},
    {.bitmap_index = 4668, .adv_w = 112, .box_w = 6, .box_h = 19, .ofs_x = 1, .ofs_y = -4},
    {.bitmap_index = 4708, .adv_w = 96, .box_w = 2, .box_h = 19, .ofs_x = 2, .ofs_y = -4},
    {.bitmap_index = 4713, .adv_w = 112, .box_w = 6, .box_h = 19, .ofs_x = 0, .ofs_y = -4},
    {.bitmap_index = 4754, .adv_w = 186, .box_w = 10, .box_h = 4, .ofs_x = 1, .ofs_y = 5},
    {.bitmap_index = 4775, .adv_w = 134, .box_w = 8, .box_h = 8, .ofs_x = 0, .ofs_y = 7},
    {.bitmap_index = 4807, .adv_w = 112, .box_w = 5, .box_h = 4, .ofs_x = 1, .ofs_y = 6},
    {.bitmap_index = 4817, .adv_w = 320, .box_w = 20, .box_h = 3, .ofs_x = 0, .ofs_y = 6},
    {.bitmap_index = 4829, .adv_w = 112, .box_w = 3, .box_h = 5, .ofs_x = 2, .ofs_y = 13},
    {.bitmap_index = 4836, .adv_w = 112, .box_w = 3, .box_h = 5, .ofs_x = 2, .ofs_y = 12},
    {.bitmap_index = 4844, .adv_w = 112, .box_w = 6, .box_h = 5, .ofs_x = 1, .ofs_y = 13},
    {.bitmap_index = 4858, .adv_w = 112, .box_w = 6, .box_h = 5, .ofs_x = 0, .ofs_y = 12},
    {.bitmap_index = 4874, .adv_w = 320, .box_w = 16, .box_h = 3, .ofs_x = 2, .ofs_y = 7},
    {.bitmap_index = 4893, .adv_w = 320, .box_w = 5, .box_h = 5, .ofs_x = 1, .ofs_y = -1},
    {.bitmap_index = 4906, .adv_w = 320, .box_w = 7, .box_h = 6, .ofs_x = 1, .ofs_y = -2},
    {.bitmap_index = 4926, .adv_w = 320, .box_w = 18, .box_h = 3, .ofs_x = 1, .ofs_y = 6},
    {.bitmap_index = 4951, .adv_w = 320, .box_w = 20, .box_h = 17, .ofs_x = 0, .ofs_y = -1},
    {.bitmap_index = 5020, .adv_w = 320, .box_w = 18, .box_h = 17, .ofs_x = 1, .ofs_y = -2},
    {.bitmap_index = 5092, .adv_w = 320, .box_w = 18, .box_h = 19, .ofs_x = 1, .ofs_y = -2},
    {.bitmap_index = 5218, .adv_w = 320, .box_w = 18, .box_h = 12, .ofs_x = 1, .ofs_y = 1},
    {.bitmap_index = 5275, .adv_w = 320, .box_w = 19, .box_h = 16, .ofs_x = 1, .ofs_y = -1},
    {.bitmap_index = 5388, .adv_w = 320, .box_w = 20, .box_h = 19, .ofs_x = 0, .ofs_y = -2},
    {.bitmap_index = 5517, .adv_w = 320, .box_w = 20, .box_h = 19, .ofs_x = 0, .ofs_y = -2},
    {.bitmap_index = 5665, .adv_w = 320, .box_w = 20, .box_h = 19, .ofs_x = 0, .ofs_y = -2},
    {.bitmap_index = 5809, .adv_w = 320, .box_w = 19, .box_h = 19, .ofs_x = 0, .ofs_y = -2},
    {.bitmap_index = 5933, .adv_w = 320, .box_w = 18, .box_h = 18, .ofs_x = 0, .ofs_y = -2},
    {.bitmap_index = 6051, .adv_w = 320, .box_w = 18, .box_h = 19, .ofs_x = 1, .ofs_y = -2},
    {.bitmap_index = 6182, .adv_w = 320, .box_w = 19, .box_h = 18, .ofs_x = 0, .ofs_y = -2},
    {.bitmap_index = 6310, .adv_w = 320, .box_w = 19, .box_h = 18, .ofs_x = 0, .ofs_y = -1},
    {.bitmap_index = 6439, .adv_w = 320, .box_w = 20, .box_h = 19, .ofs_x = 0, .ofs_y = -2},
    {.bitmap_index = 6580, .adv_w = 320, .box_w = 20, .box_h = 17, .ofs_x = 0, .ofs_y = -2},
    {.bitmap_index = 6719, .adv_w = 320, .box_w = 20, .box_h = 18, .ofs_x = 0, .ofs_y = -2},
    {.bitmap_index = 6853, .adv_w = 320, .box_w = 19, .box_h = 19, .ofs_x = 1, .ofs_y = -2},
    {.bitmap_index = 6993, .adv_w = 320, .box_w = 19, .box_h = 19, .ofs_x = 0, .ofs_y = -2},
    {.bitmap_index = 7125, .adv_w = 320, .box_w = 20, .box_h = 18, .ofs_x = 0, .ofs_y = -2},
    {.bitmap_index = 7244, .adv_w = 320, .box_w = 19, .box_h = 20, .ofs_x = 1, .ofs_y = -3},
    {.bitmap_index = 7384, .adv_w = 320, .box_w = 19, .box_h = 18, .ofs_x = 0, .ofs_y = -2},
    {.bitmap_index = 7535, .adv_w = 320, .box_w = 18, .box_h = 17, .ofs_x = 2, .ofs_y = -2},
    {.bitmap_index = 7647, .adv_w = 320, .box_w = 19, .box_h = 19, .ofs_x = 0, .ofs_y = -2},
    {.bitmap_index = 7787, .adv_w = 320, .box_w = 18, .box_h = 18, .ofs_x = 1, .ofs_y = -2},
    {.bitmap_index = 7887, .adv_w = 320, .box_w = 14, .box_h = 19, .ofs_x = 3, .ofs_y = -2},
    {.bitmap_index = 8000, .adv_w = 320, .box_w = 18, .box_h = 18, .ofs_x = 1, .ofs_y = -2},
    {.bitmap_index = 8139, .adv_w = 320, .box_w = 20, .box_h = 20, .ofs_x = 0, .ofs_y = -3},
    {.bitmap_index = 8305, .adv_w = 320, .box_w = 20, .box_h = 18, .ofs_x = 0, .ofs_y = -1},
    {.bitmap_index = 8457, .adv_w = 320, .box_w = 20, .box_h = 20, .ofs_x = 0, .ofs_y = -3},
    {.bitmap_index = 8619, .adv_w = 320, .box_w = 19, .box_h = 19, .ofs_x = 1, .ofs_y = -2},
    {.bitmap_index = 8771, .adv_w = 320, .box_w = 19, .box_h = 18, .ofs_x = 0, .ofs_y = -1},
    {.bitmap_index = 8896, .adv_w = 320, .box_w = 20, .box_h = 18, .ofs_x = 0, .ofs_y = -2},
    {.bitmap_index = 9044, .adv_w = 320, .box_w = 20, .box_h = 19, .ofs_x = 0, .ofs_y = -2},
    {.bitmap_index = 9194, .adv_w = 320, .box_w = 20, .box_h = 17, .ofs_x = 0, .ofs_y = -1},
    {.bitmap_index = 9337, .adv_w = 320, .box_w = 20, .box_h = 19, .ofs_x = 0, .ofs_y = -2},
    {.bitmap_index = 9495, .adv_w = 320, .box_w = 20, .box_h = 17, .ofs_x = 0, .ofs_y = -1},
    {.bitmap_index = 9642, .adv_w = 320, .box_w = 12, .box_h = 17, .ofs_x = 4, .ofs_y = -2},
    {.bitmap_index = 9728, .adv_w = 320, .box_w = 17, .box_h = 18, .ofs_x = 1, .ofs_y = -2},
    {.bitmap_index = 9863, .adv_w = 320, .box_w = 19, .box_h = 18, .ofs_x = 1, .ofs_y = -2},
    {.bitmap_index = 10006, .adv_w = 320, .box_w = 17, .box_h = 19, .ofs_x = 1, .ofs_y = -2},
    {.bitmap_index = 10139, .adv_w = 320, .box_w = 18, .box_h = 19, .ofs_x = 1, .ofs_y = -2},
    {.bitmap_index = 10284, .adv_w = 320, .box_w = 16, .box_h = 17, .ofs_x = 2, .ofs_y = -1},
    {.bitmap_index = 10398, .adv_w = 320, .box_w = 18, .box_h = 18, .ofs_x = 1, .ofs_y = -2},
    {.bitmap_index = 10540, .adv_w = 320, .box_w = 20, .box_h = 19, .ofs_x = 0, .ofs_y = -2},
    {.bitmap_index = 10663, .adv_w = 320, .box_w = 20, .box_h = 19, .ofs_x = 0, .ofs_y = -2},
    {.bitmap_index = 10796, .adv_w = 320, .box_w = 20, .box_h = 19, .ofs_x = 0, .ofs_y = -2},
    {.bitmap_index = 10934, .adv_w = 320, .box_w = 20, .box_h = 20, .ofs_x = 0, .ofs_y = -3},
    {.bitmap_index = 11094, .adv_w = 320, .box_w = 20, .box_h = 18, .ofs_x = 0, .ofs_y = -2},
    {.bitmap_index = 11251, .adv_w = 320, .box_w = 20, .box_h = 16, .ofs_x = 0, .ofs_y = -1},
    {.bitmap_index = 11349, .adv_w = 320, .box_w = 19, .box_h = 19, .ofs_x = 1, .ofs_y = -2},
    {.bitmap_index = 11508, .adv_w = 320, .box_w = 19, .box_h = 18, .ofs_x = 1, .ofs_y = -2},
    {.bitmap_index = 11669, .adv_w = 320, .box_w = 20, .box_h = 18, .ofs_x = 0, .ofs_y = -2},
    {.bitmap_index = 11804, .adv_w = 320, .box_w = 20, .box_h = 17, .ofs_x = 0, .ofs_y = -2},
    {.bitmap_index = 11927, .adv_w = 320, .box_w = 16, .box_h = 18, .ofs_x = 1, .ofs_y = -2},
    {.bitmap_index = 12041, .adv_w = 320, .box_w = 20, .box_h = 18, .ofs_x = 0, .ofs_y = -2},
    {.bitmap_index = 12195, .adv_w = 320, .box_w = 17, .box_h = 18, .ofs_x = 2, .ofs_y = -2},
    {.bitmap_index = 12327, .adv_w = 320, .box_w = 19, .box_h = 17, .ofs_x = 0, .ofs_y = -1},
    {.bitmap_index = 12465, .adv_w = 320, .box_w = 19, .box_h = 18, .ofs_x = 0, .ofs_y = -2},
    {.bitmap_index = 12613, .adv_w = 320, .box_w = 19, .box_h = 18, .ofs_x = 1, .ofs_y = -2},
    {.bitmap_index = 12767, .adv_w = 320, .box_w = 19, .box_h = 19, .ofs_x = 1, .ofs_y = -2},
    {.bitmap_index = 12929, .adv_w = 320, .box_w = 16, .box_h = 17, .ofs_x = 2, .ofs_y = -2},
    {.bitmap_index = 13049, .adv_w = 320, .box_w = 19, .box_h = 19, .ofs_x = 1, .ofs_y = -2},
    {.bitmap_index = 13208, .adv_w = 320, .box_w = 20, .box_h = 19, .ofs_x = 0, .ofs_y = -2},
    {.bitmap_index = 13363, .adv_w = 320, .box_w = 19, .box_h = 19, .ofs_x = 1, .ofs_y = -2},
    {.bitmap_index = 13523, .adv_w = 320, .box_w = 20, .box_h = 19, .ofs_x = 0, .ofs_y = -2},
    {.bitmap_index = 13670, .adv_w = 320, .box_w = 20, .box_h = 18, .ofs_x = 0, .ofs_y = -2},
    {.bitmap_index = 13813, .adv_w = 320, .box_w = 20, .box_h = 19, .ofs_x = 0, .ofs_y = -2},
    {.bitmap_index = 13965, .adv_w = 320, .box_w = 19, .box_h = 18, .ofs_x = 1, .ofs_y = -2},
    {.bitmap_index = 14112, .adv_w = 320, .box_w = 20, .box_h = 17, .ofs_x = 0, .ofs_y = -1},
    {.bitmap_index = 14248, .adv_w = 320, .box_w = 19, .box_h = 19, .ofs_x = 1, .ofs_y = -2},
    {.bitmap_index = 14413, .adv_w = 320, .box_w = 20, .box_h = 18, .ofs_x = 0, .ofs_y = -2},
    {.bitmap_index = 14561, .adv_w = 320, .box_w = 20, .box_h = 18, .ofs_x = 0, .ofs_y = -2},
    {.bitmap_index = 14705, .adv_w = 320, .box_w = 20, .box_h = 19, .ofs_x = 0, .ofs_y = -2},
    {.bitmap_index = 14868, .adv_w = 320, .box_w = 19, .box_h = 19, .ofs_x = 1, .ofs_y = -2},
    {.bitmap_index = 15013, .adv_w = 320, .box_w = 19, .box_h = 19, .ofs_x = 1, .ofs_y = -2},
    {.bitmap_index = 15148, .adv_w = 320, .box_w = 19, .box_h = 19, .ofs_x = 1, .ofs_y = -2},
    {.bitmap_index = 15300, .adv_w = 320, .box_w = 18, .box_h = 18, .ofs_x = 1, .ofs_y = -2},
    {.bitmap_index = 15447, .adv_w = 320, .box_w = 18, .box_h = 19, .ofs_x = 1, .ofs_y = -2},
    {.bitmap_index = 15581, .adv_w = 320, .box_w = 20, .box_h = 19, .ofs_x = 0, .ofs_y = -2},
    {.bitmap_index = 15722, .adv_w = 320, .box_w = 19, .box_h = 17, .ofs_x = 0, .ofs_y = -2},
    {.bitmap_index = 15857, .adv_w = 320, .box_w = 18, .box_h = 19, .ofs_x = 1, .ofs_y = -2},
    {.bitmap_index = 15994, .adv_w = 320, .box_w = 20, .box_h = 20, .ofs_x = 0, .ofs_y = -3},
    {.bitmap_index = 16156, .adv_w = 320, .box_w = 3, .box_h = 16, .ofs_x = 3, .ofs_y = -1},
    {.bitmap_index = 16178, .adv_w = 320, .box_w = 5, .box_h = 18, .ofs_x = 14, .ofs_y = -1},
    {.bitmap_index = 16221, .adv_w = 320, .box_w = 5, .box_h = 18, .ofs_x = 1, .ofs_y = -1},
    {.bitmap_index = 16264, .adv_w = 320, .box_w = 4, .box_h = 5, .ofs_x = 1, .ofs_y = -2},
    {.bitmap_index = 16275, .adv_w = 320, .box_w = 3, .box_h = 11, .ofs_x = 3, .ofs_y = -1},
    {.bitmap_index = 16289, .adv_w = 320, .box_w = 3, .box_h = 12, .ofs_x = 3, .ofs_y = -2},
    {.bitmap_index = 16304, .adv_w = 320, .box_w = 9, .box_h = 16, .ofs_x = 1, .ofs_y = -1}
};

/*---------------------
 *  CHARACTER MAPPING
 *--------------------*/

static const uint16_t unicode_list_1[] = {
    0x0, 0x7, 0x1f64, 0x1f68, 0x1f69, 0x1f6c, 0x1f6d, 0x1f76,
    0x2f51, 0x2f52, 0x4d50, 0x4d5a, 0x4d5b, 0x4da0, 0x4ddc, 0x4de1,
    0x4e1a, 0x4ecf, 0x4fac, 0x5102, 0x5167, 0x519d, 0x51ef, 0x51f0,
    0x52a5, 0x5326, 0x5347, 0x54ec, 0x5678, 0x5877, 0x5881, 0x591b,
    0x5d42, 0x5ddf, 0x5e50, 0x5ea3, 0x5ea5, 0x5efa, 0x5f51, 0x6160,
    0x6161, 0x61bb, 0x6239, 0x62f8, 0x631f, 0x63fd, 0x648e, 0x6535,
    0x6563, 0x656f, 0x65ca, 0x65d2, 0x6642, 0x6650, 0x667a, 0x668a,
    0x66b5, 0x6a72, 0x6a9c, 0x6ab3, 0x6cc7, 0x6de0, 0x7206, 0x72ff,
    0x7478, 0x75cb, 0x75d4, 0x7735, 0x7751, 0x7e44, 0x7e63, 0x7ea1,
    0x804d, 0x82a0, 0x8307, 0x87b8, 0x8b25, 0x8b47, 0x8c75, 0x8c76,
    0x8ecd, 0x8f00, 0x8f21, 0x8f59, 0x911d, 0x956f, 0x95df, 0x9642,
    0x9654, 0x9743, 0x97ca, 0x98e6, 0x9e14, 0xfe51, 0xfe58, 0xfe59,
    0xfe5c, 0xfe6a, 0xfe6b, 0xfe6f
};

/*Collect the unicode lists and glyph_id offsets*/
static const lv_font_fmt_txt_cmap_t cmaps[] =
{
    {
        .range_start = 32, .range_length = 95, .glyph_id_start = 1,
        .unicode_list = NULL, .glyph_id_ofs_list = NULL, .list_length = 0, .type = LV_FONT_FMT_TXT_CMAP_FORMAT0_TINY
    },
    {
        .range_start = 176, .range_length = 65136, .glyph_id_start = 96,
        .unicode_list = unicode_list_1, .glyph_id_ofs_list = NULL, .list_length = 100, .type = LV_FONT_FMT_TXT_CMAP_SPARSE_TINY
    }
};

/*-----------------
 *    KERNING
 *----------------*/


/*Map glyph_ids to kern left classes*/
static const uint8_t kern_left_class_mapping[] =
{
    0, 0, 1, 2, 0, 3, 4, 5,
    2, 6, 7, 8, 9, 10, 9, 10,
    11, 12, 0, 13, 14, 15, 16, 17,
    18, 19, 12, 20, 20, 0, 0, 0,
    21, 22, 23, 24, 25, 22, 26, 27,
    28, 29, 29, 30, 31, 32, 29, 29,
    22, 33, 34, 35, 3, 36, 30, 37,
    37, 38, 39, 40, 41, 42, 43, 0,
    44, 0, 45, 46, 47, 48, 49, 50,
    51, 45, 52, 52, 53, 48, 45, 45,
    46, 46, 54, 55, 56, 57, 51, 58,
    58, 59, 58, 60, 41, 0, 0, 9,
    61, 0, 0, 0, 0, 0, 0, 0,
    0, 0, 0, 0, 0, 0, 0, 0,
    0, 0, 0, 0, 0, 0, 0, 0,
    0, 0, 0, 0, 0, 0, 0, 0,
    0, 0, 0, 0, 0, 0, 0, 0,
    0, 0, 0, 0, 0, 0, 0, 0,
    0, 0, 0, 0, 0, 0, 0, 0,
    0, 0, 0, 0, 0, 0, 0, 0,
    0, 0, 0, 0, 0, 0, 0, 0,
    0, 0, 0, 0, 0, 0, 0, 0,
    0, 0, 0, 0, 0, 0, 0, 0,
    0, 0, 0, 0, 0, 0, 0, 0,
    0, 0, 0, 0
};

/*Map glyph_ids to kern right classes*/
static const uint8_t kern_right_class_mapping[] =
{
    0, 0, 1, 2, 0, 3, 4, 5,
    2, 6, 7, 8, 9, 10, 9, 10,
    11, 12, 13, 14, 15, 16, 17, 12,
    18, 19, 20, 21, 21, 0, 0, 0,
    22, 23, 24, 25, 23, 25, 25, 25,
    23, 25, 25, 26, 25, 25, 25, 25,
    23, 25, 23, 25, 3, 27, 28, 29,
    29, 30, 31, 32, 33, 34, 35, 0,
    36, 0, 37, 38, 39, 39, 39, 0,
    39, 38, 40, 41, 38, 38, 42, 42,
    39, 42, 39, 42, 43, 44, 45, 46,
    46, 47, 46, 48, 0, 0, 35, 9,
    49, 0, 0, 0, 0, 0, 0, 0,
    0, 0, 0, 0, 0, 0, 0, 0,
    0, 0, 0, 0, 0, 0, 0, 0,
    0, 0, 0, 0, 0, 0, 0, 0,
    0, 0, 0, 0, 0, 0, 0, 0,
    0, 0, 0, 0, 0, 0, 0, 0,
    0, 0, 0, 0, 0, 0, 0, 0,
    0, 0, 0, 0, 0, 0, 0, 0,
    0, 0, 0, 0, 0, 0, 0, 0,
    0, 0, 0, 0, 0, 0, 0, 0,
    0, 0, 0, 0, 0, 0, 0, 0,
    0, 0, 0, 0, 0, 0, 0, 0,
    0, 0, 0, 0
};

/*Kern values between classes*/
static const int8_t kern_class_values[] =
{
    0, 1, 0, 0, 0, 0, 0, 0,
    0, 1, 0, 0, 3, 0, 0, 0,
    0, 2, 0, 0, 0, 0, 0, 0,
    0, 0, 0, 0, 0, 0, 0, 0,
    0, 0, 1, 0, 0, 0, 0, 0,
    0, 0, 0, 0, 0, 0, 0, 0,
    0, 1, 14, 0, 9, -7, 0, 0,
    0, 0, -18, -19, 2, 15, 7, 5,
    -13, 2, 16, 1, 13, 3, 10, 0,
    0, 0, 0, 0, 0, 0, 0, 0,
    0, 0, 19, 3, -2, 0, 0, 0,
    0, 0, 0, 0, 0, 0, 0, 0,
    0, 6, 0, -10, 0, 0, 0, 0,
    0, -6, 5, 6, 0, 0, -3, 0,
    -2, 3, 0, -3, 0, -3, -2, -6,
    0, 0, 0, 0, -3, 0, 0, -4,
    -5, 0, 0, -3, 0, -6, 0, 0,
    0, 0, 0, 0, 0, 0, 0, -3,
    -3, 0, -5, 0, -9, 0, -39, 0,
    0, -6, 0, 6, 10, 0, 0, -6,
    3, 3, 11, 6, -5, 6, 0, 0,
    -18, 0, 0, 0, 0, 0, 0, 0,
    0, 0, 0, 0, -12, 0, 0, 0,
    0, 0, 0, 0, 0, 0, 0, 0,
    0, 0, 0, -9, -4, -16, 0, -13,
    -2, 0, 0, 0, 0, 1, 12, 0,
    -10, -3, -1, 1, 0, -5, 0, 0,
    -2, -24, 0, 0, 0, 0, 0, 0,
    0, 0, 0, 0, 0, -26, -3, 12,
    0, 0, 0, 0, 0, 0, 0, 0,
    0, 0, 0, 0, -13, 0, 0, 0,
    0, 0, 0, 0, 0, 0, 0, 11,
    0, 3, 0, 0, -6, 0, 0, 0,
    0, 0, 0, 0, 0, 0, 0, 0,
    0, 0, 0, 0, 0, 0, 12, 3,
    1, 0, 0, 0, 0, 0, 0, 0,
    0, 0, 0, 0, 0, 0, 0, 0,
    0, 0, 0, 0, 0, 0, 0, 0,
    0, 0, 0, 0, 0, 0, 0, 0,
    0, 0, 0, 0, 0, 0, 0, 0,
    -12, 0, 0, 0, 0, 0, 0, 0,
    0, 0, 0, 0, 0, 0, 0, 0,
    0, 0, 0, 0, 0, 0, 0, 2,
    6, 3, 10, -3, 0, 0, 6, -3,
    -11, -44, 2, 9, 6, 1, -4, 0,
    12, 0, 10, 0, 10, 0, -30, 0,
    -4, 10, 0, 11, -3, 6, 3, 0,
    0, 1, -3, 0, 0, -5, 26, 0,
    26, 0, 10, 0, 13, 4, 5, 10,
    0, 0, 0, -12, 0, 0, 0, 0,
    1, -2, 0, 2, -6, -4, -6, 2,
    0, -3, 0, 0, 0, -13, 0, 0,
    0, 0, 0, 0, 0, 0, 0, 0,
    0, -21, 0, 0, 0, 0, 0, 0,
    0, 0, 0, 0, 0, 0, 0, 0,
    0, 1, -18, 0, -20, 0, 0, 0,
    0, -2, 0, 32, -4, -4, 3, 3,
    -3, 0, -4, 3, 0, 0, -17, 0,
    0, 0, 0, 0, 0, 0, 0, 0,
    0, 0, -31, 0, 3, 0, 0, 0,
    0, 0, 0, 0, 0, 0, 0, 0,
    0, -20, 0, 19, 0, 0, -12, 0,
    11, 0, -22, -31, -22, -6, 10, 0,
    0, -21, 0, 4, -7, 0, -5, 0,
    0, 0, 0, 0, 0, 0, 0, 0,
    0, 0, 0, 8, 10, -39, 0, 0,
    0, 0, 0, 0, 0, 0, 0, 0,
    0, 0, 15, 0, 2, 0, 0, 0,
    0, 0, 2, 2, -4, -6, 0, -1,
    -1, -3, 0, 0, -2, 0, 0, 0,
    -6, 0, -3, 0, -7, -6, 0, -8,
    -11, -11, -6, 0, -6, 0, -6, 0,
    0, 0, 0, -3, 0, 0, 3, 0,
    2, -3, 0, 1, 0, 0, 0, 3,
    -2, 0, 0, 0, -2, 3, 3, -1,
    0, 0, 0, -6, 0, -1, 0, 0,
    0, 0, 0, 1, 0, 4, -2, 0,
    -4, 0, -5, 0, 0, -2, 0, 10,
    0, 0, -3, 0, 0, 0, 0, 0,
    -1, 1, -2, -2, 0, 0, -3, 0,
    -3, 0, 0, 0, 0, 0, 0, 0,
    0, 0, -2, -2, 0, -3, -4, 0,
    0, 0, 0, 0, 1, 0, 0, -2,
    0, -3, -3, -3, 0, 0, 0, 0,
    0, 0, 0, 0, 0, -2, 0, 0,
    0, 0, -2, -4, 0, -5, 0, -10,
    -2, -10, 6, 0, 0, -6, 3, 6,
    9, 0, -8, -1, -4, 0, -1, -15,
    3, -2, 2, -17, 3, 0, 0, 1,
    -17, 0, -17, -3, -28, -2, 0, -16,
    0, 6, 9, 0, 4, 0, 0, 0,
    0, 1, 0, -6, -4, 0, -10, 0,
    0, 0, -3, 0, 0, 0, -3, 0,
    0, 0, 0, 0, -2, -2, 0, -2,
    -4, 0, 0, 0, 0, 0, 0, 0,
    -3, -3, 0, -2, -4, -3, 0, 0,
    -3, 0, 0, 0, 0, 0, 0, 0,
    0, 0, 0, 0, -3, -3, 0, -4,
    0, -2, 0, -6, 3, 0, 0, -4,
    2, 3, 3, 0, 0, 0, 0, 0,
    0, -2, 0, 0, 0, 0, 0, 2,
    0, 0, -3, 0, -3, -2, -4, 0,
    0, 0, 0, 0, 0, 0, 3, 0,
    -3, 0, 0, 0, 0, -4, -5, 0,
    -6, 0, 10, -2, 1, -10, 0, 0,
    9, -16, -17, -13, -6, 3, 0, -3,
    -21, -6, 0, -6, 0, -6, 5, -6,
    -20, 0, -9, 0, 0, 2, -1, 3,
    -2, 0, 3, 0, -10, -12, 0, -16,
    -8, -7, -8, -10, -4, -9, -1, -6,
    -9, 2, 0, 1, 0, -3, 0, 0,
    0, 2, 0, 3, 0, 0, 0, 0,
    0, 0, 0, 0, 0, 0, 0, -3,
    0, -2, 0, -1, -3, 0, -5, -7,
    -7, -1, 0, -10, 0, 0, 0, 0,
    0, 0, -3, 0, 0, 0, 0, 1,
    -2, 0, 0, 0, 3, 0, 0, 0,
    0, 0, 0, 0, 0, 15, 0, 0,
    0, 0, 0, 0, 2, 0, 0, 0,
    -3, 0, 0, 0, 0, 0, 0, 0,
    0, 0, 0, 0, -6, 0, 3, 0,
    0, 0, 0, 0, 0, 0, 0, 0,
    0, 0, 0, 0, -2, 0, 0, 0,
    -6, 0, 0, 0, 0, -16, -10, 0,
    0, 0, -5, -16, 0, 0, -3, 3,
    0, -9, 0, 0, 0, 0, 0, 0,
    0, 0, 0, 0, -5, 0, 0, -6,
    0, 0, 0, 0, 0, 0, 0, 0,
    0, 0, 0, 0, 3, 0, -6, 0,
    0, 0, 0, 4, 0, 2, -6, -6,
    0, -3, -3, -4, 0, 0, 0, 0,
    0, 0, -10, 0, -3, 0, -5, -3,
    0, -7, -8, -10, -3, 0, -6, 0,
    -10, 0, 0, 0, 0, 26, 0, 0,
    2, 0, 0, -4, 0, 3, 0, -14,
    0, 0, 0, 0, 0, -30, -6, 11,
    10, -3, -13, 0, 3, -5, 0, -16,
    -2, -4, 3, -22, -3, 4, 0, 5,
    -11, -5, -12, -11, -13, 0, 0, -19,
    0, 18, 0, 0, -2, 0, 0, 0,
    -2, -2, -3, -9, -11, -1, -30, 0,
    0, 0, 0, 0, 0, 0, 0, 0,
    1, 0, 0, 0, 0, 0, 0, 0,
    0, 0, 0, 0, 0, 0, 0, 0,
    0, -3, 0, -2, -3, -5, 0, 0,
    -6, 0, -3, 0, 0, 0, 0, 0,
    0, 0, 0, 0, 0, 0, 0, 0,
    0, 0, -1, 0, -6, 0, 0, 6,
    -1, 4, 0, -7, 3, -2, -1, -8,
    -3, 0, -4, -3, -2, 0, -5, -5,
    0, 0, -3, -1, -2, -5, -4, 0,
    0, -3, 0, 3, -2, 0, -7, 0,
    0, 0, -6, 0, -5, 0, -5, -5,
    3, 0, 0, 0, 0, 0, 0, 0,
    0, -6, 3, 0, -4, 0, -2, -4,
    -10, -2, -2, -2, -1, -2, -4, -1,
    0, 0, 0, 0, 0, -3, -3, -3,
    0, 0, 0, 0, 4, -2, 0, -2,
    0, 0, 0, -2, -4, -2, -3, -4,
    -3, 0, 3, 13, -1, 0, -9, 0,
    -2, 6, 0, -3, -13, -4, 5, 0,
    0, -15, -5, 3, -5, 2, 0, -2,
    -3, -10, 0, -5, 2, 0, 0, -5,
    0, 0, 0, 3, 3, -6, -6, 0,
    -5, -3, -5, -3, -3, 0, -5, 2,
    -6, -5, 10, 0, 0, 0, 0, 0,
    0, 0, 0, 0, 3, 0, 0, 0,
    0, 0, 0, 0, 0, 0, 0, 0,
    0, 0, 0, 0, 0, 0, 0, 0,
    0, 0, 0, 0, -5, 0, 0, 0,
    0, 0, 0, 0, 0, 0, 0, 0,
    0, 0, 0, 0, 0, 0, 0, 0,
    0, 0, 0, 0, 0, 0, 0, 0,
    0, 0, 0, 0, 0, 0, 0, 0,
    0, 0, 0, 0, 0, 0, 0, 0,
    -2, 0, 0, 0, 0, 0, 0, 0,
    0, 0, 0, 0, 0, 0, 0, 0,
    0, 0, 0, 0, 0, 0, 0, 0,
    0, 0, 0, 0, 0, 0, -3, -3,
    0, 0, 0, 0, 0, 0, 0, 0,
    0, 0, 0, 0, -5, 0, 0, -4,
    0, 0, -3, -3, 0, 0, 0, 0,
    -3, 0, 0, 0, 0, -2, 0, 0,
    0, 0, 0, -2, 0, 0, 0, 0,
    -5, 0, -6, 0, 0, 0, -11, 0,
    2, -7, 6, 1, -2, -15, 0, 0,
    -7, -3, 0, -13, -8, -9, 0, 0,
    -14, -3, -13, -12, -15, 0, -8, 0,
    3, 21, -4, 0, -7, -3, -1, -3,
    -5, -9, -6, -12, -13, -7, -3, 0,
    0, -2, 0, 1, 0, 0, -22, -3,
    10, 7, -7, -12, 0, 1, -10, 0,
    -16, -2, -3, 6, -29, -4, 1, 0,
    0, -21, -4, -17, -3, -23, 0, 0,
    -22, 0, 19, 1, 0, -2, 0, 0,
    0, 0, -2, -2, -12, -2, 0, -21,
    0, 0, 0, 0, -10, 0, -3, 0,
    -1, -9, -15, 0, 0, -2, -5, -10,
    -3, 0, -2, 0, 0, 0, 0, -14,
    -3, -11, -10, -3, -5, -8, -3, -5,
    0, -6, -3, -11, -5, 0, -4, -6,
    -3, -6, 0, 2, 0, -2, -11, 0,
    6, 0, -6, 0, 0, 0, 0, 4,
    0, 2, -6, 13, 0, -3, -3, -4,
    0, 0, 0, 0, 0, 0, -10, 0,
    -3, 0, -5, -3, 0, -7, -8, -10,
    -3, 0, -6, 3, 13, 0, 0, 0,
    0, 26, 0, 0, 2, 0, 0, -4,
    0, 3, 0, 0, 0, 0, 0, 0,
    0, 0, -1, 0, 0, 0, 0, 0,
    -2, -6, 0, 0, 0, 0, 0, -2,
    0, 0, 0, -3, -3, 0, 0, -6,
    -3, 0, 0, -6, 0, 5, -2, 0,
    0, 0, 0, 0, 0, 2, 0, 0,
    0, 0, 5, 6, 3, -3, 0, -10,
    -5, 0, 10, -11, -10, -6, -6, 13,
    6, 3, -28, -2, 6, -3, 0, -3,
    4, -3, -11, 0, -3, 3, -4, -3,
    -10, -3, 0, 0, 10, 6, 0, -9,
    0, -18, -4, 9, -4, -12, 1, -4,
    -11, -11, -3, 13, 3, 0, -5, 0,
    -9, 0, 3, 11, -7, -12, -13, -8,
    10, 0, 1, -23, -3, 3, -5, -2,
    -7, 0, -7, -12, -5, -5, -3, 0,
    0, -7, -7, -3, 0, 10, 7, -3,
    -18, 0, -18, -4, 0, -11, -19, -1,
    -10, -5, -11, -9, 9, 0, 0, -4,
    0, -6, -3, 0, -3, -6, 0, 5,
    -11, 3, 0, 0, -17, 0, -3, -7,
    -5, -2, -10, -8, -11, -7, 0, -10,
    -3, -7, -6, -10, -3, 0, 0, 1,
    15, -5, 0, -10, -3, 0, -3, -6,
    -7, -9, -9, -12, -4, -6, 6, 0,
    -5, 0, -16, -4, 2, 6, -10, -12,
    -6, -11, 11, -3, 2, -30, -6, 6,
    -7, -5, -12, 0, -10, -13, -4, -3,
    -3, -3, -7, -10, -1, 0, 0, 10,
    9, -2, -21, 0, -19, -7, 8, -12,
    -22, -6, -11, -13, -16, -11, 6, 0,
    0, 0, 0, -4, 0, 0, 3, -4,
    6, 2, -6, 6, 0, 0, -10, -1,
    0, -1, 0, 1, 1, -3, 0, 0,
    0, 0, 0, 0, -3, 0, 0, 0,
    0, 3, 10, 1, 0, -4, 0, 0,
    0, 0, -2, -2, -4, 0, 0, 0,
    1, 3, 0, 0, 0, 0, 3, 0,
    -3, 0, 12, 0, 6, 1, 1, -4,
    0, 6, 0, 0, 0, 3, 0, 0,
    0, 0, 0, 0, 0, 0, 0, 0,
    0, 10, 0, 9, 0, 0, 0, 0,
    0, 0, 0, 0, 0, 0, 0, 0,
    0, 0, -19, 0, -3, 5, 0, 10,
    0, 0, 32, 4, -6, -6, 3, 3,
    -2, 1, -16, 0, 0, 15, -19, 0,
    0, 0, 0, 0, 0, 0, 0, 0,
    0, 0, -22, 12, 45, 0, 0, 0,
    0, 0, 0, 0, 0, 0, 0, 0,
    0, -19, 0, 0, 0, 0, 0, 0,
    0, 0, 0, 0, 0, 0, 0, 0,
    0, 0, 0, 0, 0, 0, 0, 0,
    0, 0, 0, 0, -5, 0, 0, -6,
    -3, 0, 0, 0, 0, 0, 0, 0,
    0, 0, 0, 0, 0, 0, 0, 0,
    0, 0, 0, 0, -2, 0, -9, 0,
    0, 1, 0, 0, 3, 41, -6, -3,
    10, 9, -9, 3, 0, 0, 3, 3,
    -4, 0, 0, 0, 0, 0, 0, 0,
    0, 0, 0, 0, -42, 9, 0, 0,
    0, 0, 0, 0, 0, 0, 0, 0,
    0, 0, 0, 0, 0, 0, 0, -9,
    0, 0, 0, -9, 0, 0, 0, 0,
    -7, -2, 0, 0, 0, -7, 0, -4,
    0, -15, 0, 0, 0, 0, 0, 0,
    0, 0, 0, 0, 0, -21, 0, 0,
    0, 0, 1, 0, 0, 0, 0, 0,
    0, -3, 0, 0, -6, 0, -5, 0,
    -9, 0, 0, 0, -5, 3, -4, 0,
    0, -9, -3, -7, 0, 0, -9, 0,
    -3, 0, -15, 0, -4, 0, 0, -26,
    -6, -13, -4, -12, 0, 0, -21, 0,
    -9, -2, 0, 0, 0, 0, 0, 0,
    0, 0, -5, -6, -3, -5, 0, 0,
    0, 0, -7, 0, -7, 4, -4, 6,
    0, -2, -7, -2, -5, -6, 0, -4,
    -2, -2, 2, -9, -1, 0, 0, 0,
    -28, -3, -4, 0, -7, 0, -2, -15,
    -3, 0, 0, -2, -3, 0, 0, 0,
    0, 2, 0, -2, -5, -2, 5, 0,
    0, 0, 0, 0, 0, 0, 0, 0,
    0, 0, 0, 0, 0, 0, 0, 0,
    0, 0, 0, 0, 0, 0, 0, 0,
    0, 0, 0, 0, 0, 0, 0, 0,
    0, 0, 0, 0, 0, 0, 0, 0,
    0, 0, 4, 0, 0, 0, 0, 0,
    0, -7, 0, -2, 0, 0, 0, -6,
    3, 0, 0, 0, -9, -3, -6, 0,
    0, -9, 0, -3, 0, -15, 0, 0,
    0, 0, -31, 0, -6, -12, -16, 0,
    0, -21, 0, -2, -5, 0, 0, 0,
    0, 0, 0, 0, 0, -3, -5, -2,
    -5, 1, 0, 0, 5, -4, 0, 10,
    16, -3, -3, -10, 4, 16, 5, 7,
    -9, 4, 13, 4, 9, 7, 9, 0,
    0, 0, 0, 0, 0, 0, 0, 0,
    0, 0, 20, 15, -6, -3, 0, -3,
    26, 14, 26, 0, 0, 0, 3, 0,
    0, 12, 0, 0, -5, 0, 0, 0,
    0, 0, 0, 0, 0, 0, -2, 0,
    0, 0, 0, 0, 0, 0, 0, 4,
    0, 0, 0, 0, -27, -4, -3, -13,
    -16, 0, 0, -21, 0, 0, 0, 0,
    0, 0, 0, 0, 0, 0, 0, 0,
    0, 0, 0, 0, 0, -5, 0, 0,
    0, 0, 0, 0, 0, 0, 0, -2,
    0, 0, 0, 0, 0, 0, 0, 0,
    4, 0, 0, 0, 0, -27, -4, -3,
    -13, -16, 0, 0, -13, 0, 0, 0,
    0, 0, 0, 0, 0, 0, 0, 0,
    0, 0, 0, 0, 0, 0, 0, 0,
    -3, 0, 0, 0, -7, 3, 0, -3,
    3, 6, 3, -10, 0, -1, -3, 3,
    0, 3, 0, 0, 0, 0, -8, 0,
    -3, -2, -6, 0, -3, -13, 0, 20,
    -3, 0, -7, -2, 0, -2, -5, 0,
    -3, -9, -6, -4, 0, 0, 0, -5,
    0, 0, 0, 0, 0, 0, 0, 0,
    0, -2, 0, 0, 0, 0, 0, 0,
    0, 0, 4, 0, 0, 0, 0, -27,
    -4, -3, -13, -16, 0, 0, -21, 0,
    0, 0, 0, 0, 0, 16, 0, 0,
    0, 0, 0, 0, 0, 0, 0, 0,
    -5, 0, -10, -4, -3, 10, -3, -3,
    -13, 1, -2, 1, -2, -9, 1, 7,
    1, 3, 1, 3, -8, -13, -4, 0,
    -12, -6, -9, -13, -12, 0, -5, -6,
    -4, -4, -3, -2, -4, -2, 0, -2,
    -1, 5, 0, 5, -2, 0, 10, 0,
    0, 0, 0, 0, 0, 0, 0, 0,
    0, 0, 0, -2, -3, -3, 0, 0,
    -9, 0, -2, 0, -5, 0, 0, 0,
    0, 0, 0, 0, 0, 0, 0, 0,
    -19, 0, 0, 0, 0, 0, 0, 0,
    0, 0, 0, 0, -3, -3, 0, -4,
    0, 0, 0, 0, -3, 0, 0, -5,
    -3, 3, 0, -5, -6, -2, 0, -9,
    -2, -7, -2, -4, 0, -5, 0, 0,
    0, 0, 0, 0, 0, 0, 0, 0,
    0, -21, 0, 10, 0, 0, -6, 0,
    0, 0, 0, -4, 0, -3, 0, 0,
    -2, 0, 0, -2, 0, -7, 0, 0,
    13, -4, -11, -10, 2, 4, 4, -1,
    -9, 2, 5, 2, 10, 2, 11, -2,
    -9, 0, 0, -13, 0, 0, -10, -9,
    0, 0, -6, 0, -4, -5, 0, -5,
    0, -5, 0, -2, 5, 0, -3, -10,
    -3, 12, 0, 0, -3, 0, -6, 0,
    0, 4, -7, 0, 3, -3, 3, 0,
    0, -11, 0, -2, -1, 0, -3, 4,
    -3, 0, 0, 0, -13, -4, -7, 0,
    -10, 0, 0, -15, 0, 12, -3, 0,
    -6, 0, 2, 0, -3, 0, -3, -10,
    0, -3, 3, 0, 0, 0, 0, -2,
    0, 0, 3, -4, 1, 0, 0, -4,
    -2, 0, -4, 0, 0, 0, 0, 0,
    0, 0, 0, 0, 0, 0, 0, 0,
    0, 0, 0, 0, -20, 0, 7, 0,
    0, -3, 0, 0, 0, 0, 1, 0,
    -3, -3, 0, 0, 0, 6, 0, 7,
    0, 0, 0, 0, 0, -20, -18, 1,
    14, 10, 5, -13, 2, 13, 0, 12,
    0, 6, 0, 0, 0, 0, 0, 0,
    0, 0, 0, 0, 0, 17, 0, 0,
    0, 0, 0, 0, 0, 0, 0, 0,
    0, 0, 0, 0, 0
};


/*Collect the kern class' data in one place*/
static const lv_font_fmt_txt_kern_classes_t kern_classes =
{
    .class_pair_values   = kern_class_values,
    .left_class_mapping  = kern_left_class_mapping,
    .right_class_mapping = kern_right_class_mapping,
    .left_class_cnt      = 61,
    .right_class_cnt     = 49,
};

/*--------------------
 *  ALL CUSTOM DATA
 *--------------------*/

#if LVGL_VERSION_MAJOR == 8
/*Store all the custom data of the font*/
static  lv_font_fmt_txt_glyph_cache_t cache;
#endif

#if LVGL_VERSION_MAJOR >= 8
static const lv_font_fmt_txt_dsc_t font_dsc = {
#else
static lv_font_fmt_txt_dsc_t font_dsc = {
#endif
    .glyph_bitmap = glyph_bitmap,
    .glyph_dsc = glyph_dsc,
    .cmaps = cmaps,
    .kern_dsc = &kern_classes,
    .kern_scale = 16,
    .cmap_num = 2,
    .bpp = 4,
    .kern_classes = 1,
    .bitmap_format = 1,
#if LVGL_VERSION_MAJOR == 8
    .cache = &cache
#endif
};



/*-----------------
 *  PUBLIC FONT
 *----------------*/

/*Initialize a public general font descriptor*/
#if LVGL_VERSION_MAJOR >= 8
const lv_font_t lv_font_montserrat_lxgw_music_ui_20_4 = {
#else
lv_font_t lv_font_montserrat_lxgw_music_ui_20_4 = {
#endif
    .get_glyph_dsc = lv_font_get_glyph_dsc_fmt_txt,    /*Function pointer to get glyph's data*/
    .get_glyph_bitmap = lv_font_get_bitmap_fmt_txt,    /*Function pointer to get glyph's bitmap*/
    .line_height = 22,          /*The maximum line height required by the font*/
    .base_line = 4,             /*Baseline measured from the bottom of the line*/
#if !(LVGL_VERSION_MAJOR == 6 && LVGL_VERSION_MINOR == 0)
    .subpx = LV_FONT_SUBPX_NONE,
#endif
#if LV_VERSION_CHECK(7, 4, 0) || LVGL_VERSION_MAJOR >= 8
    .underline_position = -1,
    .underline_thickness = 1,
#endif
    .dsc = &font_dsc,          /*The custom font data. Will be accessed by `get_glyph_bitmap/dsc` */
#if LV_VERSION_CHECK(8, 2, 0) || LVGL_VERSION_MAJOR >= 9
    .fallback = NULL,
#endif
    .user_data = NULL,
};



#endif /*#if LV_FONT_MONTSERRAT_LXGW_MUSIC_UI_20_4*/

