#include "mini_game_sprites.h"

const uint8_t img_bird_mid_map[] = {
  0x00, 0x00, 0x00, 0x00, 0x00, 0x00, 0x00, 0x00, 0x00, 0x00, 0x00, 0x00, 0x00, 0x00, 0x00, 0x00,
  0x00, 0x00, 0x00, 0x00, 0x00, 0x00, 0x00, 0x00, 0xc8, 0x51, 0xc8, 0x51, 0xc8, 0x51, 0xc8, 0x51,
  0xc8, 0x51, 0xc8, 0x51, 0xc8, 0x51, 0xc8, 0x51, 0xc8, 0x51, 0xc8, 0x51, 0xc8, 0x51, 0xc8, 0x51,
  0x00, 0x00, 0x00, 0x00, 0x00, 0x00, 0x00, 0x00, 0x00, 0x00, 0x00, 0x00, 0x00, 0x00, 0x00, 0x00,
  0x00, 0x00, 0x00, 0x00, 0x00, 0x00, 0x00, 0x00, 0x00, 0x00, 0x00, 0x00, 0x00, 0x00, 0x00, 0x00,
  0x00, 0x00, 0x00, 0x00, 0x00, 0x00, 0x00, 0x00, 0x00, 0x00, 0x00, 0x00, 0xc8, 0x51, 0xc8, 0x51,
  0xc8, 0x51, 0xc8, 0x51, 0xc8, 0x51, 0xc8, 0x51, 0xc8, 0x51, 0xc8, 0x51, 0xc8, 0x51, 0xc8, 0x51,
  0xc8, 0x51, 0xc8, 0x51, 0x00, 0x00, 0x00, 0x00, 0x00, 0x00, 0x00, 0x00, 0x00, 0x00, 0x00, 0x00,
  0x00, 0x00, 0x00, 0x00, 0x00, 0x00, 0x00, 0x00, 0x00, 0x00, 0x00, 0x00, 0x00, 0x00, 0x00, 0x00,
  0x00, 0x00, 0x00, 0x00, 0x00, 0x00, 0x00, 0x00, 0xc8, 0x51, 0xc8, 0x51, 0xc8, 0x51, 0xc8, 0x51,
  0xb1, 0xfe, 0xb1, 0xfe, 0xb1, 0xfe, 0xb1, 0xfe, 0xb1, 0xfe, 0xb1, 0xfe, 0xc8, 0x51, 0xc8, 0x51,
  0xdf, 0xff, 0xdf, 0xff, 0xdf, 0xff, 0xdf, 0xff, 0xc8, 0x51, 0xc8, 0x51, 0x00, 0x00, 0x00, 0x00,
  0x00, 0x00, 0x00, 0x00, 0x00, 0x00, 0x00, 0x00, 0x00, 0x00, 0x00, 0x00, 0x00, 0x00, 0x00, 0x00,
  0x00, 0x00, 0x00, 0x00, 0x00, 0x00, 0x00, 0x00, 0x00, 0x00, 0x00, 0x00, 0xc8, 0x51, 0xc8, 0x51,
  0xc8, 0x51, 0xc8, 0x51, 0xb1, 0xfe, 0xb1, 0xfe, 0xb1, 0xfe, 0xb1, 0xfe, 0xb1, 0xfe, 0xb1, 0xfe,
  0xc8, 0x51, 0xc8, 0x51, 0xdf, 0xff, 0xdf, 0xff, 0xdf, 0xff, 0xdf, 0xff, 0xc8, 0x51, 0xc8, 0x51,
  0x00, 0x00, 0x00, 0x00, 0x00, 0x00, 0x00, 0x00, 0x00, 0x00, 0x00, 0x00, 0x00, 0x00, 0x00, 0x00,
  0x00, 0x00, 0x00, 0x00, 0x00, 0x00, 0x00, 0x00, 0x00, 0x00, 0x00, 0x00, 0xc8, 0x51, 0xc8, 0x51,
  0xb1, 0xfe, 0xb1, 0xfe, 0xb1, 0xfe, 0xb1, 0xfe, 0xa6, 0xfd, 0xa6, 0xfd, 0xa6, 0xfd, 0xa6, 0xfd,
  0xc8, 0x51, 0xc8, 0x51, 0xdf, 0xff, 0xdf, 0xff, 0xdf, 0xff, 0xdf, 0xff, 0xdf, 0xff, 0xdf, 0xff,
  0xdf, 0xff, 0xdf, 0xff, 0xc8, 0x51, 0xc8, 0x51, 0x00, 0x00, 0x00, 0x00, 0x00, 0x00, 0x00, 0x00,
  0x00, 0x00, 0x00, 0x00, 0x00, 0x00, 0x00, 0x00, 0x00, 0x00, 0x00, 0x00, 0x00, 0x00, 0x00, 0x00,
  0xc8, 0x51, 0xc8, 0x51, 0xb1, 0xfe, 0xb1, 0xfe, 0xb1, 0xfe, 0xb1, 0xfe, 0xa6, 0xfd, 0xa6, 0xfd,
  0xa6, 0xfd, 0xa6, 0xfd, 0xc8, 0x51, 0xc8, 0x51, 0xdf, 0xff, 0xdf, 0xff, 0xdf, 0xff, 0xdf, 0xff,
  0xdf, 0xff, 0xdf, 0xff, 0xdf, 0xff, 0xdf, 0xff, 0xc8, 0x51, 0xc8, 0x51, 0x00, 0x00, 0x00, 0x00,
  0x00, 0x00, 0x00, 0x00, 0x00, 0x00, 0x00, 0x00, 0x00, 0x00, 0x00, 0x00, 0x00, 0x00, 0x00, 0x00,
  0xc8, 0x51, 0xc8, 0x51, 0xb1, 0xfe, 0xb1, 0xfe, 0xa6, 0xfd, 0xa6, 0xfd, 0xa6, 0xfd, 0xa6, 0xfd,
  0xa6, 0xfd, 0xa6, 0xfd, 0xa6, 0xfd, 0xa6, 0xfd, 0xc8, 0x51, 0xc8, 0x51, 0x39, 0xd7, 0x39, 0xd7,
  0xdf, 0xff, 0xdf, 0xff, 0xdf, 0xff, 0xdf, 0xff, 0xc8, 0x51, 0xc8, 0x51, 0xdf, 0xff, 0xdf, 0xff,
  0xc8, 0x51, 0xc8, 0x51, 0x00, 0x00, 0x00, 0x00, 0x00, 0x00, 0x00, 0x00, 0x00, 0x00, 0x00, 0x00,
  0x00, 0x00, 0x00, 0x00, 0xc8, 0x51, 0xc8, 0x51, 0xb1, 0xfe, 0xb1, 0xfe, 0xa6, 0xfd, 0xa6, 0xfd,
  0xa6, 0xfd, 0xa6, 0xfd, 0xa6, 0xfd, 0xa6, 0xfd, 0xa6, 0xfd, 0xa6, 0xfd, 0xc8, 0x51, 0xc8, 0x51,
  0x39, 0xd7, 0x39, 0xd7, 0xdf, 0xff, 0xdf, 0xff, 0xdf, 0xff, 0xdf, 0xff, 0xc8, 0x51, 0xc8, 0x51,
  0xdf, 0xff, 0xdf, 0xff, 0xc8, 0x51, 0xc8, 0x51, 0x00, 0x00, 0x00, 0x00, 0x00, 0x00, 0x00, 0x00,
  0x00, 0x00, 0x00, 0x00, 0xc8, 0x51, 0xc8, 0x51, 0xa6, 0xfd, 0xa6, 0xfd, 0xa6, 0xfd, 0xa6, 0xfd,
  0xa6, 0xfd, 0xa6, 0xfd, 0xa6, 0xfd, 0xa6, 0xfd, 0xa6, 0xfd, 0xa6, 0xfd, 0xa6, 0xfd, 0xa6, 0xfd,
  0xc8, 0x51, 0xc8, 0x51, 0x39, 0xd7, 0x39, 0xd7, 0xdf, 0xff, 0xdf, 0xff, 0xdf, 0xff, 0xdf, 0xff,
  0xc8, 0x51, 0xc8, 0x51, 0xdf, 0xff, 0xdf, 0xff, 0xc8, 0x51, 0xc8, 0x51, 0x00, 0x00, 0x00, 0x00,
  0x00, 0x00, 0x00, 0x00, 0x00, 0x00, 0x00, 0x00, 0xc8, 0x51, 0xc8, 0x51, 0xa6, 0xfd, 0xa6, 0xfd,
  0xa6, 0xfd, 0xa6, 0xfd, 0xa6, 0xfd, 0xa6, 0xfd, 0xa6, 0xfd, 0xa6, 0xfd, 0xa6, 0xfd, 0xa6, 0xfd,
  0xa6, 0xfd, 0xa6, 0xfd, 0xc8, 0x51, 0xc8, 0x51, 0x39, 0xd7, 0x39, 0xd7, 0xdf, 0xff, 0xdf, 0xff,
  0xdf, 0xff, 0xdf, 0xff, 0xc8, 0x51, 0xc8, 0x51, 0xdf, 0xff, 0xdf, 0xff, 0xc8, 0x51, 0xc8, 0x51,
  0x00, 0x00, 0x00, 0x00, 0x00, 0x00, 0x00, 0x00, 0x00, 0x00, 0x00, 0x00, 0xc8, 0x51, 0xc8, 0x51,
  0xc8, 0x51, 0xc8, 0x51, 0xc8, 0x51, 0xc8, 0x51, 0xc8, 0x51, 0xc8, 0x51, 0xc8, 0x51, 0xc8, 0x51,
  0xa6, 0xfd, 0xa6, 0xfd, 0xa6, 0xfd, 0xa6, 0xfd, 0xa6, 0xfd, 0xa6, 0xfd, 0xc8, 0x51, 0xc8, 0x51,
  0x39, 0xd7, 0x39, 0xd7, 0xdf, 0xff, 0xdf, 0xff, 0xdf, 0xff, 0xdf, 0xff, 0xdf, 0xff, 0xdf, 0xff,
  0xc8, 0x51, 0xc8, 0x51, 0x00, 0x00, 0x00, 0x00, 0x00, 0x00, 0x00, 0x00, 0x00, 0x00, 0x00, 0x00,
  0xc8, 0x51, 0xc8, 0x51, 0xc8, 0x51, 0xc8, 0x51, 0xc8, 0x51, 0xc8, 0x51, 0xc8, 0x51, 0xc8, 0x51,
  0xc8, 0x51, 0xc8, 0x51, 0xa6, 0xfd, 0xa6, 0xfd, 0xa6, 0xfd, 0xa6, 0xfd, 0xa6, 0xfd, 0xa6, 0xfd,
  0xc8, 0x51, 0xc8, 0x51, 0x39, 0xd7, 0x39, 0xd7, 0xdf, 0xff, 0xdf, 0xff, 0xdf, 0xff, 0xdf, 0xff,
  0xdf, 0xff, 0xdf, 0xff, 0xc8, 0x51, 0xc8, 0x51, 0x00, 0x00, 0x00, 0x00, 0x00, 0x00, 0x00, 0x00,
  0xc8, 0x51, 0xc8, 0x51, 0xdf, 0xff, 0xdf, 0xff, 0xdf, 0xff, 0xdf, 0xff, 0xdf, 0xff, 0xdf, 0xff,
  0xdf, 0xff, 0xdf, 0xff, 0xdf, 0xff, 0xdf, 0xff, 0xc8, 0x51, 0xc8, 0x51, 0xa6, 0xfd, 0xa6, 0xfd,
  0xa6, 0xfd, 0xa6, 0xfd, 0xa6, 0xfd, 0xa6, 0xfd, 0xc8, 0x51, 0xc8, 0x51, 0xc8, 0x51, 0xc8, 0x51,
  0xc8, 0x51, 0xc8, 0x51, 0xc8, 0x51, 0xc8, 0x51, 0xc8, 0x51, 0xc8, 0x51, 0xc8, 0x51, 0xc8, 0x51,
  0x00, 0x00, 0x00, 0x00, 0xc8, 0x51, 0xc8, 0x51, 0xdf, 0xff, 0xdf, 0xff, 0xdf, 0xff, 0xdf, 0xff,
  0xdf, 0xff, 0xdf, 0xff, 0xdf, 0xff, 0xdf, 0xff, 0xdf, 0xff, 0xdf, 0xff, 0xc8, 0x51, 0xc8, 0x51,
  0xa6, 0xfd, 0xa6, 0xfd, 0xa6, 0xfd, 0xa6, 0xfd, 0xa6, 0xfd, 0xa6, 0xfd, 0xc8, 0x51, 0xc8, 0x51,
  0xc8, 0x51, 0xc8, 0x51, 0xc8, 0x51, 0xc8, 0x51, 0xc8, 0x51, 0xc8, 0x51, 0xc8, 0x51, 0xc8, 0x51,
  0xc8, 0x51, 0xc8, 0x51, 0x00, 0x00, 0x00, 0x00, 0xc8, 0x51, 0xc8, 0x51, 0xb1, 0xfe, 0xb1, 0xfe,
  0xdf, 0xff, 0xdf, 0xff, 0xdf, 0xff, 0xdf, 0xff, 0xdf, 0xff, 0xdf, 0xff, 0xb1, 0xfe, 0xb1, 0xfe,
  0xc8, 0x51, 0xc8, 0x51, 0xa6, 0xfd, 0xa6, 0xfd, 0xa6, 0xfd, 0xa6, 0xfd, 0xc8, 0x51, 0xc8, 0x51,
  0xc0, 0xf9, 0xc0, 0xf9, 0xc0, 0xf9, 0xc0, 0xf9, 0xc0, 0xf9, 0xc0, 0xf9, 0xc0, 0xf9, 0xc0, 0xf9,
  0xc0, 0xf9, 0xc0, 0xf9, 0xc0, 0xf9, 0xc0, 0xf9, 0xc8, 0x51, 0xc8, 0x51, 0xc8, 0x51, 0xc8, 0x51,
  0xb1, 0xfe, 0xb1, 0xfe, 0xdf, 0xff, 0xdf, 0xff, 0xdf, 0xff, 0xdf, 0xff, 0xdf, 0xff, 0xdf, 0xff,
  0xb1, 0xfe, 0xb1, 0xfe, 0xc8, 0x51, 0xc8, 0x51, 0xa6, 0xfd, 0xa6, 0xfd, 0xa6, 0xfd, 0xa6, 0xfd,
  0xc8, 0x51, 0xc8, 0x51, 0xc0, 0xf9, 0xc0, 0xf9, 0xc0, 0xf9, 0xc0, 0xf9, 0xc0, 0xf9, 0xc0, 0xf9,
  0xc0, 0xf9, 0xc0, 0xf9, 0xc0, 0xf9, 0xc0, 0xf9, 0xc0, 0xf9, 0xc0, 0xf9, 0xc8, 0x51, 0xc8, 0x51,
  0x00, 0x00, 0x00, 0x00, 0xc8, 0x51, 0xc8, 0x51, 0xc8, 0x51, 0xc8, 0x51, 0xc8, 0x51, 0xc8, 0x51,
  0xc8, 0x51, 0xc8, 0x51, 0xc8, 0x51, 0xc8, 0x51, 0x05, 0xe4, 0x05, 0xe4, 0x05, 0xe4, 0x05, 0xe4,
  0xc8, 0x51, 0xc8, 0x51, 0xc0, 0xf9, 0xc0, 0xf9, 0xc8, 0x51, 0xc8, 0x51, 0xc8, 0x51, 0xc8, 0x51,
  0xc8, 0x51, 0xc8, 0x51, 0xc8, 0x51, 0xc8, 0x51, 0xc8, 0x51, 0xc8, 0x51, 0xc8, 0x51, 0xc8, 0x51,
  0x00, 0x00, 0x00, 0x00, 0x00, 0x00, 0x00, 0x00, 0xc8, 0x51, 0xc8, 0x51, 0xc8, 0x51, 0xc8, 0x51,
  0xc8, 0x51, 0xc8, 0x51, 0xc8, 0x51, 0xc8, 0x51, 0xc8, 0x51, 0xc8, 0x51, 0x05, 0xe4, 0x05, 0xe4,
  0x05, 0xe4, 0x05, 0xe4, 0xc8, 0x51, 0xc8, 0x51, 0xc0, 0xf9, 0xc0, 0xf9, 0xc8, 0x51, 0xc8, 0x51,
  0xc8, 0x51, 0xc8, 0x51, 0xc8, 0x51, 0xc8, 0x51, 0xc8, 0x51, 0xc8, 0x51, 0xc8, 0x51, 0xc8, 0x51,
  0xc8, 0x51, 0xc8, 0x51, 0x00, 0x00, 0x00, 0x00, 0x00, 0x00, 0x00, 0x00, 0x00, 0x00, 0x00, 0x00,
  0xc8, 0x51, 0xc8, 0x51, 0x05, 0xe4, 0x05, 0xe4, 0x05, 0xe4, 0x05, 0xe4, 0x05, 0xe4, 0x05, 0xe4,
  0x05, 0xe4, 0x05, 0xe4, 0x05, 0xe4, 0x05, 0xe4, 0x05, 0xe4, 0x05, 0xe4, 0xc8, 0x51, 0xc8, 0x51,
  0xc0, 0xf9, 0xc0, 0xf9, 0xc0, 0xf9, 0xc0, 0xf9, 0xc0, 0xf9, 0xc0, 0xf9, 0xc0, 0xf9, 0xc0, 0xf9,
  0xc0, 0xf9, 0xc0, 0xf9, 0xc8, 0x51, 0xc8, 0x51, 0x00, 0x00, 0x00, 0x00, 0x00, 0x00, 0x00, 0x00,
  0x00, 0x00, 0x00, 0x00, 0xc8, 0x51, 0xc8, 0x51, 0x05, 0xe4, 0x05, 0xe4, 0x05, 0xe4, 0x05, 0xe4,
  0x05, 0xe4, 0x05, 0xe4, 0x05, 0xe4, 0x05, 0xe4, 0x05, 0xe4, 0x05, 0xe4, 0x05, 0xe4, 0x05, 0xe4,
  0xc8, 0x51, 0xc8, 0x51, 0xc0, 0xf9, 0xc0, 0xf9, 0xc0, 0xf9, 0xc0, 0xf9, 0xc0, 0xf9, 0xc0, 0xf9,
  0xc0, 0xf9, 0xc0, 0xf9, 0xc0, 0xf9, 0xc0, 0xf9, 0xc8, 0x51, 0xc8, 0x51, 0x00, 0x00, 0x00, 0x00,
  0x00, 0x00, 0x00, 0x00, 0x00, 0x00, 0x00, 0x00, 0x00, 0x00, 0x00, 0x00, 0xc8, 0x51, 0xc8, 0x51,
  0xc8, 0x51, 0xc8, 0x51, 0x05, 0xe4, 0x05, 0xe4, 0x05, 0xe4, 0x05, 0xe4, 0x05, 0xe4, 0x05, 0xe4,
  0x05, 0xe4, 0x05, 0xe4, 0x05, 0xe4, 0x05, 0xe4, 0xc8, 0x51, 0xc8, 0x51, 0xc8, 0x51, 0xc8, 0x51,
  0xc8, 0x51, 0xc8, 0x51, 0xc8, 0x51, 0xc8, 0x51, 0xc8, 0x51, 0xc8, 0x51, 0x00, 0x00, 0x00, 0x00,
  0x00, 0x00, 0x00, 0x00, 0x00, 0x00, 0x00, 0x00, 0x00, 0x00, 0x00, 0x00, 0x00, 0x00, 0x00, 0x00,
  0xc8, 0x51, 0xc8, 0x51, 0xc8, 0x51, 0xc8, 0x51, 0x05, 0xe4, 0x05, 0xe4, 0x05, 0xe4, 0x05, 0xe4,
  0x05, 0xe4, 0x05, 0xe4, 0x05, 0xe4, 0x05, 0xe4, 0x05, 0xe4, 0x05, 0xe4, 0xc8, 0x51, 0xc8, 0x51,
  0xc8, 0x51, 0xc8, 0x51, 0xc8, 0x51, 0xc8, 0x51, 0xc8, 0x51, 0xc8, 0x51, 0xc8, 0x51, 0xc8, 0x51,
  0x00, 0x00, 0x00, 0x00, 0x00, 0x00, 0x00, 0x00, 0x00, 0x00, 0x00, 0x00, 0x00, 0x00, 0x00, 0x00,
  0x00, 0x00, 0x00, 0x00, 0x00, 0x00, 0x00, 0x00, 0x00, 0x00, 0x00, 0x00, 0xc8, 0x51, 0xc8, 0x51,
  0xc8, 0x51, 0xc8, 0x51, 0xc8, 0x51, 0xc8, 0x51, 0xc8, 0x51, 0xc8, 0x51, 0xc8, 0x51, 0xc8, 0x51,
  0x00, 0x00, 0x00, 0x00, 0x00, 0x00, 0x00, 0x00, 0x00, 0x00, 0x00, 0x00, 0x00, 0x00, 0x00, 0x00,
  0x00, 0x00, 0x00, 0x00, 0x00, 0x00, 0x00, 0x00, 0x00, 0x00, 0x00, 0x00, 0x00, 0x00, 0x00, 0x00,
  0x00, 0x00, 0x00, 0x00, 0x00, 0x00, 0x00, 0x00, 0x00, 0x00, 0x00, 0x00, 0x00, 0x00, 0x00, 0x00,
  0xc8, 0x51, 0xc8, 0x51, 0xc8, 0x51, 0xc8, 0x51, 0xc8, 0x51, 0xc8, 0x51, 0xc8, 0x51, 0xc8, 0x51,
  0xc8, 0x51, 0xc8, 0x51, 0x00, 0x00, 0x00, 0x00, 0x00, 0x00, 0x00, 0x00, 0x00, 0x00, 0x00, 0x00,
  0x00, 0x00, 0x00, 0x00, 0x00, 0x00, 0x00, 0x00, 0x00, 0x00, 0x00, 0x00, 0x00, 0x00, 0x00, 0x00,
  0x00, 0x00, 0x00, 0x00, 0x00, 0x00, 0x00, 0x00, 0x00, 0x00, 0x00, 0x00, 0xff, 0xff, 0xff, 0xff,
  0xff, 0xff, 0xff, 0xff, 0xff, 0xff, 0xff, 0xff, 0x00, 0x00, 0x00, 0x00, 0x00, 0x00, 0x00, 0x00,
  0x00, 0x00, 0x00, 0x00, 0x00, 0x00, 0x00, 0x00, 0x00, 0x00, 0x00, 0x00, 0x00, 0x00, 0xff, 0xff,
  0xff, 0xff, 0xff, 0xff, 0xff, 0xff, 0xff, 0xff, 0xff, 0xff, 0x00, 0x00, 0x00, 0x00, 0x00, 0x00,
  0x00, 0x00, 0x00, 0x00, 0x00, 0x00, 0x00, 0x00, 0x00, 0x00, 0x00, 0x00, 0xff, 0xff, 0xff, 0xff,
  0xff, 0xff, 0xff, 0xff, 0xff, 0xff, 0xff, 0xff, 0xff, 0xff, 0xff, 0xff, 0xff, 0xff, 0x00, 0x00,
  0x00, 0x00, 0x00, 0x00, 0x00, 0x00, 0x00, 0x00, 0x00, 0x00, 0x00, 0x00, 0x00, 0x00, 0xff, 0xff,
  0xff, 0xff, 0xff, 0xff, 0xff, 0xff, 0xff, 0xff, 0xff, 0xff, 0xff, 0xff, 0xff, 0xff, 0xff, 0xff,
  0x00, 0x00, 0x00, 0x00, 0x00, 0x00, 0x00, 0x00, 0x00, 0x00, 0x00, 0x00, 0x00, 0x00, 0xff, 0xff,
  0xff, 0xff, 0xff, 0xff, 0xff, 0xff, 0xff, 0xff, 0xff, 0xff, 0xff, 0xff, 0xff, 0xff, 0xff, 0xff,
  0xff, 0xff, 0xff, 0xff, 0x00, 0x00, 0x00, 0x00, 0x00, 0x00, 0x00, 0x00, 0x00, 0x00, 0x00, 0x00,
  0xff, 0xff, 0xff, 0xff, 0xff, 0xff, 0xff, 0xff, 0xff, 0xff, 0xff, 0xff, 0xff, 0xff, 0xff, 0xff,
  0xff, 0xff, 0xff, 0xff, 0xff, 0xff, 0x00, 0x00, 0x00, 0x00, 0x00, 0x00, 0x00, 0x00, 0x00, 0x00,
  0xff, 0xff, 0xff, 0xff, 0xff, 0xff, 0xff, 0xff, 0xff, 0xff, 0xff, 0xff, 0xff, 0xff, 0xff, 0xff,
  0xff, 0xff, 0xff, 0xff, 0xff, 0xff, 0xff, 0xff, 0xff, 0xff, 0x00, 0x00, 0x00, 0x00, 0x00, 0x00,
  0x00, 0x00, 0xff, 0xff, 0xff, 0xff, 0xff, 0xff, 0xff, 0xff, 0xff, 0xff, 0xff, 0xff, 0xff, 0xff,
  0xff, 0xff, 0xff, 0xff, 0xff, 0xff, 0xff, 0xff, 0xff, 0xff, 0xff, 0xff, 0x00, 0x00, 0x00, 0x00,
  0x00, 0x00, 0xff, 0xff, 0xff, 0xff, 0xff, 0xff, 0xff, 0xff, 0xff, 0xff, 0xff, 0xff, 0xff, 0xff,
  0xff, 0xff, 0xff, 0xff, 0xff, 0xff, 0xff, 0xff, 0xff, 0xff, 0xff, 0xff, 0xff, 0xff, 0x00, 0x00,
  0x00, 0x00, 0x00, 0x00, 0xff, 0xff, 0xff, 0xff, 0xff, 0xff, 0xff, 0xff, 0xff, 0xff, 0xff, 0xff,
  0xff, 0xff, 0xff, 0xff, 0xff, 0xff, 0xff, 0xff, 0xff, 0xff, 0xff, 0xff, 0xff, 0xff, 0xff, 0xff,
  0x00, 0x00, 0x00, 0x00, 0x00, 0x00, 0xff, 0xff, 0xff, 0xff, 0xff, 0xff, 0xff, 0xff, 0xff, 0xff,
  0xff, 0xff, 0xff, 0xff, 0xff, 0xff, 0xff, 0xff, 0xff, 0xff, 0xff, 0xff, 0xff, 0xff, 0xff, 0xff,
  0xff, 0xff, 0x00, 0x00, 0x00, 0x00, 0x00, 0x00, 0xff, 0xff, 0xff, 0xff, 0xff, 0xff, 0xff, 0xff,
  0xff, 0xff, 0xff, 0xff, 0xff, 0xff, 0xff, 0xff, 0xff, 0xff, 0xff, 0xff, 0xff, 0xff, 0xff, 0xff,
  0xff, 0xff, 0xff, 0xff, 0x00, 0x00, 0x00, 0x00, 0xff, 0xff, 0xff, 0xff, 0xff, 0xff, 0xff, 0xff,
  0xff, 0xff, 0xff, 0xff, 0xff, 0xff, 0xff, 0xff, 0xff, 0xff, 0xff, 0xff, 0xff, 0xff, 0xff, 0xff,
  0xff, 0xff, 0xff, 0xff, 0xff, 0xff, 0xff, 0xff, 0x00, 0x00, 0xff, 0xff, 0xff, 0xff, 0xff, 0xff,
  0xff, 0xff, 0xff, 0xff, 0xff, 0xff, 0xff, 0xff, 0xff, 0xff, 0xff, 0xff, 0xff, 0xff, 0xff, 0xff,
  0xff, 0xff, 0xff, 0xff, 0xff, 0xff, 0xff, 0xff, 0xff, 0xff, 0x00, 0x00, 0xff, 0xff, 0xff, 0xff,
  0xff, 0xff, 0xff, 0xff, 0xff, 0xff, 0xff, 0xff, 0xff, 0xff, 0xff, 0xff, 0xff, 0xff, 0xff, 0xff,
  0xff, 0xff, 0xff, 0xff, 0xff, 0xff, 0xff, 0xff, 0xff, 0xff, 0xff, 0xff, 0xff, 0xff, 0xff, 0xff,
  0xff, 0xff, 0xff, 0xff, 0xff, 0xff, 0xff, 0xff, 0xff, 0xff, 0xff, 0xff, 0xff, 0xff, 0xff, 0xff,
  0xff, 0xff, 0xff, 0xff, 0xff, 0xff, 0xff, 0xff, 0xff, 0xff, 0xff, 0xff, 0xff, 0xff, 0xff, 0xff,
  0x00, 0x00, 0xff, 0xff, 0xff, 0xff, 0xff, 0xff, 0xff, 0xff, 0xff, 0xff, 0xff, 0xff, 0xff, 0xff,
  0xff, 0xff, 0xff, 0xff, 0xff, 0xff, 0xff, 0xff, 0xff, 0xff, 0xff, 0xff, 0xff, 0xff, 0xff, 0xff,
  0x00, 0x00, 0x00, 0x00, 0xff, 0xff, 0xff, 0xff, 0xff, 0xff, 0xff, 0xff, 0xff, 0xff, 0xff, 0xff,
  0xff, 0xff, 0xff, 0xff, 0xff, 0xff, 0xff, 0xff, 0xff, 0xff, 0xff, 0xff, 0xff, 0xff, 0xff, 0xff,
  0xff, 0xff, 0x00, 0x00, 0x00, 0x00, 0x00, 0x00, 0xff, 0xff, 0xff, 0xff, 0xff, 0xff, 0xff, 0xff,
  0xff, 0xff, 0xff, 0xff, 0xff, 0xff, 0xff, 0xff, 0xff, 0xff, 0xff, 0xff, 0xff, 0xff, 0xff, 0xff,
  0xff, 0xff, 0xff, 0xff, 0x00, 0x00, 0x00, 0x00, 0x00, 0x00, 0xff, 0xff, 0xff, 0xff, 0xff, 0xff,
  0xff, 0xff, 0xff, 0xff, 0xff, 0xff, 0xff, 0xff, 0xff, 0xff, 0xff, 0xff, 0xff, 0xff, 0xff, 0xff,
  0xff, 0xff, 0xff, 0xff, 0xff, 0xff, 0x00, 0x00, 0x00, 0x00, 0x00, 0x00, 0x00, 0x00, 0xff, 0xff,
  0xff, 0xff, 0xff, 0xff, 0xff, 0xff, 0xff, 0xff, 0xff, 0xff, 0xff, 0xff, 0xff, 0xff, 0xff, 0xff,
  0xff, 0xff, 0xff, 0xff, 0xff, 0xff, 0x00, 0x00, 0x00, 0x00, 0x00, 0x00, 0x00, 0x00, 0x00, 0x00,
  0xff, 0xff, 0xff, 0xff, 0xff, 0xff, 0xff, 0xff, 0xff, 0xff, 0xff, 0xff, 0xff, 0xff, 0xff, 0xff,
  0xff, 0xff, 0xff, 0xff, 0xff, 0xff, 0xff, 0xff, 0x00, 0x00, 0x00, 0x00, 0x00, 0x00, 0x00, 0x00,
  0x00, 0x00, 0x00, 0x00, 0x00, 0x00, 0xff, 0xff, 0xff, 0xff, 0xff, 0xff, 0xff, 0xff, 0xff, 0xff,
  0x00, 0x00, 0x00, 0x00, 0x00, 0x00, 0x00, 0x00, 0x00, 0x00, 0x00, 0x00, 0x00, 0x00, 0x00, 0x00,
  0x00, 0x00, 0x00, 0x00, 0x00, 0x00, 0x00, 0x00, 0xff, 0xff, 0xff, 0xff, 0xff, 0xff, 0xff, 0xff,
  0xff, 0xff, 0x00, 0x00, 0x00, 0x00, 0x00, 0x00, 0x00, 0x00, 0x00, 0x00, 0x00, 0x00, 0x00, 0x00
};

const lv_image_dsc_t img_bird_mid = {
  .header.magic = LV_IMAGE_HEADER_MAGIC,
  .header.cf = LV_COLOR_FORMAT_RGB565A8,
  .header.stride = 68,
  .header.w = 34,
  .header.h = 24,
  .data_size = sizeof(img_bird_mid_map),
  .data = img_bird_mid_map,
};

const uint8_t img_bird_up_map[] = {
  0x00, 0x00, 0x00, 0x00, 0x00, 0x00, 0x00, 0x00, 0x00, 0x00, 0x00, 0x00, 0x00, 0x00, 0x00, 0x00,
  0x00, 0x00, 0x00, 0x00, 0x00, 0x00, 0x00, 0x00, 0xc8, 0x51, 0xc8, 0x51, 0xc8, 0x51, 0xc8, 0x51,
  0xc8, 0x51, 0xc8, 0x51, 0xc8, 0x51, 0xc8, 0x51, 0xc8, 0x51, 0xc8, 0x51, 0xc8, 0x51, 0xc8, 0x51,
  0x00, 0x00, 0x00, 0x00, 0x00, 0x00, 0x00, 0x00, 0x00, 0x00, 0x00, 0x00, 0x00, 0x00, 0x00, 0x00,
  0x00, 0x00, 0x00, 0x00, 0x00, 0x00, 0x00, 0x00, 0x00, 0x00, 0x00, 0x00, 0x00, 0x00, 0x00, 0x00,
  0x00, 0x00, 0x00, 0x00, 0x00, 0x00, 0x00, 0x00, 0x00, 0x00, 0x00, 0x00, 0xc8, 0x51, 0xc8, 0x51,
  0xc8, 0x51, 0xc8, 0x51, 0xc8, 0x51, 0xc8, 0x51, 0xc8, 0x51, 0xc8, 0x51, 0xc8, 0x51, 0xc8, 0x51,
  0xc8, 0x51, 0xc8, 0x51, 0x00, 0x00, 0x00, 0x00, 0x00, 0x00, 0x00, 0x00, 0x00, 0x00, 0x00, 0x00,
  0x00, 0x00, 0x00, 0x00, 0x00, 0x00, 0x00, 0x00, 0x00, 0x00, 0x00, 0x00, 0x00, 0x00, 0x00, 0x00,
  0x00, 0x00, 0x00, 0x00, 0x00, 0x00, 0x00, 0x00, 0xc8, 0x51, 0xc8, 0x51, 0xc8, 0x51, 0xc8, 0x51,
  0xb1, 0xfe, 0xb1, 0xfe, 0xb1, 0xfe, 0xb1, 0xfe, 0xb1, 0xfe, 0xb1, 0xfe, 0xc8, 0x51, 0xc8, 0x51,
  0xdf, 0xff, 0xdf, 0xff, 0xdf, 0xff, 0xdf, 0xff, 0xc8, 0x51, 0xc8, 0x51, 0x00, 0x00, 0x00, 0x00,
  0x00, 0x00, 0x00, 0x00, 0x00, 0x00, 0x00, 0x00, 0x00, 0x00, 0x00, 0x00, 0x00, 0x00, 0x00, 0x00,
  0x00, 0x00, 0x00, 0x00, 0x00, 0x00, 0x00, 0x00, 0x00, 0x00, 0x00, 0x00, 0xc8, 0x51, 0xc8, 0x51,
  0xc8, 0x51, 0xc8, 0x51, 0xb1, 0xfe, 0xb1, 0xfe, 0xb1, 0xfe, 0xb1, 0xfe, 0xb1, 0xfe, 0xb1, 0xfe,
  0xc8, 0x51, 0xc8, 0x51, 0xdf, 0xff, 0xdf, 0xff, 0xdf, 0xff, 0xdf, 0xff, 0xc8, 0x51, 0xc8, 0x51,
  0x00, 0x00, 0x00, 0x00, 0x00, 0x00, 0x00, 0x00, 0x00, 0x00, 0x00, 0x00, 0x00, 0x00, 0x00, 0x00,
  0x00, 0x00, 0x00, 0x00, 0x00, 0x00, 0x00, 0x00, 0x00, 0x00, 0x00, 0x00, 0xc8, 0x51, 0xc8, 0x51,
  0xb1, 0xfe, 0xb1, 0xfe, 0xb1, 0xfe, 0xb1, 0xfe, 0xa6, 0xfd, 0xa6, 0xfd, 0xa6, 0xfd, 0xa6, 0xfd,
  0xc8, 0x51, 0xc8, 0x51, 0xdf, 0xff, 0xdf, 0xff, 0xdf, 0xff, 0xdf, 0xff, 0xdf, 0xff, 0xdf, 0xff,
  0xdf, 0xff, 0xdf, 0xff, 0xc8, 0x51, 0xc8, 0x51, 0x00, 0x00, 0x00, 0x00, 0x00, 0x00, 0x00, 0x00,
  0x00, 0x00, 0x00, 0x00, 0x00, 0x00, 0x00, 0x00, 0x00, 0x00, 0x00, 0x00, 0x00, 0x00, 0x00, 0x00,
  0xc8, 0x51, 0xc8, 0x51, 0xb1, 0xfe, 0xb1, 0xfe, 0xb1, 0xfe, 0xb1, 0xfe, 0xa6, 0xfd, 0xa6, 0xfd,
  0xa6, 0xfd, 0xa6, 0xfd, 0xc8, 0x51, 0xc8, 0x51, 0xdf, 0xff, 0xdf, 0xff, 0xdf, 0xff, 0xdf, 0xff,
  0xdf, 0xff, 0xdf, 0xff, 0xdf, 0xff, 0xdf, 0xff, 0xc8, 0x51, 0xc8, 0x51, 0x00, 0x00, 0x00, 0x00,
  0x00, 0x00, 0x00, 0x00, 0x00, 0x00, 0x00, 0x00, 0x00, 0x00, 0x00, 0x00, 0xc8, 0x51, 0xc8, 0x51,
  0xc8, 0x51, 0xc8, 0x51, 0xc8, 0x51, 0xc8, 0x51, 0xc8, 0x51, 0xc8, 0x51, 0xa6, 0xfd, 0xa6, 0xfd,
  0xa6, 0xfd, 0xa6, 0xfd, 0xa6, 0xfd, 0xa6, 0xfd, 0xc8, 0x51, 0xc8, 0x51, 0x39, 0xd7, 0x39, 0xd7,
  0xdf, 0xff, 0xdf, 0xff, 0xdf, 0xff, 0xdf, 0xff, 0xc8, 0x51, 0xc8, 0x51, 0xdf, 0xff, 0xdf, 0xff,
  0xc8, 0x51, 0xc8, 0x51, 0x00, 0x00, 0x00, 0x00, 0x00, 0x00, 0x00, 0x00, 0x00, 0x00, 0x00, 0x00,
  0xc8, 0x51, 0xc8, 0x51, 0xc8, 0x51, 0xc8, 0x51, 0xc8, 0x51, 0xc8, 0x51, 0xc8, 0x51, 0xc8, 0x51,
  0xa6, 0xfd, 0xa6, 0xfd, 0xa6, 0xfd, 0xa6, 0xfd, 0xa6, 0xfd, 0xa6, 0xfd, 0xc8, 0x51, 0xc8, 0x51,
  0x39, 0xd7, 0x39, 0xd7, 0xdf, 0xff, 0xdf, 0xff, 0xdf, 0xff, 0xdf, 0xff, 0xc8, 0x51, 0xc8, 0x51,
  0xdf, 0xff, 0xdf, 0xff, 0xc8, 0x51, 0xc8, 0x51, 0x00, 0x00, 0x00, 0x00, 0x00, 0x00, 0x00, 0x00,
  0xc8, 0x51, 0xc8, 0x51, 0xdf, 0xff, 0xdf, 0xff, 0xdf, 0xff, 0xdf, 0xff, 0xdf, 0xff, 0xdf, 0xff,
  0xdf, 0xff, 0xdf, 0xff, 0xc8, 0x51, 0xc8, 0x51, 0xa6, 0xfd, 0xa6, 0xfd, 0xa6, 0xfd, 0xa6, 0xfd,
  0xc8, 0x51, 0xc8, 0x51, 0x39, 0xd7, 0x39, 0xd7, 0xdf, 0xff, 0xdf, 0xff, 0xdf, 0xff, 0xdf, 0xff,
  0xc8, 0x51, 0xc8, 0x51, 0xdf, 0xff, 0xdf, 0xff, 0xc8, 0x51, 0xc8, 0x51, 0x00, 0x00, 0x00, 0x00,
  0x00, 0x00, 0x00, 0x00, 0xc8, 0x51, 0xc8, 0x51, 0xdf, 0xff, 0xdf, 0xff, 0xdf, 0xff, 0xdf, 0xff,
  0xdf, 0xff, 0xdf, 0xff, 0xdf, 0xff, 0xdf, 0xff, 0xc8, 0x51, 0xc8, 0x51, 0xa6, 0xfd, 0xa6, 0xfd,
  0xa6, 0xfd, 0xa6, 0xfd, 0xc8, 0x51, 0xc8, 0x51, 0x39, 0xd7, 0x39, 0xd7, 0xdf, 0xff, 0xdf, 0xff,
  0xdf, 0xff, 0xdf, 0xff, 0xc8, 0x51, 0xc8, 0x51, 0xdf, 0xff, 0xdf, 0xff, 0xc8, 0x51, 0xc8, 0x51,
  0x00, 0x00, 0x00, 0x00, 0x00, 0x00, 0x00, 0x00, 0xc8, 0x51, 0xc8, 0x51, 0xdf, 0xff, 0xdf, 0xff,
  0xdf, 0xff, 0xdf, 0xff, 0xdf, 0xff, 0xdf, 0xff, 0xdf, 0xff, 0xdf, 0xff, 0xdf, 0xff, 0xdf, 0xff,
  0xc8, 0x51, 0xc8, 0x51, 0xa6, 0xfd, 0xa6, 0xfd, 0xa6, 0xfd, 0xa6, 0xfd, 0xc8, 0x51, 0xc8, 0x51,
  0x39, 0xd7, 0x39, 0xd7, 0xdf, 0xff, 0xdf, 0xff, 0xdf, 0xff, 0xdf, 0xff, 0xdf, 0xff, 0xdf, 0xff,
  0xc8, 0x51, 0xc8, 0x51, 0x00, 0x00, 0x00, 0x00, 0x00, 0x00, 0x00, 0x00, 0xc8, 0x51, 0xc8, 0x51,
  0xdf, 0xff, 0xdf, 0xff, 0xdf, 0xff, 0xdf, 0xff, 0xdf, 0xff, 0xdf, 0xff, 0xdf, 0xff, 0xdf, 0xff,
  0xdf, 0xff, 0xdf, 0xff, 0xc8, 0x51, 0xc8, 0x51, 0xa6, 0xfd, 0xa6, 0xfd, 0xa6, 0xfd, 0xa6, 0xfd,
  0xc8, 0x51, 0xc8, 0x51, 0x39, 0xd7, 0x39, 0xd7, 0xdf, 0xff, 0xdf, 0xff, 0xdf, 0xff, 0xdf, 0xff,
  0xdf, 0xff, 0xdf, 0xff, 0xc8, 0x51, 0xc8, 0x51, 0x00, 0x00, 0x00, 0x00, 0x00, 0x00, 0x00, 0x00,
  0xc8, 0x51, 0xc8, 0x51, 0xb1, 0xfe, 0xb1, 0xfe, 0xdf, 0xff, 0xdf, 0xff, 0xdf, 0xff, 0xdf, 0xff,
  0xdf, 0xff, 0xdf, 0xff, 0xb1, 0xfe, 0xb1, 0xfe, 0xc8, 0x51, 0xc8, 0x51, 0xa6, 0xfd, 0xa6, 0xfd,
  0xa6, 0xfd, 0xa6, 0xfd, 0xa6, 0xfd, 0xa6, 0xfd, 0xc8, 0x51, 0xc8, 0x51, 0xc8, 0x51, 0xc8, 0x51,
  0xc8, 0x51, 0xc8, 0x51, 0xc8, 0x51, 0xc8, 0x51, 0xc8, 0x51, 0xc8, 0x51, 0xc8, 0x51, 0xc8, 0x51,
  0x00, 0x00, 0x00, 0x00, 0xc8, 0x51, 0xc8, 0x51, 0xb1, 0xfe, 0xb1, 0xfe, 0xdf, 0xff, 0xdf, 0xff,
  0xdf, 0xff, 0xdf, 0xff, 0xdf, 0xff, 0xdf, 0xff, 0xb1, 0xfe, 0xb1, 0xfe, 0xc8, 0x51, 0xc8, 0x51,
  0xa6, 0xfd, 0xa6, 0xfd, 0xa6, 0xfd, 0xa6, 0xfd, 0xa6, 0xfd, 0xa6, 0xfd, 0xc8, 0x51, 0xc8, 0x51,
  0xc8, 0x51, 0xc8, 0x51, 0xc8, 0x51, 0xc8, 0x51, 0xc8, 0x51, 0xc8, 0x51, 0xc8, 0x51, 0xc8, 0x51,
  0xc8, 0x51, 0xc8, 0x51, 0x00, 0x00, 0x00, 0x00, 0x00, 0x00, 0x00, 0x00, 0xc8, 0x51, 0xc8, 0x51,
  0xb1, 0xfe, 0xb1, 0xfe, 0xb1, 0xfe, 0xb1, 0xfe, 0xb1, 0xfe, 0xb1, 0xfe, 0xc8, 0x51, 0xc8, 0x51,
  0xa6, 0xfd, 0xa6, 0xfd, 0xa6, 0xfd, 0xa6, 0xfd, 0xa6, 0xfd, 0xa6, 0xfd, 0xc8, 0x51, 0xc8, 0x51,
  0xc0, 0xf9, 0xc0, 0xf9, 0xc0, 0xf9, 0xc0, 0xf9, 0xc0, 0xf9, 0xc0, 0xf9, 0xc0, 0xf9, 0xc0, 0xf9,
  0xc0, 0xf9, 0xc0, 0xf9, 0xc0, 0xf9, 0xc0, 0xf9, 0xc8, 0x51, 0xc8, 0x51, 0x00, 0x00, 0x00, 0x00,
  0xc8, 0x51, 0xc8, 0x51, 0xb1, 0xfe, 0xb1, 0xfe, 0xb1, 0xfe, 0xb1, 0xfe, 0xb1, 0xfe, 0xb1, 0xfe,
  0xc8, 0x51, 0xc8, 0x51, 0xa6, 0xfd, 0xa6, 0xfd, 0xa6, 0xfd, 0xa6, 0xfd, 0xa6, 0xfd, 0xa6, 0xfd,
  0xc8, 0x51, 0xc8, 0x51, 0xc0, 0xf9, 0xc0, 0xf9, 0xc0, 0xf9, 0xc0, 0xf9, 0xc0, 0xf9, 0xc0, 0xf9,
  0xc0, 0xf9, 0xc0, 0xf9, 0xc0, 0xf9, 0xc0, 0xf9, 0xc0, 0xf9, 0xc0, 0xf9, 0xc8, 0x51, 0xc8, 0x51,
  0x00, 0x00, 0x00, 0x00, 0x00, 0x00, 0x00, 0x00, 0xc8, 0x51, 0xc8, 0x51, 0xc8, 0x51, 0xc8, 0x51,
  0xc8, 0x51, 0xc8, 0x51, 0x05, 0xe4, 0x05, 0xe4, 0x05, 0xe4, 0x05, 0xe4, 0x05, 0xe4, 0x05, 0xe4,
  0xc8, 0x51, 0xc8, 0x51, 0xc0, 0xf9, 0xc0, 0xf9, 0xc8, 0x51, 0xc8, 0x51, 0xc8, 0x51, 0xc8, 0x51,
  0xc8, 0x51, 0xc8, 0x51, 0xc8, 0x51, 0xc8, 0x51, 0xc8, 0x51, 0xc8, 0x51, 0xc8, 0x51, 0xc8, 0x51,
  0x00, 0x00, 0x00, 0x00, 0x00, 0x00, 0x00, 0x00, 0x00, 0x00, 0x00, 0x00, 0xc8, 0x51, 0xc8, 0x51,
  0xc8, 0x51, 0xc8, 0x51, 0xc8, 0x51, 0xc8, 0x51, 0x05, 0xe4, 0x05, 0xe4, 0x05, 0xe4, 0x05, 0xe4,
  0x05, 0xe4, 0x05, 0xe4, 0xc8, 0x51, 0xc8, 0x51, 0xc0, 0xf9, 0xc0, 0xf9, 0xc8, 0x51, 0xc8, 0x51,
  0xc8, 0x51, 0xc8, 0x51, 0xc8, 0x51, 0xc8, 0x51, 0xc8, 0x51, 0xc8, 0x51, 0xc8, 0x51, 0xc8, 0x51,
  0xc8, 0x51, 0xc8, 0x51, 0x00, 0x00, 0x00, 0x00, 0x00, 0x00, 0x00, 0x00, 0x00, 0x00, 0x00, 0x00,
  0xc8, 0x51, 0xc8, 0x51, 0x05, 0xe4, 0x05, 0xe4, 0x05, 0xe4, 0x05, 0xe4, 0x05, 0xe4, 0x05, 0xe4,
  0x05, 0xe4, 0x05, 0xe4, 0x05, 0xe4, 0x05, 0xe4, 0x05, 0xe4, 0x05, 0xe4, 0xc8, 0x51, 0xc8, 0x51,
  0xc0, 0xf9, 0xc0, 0xf9, 0xc0, 0xf9, 0xc0, 0xf9, 0xc0, 0xf9, 0xc0, 0xf9, 0xc0, 0xf9, 0xc0, 0xf9,
  0xc0, 0xf9, 0xc0, 0xf9, 0xc8, 0x51, 0xc8, 0x51, 0x00, 0x00, 0x00, 0x00, 0x00, 0x00, 0x00, 0x00,
  0x00, 0x00, 0x00, 0x00, 0xc8, 0x51, 0xc8, 0x51, 0x05, 0xe4, 0x05, 0xe4, 0x05, 0xe4, 0x05, 0xe4,
  0x05, 0xe4, 0x05, 0xe4, 0x05, 0xe4, 0x05, 0xe4, 0x05, 0xe4, 0x05, 0xe4, 0x05, 0xe4, 0x05, 0xe4,
  0xc8, 0x51, 0xc8, 0x51, 0xc0, 0xf9, 0xc0, 0xf9, 0xc0, 0xf9, 0xc0, 0xf9, 0xc0, 0xf9, 0xc0, 0xf9,
  0xc0, 0xf9, 0xc0, 0xf9, 0xc0, 0xf9, 0xc0, 0xf9, 0xc8, 0x51, 0xc8, 0x51, 0x00, 0x00, 0x00, 0x00,
  0x00, 0x00, 0x00, 0x00, 0x00, 0x00, 0x00, 0x00, 0x00, 0x00, 0x00, 0x00, 0xc8, 0x51, 0xc8, 0x51,
  0xc8, 0x51, 0xc8, 0x51, 0x05, 0xe4, 0x05, 0xe4, 0x05, 0xe4, 0x05, 0xe4, 0x05, 0xe4, 0x05, 0xe4,
  0x05, 0xe4, 0x05, 0xe4, 0x05, 0xe4, 0x05, 0xe4, 0xc8, 0x51, 0xc8, 0x51, 0xc8, 0x51, 0xc8, 0x51,
  0xc8, 0x51, 0xc8, 0x51, 0xc8, 0x51, 0xc8, 0x51, 0xc8, 0x51, 0xc8, 0x51, 0x00, 0x00, 0x00, 0x00,
  0x00, 0x00, 0x00, 0x00, 0x00, 0x00, 0x00, 0x00, 0x00, 0x00, 0x00, 0x00, 0x00, 0x00, 0x00, 0x00,
  0xc8, 0x51, 0xc8, 0x51, 0xc8, 0x51, 0xc8, 0x51, 0x05, 0xe4, 0x05, 0xe4, 0x05, 0xe4, 0x05, 0xe4,
  0x05, 0xe4, 0x05, 0xe4, 0x05, 0xe4, 0x05, 0xe4, 0x05, 0xe4, 0x05, 0xe4, 0xc8, 0x51, 0xc8, 0x51,
  0xc8, 0x51, 0xc8, 0x51, 0xc8, 0x51, 0xc8, 0x51, 0xc8, 0x51, 0xc8, 0x51, 0xc8, 0x51, 0xc8, 0x51,
  0x00, 0x00, 0x00, 0x00, 0x00, 0x00, 0x00, 0x00, 0x00, 0x00, 0x00, 0x00, 0x00, 0x00, 0x00, 0x00,
  0x00, 0x00, 0x00, 0x00, 0x00, 0x00, 0x00, 0x00, 0x00, 0x00, 0x00, 0x00, 0xc8, 0x51, 0xc8, 0x51,
  0xc8, 0x51, 0xc8, 0x51, 0xc8, 0x51, 0xc8, 0x51, 0xc8, 0x51, 0xc8, 0x51, 0xc8, 0x51, 0xc8, 0x51,
  0x00, 0x00, 0x00, 0x00, 0x00, 0x00, 0x00, 0x00, 0x00, 0x00, 0x00, 0x00, 0x00, 0x00, 0x00, 0x00,
  0x00, 0x00, 0x00, 0x00, 0x00, 0x00, 0x00, 0x00, 0x00, 0x00, 0x00, 0x00, 0x00, 0x00, 0x00, 0x00,
  0x00, 0x00, 0x00, 0x00, 0x00, 0x00, 0x00, 0x00, 0x00, 0x00, 0x00, 0x00, 0x00, 0x00, 0x00, 0x00,
  0xc8, 0x51, 0xc8, 0x51, 0xc8, 0x51, 0xc8, 0x51, 0xc8, 0x51, 0xc8, 0x51, 0xc8, 0x51, 0xc8, 0x51,
  0xc8, 0x51, 0xc8, 0x51, 0x00, 0x00, 0x00, 0x00, 0x00, 0x00, 0x00, 0x00, 0x00, 0x00, 0x00, 0x00,
  0x00, 0x00, 0x00, 0x00, 0x00, 0x00, 0x00, 0x00, 0x00, 0x00, 0x00, 0x00, 0x00, 0x00, 0x00, 0x00,
  0x00, 0x00, 0x00, 0x00, 0x00, 0x00, 0x00, 0x00, 0x00, 0x00, 0x00, 0x00, 0xff, 0xff, 0xff, 0xff,
  0xff, 0xff, 0xff, 0xff, 0xff, 0xff, 0xff, 0xff, 0x00, 0x00, 0x00, 0x00, 0x00, 0x00, 0x00, 0x00,
  0x00, 0x00, 0x00, 0x00, 0x00, 0x00, 0x00, 0x00, 0x00, 0x00, 0x00, 0x00, 0x00, 0x00, 0xff, 0xff,
  0xff, 0xff, 0xff, 0xff, 0xff, 0xff, 0xff, 0xff, 0xff, 0xff, 0x00, 0x00, 0x00, 0x00, 0x00, 0x00,
  0x00, 0x00, 0x00, 0x00, 0x00, 0x00, 0x00, 0x00, 0x00, 0x00, 0x00, 0x00, 0xff, 0xff, 0xff, 0xff,
  0xff, 0xff, 0xff, 0xff, 0xff, 0xff, 0xff, 0xff, 0xff, 0xff, 0xff, 0xff, 0xff, 0xff, 0x00, 0x00,
  0x00, 0x00, 0x00, 0x00, 0x00, 0x00, 0x00, 0x00, 0x00, 0x00, 0x00, 0x00, 0x00, 0x00, 0xff, 0xff,
  0xff, 0xff, 0xff, 0xff, 0xff, 0xff, 0xff, 0xff, 0xff, 0xff, 0xff, 0xff, 0xff, 0xff, 0xff, 0xff,
  0x00, 0x00, 0x00, 0x00, 0x00, 0x00, 0x00, 0x00, 0x00, 0x00, 0x00, 0x00, 0x00, 0x00, 0xff, 0xff,
  0xff, 0xff, 0xff, 0xff, 0xff, 0xff, 0xff, 0xff, 0xff, 0xff, 0xff, 0xff, 0xff, 0xff, 0xff, 0xff,
  0xff, 0xff, 0xff, 0xff, 0x00, 0x00, 0x00, 0x00, 0x00, 0x00, 0x00, 0x00, 0x00, 0x00, 0x00, 0x00,
  0xff, 0xff, 0xff, 0xff, 0xff, 0xff, 0xff, 0xff, 0xff, 0xff, 0xff, 0xff, 0xff, 0xff, 0xff, 0xff,
  0xff, 0xff, 0xff, 0xff, 0xff, 0xff, 0x00, 0x00, 0x00, 0x00, 0x00, 0x00, 0x00, 0x00, 0xff, 0xff,
  0xff, 0xff, 0xff, 0xff, 0xff, 0xff, 0xff, 0xff, 0xff, 0xff, 0xff, 0xff, 0xff, 0xff, 0xff, 0xff,
  0xff, 0xff, 0xff, 0xff, 0xff, 0xff, 0xff, 0xff, 0xff, 0xff, 0x00, 0x00, 0x00, 0x00, 0x00, 0x00,
  0xff, 0xff, 0xff, 0xff, 0xff, 0xff, 0xff, 0xff, 0xff, 0xff, 0xff, 0xff, 0xff, 0xff, 0xff, 0xff,
  0xff, 0xff, 0xff, 0xff, 0xff, 0xff, 0xff, 0xff, 0xff, 0xff, 0xff, 0xff, 0x00, 0x00, 0x00, 0x00,
  0xff, 0xff, 0xff, 0xff, 0xff, 0xff, 0xff, 0xff, 0xff, 0xff, 0xff, 0xff, 0xff, 0xff, 0xff, 0xff,
  0xff, 0xff, 0xff, 0xff, 0xff, 0xff, 0xff, 0xff, 0xff, 0xff, 0xff, 0xff, 0xff, 0xff, 0x00, 0x00,
  0x00, 0x00, 0xff, 0xff, 0xff, 0xff, 0xff, 0xff, 0xff, 0xff, 0xff, 0xff, 0xff, 0xff, 0xff, 0xff,
  0xff, 0xff, 0xff, 0xff, 0xff, 0xff, 0xff, 0xff, 0xff, 0xff, 0xff, 0xff, 0xff, 0xff, 0xff, 0xff,
  0x00, 0x00, 0x00, 0x00, 0xff, 0xff, 0xff, 0xff, 0xff, 0xff, 0xff, 0xff, 0xff, 0xff, 0xff, 0xff,
  0xff, 0xff, 0xff, 0xff, 0xff, 0xff, 0xff, 0xff, 0xff, 0xff, 0xff, 0xff, 0xff, 0xff, 0xff, 0xff,
  0xff, 0xff, 0x00, 0x00, 0x00, 0x00, 0xff, 0xff, 0xff, 0xff, 0xff, 0xff, 0xff, 0xff, 0xff, 0xff,
  0xff, 0xff, 0xff, 0xff, 0xff, 0xff, 0xff, 0xff, 0xff, 0xff, 0xff, 0xff, 0xff, 0xff, 0xff, 0xff,
  0xff, 0xff, 0xff, 0xff, 0x00, 0x00, 0x00, 0x00, 0xff, 0xff, 0xff, 0xff, 0xff, 0xff, 0xff, 0xff,
  0xff, 0xff, 0xff, 0xff, 0xff, 0xff, 0xff, 0xff, 0xff, 0xff, 0xff, 0xff, 0xff, 0xff, 0xff, 0xff,
  0xff, 0xff, 0xff, 0xff, 0xff, 0xff, 0xff, 0xff, 0x00, 0x00, 0xff, 0xff, 0xff, 0xff, 0xff, 0xff,
  0xff, 0xff, 0xff, 0xff, 0xff, 0xff, 0xff, 0xff, 0xff, 0xff, 0xff, 0xff, 0xff, 0xff, 0xff, 0xff,
  0xff, 0xff, 0xff, 0xff, 0xff, 0xff, 0xff, 0xff, 0xff, 0xff, 0x00, 0x00, 0x00, 0x00, 0xff, 0xff,
  0xff, 0xff, 0xff, 0xff, 0xff, 0xff, 0xff, 0xff, 0xff, 0xff, 0xff, 0xff, 0xff, 0xff, 0xff, 0xff,
  0xff, 0xff, 0xff, 0xff, 0xff, 0xff, 0xff, 0xff, 0xff, 0xff, 0xff, 0xff, 0xff, 0xff, 0x00, 0x00,
  0xff, 0xff, 0xff, 0xff, 0xff, 0xff, 0xff, 0xff, 0xff, 0xff, 0xff, 0xff, 0xff, 0xff, 0xff, 0xff,
  0xff, 0xff, 0xff, 0xff, 0xff, 0xff, 0xff, 0xff, 0xff, 0xff, 0xff, 0xff, 0xff, 0xff, 0xff, 0xff,
  0x00, 0x00, 0x00, 0x00, 0xff, 0xff, 0xff, 0xff, 0xff, 0xff, 0xff, 0xff, 0xff, 0xff, 0xff, 0xff,
  0xff, 0xff, 0xff, 0xff, 0xff, 0xff, 0xff, 0xff, 0xff, 0xff, 0xff, 0xff, 0xff, 0xff, 0xff, 0xff,
  0x00, 0x00, 0x00, 0x00, 0x00, 0x00, 0xff, 0xff, 0xff, 0xff, 0xff, 0xff, 0xff, 0xff, 0xff, 0xff,
  0xff, 0xff, 0xff, 0xff, 0xff, 0xff, 0xff, 0xff, 0xff, 0xff, 0xff, 0xff, 0xff, 0xff, 0xff, 0xff,
  0xff, 0xff, 0x00, 0x00, 0x00, 0x00, 0x00, 0x00, 0xff, 0xff, 0xff, 0xff, 0xff, 0xff, 0xff, 0xff,
  0xff, 0xff, 0xff, 0xff, 0xff, 0xff, 0xff, 0xff, 0xff, 0xff, 0xff, 0xff, 0xff, 0xff, 0xff, 0xff,
  0xff, 0xff, 0xff, 0xff, 0x00, 0x00, 0x00, 0x00, 0x00, 0x00, 0xff, 0xff, 0xff, 0xff, 0xff, 0xff,
  0xff, 0xff, 0xff, 0xff, 0xff, 0xff, 0xff, 0xff, 0xff, 0xff, 0xff, 0xff, 0xff, 0xff, 0xff, 0xff,
  0xff, 0xff, 0xff, 0xff, 0xff, 0xff, 0x00, 0x00, 0x00, 0x00, 0x00, 0x00, 0x00, 0x00, 0xff, 0xff,
  0xff, 0xff, 0xff, 0xff, 0xff, 0xff, 0xff, 0xff, 0xff, 0xff, 0xff, 0xff, 0xff, 0xff, 0xff, 0xff,
  0xff, 0xff, 0xff, 0xff, 0xff, 0xff, 0x00, 0x00, 0x00, 0x00, 0x00, 0x00, 0x00, 0x00, 0x00, 0x00,
  0xff, 0xff, 0xff, 0xff, 0xff, 0xff, 0xff, 0xff, 0xff, 0xff, 0xff, 0xff, 0xff, 0xff, 0xff, 0xff,
  0xff, 0xff, 0xff, 0xff, 0xff, 0xff, 0xff, 0xff, 0x00, 0x00, 0x00, 0x00, 0x00, 0x00, 0x00, 0x00,
  0x00, 0x00, 0x00, 0x00, 0x00, 0x00, 0xff, 0xff, 0xff, 0xff, 0xff, 0xff, 0xff, 0xff, 0xff, 0xff,
  0x00, 0x00, 0x00, 0x00, 0x00, 0x00, 0x00, 0x00, 0x00, 0x00, 0x00, 0x00, 0x00, 0x00, 0x00, 0x00,
  0x00, 0x00, 0x00, 0x00, 0x00, 0x00, 0x00, 0x00, 0xff, 0xff, 0xff, 0xff, 0xff, 0xff, 0xff, 0xff,
  0xff, 0xff, 0x00, 0x00, 0x00, 0x00, 0x00, 0x00, 0x00, 0x00, 0x00, 0x00, 0x00, 0x00, 0x00, 0x00
};

const lv_image_dsc_t img_bird_up = {
  .header.magic = LV_IMAGE_HEADER_MAGIC,
  .header.cf = LV_COLOR_FORMAT_RGB565A8,
  .header.stride = 68,
  .header.w = 34,
  .header.h = 24,
  .data_size = sizeof(img_bird_up_map),
  .data = img_bird_up_map,
};

const uint8_t img_bird_down_map[] = {
  0x00, 0x00, 0x00, 0x00, 0x00, 0x00, 0x00, 0x00, 0x00, 0x00, 0x00, 0x00, 0x00, 0x00, 0x00, 0x00,
  0x00, 0x00, 0x00, 0x00, 0x00, 0x00, 0x00, 0x00, 0xc8, 0x51, 0xc8, 0x51, 0xc8, 0x51, 0xc8, 0x51,
  0xc8, 0x51, 0xc8, 0x51, 0xc8, 0x51, 0xc8, 0x51, 0xc8, 0x51, 0xc8, 0x51, 0xc8, 0x51, 0xc8, 0x51,
  0x00, 0x00, 0x00, 0x00, 0x00, 0x00, 0x00, 0x00, 0x00, 0x00, 0x00, 0x00, 0x00, 0x00, 0x00, 0x00,
  0x00, 0x00, 0x00, 0x00, 0x00, 0x00, 0x00, 0x00, 0x00, 0x00, 0x00, 0x00, 0x00, 0x00, 0x00, 0x00,
  0x00, 0x00, 0x00, 0x00, 0x00, 0x00, 0x00, 0x00, 0x00, 0x00, 0x00, 0x00, 0xc8, 0x51, 0xc8, 0x51,
  0xc8, 0x51, 0xc8, 0x51, 0xc8, 0x51, 0xc8, 0x51, 0xc8, 0x51, 0xc8, 0x51, 0xc8, 0x51, 0xc8, 0x51,
  0xc8, 0x51, 0xc8, 0x51, 0x00, 0x00, 0x00, 0x00, 0x00, 0x00, 0x00, 0x00, 0x00, 0x00, 0x00, 0x00,
  0x00, 0x00, 0x00, 0x00, 0x00, 0x00, 0x00, 0x00, 0x00, 0x00, 0x00, 0x00, 0x00, 0x00, 0x00, 0x00,
  0x00, 0x00, 0x00, 0x00, 0x00, 0x00, 0x00, 0x00, 0xc8, 0x51, 0xc8, 0x51, 0xc8, 0x51, 0xc8, 0x51,
  0xb1, 0xfe, 0xb1, 0xfe, 0xb1, 0xfe, 0xb1, 0xfe, 0xb1, 0xfe, 0xb1, 0xfe, 0xc8, 0x51, 0xc8, 0x51,
  0xdf, 0xff, 0xdf, 0xff, 0xdf, 0xff, 0xdf, 0xff, 0xc8, 0x51, 0xc8, 0x51, 0x00, 0x00, 0x00, 0x00,
  0x00, 0x00, 0x00, 0x00, 0x00, 0x00, 0x00, 0x00, 0x00, 0x00, 0x00, 0x00, 0x00, 0x00, 0x00, 0x00,
  0x00, 0x00, 0x00, 0x00, 0x00, 0x00, 0x00, 0x00, 0x00, 0x00, 0x00, 0x00, 0xc8, 0x51, 0xc8, 0x51,
  0xc8, 0x51, 0xc8, 0x51, 0xb1, 0xfe, 0xb1, 0xfe, 0xb1, 0xfe, 0xb1, 0xfe, 0xb1, 0xfe, 0xb1, 0xfe,
  0xc8, 0x51, 0xc8, 0x51, 0xdf, 0xff, 0xdf, 0xff, 0xdf, 0xff, 0xdf, 0xff, 0xc8, 0x51, 0xc8, 0x51,
  0x00, 0x00, 0x00, 0x00, 0x00, 0x00, 0x00, 0x00, 0x00, 0x00, 0x00, 0x00, 0x00, 0x00, 0x00, 0x00,
  0x00, 0x00, 0x00, 0x00, 0x00, 0x00, 0x00, 0x00, 0x00, 0x00, 0x00, 0x00, 0xc8, 0x51, 0xc8, 0x51,
  0xb1, 0xfe, 0xb1, 0xfe, 0xb1, 0xfe, 0xb1, 0xfe, 0xa6, 0xfd, 0xa6, 0xfd, 0xa6, 0xfd, 0xa6, 0xfd,
  0xc8, 0x51, 0xc8, 0x51, 0xdf, 0xff, 0xdf, 0xff, 0xdf, 0xff, 0xdf, 0xff, 0xdf, 0xff, 0xdf, 0xff,
  0xdf, 0xff, 0xdf, 0xff, 0xc8, 0x51, 0xc8, 0x51, 0x00, 0x00, 0x00, 0x00, 0x00, 0x00, 0x00, 0x00,
  0x00, 0x00, 0x00, 0x00, 0x00, 0x00, 0x00, 0x00, 0x00, 0x00, 0x00, 0x00, 0x00, 0x00, 0x00, 0x00,
  0xc8, 0x51, 0xc8, 0x51, 0xb1, 0xfe, 0xb1, 0xfe, 0xb1, 0xfe, 0xb1, 0xfe, 0xa6, 0xfd, 0xa6, 0xfd,
  0xa6, 0xfd, 0xa6, 0xfd, 0xc8, 0x51, 0xc8, 0x51, 0xdf, 0xff, 0xdf, 0xff, 0xdf, 0xff, 0xdf, 0xff,
  0xdf, 0xff, 0xdf, 0xff, 0xdf, 0xff, 0xdf, 0xff, 0xc8, 0x51, 0xc8, 0x51, 0x00, 0x00, 0x00, 0x00,
  0x00, 0x00, 0x00, 0x00, 0x00, 0x00, 0x00, 0x00, 0x00, 0x00, 0x00, 0x00, 0x00, 0x00, 0x00, 0x00,
  0xc8, 0x51, 0xc8, 0x51, 0xb1, 0xfe, 0xb1, 0xfe, 0xa6, 0xfd, 0xa6, 0xfd, 0xa6, 0xfd, 0xa6, 0xfd,
  0xa6, 0xfd, 0xa6, 0xfd, 0xa6, 0xfd, 0xa6, 0xfd, 0xc8, 0x51, 0xc8, 0x51, 0x39, 0xd7, 0x39, 0xd7,
  0xdf, 0xff, 0xdf, 0xff, 0xdf, 0xff, 0xdf, 0xff, 0xc8, 0x51, 0xc8, 0x51, 0xdf, 0xff, 0xdf, 0xff,
  0xc8, 0x51, 0xc8, 0x51, 0x00, 0x00, 0x00, 0x00, 0x00, 0x00, 0x00, 0x00, 0x00, 0x00, 0x00, 0x00,
  0x00, 0x00, 0x00, 0x00, 0xc8, 0x51, 0xc8, 0x51, 0xb1, 0xfe, 0xb1, 0xfe, 0xa6, 0xfd, 0xa6, 0xfd,
  0xa6, 0xfd, 0xa6, 0xfd, 0xa6, 0xfd, 0xa6, 0xfd, 0xa6, 0xfd, 0xa6, 0xfd, 0xc8, 0x51, 0xc8, 0x51,
  0x39, 0xd7, 0x39, 0xd7, 0xdf, 0xff, 0xdf, 0xff, 0xdf, 0xff, 0xdf, 0xff, 0xc8, 0x51, 0xc8, 0x51,
  0xdf, 0xff, 0xdf, 0xff, 0xc8, 0x51, 0xc8, 0x51, 0x00, 0x00, 0x00, 0x00, 0x00, 0x00, 0x00, 0x00,
  0x00, 0x00, 0x00, 0x00, 0xc8, 0x51, 0xc8, 0x51, 0xa6, 0xfd, 0xa6, 0xfd, 0xa6, 0xfd, 0xa6, 0xfd,
  0xa6, 0xfd, 0xa6, 0xfd, 0xa6, 0xfd, 0xa6, 0xfd, 0xa6, 0xfd, 0xa6, 0xfd, 0xa6, 0xfd, 0xa6, 0xfd,
  0xc8, 0x51, 0xc8, 0x51, 0x39, 0xd7, 0x39, 0xd7, 0xdf, 0xff, 0xdf, 0xff, 0xdf, 0xff, 0xdf, 0xff,
  0xc8, 0x51, 0xc8, 0x51, 0xdf, 0xff, 0xdf, 0xff, 0xc8, 0x51, 0xc8, 0x51, 0x00, 0x00, 0x00, 0x00,
  0x00, 0x00, 0x00, 0x00, 0x00, 0x00, 0x00, 0x00, 0xc8, 0x51, 0xc8, 0x51, 0xa6, 0xfd, 0xa6, 0xfd,
  0xa6, 0xfd, 0xa6, 0xfd, 0xa6, 0xfd, 0xa6, 0xfd, 0xa6, 0xfd, 0xa6, 0xfd, 0xa6, 0xfd, 0xa6, 0xfd,
  0xa6, 0xfd, 0xa6, 0xfd, 0xc8, 0x51, 0xc8, 0x51, 0x39, 0xd7, 0x39, 0xd7, 0xdf, 0xff, 0xdf, 0xff,
  0xdf, 0xff, 0xdf, 0xff, 0xc8, 0x51, 0xc8, 0x51, 0xdf, 0xff, 0xdf, 0xff, 0xc8, 0x51, 0xc8, 0x51,
  0x00, 0x00, 0x00, 0x00, 0x00, 0x00, 0x00, 0x00, 0x00, 0x00, 0x00, 0x00, 0xc8, 0x51, 0xc8, 0x51,
  0xa6, 0xfd, 0xa6, 0xfd, 0xa6, 0xfd, 0xa6, 0xfd, 0xa6, 0xfd, 0xa6, 0xfd, 0xa6, 0xfd, 0xa6, 0xfd,
  0xa6, 0xfd, 0xa6, 0xfd, 0xa6, 0xfd, 0xa6, 0xfd, 0xa6, 0xfd, 0xa6, 0xfd, 0xc8, 0x51, 0xc8, 0x51,
  0x39, 0xd7, 0x39, 0xd7, 0xdf, 0xff, 0xdf, 0xff, 0xdf, 0xff, 0xdf, 0xff, 0xdf, 0xff, 0xdf, 0xff,
  0xc8, 0x51, 0xc8, 0x51, 0x00, 0x00, 0x00, 0x00, 0x00, 0x00, 0x00, 0x00, 0x00, 0x00, 0x00, 0x00,
  0xc8, 0x51, 0xc8, 0x51, 0xa6, 0xfd, 0xa6, 0xfd, 0xa6, 0xfd, 0xa6, 0xfd, 0xa6, 0xfd, 0xa6, 0xfd,
  0xa6, 0xfd, 0xa6, 0xfd, 0xa6, 0xfd, 0xa6, 0xfd, 0xa6, 0xfd, 0xa6, 0xfd, 0xa6, 0xfd, 0xa6, 0xfd,
  0xc8, 0x51, 0xc8, 0x51, 0x39, 0xd7, 0x39, 0xd7, 0xdf, 0xff, 0xdf, 0xff, 0xdf, 0xff, 0xdf, 0xff,
  0xdf, 0xff, 0xdf, 0xff, 0xc8, 0x51, 0xc8, 0x51, 0x00, 0x00, 0x00, 0x00, 0x00, 0x00, 0x00, 0x00,
  0x00, 0x00, 0x00, 0x00, 0xc8, 0x51, 0xc8, 0x51, 0xc8, 0x51, 0xc8, 0x51, 0xc8, 0x51, 0xc8, 0x51,
  0xc8, 0x51, 0xc8, 0x51, 0xc8, 0x51, 0xc8, 0x51, 0xa6, 0xfd, 0xa6, 0xfd, 0xa6, 0xfd, 0xa6, 0xfd,
  0xa6, 0xfd, 0xa6, 0xfd, 0xa6, 0xfd, 0xa6, 0xfd, 0xc8, 0x51, 0xc8, 0x51, 0xc8, 0x51, 0xc8, 0x51,
  0xc8, 0x51, 0xc8, 0x51, 0xc8, 0x51, 0xc8, 0x51, 0xc8, 0x51, 0xc8, 0x51, 0xc8, 0x51, 0xc8, 0x51,
  0x00, 0x00, 0x00, 0x00, 0x00, 0x00, 0x00, 0x00, 0xc8, 0x51, 0xc8, 0x51, 0xc8, 0x51, 0xc8, 0x51,
  0xc8, 0x51, 0xc8, 0x51, 0xc8, 0x51, 0xc8, 0x51, 0xc8, 0x51, 0xc8, 0x51, 0xa6, 0xfd, 0xa6, 0xfd,
  0xa6, 0xfd, 0xa6, 0xfd, 0xa6, 0xfd, 0xa6, 0xfd, 0xa6, 0xfd, 0xa6, 0xfd, 0xc8, 0x51, 0xc8, 0x51,
  0xc8, 0x51, 0xc8, 0x51, 0xc8, 0x51, 0xc8, 0x51, 0xc8, 0x51, 0xc8, 0x51, 0xc8, 0x51, 0xc8, 0x51,
  0xc8, 0x51, 0xc8, 0x51, 0x00, 0x00, 0x00, 0x00, 0xc8, 0x51, 0xc8, 0x51, 0xb1, 0xfe, 0xb1, 0xfe,
  0xdf, 0xff, 0xdf, 0xff, 0xdf, 0xff, 0xdf, 0xff, 0xdf, 0xff, 0xdf, 0xff, 0xb1, 0xfe, 0xb1, 0xfe,
  0xc8, 0x51, 0xc8, 0x51, 0xa6, 0xfd, 0xa6, 0xfd, 0xa6, 0xfd, 0xa6, 0xfd, 0xc8, 0x51, 0xc8, 0x51,
  0xc0, 0xf9, 0xc0, 0xf9, 0xc0, 0xf9, 0xc0, 0xf9, 0xc0, 0xf9, 0xc0, 0xf9, 0xc0, 0xf9, 0xc0, 0xf9,
  0xc0, 0xf9, 0xc0, 0xf9, 0xc0, 0xf9, 0xc0, 0xf9, 0xc8, 0x51, 0xc8, 0x51, 0xc8, 0x51, 0xc8, 0x51,
  0xb1, 0xfe, 0xb1, 0xfe, 0xdf, 0xff, 0xdf, 0xff, 0xdf, 0xff, 0xdf, 0xff, 0xdf, 0xff, 0xdf, 0xff,
  0xb1, 0xfe, 0xb1, 0xfe, 0xc8, 0x51, 0xc8, 0x51, 0xa6, 0xfd, 0xa6, 0xfd, 0xa6, 0xfd, 0xa6, 0xfd,
  0xc8, 0x51, 0xc8, 0x51, 0xc0, 0xf9, 0xc0, 0xf9, 0xc0, 0xf9, 0xc0, 0xf9, 0xc0, 0xf9, 0xc0, 0xf9,
  0xc0, 0xf9, 0xc0, 0xf9, 0xc0, 0xf9, 0xc0, 0xf9, 0xc0, 0xf9, 0xc0, 0xf9, 0xc8, 0x51, 0xc8, 0x51,
  0xc8, 0x51, 0xc8, 0x51, 0xdf, 0xff, 0xdf, 0xff, 0xdf, 0xff, 0xdf, 0xff, 0xdf, 0xff, 0xdf, 0xff,
  0xdf, 0xff, 0xdf, 0xff, 0xc8, 0x51, 0xc8, 0x51, 0x05, 0xe4, 0x05, 0xe4, 0x05, 0xe4, 0x05, 0xe4,
  0xc8, 0x51, 0xc8, 0x51, 0xc0, 0xf9, 0xc0, 0xf9, 0xc8, 0x51, 0xc8, 0x51, 0xc8, 0x51, 0xc8, 0x51,
  0xc8, 0x51, 0xc8, 0x51, 0xc8, 0x51, 0xc8, 0x51, 0xc8, 0x51, 0xc8, 0x51, 0xc8, 0x51, 0xc8, 0x51,
  0x00, 0x00, 0x00, 0x00, 0xc8, 0x51, 0xc8, 0x51, 0xdf, 0xff, 0xdf, 0xff, 0xdf, 0xff, 0xdf, 0xff,
  0xdf, 0xff, 0xdf, 0xff, 0xdf, 0xff, 0xdf, 0xff, 0xc8, 0x51, 0xc8, 0x51, 0x05, 0xe4, 0x05, 0xe4,
  0x05, 0xe4, 0x05, 0xe4, 0xc8, 0x51, 0xc8, 0x51, 0xc0, 0xf9, 0xc0, 0xf9, 0xc8, 0x51, 0xc8, 0x51,
  0xc8, 0x51, 0xc8, 0x51, 0xc8, 0x51, 0xc8, 0x51, 0xc8, 0x51, 0xc8, 0x51, 0xc8, 0x51, 0xc8, 0x51,
  0xc8, 0x51, 0xc8, 0x51, 0x00, 0x00, 0x00, 0x00, 0xc8, 0x51, 0xc8, 0x51, 0xdf, 0xff, 0xdf, 0xff,
  0xdf, 0xff, 0xdf, 0xff, 0xb1, 0xfe, 0xb1, 0xfe, 0xc8, 0x51, 0xc8, 0x51, 0x05, 0xe4, 0x05, 0xe4,
  0x05, 0xe4, 0x05, 0xe4, 0x05, 0xe4, 0x05, 0xe4, 0x05, 0xe4, 0x05, 0xe4, 0xc8, 0x51, 0xc8, 0x51,
  0xc0, 0xf9, 0xc0, 0xf9, 0xc0, 0xf9, 0xc0, 0xf9, 0xc0, 0xf9, 0xc0, 0xf9, 0xc0, 0xf9, 0xc0, 0xf9,
  0xc0, 0xf9, 0xc0, 0xf9, 0xc8, 0x51, 0xc8, 0x51, 0x00, 0x00, 0x00, 0x00, 0xc8, 0x51, 0xc8, 0x51,
  0xdf, 0xff, 0xdf, 0xff, 0xdf, 0xff, 0xdf, 0xff, 0xb1, 0xfe, 0xb1, 0xfe, 0xc8, 0x51, 0xc8, 0x51,
  0x05, 0xe4, 0x05, 0xe4, 0x05, 0xe4, 0x05, 0xe4, 0x05, 0xe4, 0x05, 0xe4, 0x05, 0xe4, 0x05, 0xe4,
  0xc8, 0x51, 0xc8, 0x51, 0xc0, 0xf9, 0xc0, 0xf9, 0xc0, 0xf9, 0xc0, 0xf9, 0xc0, 0xf9, 0xc0, 0xf9,
  0xc0, 0xf9, 0xc0, 0xf9, 0xc0, 0xf9, 0xc0, 0xf9, 0xc8, 0x51, 0xc8, 0x51, 0x00, 0x00, 0x00, 0x00,
  0x00, 0x00, 0x00, 0x00, 0xc8, 0x51, 0xc8, 0x51, 0xc8, 0x51, 0xc8, 0x51, 0xc8, 0x51, 0xc8, 0x51,
  0xc8, 0x51, 0xc8, 0x51, 0x05, 0xe4, 0x05, 0xe4, 0x05, 0xe4, 0x05, 0xe4, 0x05, 0xe4, 0x05, 0xe4,
  0x05, 0xe4, 0x05, 0xe4, 0x05, 0xe4, 0x05, 0xe4, 0xc8, 0x51, 0xc8, 0x51, 0xc8, 0x51, 0xc8, 0x51,
  0xc8, 0x51, 0xc8, 0x51, 0xc8, 0x51, 0xc8, 0x51, 0xc8, 0x51, 0xc8, 0x51, 0x00, 0x00, 0x00, 0x00,
  0x00, 0x00, 0x00, 0x00, 0x00, 0x00, 0x00, 0x00, 0xc8, 0x51, 0xc8, 0x51, 0xc8, 0x51, 0xc8, 0x51,
  0xc8, 0x51, 0xc8, 0x51, 0xc8, 0x51, 0xc8, 0x51, 0x05, 0xe4, 0x05, 0xe4, 0x05, 0xe4, 0x05, 0xe4,
  0x05, 0xe4, 0x05, 0xe4, 0x05, 0xe4, 0x05, 0xe4, 0x05, 0xe4, 0x05, 0xe4, 0xc8, 0x51, 0xc8, 0x51,
  0xc8, 0x51, 0xc8, 0x51, 0xc8, 0x51, 0xc8, 0x51, 0xc8, 0x51, 0xc8, 0x51, 0xc8, 0x51, 0xc8, 0x51,
  0x00, 0x00, 0x00, 0x00, 0x00, 0x00, 0x00, 0x00, 0x00, 0x00, 0x00, 0x00, 0x00, 0x00, 0x00, 0x00,
  0x00, 0x00, 0x00, 0x00, 0x00, 0x00, 0x00, 0x00, 0x00, 0x00, 0x00, 0x00, 0xc8, 0x51, 0xc8, 0x51,
  0xc8, 0x51, 0xc8, 0x51, 0xc8, 0x51, 0xc8, 0x51, 0xc8, 0x51, 0xc8, 0x51, 0xc8, 0x51, 0xc8, 0x51,
  0x00, 0x00, 0x00, 0x00, 0x00, 0x00, 0x00, 0x00, 0x00, 0x00, 0x00, 0x00, 0x00, 0x00, 0x00, 0x00,
  0x00, 0x00, 0x00, 0x00, 0x00, 0x00, 0x00, 0x00, 0x00, 0x00, 0x00, 0x00, 0x00, 0x00, 0x00, 0x00,
  0x00, 0x00, 0x00, 0x00, 0x00, 0x00, 0x00, 0x00, 0x00, 0x00, 0x00, 0x00, 0x00, 0x00, 0x00, 0x00,
  0xc8, 0x51, 0xc8, 0x51, 0xc8, 0x51, 0xc8, 0x51, 0xc8, 0x51, 0xc8, 0x51, 0xc8, 0x51, 0xc8, 0x51,
  0xc8, 0x51, 0xc8, 0x51, 0x00, 0x00, 0x00, 0x00, 0x00, 0x00, 0x00, 0x00, 0x00, 0x00, 0x00, 0x00,
  0x00, 0x00, 0x00, 0x00, 0x00, 0x00, 0x00, 0x00, 0x00, 0x00, 0x00, 0x00, 0x00, 0x00, 0x00, 0x00,
  0x00, 0x00, 0x00, 0x00, 0x00, 0x00, 0x00, 0x00, 0x00, 0x00, 0x00, 0x00, 0xff, 0xff, 0xff, 0xff,
  0xff, 0xff, 0xff, 0xff, 0xff, 0xff, 0xff, 0xff, 0x00, 0x00, 0x00, 0x00, 0x00, 0x00, 0x00, 0x00,
  0x00, 0x00, 0x00, 0x00, 0x00, 0x00, 0x00, 0x00, 0x00, 0x00, 0x00, 0x00, 0x00, 0x00, 0xff, 0xff,
  0xff, 0xff, 0xff, 0xff, 0xff, 0xff, 0xff, 0xff, 0xff, 0xff, 0x00, 0x00, 0x00, 0x00, 0x00, 0x00,
  0x00, 0x00, 0x00, 0x00, 0x00, 0x00, 0x00, 0x00, 0x00, 0x00, 0x00, 0x00, 0xff, 0xff, 0xff, 0xff,
  0xff, 0xff, 0xff, 0xff, 0xff, 0xff, 0xff, 0xff, 0xff, 0xff, 0xff, 0xff, 0xff, 0xff, 0x00, 0x00,
  0x00, 0x00, 0x00, 0x00, 0x00, 0x00, 0x00, 0x00, 0x00, 0x00, 0x00, 0x00, 0x00, 0x00, 0xff, 0xff,
  0xff, 0xff, 0xff, 0xff, 0xff, 0xff, 0xff, 0xff, 0xff, 0xff, 0xff, 0xff, 0xff, 0xff, 0xff, 0xff,
  0x00, 0x00, 0x00, 0x00, 0x00, 0x00, 0x00, 0x00, 0x00, 0x00, 0x00, 0x00, 0x00, 0x00, 0xff, 0xff,
  0xff, 0xff, 0xff, 0xff, 0xff, 0xff, 0xff, 0xff, 0xff, 0xff, 0xff, 0xff, 0xff, 0xff, 0xff, 0xff,
  0xff, 0xff, 0xff, 0xff, 0x00, 0x00, 0x00, 0x00, 0x00, 0x00, 0x00, 0x00, 0x00, 0x00, 0x00, 0x00,
  0xff, 0xff, 0xff, 0xff, 0xff, 0xff, 0xff, 0xff, 0xff, 0xff, 0xff, 0xff, 0xff, 0xff, 0xff, 0xff,
  0xff, 0xff, 0xff, 0xff, 0xff, 0xff, 0x00, 0x00, 0x00, 0x00, 0x00, 0x00, 0x00, 0x00, 0x00, 0x00,
  0xff, 0xff, 0xff, 0xff, 0xff, 0xff, 0xff, 0xff, 0xff, 0xff, 0xff, 0xff, 0xff, 0xff, 0xff, 0xff,
  0xff, 0xff, 0xff, 0xff, 0xff, 0xff, 0xff, 0xff, 0xff, 0xff, 0x00, 0x00, 0x00, 0x00, 0x00, 0x00,
  0x00, 0x00, 0xff, 0xff, 0xff, 0xff, 0xff, 0xff, 0xff, 0xff, 0xff, 0xff, 0xff, 0xff, 0xff, 0xff,
  0xff, 0xff, 0xff, 0xff, 0xff, 0xff, 0xff, 0xff, 0xff, 0xff, 0xff, 0xff, 0x00, 0x00, 0x00, 0x00,
  0x00, 0x00, 0xff, 0xff, 0xff, 0xff, 0xff, 0xff, 0xff, 0xff, 0xff, 0xff, 0xff, 0xff, 0xff, 0xff,
  0xff, 0xff, 0xff, 0xff, 0xff, 0xff, 0xff, 0xff, 0xff, 0xff, 0xff, 0xff, 0xff, 0xff, 0x00, 0x00,
  0x00, 0x00, 0x00, 0x00, 0xff, 0xff, 0xff, 0xff, 0xff, 0xff, 0xff, 0xff, 0xff, 0xff, 0xff, 0xff,
  0xff, 0xff, 0xff, 0xff, 0xff, 0xff, 0xff, 0xff, 0xff, 0xff, 0xff, 0xff, 0xff, 0xff, 0xff, 0xff,
  0x00, 0x00, 0x00, 0x00, 0x00, 0x00, 0xff, 0xff, 0xff, 0xff, 0xff, 0xff, 0xff, 0xff, 0xff, 0xff,
  0xff, 0xff, 0xff, 0xff, 0xff, 0xff, 0xff, 0xff, 0xff, 0xff, 0xff, 0xff, 0xff, 0xff, 0xff, 0xff,
  0xff, 0xff, 0x00, 0x00, 0x00, 0x00, 0x00, 0x00, 0xff, 0xff, 0xff, 0xff, 0xff, 0xff, 0xff, 0xff,
  0xff, 0xff, 0xff, 0xff, 0xff, 0xff, 0xff, 0xff, 0xff, 0xff, 0xff, 0xff, 0xff, 0xff, 0xff, 0xff,
  0xff, 0xff, 0xff, 0xff, 0x00, 0x00, 0x00, 0x00, 0x00, 0x00, 0xff, 0xff, 0xff, 0xff, 0xff, 0xff,
  0xff, 0xff, 0xff, 0xff, 0xff, 0xff, 0xff, 0xff, 0xff, 0xff, 0xff, 0xff, 0xff, 0xff, 0xff, 0xff,
  0xff, 0xff, 0xff, 0xff, 0xff, 0xff, 0xff, 0xff, 0x00, 0x00, 0x00, 0x00, 0xff, 0xff, 0xff, 0xff,
  0xff, 0xff, 0xff, 0xff, 0xff, 0xff, 0xff, 0xff, 0xff, 0xff, 0xff, 0xff, 0xff, 0xff, 0xff, 0xff,
  0xff, 0xff, 0xff, 0xff, 0xff, 0xff, 0xff, 0xff, 0xff, 0xff, 0x00, 0x00, 0xff, 0xff, 0xff, 0xff,
  0xff, 0xff, 0xff, 0xff, 0xff, 0xff, 0xff, 0xff, 0xff, 0xff, 0xff, 0xff, 0xff, 0xff, 0xff, 0xff,
  0xff, 0xff, 0xff, 0xff, 0xff, 0xff, 0xff, 0xff, 0xff, 0xff, 0xff, 0xff, 0xff, 0xff, 0xff, 0xff,
  0xff, 0xff, 0xff, 0xff, 0xff, 0xff, 0xff, 0xff, 0xff, 0xff, 0xff, 0xff, 0xff, 0xff, 0xff, 0xff,
  0xff, 0xff, 0xff, 0xff, 0xff, 0xff, 0xff, 0xff, 0xff, 0xff, 0xff, 0xff, 0xff, 0xff, 0xff, 0xff,
  0xff, 0xff, 0xff, 0xff, 0xff, 0xff, 0xff, 0xff, 0xff, 0xff, 0xff, 0xff, 0xff, 0xff, 0xff, 0xff,
  0xff, 0xff, 0xff, 0xff, 0xff, 0xff, 0xff, 0xff, 0xff, 0xff, 0xff, 0xff, 0xff, 0xff, 0xff, 0xff,
  0x00, 0x00, 0xff, 0xff, 0xff, 0xff, 0xff, 0xff, 0xff, 0xff, 0xff, 0xff, 0xff, 0xff, 0xff, 0xff,
  0xff, 0xff, 0xff, 0xff, 0xff, 0xff, 0xff, 0xff, 0xff, 0xff, 0xff, 0xff, 0xff, 0xff, 0xff, 0xff,
  0xff, 0xff, 0x00, 0x00, 0xff, 0xff, 0xff, 0xff, 0xff, 0xff, 0xff, 0xff, 0xff, 0xff, 0xff, 0xff,
  0xff, 0xff, 0xff, 0xff, 0xff, 0xff, 0xff, 0xff, 0xff, 0xff, 0xff, 0xff, 0xff, 0xff, 0xff, 0xff,
  0xff, 0xff, 0xff, 0xff, 0x00, 0x00, 0xff, 0xff, 0xff, 0xff, 0xff, 0xff, 0xff, 0xff, 0xff, 0xff,
  0xff, 0xff, 0xff, 0xff, 0xff, 0xff, 0xff, 0xff, 0xff, 0xff, 0xff, 0xff, 0xff, 0xff, 0xff, 0xff,
  0xff, 0xff, 0xff, 0xff, 0xff, 0xff, 0x00, 0x00, 0x00, 0x00, 0xff, 0xff, 0xff, 0xff, 0xff, 0xff,
  0xff, 0xff, 0xff, 0xff, 0xff, 0xff, 0xff, 0xff, 0xff, 0xff, 0xff, 0xff, 0xff, 0xff, 0xff, 0xff,
  0xff, 0xff, 0xff, 0xff, 0xff, 0xff, 0x00, 0x00, 0x00, 0x00, 0x00, 0x00, 0xff, 0xff, 0xff, 0xff,
  0xff, 0xff, 0xff, 0xff, 0xff, 0xff, 0xff, 0xff, 0xff, 0xff, 0xff, 0xff, 0xff, 0xff, 0xff, 0xff,
  0xff, 0xff, 0xff, 0xff, 0xff, 0xff, 0xff, 0xff, 0x00, 0x00, 0x00, 0x00, 0x00, 0x00, 0x00, 0x00,
  0x00, 0x00, 0x00, 0x00, 0x00, 0x00, 0xff, 0xff, 0xff, 0xff, 0xff, 0xff, 0xff, 0xff, 0xff, 0xff,
  0x00, 0x00, 0x00, 0x00, 0x00, 0x00, 0x00, 0x00, 0x00, 0x00, 0x00, 0x00, 0x00, 0x00, 0x00, 0x00,
  0x00, 0x00, 0x00, 0x00, 0x00, 0x00, 0x00, 0x00, 0xff, 0xff, 0xff, 0xff, 0xff, 0xff, 0xff, 0xff,
  0xff, 0xff, 0x00, 0x00, 0x00, 0x00, 0x00, 0x00, 0x00, 0x00, 0x00, 0x00, 0x00, 0x00, 0x00, 0x00
};

const lv_image_dsc_t img_bird_down = {
  .header.magic = LV_IMAGE_HEADER_MAGIC,
  .header.cf = LV_COLOR_FORMAT_RGB565A8,
  .header.stride = 68,
  .header.w = 34,
  .header.h = 24,
  .data_size = sizeof(img_bird_down_map),
  .data = img_bird_down_map,
};

const uint8_t img_dino_run1_map[] = {
  0x00, 0x00, 0x00, 0x00, 0x00, 0x00, 0x00, 0x00, 0x00, 0x00, 0x00, 0x00, 0x00, 0x00, 0x00, 0x00,
  0xff, 0xff, 0xff, 0xff, 0xdf, 0xff, 0xbe, 0xf7, 0x7d, 0xef, 0x9e, 0xf7, 0x7d, 0xef, 0x7d, 0xef,
  0x7d, 0xef, 0x7d, 0xef, 0x7d, 0xef, 0xbe, 0xf7, 0xbe, 0xf7, 0xff, 0xff, 0x00, 0x00, 0x00, 0x00,
  0x00, 0x00, 0x00, 0x00, 0x00, 0x00, 0x00, 0x00, 0x00, 0x00, 0xff, 0xff, 0x00, 0x00, 0xdf, 0xff,
  0xff, 0xff, 0xfb, 0xde, 0x0c, 0x63, 0xaa, 0x52, 0x0c, 0x63, 0x0c, 0x63, 0x0c, 0x63, 0x0c, 0x63,
  0xeb, 0x5a, 0x8e, 0x73, 0x5d, 0xef, 0xff, 0xff, 0x00, 0x00, 0x00, 0x00, 0x00, 0x00, 0x00, 0x00,
  0x00, 0x00, 0x00, 0x00, 0x00, 0x00, 0xff, 0xff, 0x00, 0x00, 0xff, 0xff, 0x5d, 0xef, 0xcb, 0x5a,
  0xeb, 0x5a, 0xf3, 0x9c, 0x8a, 0x52, 0x69, 0x4a, 0x69, 0x4a, 0x69, 0x4a, 0x69, 0x4a, 0x69, 0x4a,
  0x4d, 0x6b, 0x7d, 0xef, 0x00, 0x00, 0x00, 0x00, 0x00, 0x00, 0x00, 0x00, 0x00, 0x00, 0x00, 0x00,
  0x00, 0x00, 0xff, 0xff, 0x00, 0x00, 0xff, 0xff, 0xfb, 0xde, 0x49, 0x4a, 0x2c, 0x63, 0xb6, 0xb5,
  0xaa, 0x52, 0x8a, 0x52, 0xaa, 0x52, 0xaa, 0x52, 0xaa, 0x52, 0x69, 0x4a, 0xeb, 0x5a, 0x9e, 0xf7,
  0x00, 0x00, 0x00, 0x00, 0x00, 0x00, 0x00, 0x00, 0x00, 0x00, 0x00, 0x00, 0x00, 0x00, 0xff, 0xff,
  0x00, 0x00, 0xff, 0xff, 0x1c, 0xe7, 0xaa, 0x52, 0x69, 0x4a, 0x28, 0x42, 0x8a, 0x52, 0x8a, 0x52,
  0xaa, 0x52, 0xaa, 0x52, 0xaa, 0x52, 0x8a, 0x52, 0x2c, 0x63, 0x7d, 0xef, 0xff, 0xff, 0xff, 0xff,
  0xff, 0xff, 0x00, 0x00, 0x00, 0x00, 0x00, 0x00, 0x00, 0x00, 0xff, 0xff, 0xff, 0xff, 0xff, 0xff,
  0x1c, 0xe7, 0x8a, 0x52, 0x8a, 0x52, 0xaa, 0x52, 0x8a, 0x52, 0x8a, 0x52, 0x28, 0x42, 0x28, 0x42,
  0x28, 0x42, 0x08, 0x42, 0xaa, 0x52, 0x7d, 0xef, 0x00, 0x00, 0x00, 0x00, 0x00, 0x00, 0x00, 0x00,
  0x00, 0x00, 0x00, 0x00, 0x00, 0x00, 0x79, 0xce, 0x00, 0x00, 0xff, 0xff, 0xfb, 0xde, 0x8a, 0x52,
  0x8a, 0x52, 0x8a, 0x52, 0x8a, 0x52, 0xeb, 0x5a, 0xd3, 0x9c, 0xf3, 0x9c, 0xd3, 0x9c, 0x71, 0x8c,
  0x34, 0xa5, 0xff, 0xff, 0xff, 0xff, 0xff, 0xff, 0xbe, 0xf7, 0x00, 0x00, 0xff, 0xff, 0x00, 0x00,
  0xff, 0xff, 0x00, 0x00, 0x00, 0x00, 0xff, 0xff, 0x5d, 0xef, 0x8a, 0x52, 0x8a, 0x52, 0xaa, 0x52,
  0x69, 0x4a, 0xaa, 0x52, 0xf7, 0xbd, 0xf7, 0xbd, 0x38, 0xc6, 0xff, 0xff, 0xff, 0xff, 0xbe, 0xf7,
  0xba, 0xd6, 0x3c, 0xe7, 0xbe, 0xf7, 0xff, 0xff, 0xba, 0xd6, 0xff, 0xff, 0x00, 0x00, 0x3c, 0xe7,
  0xff, 0xff, 0xff, 0xff, 0x96, 0xb5, 0x8a, 0x52, 0x8a, 0x52, 0x8a, 0x52, 0xcb, 0x5a, 0x10, 0x84,
  0xcf, 0x7b, 0xae, 0x73, 0xd3, 0x9c, 0x7d, 0xef, 0x00, 0x00, 0x00, 0x00, 0x38, 0xc6, 0xcf, 0x7b,
  0xff, 0xff, 0x00, 0x00, 0x00, 0x00, 0xb6, 0xb5, 0xff, 0xff, 0xff, 0xff, 0x7d, 0xef, 0x75, 0xad,
  0x49, 0x4a, 0x8a, 0x52, 0xaa, 0x52, 0x69, 0x4a, 0x4d, 0x6b, 0xff, 0xff, 0xff, 0xff, 0xff, 0xff,
  0xff, 0xff, 0xbe, 0xf7, 0x5d, 0xef, 0xff, 0xff, 0x38, 0xc6, 0x8e, 0x73, 0xba, 0xd6, 0xff, 0xff,
  0x7d, 0xef, 0xff, 0xff, 0xff, 0xff, 0x9a, 0xd6, 0x8e, 0x73, 0x08, 0x42, 0xaa, 0x52, 0x8a, 0x52,
  0xaa, 0x52, 0x8a, 0x52, 0xeb, 0x5a, 0xd7, 0xbd, 0xba, 0xd6, 0x9e, 0xf7, 0x00, 0x00, 0x00, 0x00,
  0x00, 0x00, 0x00, 0x00, 0x79, 0xce, 0x28, 0x42, 0x4d, 0x6b, 0x5d, 0xef, 0xff, 0xff, 0xff, 0xff,
  0x96, 0xb5, 0x28, 0x42, 0x8a, 0x52, 0xaa, 0x52, 0x8a, 0x52, 0x8a, 0x52, 0x8a, 0x52, 0x8a, 0x52,
  0xcb, 0x5a, 0x4d, 0x6b, 0xcb, 0x5a, 0x9e, 0xf7, 0xff, 0xff, 0xff, 0xff, 0xff, 0xff, 0x00, 0x00,
  0x59, 0xce, 0x8a, 0x52, 0x69, 0x4a, 0x2c, 0x63, 0xba, 0xd6, 0x96, 0xb5, 0x49, 0x4a, 0xaa, 0x52,
  0xaa, 0x52, 0x8a, 0x52, 0x8a, 0x52, 0x8a, 0x52, 0xaa, 0x52, 0x69, 0x4a, 0x6d, 0x6b, 0x5d, 0xef,
  0x14, 0xa5, 0x9e, 0xf7, 0xff, 0xff, 0x00, 0x00, 0xff, 0xff, 0x00, 0x00, 0x9a, 0xd6, 0x28, 0x42,
  0xaa, 0x52, 0x8a, 0x52, 0x69, 0x4a, 0x69, 0x4a, 0xaa, 0x52, 0x8a, 0x52, 0x8a, 0x52, 0x8a, 0x52,
  0x8a, 0x52, 0x8a, 0x52, 0xaa, 0x52, 0x69, 0x4a, 0x4d, 0x6b, 0x9e, 0xf7, 0xff, 0xff, 0xbe, 0xf7,
  0xfb, 0xde, 0x00, 0x00, 0xff, 0xff, 0x00, 0x00, 0x9a, 0xd6, 0x8e, 0x73, 0x49, 0x4a, 0xaa, 0x52,
  0xaa, 0x52, 0xaa, 0x52, 0x8a, 0x52, 0x8a, 0x52, 0x8a, 0x52, 0x8a, 0x52, 0x8a, 0x52, 0x8a, 0x52,
  0xaa, 0x52, 0x69, 0x4a, 0x2c, 0x63, 0x9e, 0xf7, 0x00, 0x00, 0x00, 0x00, 0xff, 0xff, 0x00, 0x00,
  0x00, 0x00, 0x00, 0x00, 0xff, 0xff, 0xfb, 0xde, 0x4d, 0x6b, 0x49, 0x4a, 0xaa, 0x52, 0x8a, 0x52,
  0x8a, 0x52, 0x8a, 0x52, 0x8a, 0x52, 0x8a, 0x52, 0x8a, 0x52, 0xaa, 0x52, 0x69, 0x4a, 0xeb, 0x5a,
  0x18, 0xc6, 0xdf, 0xff, 0xff, 0xff, 0xff, 0xff, 0x00, 0x00, 0x00, 0x00, 0x00, 0x00, 0x00, 0x00,
  0x00, 0x00, 0xff, 0xff, 0x1c, 0xe7, 0x4d, 0x6b, 0x69, 0x4a, 0xaa, 0x52, 0x8a, 0x52, 0x8a, 0x52,
  0x8a, 0x52, 0xaa, 0x52, 0xaa, 0x52, 0x8a, 0x52, 0x49, 0x4a, 0x51, 0x8c, 0xff, 0xff, 0x00, 0x00,
  0x00, 0x00, 0xff, 0xff, 0x00, 0x00, 0x00, 0x00, 0x00, 0x00, 0x00, 0x00, 0xff, 0xff, 0x00, 0x00,
  0xff, 0xff, 0x1c, 0xe7, 0x0c, 0x63, 0x69, 0x4a, 0x8a, 0x52, 0xaa, 0x52, 0x8a, 0x52, 0x69, 0x4a,
  0x69, 0x4a, 0xaa, 0x52, 0x51, 0x8c, 0xff, 0xff, 0x9e, 0xf7, 0xff, 0xff, 0x00, 0x00, 0xff, 0xff,
  0x00, 0x00, 0x00, 0x00, 0x00, 0x00, 0x00, 0x00, 0x00, 0x00, 0xff, 0xff, 0x00, 0x00, 0xff, 0xff,
  0x5d, 0xef, 0xeb, 0x5a, 0xaa, 0x52, 0x8a, 0x52, 0x8a, 0x52, 0x8e, 0x73, 0xeb, 0x5a, 0x0c, 0x63,
  0xfb, 0xde, 0x5d, 0xef, 0xdf, 0xff, 0x9e, 0xf7, 0xff, 0xff, 0xff, 0xff, 0x00, 0x00, 0x00, 0x00,
  0x00, 0x00, 0x00, 0x00, 0x00, 0x00, 0xff, 0xff, 0xff, 0xff, 0x5d, 0xef, 0xff, 0xff, 0xba, 0xd6,
  0x69, 0x4a, 0x8a, 0x52, 0xef, 0x7b, 0xff, 0xff, 0x3c, 0xe7, 0x6d, 0x6b, 0x2c, 0x63, 0x18, 0xc6,
  0xff, 0xff, 0x9e, 0xf7, 0xff, 0xff, 0xff, 0xff, 0x00, 0x00, 0x00, 0x00, 0x00, 0x00, 0x00, 0x00,
  0x00, 0x00, 0x00, 0x00, 0xff, 0xff, 0xff, 0xff, 0xff, 0xff, 0xfb, 0xde, 0x69, 0x4a, 0x51, 0x8c,
  0xbe, 0xf7, 0xdf, 0xff, 0xdf, 0xff, 0x9e, 0xf7, 0x9e, 0xf7, 0xff, 0xff, 0xbe, 0xf7, 0xff, 0xff,
  0xff, 0xff, 0x00, 0x00, 0x00, 0x00, 0x00, 0x00, 0x00, 0x00, 0x00, 0x00, 0x00, 0x00, 0x00, 0x00,
  0xff, 0xff, 0x00, 0x00, 0xff, 0xff, 0xba, 0xd6, 0x6d, 0x6b, 0x3c, 0xe7, 0xff, 0xff, 0x00, 0x00,
  0xff, 0xff, 0xff, 0xff, 0xff, 0xff, 0xff, 0xff, 0xef, 0x7b, 0x00, 0x00, 0x00, 0x00, 0x00, 0x00,
  0x00, 0x00, 0x00, 0x00, 0x00, 0x00, 0x00, 0x00, 0x00, 0x00, 0x00, 0x00, 0xff, 0xff, 0x00, 0x00,
  0xff, 0xff, 0x1c, 0xe7, 0xcb, 0x5a, 0x71, 0x8c, 0xdf, 0xff, 0x00, 0x00, 0x00, 0x00, 0x00, 0x00,
  0x00, 0x00, 0x00, 0x00, 0x00, 0x00, 0x00, 0x00, 0x00, 0x00, 0x00, 0x00, 0x00, 0x00, 0x00, 0x00,
  0x00, 0x00, 0x00, 0x00, 0x00, 0x00, 0x00, 0x00, 0xff, 0xff, 0x00, 0x00, 0xbe, 0xf7, 0xff, 0xff,
  0x7d, 0xef, 0xbe, 0xf7, 0xbe, 0xf7, 0x00, 0x00, 0xff, 0xff, 0xff, 0xff, 0xff, 0xff, 0xff, 0xff,
  0x00, 0x00, 0x00, 0x00, 0x00, 0x00, 0x00, 0x00, 0x00, 0x00, 0x00, 0x00, 0x00, 0x00, 0x00, 0x00,
  0x00, 0x00, 0x00, 0x00, 0x00, 0x00, 0x00, 0x00, 0x02, 0x02, 0x33, 0xff, 0xff, 0xff, 0xff, 0xff,
  0xff, 0xff, 0xfe, 0xff, 0xe9, 0x0d, 0x00, 0x00, 0x00, 0x00, 0x00, 0x00, 0x00, 0x02, 0x00, 0x25,
  0xeb, 0xff, 0xff, 0xff, 0xff, 0xff, 0xff, 0xff, 0xfe, 0xff, 0xea, 0x19, 0x00, 0x00, 0x00, 0x00,
  0x00, 0x00, 0x00, 0x02, 0x00, 0x2a, 0xff, 0xff, 0xff, 0xff, 0xff, 0xff, 0xff, 0xff, 0xff, 0xff,
  0xfd, 0xea, 0x00, 0x00, 0x00, 0x00, 0x00, 0x00, 0x00, 0x02, 0x00, 0x29, 0xfe, 0xff, 0xff, 0xff,
  0xff, 0xff, 0xff, 0xff, 0xff, 0xff, 0xff, 0xff, 0x00, 0x00, 0x00, 0x00, 0x00, 0x00, 0x00, 0x02,
  0x00, 0x29, 0xff, 0xff, 0xff, 0xff, 0xff, 0xff, 0xff, 0xff, 0xff, 0xff, 0xff, 0xfe, 0x01, 0x04,
  0x03, 0x00, 0x00, 0x00, 0x00, 0x02, 0x01, 0x2c, 0xff, 0xff, 0xff, 0xff, 0xff, 0xff, 0xff, 0xff,
  0xff, 0xff, 0xfb, 0xfb, 0x00, 0x00, 0x00, 0x00, 0x00, 0x00, 0x00, 0x05, 0x00, 0x1b, 0xff, 0xff,
  0xff, 0xff, 0xff, 0xff, 0xff, 0xff, 0xff, 0xff, 0xff, 0xff, 0x0a, 0x57, 0x42, 0x00, 0x01, 0x00,
  0x04, 0x00, 0x01, 0x72, 0xff, 0xff, 0xff, 0xff, 0xff, 0xff, 0xff, 0xfe, 0xfc, 0xf5, 0xac, 0xa8,
  0x81, 0xff, 0xd1, 0x03, 0x06, 0x01, 0x00, 0x31, 0x72, 0xff, 0xff, 0xff, 0xff, 0xff, 0xff, 0xff,
  0xff, 0xff, 0xff, 0xf9, 0x00, 0x00, 0xff, 0xfb, 0xbf, 0x00, 0x00, 0x07, 0x4c, 0xce, 0xff, 0xf9,
  0xff, 0xff, 0xff, 0xff, 0xff, 0xff, 0xff, 0xf7, 0xb5, 0xa5, 0x0d, 0x04, 0xfa, 0xff, 0xd5, 0x48,
  0x47, 0x6f, 0xff, 0xff, 0xfc, 0xff, 0xff, 0xff, 0xff, 0xff, 0xff, 0xfe, 0xff, 0xe6, 0x00, 0x00,
  0x00, 0x00, 0xff, 0xff, 0xff, 0xff, 0xff, 0xff, 0xfc, 0xfe, 0xff, 0xff, 0xff, 0xff, 0xff, 0xff,
  0xff, 0xfe, 0xfc, 0xe5, 0x0d, 0x03, 0x01, 0x00, 0xfd, 0xff, 0xfe, 0xfc, 0xfc, 0xfd, 0xff, 0xff,
  0xff, 0xff, 0xff, 0xff, 0xff, 0xff, 0xff, 0xff, 0xff, 0xf2, 0x0a, 0x00, 0x01, 0x00, 0xff, 0xfd,
  0xff, 0xff, 0xff, 0xff, 0xff, 0xff, 0xff, 0xff, 0xff, 0xff, 0xff, 0xff, 0xff, 0xf5, 0xc8, 0xb3,
  0x08, 0x00, 0x01, 0x00, 0xdc, 0xff, 0xfd, 0xff, 0xff, 0xff, 0xff, 0xff, 0xff, 0xff, 0xff, 0xff,
  0xff, 0xfd, 0xff, 0xf0, 0x00, 0x00, 0x01, 0x00, 0x00, 0x00, 0x32, 0xdd, 0xff, 0xfd, 0xff, 0xff,
  0xff, 0xff, 0xff, 0xff, 0xff, 0xff, 0xfe, 0xfe, 0xe9, 0x4c, 0x04, 0x02, 0x00, 0x00, 0x00, 0x00,
  0x00, 0x2e, 0xe0, 0xff, 0xff, 0xff, 0xff, 0xff, 0xff, 0xff, 0xff, 0xff, 0xfd, 0xff, 0xe9, 0x00,
  0x00, 0x01, 0x00, 0x00, 0x00, 0x00, 0x03, 0x00, 0x2f, 0xe0, 0xfc, 0xff, 0xff, 0xff, 0xff, 0xfe,
  0xff, 0xff, 0xfd, 0xf9, 0xb6, 0x03, 0x00, 0x01, 0x00, 0x00, 0x00, 0x00, 0x00, 0x03, 0x00, 0x39,
  0xff, 0xfd, 0xff, 0xff, 0xff, 0xff, 0xfd, 0xfc, 0xfe, 0xe1, 0x2a, 0x12, 0x01, 0x01, 0x00, 0x00,
  0x00, 0x00, 0x00, 0x03, 0x01, 0x31, 0xe6, 0xfd, 0xfe, 0xff, 0xff, 0xe6, 0xff, 0xff, 0xff, 0xff,
  0xed, 0x5e, 0x01, 0x03, 0x00, 0x00, 0x00, 0x00, 0x00, 0x00, 0x03, 0x01, 0x39, 0xff, 0xfc, 0xf9,
  0xb1, 0x26, 0xe4, 0xe4, 0xdf, 0xe4, 0x62, 0x02, 0x03, 0x00, 0x00, 0x00, 0x00, 0x00, 0x00, 0x00,
  0x03, 0x00, 0x34, 0xff, 0xff, 0xd6, 0x18, 0x01, 0x07, 0x07, 0x07, 0x07, 0x02, 0x00, 0x00, 0x00,
  0x00, 0x00, 0x00, 0x00, 0x00, 0x00, 0x03, 0x00, 0x35, 0xff, 0xfb, 0xfd, 0xca, 0x00, 0x00, 0x00,
  0x00, 0x00, 0x00, 0x00, 0x00, 0x00, 0x00, 0x00, 0x00, 0x00, 0x00, 0x00, 0x03, 0x00, 0x35, 0xff,
  0xfb, 0xff, 0xd7, 0x00, 0x01, 0x01, 0x01, 0x01, 0x00, 0x00, 0x00, 0x00, 0x00, 0x00, 0x00, 0x00
};

const lv_image_dsc_t img_dino_run1 = {
  .header.magic = LV_IMAGE_HEADER_MAGIC,
  .header.cf = LV_COLOR_FORMAT_RGB565A8,
  .header.stride = 44,
  .header.w = 22,
  .header.h = 24,
  .data_size = sizeof(img_dino_run1_map),
  .data = img_dino_run1_map,
};

const uint8_t img_dino_run2_map[] = {
  0x00, 0x00, 0x00, 0x00, 0x00, 0x00, 0x00, 0x00, 0x00, 0x00, 0x00, 0x00, 0x00, 0x00, 0x00, 0x00,
  0xff, 0xff, 0xff, 0xff, 0xbe, 0xf7, 0xdf, 0xff, 0x9e, 0xf7, 0x7d, 0xef, 0x7d, 0xef, 0x7d, 0xef,
  0x7d, 0xef, 0x7d, 0xef, 0x7d, 0xef, 0xbe, 0xf7, 0xbe, 0xf7, 0xff, 0xff, 0x00, 0x00, 0x00, 0x00,
  0x00, 0x00, 0x00, 0x00, 0x00, 0x00, 0x00, 0x00, 0x00, 0x00, 0xff, 0xff, 0x00, 0x00, 0x7d, 0xef,
  0xdf, 0xff, 0x7d, 0xef, 0x4d, 0x6b, 0x8a, 0x52, 0x0c, 0x63, 0x0c, 0x63, 0x0c, 0x63, 0x0c, 0x63,
  0xeb, 0x5a, 0x8e, 0x73, 0x3c, 0xe7, 0xff, 0xff, 0x00, 0x00, 0x00, 0x00, 0x00, 0x00, 0x00, 0x00,
  0x00, 0x00, 0x00, 0x00, 0x00, 0x00, 0xff, 0xff, 0x00, 0x00, 0xff, 0xff, 0x7d, 0xef, 0x6d, 0x6b,
  0xaa, 0x52, 0xf3, 0x9c, 0xaa, 0x52, 0x69, 0x4a, 0x8a, 0x52, 0x69, 0x4a, 0x69, 0x4a, 0x69, 0x4a,
  0x4d, 0x6b, 0x7d, 0xef, 0x00, 0x00, 0x00, 0x00, 0x00, 0x00, 0x00, 0x00, 0x00, 0x00, 0x00, 0x00,
  0x00, 0x00, 0xff, 0xff, 0x00, 0x00, 0xff, 0xff, 0x5d, 0xef, 0xeb, 0x5a, 0xcb, 0x5a, 0xb6, 0xb5,
  0xeb, 0x5a, 0x8a, 0x52, 0xaa, 0x52, 0xaa, 0x52, 0xaa, 0x52, 0x69, 0x4a, 0xeb, 0x5a, 0x9e, 0xf7,
  0x00, 0x00, 0x00, 0x00, 0x00, 0x00, 0x00, 0x00, 0x00, 0x00, 0x00, 0x00, 0x00, 0x00, 0xff, 0xff,
  0x00, 0x00, 0xff, 0xff, 0x5d, 0xef, 0x0c, 0x63, 0x69, 0x4a, 0x28, 0x42, 0x8a, 0x52, 0xaa, 0x52,
  0xaa, 0x52, 0xaa, 0x52, 0xaa, 0x52, 0x8a, 0x52, 0x0c, 0x63, 0x5d, 0xef, 0x00, 0x00, 0xf7, 0xbd,
  0xf7, 0xbd, 0x00, 0x00, 0x00, 0x00, 0x00, 0x00, 0x00, 0x00, 0xff, 0xff, 0x00, 0x00, 0xff, 0xff,
  0x5d, 0xef, 0x0c, 0x63, 0x69, 0x4a, 0xaa, 0x52, 0x8a, 0x52, 0x8a, 0x52, 0x28, 0x42, 0x28, 0x42,
  0x28, 0x42, 0x08, 0x42, 0xaa, 0x52, 0x5d, 0xef, 0xff, 0xff, 0x00, 0x00, 0x00, 0x00, 0x00, 0x00,
  0x00, 0x00, 0x00, 0x00, 0x00, 0x00, 0xff, 0xff, 0xff, 0xff, 0xff, 0xff, 0x5d, 0xef, 0x0c, 0x63,
  0x69, 0x4a, 0xaa, 0x52, 0x8a, 0x52, 0xcb, 0x5a, 0xb2, 0x94, 0xf3, 0x9c, 0xd3, 0x9c, 0x71, 0x8c,
  0x34, 0xa5, 0xff, 0xff, 0x00, 0x00, 0xff, 0xff, 0xdf, 0xff, 0xff, 0xff, 0x00, 0x00, 0x00, 0x00,
  0xf7, 0xbd, 0x00, 0x00, 0x00, 0x00, 0xdf, 0xff, 0xbe, 0xf7, 0x0c, 0x63, 0x69, 0x4a, 0xaa, 0x52,
  0x8a, 0x52, 0x8a, 0x52, 0xd7, 0xbd, 0x18, 0xc6, 0x38, 0xc6, 0xff, 0xff, 0xff, 0xff, 0xdf, 0xff,
  0x5d, 0xef, 0x79, 0xce, 0x9e, 0xf7, 0xff, 0xff, 0xff, 0xff, 0xff, 0xff, 0x00, 0x00, 0x1c, 0xe7,
  0xff, 0xff, 0xff, 0xff, 0x38, 0xc6, 0xcb, 0x5a, 0x8a, 0x52, 0x8a, 0x52, 0xaa, 0x52, 0x10, 0x84,
  0xcf, 0x7b, 0xae, 0x73, 0xb2, 0x94, 0x5d, 0xef, 0xef, 0x7b, 0x00, 0x00, 0xbe, 0xf7, 0x2c, 0x63,
  0x9e, 0xf7, 0xff, 0xff, 0x00, 0x00, 0x00, 0x00, 0x9e, 0xf7, 0xff, 0xff, 0xbe, 0xf7, 0xb6, 0xb5,
  0x8a, 0x52, 0x8a, 0x52, 0xaa, 0x52, 0x8a, 0x52, 0xeb, 0x5a, 0xff, 0xff, 0xff, 0xff, 0xff, 0xff,
  0xff, 0xff, 0xbe, 0xf7, 0xff, 0xff, 0xf7, 0xbd, 0x5d, 0xef, 0x4d, 0x6b, 0xf7, 0xbd, 0xff, 0xff,
  0xbe, 0xf7, 0x9e, 0xf7, 0xdf, 0xff, 0xdb, 0xde, 0x30, 0x84, 0x08, 0x42, 0xaa, 0x52, 0x8a, 0x52,
  0xaa, 0x52, 0x8a, 0x52, 0xcb, 0x5a, 0xb6, 0xb5, 0x9a, 0xd6, 0x9e, 0xf7, 0xe7, 0x39, 0x00, 0x00,
  0x00, 0x00, 0x00, 0x00, 0x7d, 0xef, 0xeb, 0x5a, 0x8a, 0x52, 0x9a, 0xd6, 0xff, 0xff, 0xff, 0xff,
  0x38, 0xc6, 0x8a, 0x52, 0x69, 0x4a, 0xaa, 0x52, 0x8a, 0x52, 0x8a, 0x52, 0x8a, 0x52, 0x8a, 0x52,
  0xaa, 0x52, 0x4d, 0x6b, 0x8a, 0x52, 0x5d, 0xef, 0xff, 0xff, 0xff, 0xff, 0xff, 0xff, 0x00, 0x00,
  0x5d, 0xef, 0x0c, 0x63, 0x69, 0x4a, 0x8a, 0x52, 0x59, 0xce, 0x59, 0xce, 0xaa, 0x52, 0x8a, 0x52,
  0xaa, 0x52, 0x8a, 0x52, 0x8a, 0x52, 0x8a, 0x52, 0xaa, 0x52, 0x69, 0x4a, 0x0c, 0x63, 0x5d, 0xef,
  0xf3, 0x9c, 0x5d, 0xef, 0xff, 0xff, 0x00, 0x00, 0xff, 0xff, 0x00, 0x00, 0xbe, 0xf7, 0xcb, 0x5a,
  0x8a, 0x52, 0xaa, 0x52, 0x69, 0x4a, 0x69, 0x4a, 0xaa, 0x52, 0x8a, 0x52, 0x8a, 0x52, 0x8a, 0x52,
  0x8a, 0x52, 0x8a, 0x52, 0xaa, 0x52, 0x8a, 0x52, 0x0c, 0x63, 0x5d, 0xef, 0xff, 0xff, 0xbe, 0xf7,
  0xff, 0xff, 0x00, 0x00, 0xff, 0xff, 0x00, 0x00, 0x7d, 0xef, 0x10, 0x84, 0x69, 0x4a, 0x8a, 0x52,
  0xaa, 0x52, 0xaa, 0x52, 0x8a, 0x52, 0x8a, 0x52, 0x8a, 0x52, 0x8a, 0x52, 0x8a, 0x52, 0x8a, 0x52,
  0xaa, 0x52, 0x69, 0x4a, 0xcb, 0x5a, 0x5d, 0xef, 0xff, 0xff, 0x00, 0x00, 0xff, 0xff, 0x00, 0x00,
  0x00, 0x00, 0x00, 0x00, 0xff, 0xff, 0x9e, 0xf7, 0x10, 0x84, 0x69, 0x4a, 0x8a, 0x52, 0xaa, 0x52,
  0x8a, 0x52, 0x8a, 0x52, 0x8a, 0x52, 0x8a, 0x52, 0x8a, 0x52, 0xaa, 0x52, 0x8a, 0x52, 0xaa, 0x52,
  0xf7, 0xbd, 0x9e, 0xf7, 0xff, 0xff, 0xff, 0xff, 0x00, 0x00, 0x00, 0x00, 0x00, 0x00, 0x00, 0x00,
  0xff, 0xff, 0xff, 0xff, 0x7d, 0xef, 0xef, 0x7b, 0x69, 0x4a, 0xaa, 0x52, 0x8a, 0x52, 0x8a, 0x52,
  0xaa, 0x52, 0xaa, 0x52, 0x8a, 0x52, 0x8a, 0x52, 0x69, 0x4a, 0xef, 0x7b, 0xbe, 0xf7, 0xff, 0xff,
  0x00, 0x00, 0xff, 0xff, 0x00, 0x00, 0x00, 0x00, 0x00, 0x00, 0x00, 0x00, 0xff, 0xff, 0x00, 0x00,
  0xff, 0xff, 0x7d, 0xef, 0xae, 0x73, 0x69, 0x4a, 0xaa, 0x52, 0x8a, 0x52, 0x69, 0x4a, 0x69, 0x4a,
  0xaa, 0x52, 0x8a, 0x52, 0xae, 0x73, 0x9e, 0xf7, 0xdf, 0xff, 0xba, 0xd6, 0x00, 0x00, 0xff, 0xff,
  0x00, 0x00, 0x00, 0x00, 0x00, 0x00, 0x00, 0x00, 0x00, 0x00, 0xff, 0xff, 0x00, 0x00, 0xff, 0xff,
  0x7d, 0xef, 0xae, 0x73, 0x69, 0x4a, 0xaa, 0x52, 0x6d, 0x6b, 0x4d, 0x6b, 0x69, 0x4a, 0xeb, 0x5a,
  0x9e, 0xf7, 0xdf, 0xff, 0x1c, 0xe7, 0x00, 0x00, 0xff, 0xff, 0x00, 0x00, 0x00, 0x00, 0x00, 0x00,
  0x00, 0x00, 0x00, 0x00, 0x00, 0x00, 0xff, 0xff, 0x00, 0x00, 0xfb, 0xde, 0xdf, 0xff, 0xbe, 0xf7,
  0x4d, 0x6b, 0xaa, 0x52, 0xdb, 0xde, 0xbe, 0xf7, 0x6d, 0x6b, 0xeb, 0x5a, 0x7d, 0xef, 0xdf, 0xff,
  0xfb, 0xde, 0x00, 0x00, 0xff, 0xff, 0x00, 0x00, 0x00, 0x00, 0x00, 0x00, 0x00, 0x00, 0x00, 0x00,
  0x00, 0x00, 0x00, 0x00, 0xff, 0xff, 0xff, 0xff, 0x3c, 0xe7, 0xdf, 0xff, 0x9e, 0xf7, 0x8e, 0x73,
  0x8e, 0x73, 0x9e, 0xf7, 0x5d, 0xef, 0x6d, 0x6b, 0x7d, 0xef, 0xff, 0xff, 0x00, 0x00, 0xff, 0xff,
  0x00, 0x00, 0x00, 0x00, 0x00, 0x00, 0x00, 0x00, 0x00, 0x00, 0x00, 0x00, 0x00, 0x00, 0x00, 0x00,
  0x00, 0x00, 0xff, 0xff, 0x00, 0x00, 0x3c, 0xe7, 0xbe, 0xf7, 0xdf, 0xff, 0x7d, 0xef, 0xff, 0xff,
  0x5d, 0xef, 0x6d, 0x6b, 0xba, 0xd6, 0xff, 0xff, 0xff, 0xff, 0xff, 0xff, 0x00, 0x00, 0x00, 0x00,
  0x00, 0x00, 0x00, 0x00, 0x00, 0x00, 0x00, 0x00, 0x00, 0x00, 0x00, 0x00, 0x00, 0x00, 0x00, 0x00,
  0x00, 0x00, 0x00, 0x00, 0xff, 0xff, 0xff, 0xff, 0xff, 0xff, 0xff, 0xff, 0x7d, 0xef, 0x6d, 0x6b,
  0x8e, 0x73, 0x7d, 0xef, 0xff, 0xff, 0x00, 0x00, 0xff, 0xff, 0x00, 0x00, 0x00, 0x00, 0x00, 0x00,
  0x00, 0x00, 0x00, 0x00, 0x00, 0x00, 0x00, 0x00, 0x00, 0x00, 0x00, 0x00, 0x00, 0x00, 0x00, 0x00,
  0x00, 0x00, 0x00, 0x00, 0x00, 0x00, 0xff, 0xff, 0xbe, 0xf7, 0x9e, 0xf7, 0x9e, 0xf7, 0xbe, 0xf7,
  0x9e, 0xf7, 0x00, 0x00, 0xff, 0xff, 0x00, 0x00, 0x00, 0x00, 0x00, 0x00, 0x00, 0x00, 0x00, 0x00,
  0x00, 0x00, 0x00, 0x00, 0x00, 0x00, 0x00, 0x00, 0x01, 0x01, 0x1d, 0xef, 0xff, 0xfe, 0xff, 0xff,
  0xff, 0xff, 0xfe, 0xff, 0xeb, 0x0f, 0x00, 0x00, 0x00, 0x00, 0x00, 0x00, 0x00, 0x01, 0x00, 0x0f,
  0xd9, 0xfd, 0xfe, 0xff, 0xff, 0xff, 0xff, 0xff, 0xfe, 0xff, 0xec, 0x1b, 0x00, 0x00, 0x00, 0x00,
  0x00, 0x00, 0x00, 0x01, 0x00, 0x11, 0xf3, 0xff, 0xfe, 0xff, 0xff, 0xff, 0xff, 0xff, 0xff, 0xff,
  0xfd, 0xea, 0x00, 0x00, 0x00, 0x00, 0x00, 0x00, 0x00, 0x01, 0x00, 0x11, 0xed, 0xff, 0xfe, 0xff,
  0xff, 0xff, 0xff, 0xff, 0xff, 0xff, 0xff, 0xff, 0x00, 0x00, 0x00, 0x00, 0x00, 0x00, 0x00, 0x01,
  0x00, 0x11, 0xee, 0xff, 0xfe, 0xff, 0xff, 0xff, 0xff, 0xff, 0xff, 0xff, 0xff, 0xfd, 0x00, 0x04,
  0x04, 0x00, 0x00, 0x00, 0x00, 0x01, 0x00, 0x14, 0xee, 0xff, 0xfe, 0xff, 0xff, 0xff, 0xff, 0xff,
  0xff, 0xff, 0xfb, 0xf8, 0x02, 0x00, 0x00, 0x00, 0x00, 0x00, 0x00, 0x03, 0x02, 0x03, 0xed, 0xff,
  0xfe, 0xff, 0xff, 0xff, 0xff, 0xff, 0xff, 0xff, 0xff, 0xff, 0x00, 0x50, 0x54, 0x05, 0x00, 0x00,
  0x04, 0x00, 0x00, 0x5c, 0xf4, 0xff, 0xfe, 0xff, 0xff, 0xff, 0xff, 0xfe, 0xfc, 0xf7, 0xad, 0xa5,
  0x5d, 0xff, 0xff, 0x14, 0x03, 0x05, 0x00, 0x21, 0x5e, 0xff, 0xff, 0xfe, 0xff, 0xff, 0xff, 0xff,
  0xff, 0xff, 0xff, 0xfe, 0x02, 0x00, 0xff, 0xfd, 0xe9, 0x04, 0x00, 0x00, 0x46, 0xae, 0xff, 0xfa,
  0xff, 0xff, 0xff, 0xff, 0xff, 0xff, 0xff, 0xf9, 0xb8, 0xa8, 0x0f, 0x04, 0xfb, 0xff, 0xf3, 0x55,
  0x48, 0x55, 0xff, 0xff, 0xfb, 0xff, 0xff, 0xff, 0xff, 0xff, 0xff, 0xfe, 0xff, 0xed, 0x04, 0x00,
  0x00, 0x00, 0xff, 0xff, 0xff, 0xff, 0xff, 0xff, 0xfd, 0xfd, 0xff, 0xff, 0xff, 0xff, 0xff, 0xff,
  0xff, 0xfe, 0xfc, 0xec, 0x14, 0x03, 0x01, 0x00, 0xfd, 0xff, 0xff, 0xfc, 0xfc, 0xfc, 0xff, 0xff,
  0xff, 0xff, 0xff, 0xff, 0xff, 0xff, 0xff, 0xff, 0xff, 0xfa, 0x12, 0x00, 0x01, 0x00, 0xff, 0xfe,
  0xff, 0xff, 0xff, 0xff, 0xff, 0xff, 0xff, 0xff, 0xff, 0xff, 0xff, 0xff, 0xff, 0xf7, 0xca, 0xb9,
  0x0d, 0x00, 0x01, 0x00, 0xcf, 0xff, 0xfe, 0xff, 0xff, 0xff, 0xff, 0xff, 0xff, 0xff, 0xff, 0xff,
  0xff, 0xfe, 0xff, 0xfb, 0x0a, 0x00, 0x01, 0x00, 0x00, 0x00, 0x08, 0xc2, 0xff, 0xfd, 0xff, 0xff,
  0xff, 0xff, 0xff, 0xff, 0xff, 0xff, 0xfe, 0xff, 0xf2, 0x58, 0x07, 0x02, 0x00, 0x00, 0x00, 0x00,
  0x01, 0x09, 0xca, 0xff, 0xff, 0xff, 0xff, 0xff, 0xff, 0xff, 0xff, 0xff, 0xfe, 0xff, 0xf5, 0x04,
  0x00, 0x01, 0x00, 0x00, 0x00, 0x00, 0x01, 0x01, 0x0c, 0xcc, 0xfb, 0xfe, 0xff, 0xff, 0xff, 0xff,
  0xff, 0xff, 0xfe, 0xfb, 0xcc, 0x12, 0x00, 0x01, 0x00, 0x00, 0x00, 0x00, 0x00, 0x01, 0x00, 0x11,
  0xf4, 0xfe, 0xfe, 0xff, 0xff, 0xfe, 0xff, 0xfe, 0xff, 0xf4, 0x11, 0x00, 0x01, 0x00, 0x00, 0x00,
  0x00, 0x00, 0x00, 0x01, 0x00, 0x0f, 0xd4, 0xff, 0xfd, 0xfd, 0xfe, 0xff, 0xff, 0xfe, 0xfd, 0xd4,
  0x0f, 0x00, 0x01, 0x00, 0x00, 0x00, 0x00, 0x00, 0x00, 0x00, 0x01, 0x01, 0x13, 0xd7, 0xff, 0xff,
  0xff, 0xe8, 0xfc, 0xff, 0xee, 0x10, 0x00, 0x01, 0x00, 0x00, 0x00, 0x00, 0x00, 0x00, 0x00, 0x00,
  0x00, 0x01, 0x00, 0x16, 0xd9, 0xe9, 0xd5, 0x26, 0xea, 0xff, 0xef, 0x23, 0x01, 0x01, 0x00, 0x00,
  0x00, 0x00, 0x00, 0x00, 0x00, 0x00, 0x00, 0x00, 0x00, 0x00, 0x09, 0x0b, 0x09, 0x10, 0xee, 0xff,
  0xfe, 0xe6, 0x10, 0x00, 0x01, 0x00, 0x00, 0x00, 0x00, 0x00, 0x00, 0x00, 0x00, 0x00, 0x00, 0x00,
  0x00, 0x00, 0x00, 0x11, 0xee, 0xff, 0xff, 0xf1, 0x11, 0x00, 0x01, 0x00, 0x00, 0x00, 0x00, 0x00
};

const lv_image_dsc_t img_dino_run2 = {
  .header.magic = LV_IMAGE_HEADER_MAGIC,
  .header.cf = LV_COLOR_FORMAT_RGB565A8,
  .header.stride = 44,
  .header.w = 22,
  .header.h = 24,
  .data_size = sizeof(img_dino_run2_map),
  .data = img_dino_run2_map,
};

const uint8_t img_dino_jump_map[] = {
  0x00, 0x00, 0x00, 0x00, 0x00, 0x00, 0x00, 0x00, 0x00, 0x00, 0x00, 0x00, 0x00, 0x00, 0x00, 0x00,
  0xff, 0xff, 0xff, 0xff, 0xbe, 0xf7, 0xdf, 0xff, 0x9e, 0xf7, 0x7d, 0xef, 0x7d, 0xef, 0x7d, 0xef,
  0x7d, 0xef, 0x7d, 0xef, 0x7d, 0xef, 0xbe, 0xf7, 0xbe, 0xf7, 0xff, 0xff, 0x00, 0x00, 0x00, 0x00,
  0x00, 0x00, 0x00, 0x00, 0x00, 0x00, 0x00, 0x00, 0x00, 0x00, 0xff, 0xff, 0x00, 0x00, 0x7d, 0xef,
  0xdf, 0xff, 0x7d, 0xef, 0x4d, 0x6b, 0x8a, 0x52, 0x0c, 0x63, 0x0c, 0x63, 0x0c, 0x63, 0x0c, 0x63,
  0xeb, 0x5a, 0x8e, 0x73, 0x3c, 0xe7, 0xff, 0xff, 0x00, 0x00, 0x00, 0x00, 0x00, 0x00, 0x00, 0x00,
  0x00, 0x00, 0x00, 0x00, 0x00, 0x00, 0xff, 0xff, 0x00, 0x00, 0xff, 0xff, 0x7d, 0xef, 0x6d, 0x6b,
  0xaa, 0x52, 0xf3, 0x9c, 0xaa, 0x52, 0x69, 0x4a, 0x8a, 0x52, 0x69, 0x4a, 0x69, 0x4a, 0x69, 0x4a,
  0x4d, 0x6b, 0x5d, 0xef, 0x00, 0x00, 0x00, 0x00, 0x00, 0x00, 0x00, 0x00, 0x00, 0x00, 0x00, 0x00,
  0x00, 0x00, 0xff, 0xff, 0x00, 0x00, 0xff, 0xff, 0x5d, 0xef, 0xeb, 0x5a, 0xcb, 0x5a, 0xb6, 0xb5,
  0xeb, 0x5a, 0x8a, 0x52, 0xaa, 0x52, 0xaa, 0x52, 0xaa, 0x52, 0x69, 0x4a, 0xeb, 0x5a, 0x9e, 0xf7,
  0x00, 0x00, 0x00, 0x00, 0x00, 0x00, 0x00, 0x00, 0x00, 0x00, 0x00, 0x00, 0x00, 0x00, 0xff, 0xff,
  0x00, 0x00, 0xff, 0xff, 0x5d, 0xef, 0x0c, 0x63, 0x69, 0x4a, 0x28, 0x42, 0x8a, 0x52, 0xaa, 0x52,
  0xaa, 0x52, 0xaa, 0x52, 0xaa, 0x52, 0x8a, 0x52, 0x0c, 0x63, 0x5d, 0xef, 0x00, 0x00, 0xf7, 0xbd,
  0xf7, 0xbd, 0x00, 0x00, 0x00, 0x00, 0x00, 0x00, 0x00, 0x00, 0xff, 0xff, 0x00, 0x00, 0xff, 0xff,
  0x5d, 0xef, 0x0c, 0x63, 0x69, 0x4a, 0xaa, 0x52, 0x8a, 0x52, 0x8a, 0x52, 0x28, 0x42, 0x28, 0x42,
  0x28, 0x42, 0x08, 0x42, 0x8a, 0x52, 0x5d, 0xef, 0xff, 0xff, 0x00, 0x00, 0x00, 0x00, 0x00, 0x00,
  0x00, 0x00, 0x00, 0x00, 0x00, 0x00, 0xff, 0xff, 0xff, 0xff, 0xff, 0xff, 0x5d, 0xef, 0x0c, 0x63,
  0x69, 0x4a, 0xaa, 0x52, 0x8a, 0x52, 0xcb, 0x5a, 0xb2, 0x94, 0xf3, 0x9c, 0xd3, 0x9c, 0x71, 0x8c,
  0x34, 0xa5, 0xff, 0xff, 0x00, 0x00, 0xff, 0xff, 0xdf, 0xff, 0xff, 0xff, 0x00, 0x00, 0x00, 0x00,
  0xf7, 0xbd, 0x00, 0x00, 0x00, 0x00, 0xdf, 0xff, 0xbe, 0xf7, 0x0c, 0x63, 0x69, 0x4a, 0xaa, 0x52,
  0x8a, 0x52, 0x8a, 0x52, 0xd7, 0xbd, 0x18, 0xc6, 0x38, 0xc6, 0xff, 0xff, 0xff, 0xff, 0xdf, 0xff,
  0x5d, 0xef, 0x79, 0xce, 0x9e, 0xf7, 0xff, 0xff, 0xff, 0xff, 0xff, 0xff, 0x00, 0x00, 0x1c, 0xe7,
  0xff, 0xff, 0xff, 0xff, 0x38, 0xc6, 0xcb, 0x5a, 0x8a, 0x52, 0x8a, 0x52, 0xaa, 0x52, 0x10, 0x84,
  0xcf, 0x7b, 0xae, 0x73, 0xb2, 0x94, 0x5d, 0xef, 0xef, 0x7b, 0x00, 0x00, 0xbe, 0xf7, 0x2c, 0x63,
  0x9e, 0xf7, 0xff, 0xff, 0x00, 0x00, 0x00, 0x00, 0x9e, 0xf7, 0xff, 0xff, 0xbe, 0xf7, 0xb6, 0xb5,
  0x8a, 0x52, 0x8a, 0x52, 0xaa, 0x52, 0x8a, 0x52, 0xeb, 0x5a, 0xff, 0xff, 0xff, 0xff, 0xff, 0xff,
  0xff, 0xff, 0xbe, 0xf7, 0xff, 0xff, 0xff, 0xff, 0x5d, 0xef, 0x4d, 0x6b, 0xf7, 0xbd, 0xff, 0xff,
  0xbe, 0xf7, 0x9e, 0xf7, 0xdf, 0xff, 0xdb, 0xde, 0x30, 0x84, 0x08, 0x42, 0xaa, 0x52, 0x8a, 0x52,
  0xaa, 0x52, 0x8a, 0x52, 0xcb, 0x5a, 0xb6, 0xb5, 0x9a, 0xd6, 0x9e, 0xf7, 0xe7, 0x39, 0x00, 0x00,
  0x00, 0x00, 0x00, 0x00, 0x7d, 0xef, 0xeb, 0x5a, 0x8a, 0x52, 0x9a, 0xd6, 0xff, 0xff, 0xff, 0xff,
  0x38, 0xc6, 0x8a, 0x52, 0x69, 0x4a, 0xaa, 0x52, 0x8a, 0x52, 0x8a, 0x52, 0x8a, 0x52, 0x8a, 0x52,
  0xaa, 0x52, 0x4d, 0x6b, 0x8a, 0x52, 0x5d, 0xef, 0xff, 0xff, 0xff, 0xff, 0xff, 0xff, 0x00, 0x00,
  0x5d, 0xef, 0x0c, 0x63, 0x69, 0x4a, 0x8a, 0x52, 0x59, 0xce, 0x59, 0xce, 0xaa, 0x52, 0x8a, 0x52,
  0xaa, 0x52, 0x8a, 0x52, 0x8a, 0x52, 0x8a, 0x52, 0xaa, 0x52, 0x69, 0x4a, 0x0c, 0x63, 0x5d, 0xef,
  0xf3, 0x9c, 0x5d, 0xef, 0xff, 0xff, 0x00, 0x00, 0xff, 0xff, 0x00, 0x00, 0xbe, 0xf7, 0xcb, 0x5a,
  0x8a, 0x52, 0xaa, 0x52, 0x69, 0x4a, 0x69, 0x4a, 0xaa, 0x52, 0x8a, 0x52, 0x8a, 0x52, 0x8a, 0x52,
  0x8a, 0x52, 0x8a, 0x52, 0xaa, 0x52, 0x8a, 0x52, 0x0c, 0x63, 0x5d, 0xef, 0xff, 0xff, 0xbe, 0xf7,
  0xff, 0xff, 0x00, 0x00, 0xff, 0xff, 0x00, 0x00, 0x7d, 0xef, 0x10, 0x84, 0x69, 0x4a, 0x8a, 0x52,
  0xaa, 0x52, 0xaa, 0x52, 0x8a, 0x52, 0x8a, 0x52, 0x8a, 0x52, 0x8a, 0x52, 0x8a, 0x52, 0x8a, 0x52,
  0xaa, 0x52, 0x69, 0x4a, 0xcb, 0x5a, 0x5d, 0xef, 0xff, 0xff, 0x00, 0x00, 0xff, 0xff, 0x00, 0x00,
  0x00, 0x00, 0x00, 0x00, 0xff, 0xff, 0x9e, 0xf7, 0x10, 0x84, 0x69, 0x4a, 0x8a, 0x52, 0xaa, 0x52,
  0x8a, 0x52, 0x8a, 0x52, 0x8a, 0x52, 0x8a, 0x52, 0x8a, 0x52, 0xaa, 0x52, 0x8a, 0x52, 0xaa, 0x52,
  0xf7, 0xbd, 0x9e, 0xf7, 0xff, 0xff, 0xff, 0xff, 0x00, 0x00, 0x00, 0x00, 0x00, 0x00, 0x00, 0x00,
  0xff, 0xff, 0xff, 0xff, 0x7d, 0xef, 0xef, 0x7b, 0x69, 0x4a, 0xaa, 0x52, 0x8a, 0x52, 0x8a, 0x52,
  0x8a, 0x52, 0xaa, 0x52, 0x8a, 0x52, 0x8a, 0x52, 0x69, 0x4a, 0xef, 0x7b, 0xbe, 0xf7, 0xff, 0xff,
  0x00, 0x00, 0xff, 0xff, 0x00, 0x00, 0x00, 0x00, 0x00, 0x00, 0x00, 0x00, 0xff, 0xff, 0x00, 0x00,
  0xff, 0xff, 0x7d, 0xef, 0xae, 0x73, 0x69, 0x4a, 0x8a, 0x52, 0xaa, 0x52, 0x8a, 0x52, 0x69, 0x4a,
  0xaa, 0x52, 0x8a, 0x52, 0xae, 0x73, 0x9e, 0xf7, 0xdf, 0xff, 0xba, 0xd6, 0x00, 0x00, 0xff, 0xff,
  0x00, 0x00, 0x00, 0x00, 0x00, 0x00, 0x00, 0x00, 0x00, 0x00, 0xff, 0xff, 0x00, 0x00, 0xff, 0xff,
  0x7d, 0xef, 0xae, 0x73, 0x8a, 0x52, 0x8a, 0x52, 0x8a, 0x52, 0x6d, 0x6b, 0x69, 0x4a, 0xeb, 0x5a,
  0x9e, 0xf7, 0xdf, 0xff, 0x1c, 0xe7, 0x00, 0x00, 0xff, 0xff, 0x00, 0x00, 0x00, 0x00, 0x00, 0x00,
  0x00, 0x00, 0x00, 0x00, 0x00, 0x00, 0xff, 0xff, 0x00, 0x00, 0xfb, 0xde, 0xdf, 0xff, 0x7d, 0xef,
  0xeb, 0x5a, 0x49, 0x4a, 0xae, 0x73, 0x1c, 0xe7, 0x6d, 0x6b, 0xeb, 0x5a, 0x7d, 0xef, 0xdf, 0xff,
  0xfb, 0xde, 0x00, 0x00, 0xff, 0xff, 0x00, 0x00, 0x00, 0x00, 0x00, 0x00, 0x00, 0x00, 0x00, 0x00,
  0x00, 0x00, 0x00, 0x00, 0xff, 0xff, 0xff, 0xff, 0xff, 0xff, 0x7d, 0xef, 0x0c, 0x63, 0x6d, 0x6b,
  0x5d, 0xef, 0xff, 0xff, 0x3c, 0xe7, 0x8e, 0x73, 0x7d, 0xef, 0xff, 0xff, 0x00, 0x00, 0xff, 0xff,
  0x00, 0x00, 0x00, 0x00, 0x00, 0x00, 0x00, 0x00, 0x00, 0x00, 0x00, 0x00, 0x00, 0x00, 0x00, 0x00,
  0xff, 0xff, 0x00, 0x00, 0xff, 0xff, 0x5d, 0xef, 0x4d, 0x6b, 0xba, 0xd6, 0xff, 0xff, 0xff, 0xff,
  0x5d, 0xef, 0x6d, 0x6b, 0xdb, 0xde, 0xff, 0xff, 0xff, 0xff, 0xff, 0xff, 0x00, 0x00, 0x00, 0x00,
  0x00, 0x00, 0x00, 0x00, 0x00, 0x00, 0x00, 0x00, 0x00, 0x00, 0x00, 0x00, 0xff, 0xff, 0x00, 0x00,
  0xff, 0xff, 0x7d, 0xef, 0x6d, 0x6b, 0x8e, 0x73, 0x7d, 0xef, 0xff, 0xff, 0x7d, 0xef, 0x6d, 0x6b,
  0x8e, 0x73, 0x7d, 0xef, 0xff, 0xff, 0x00, 0x00, 0xff, 0xff, 0x00, 0x00, 0x00, 0x00, 0x00, 0x00,
  0x00, 0x00, 0x00, 0x00, 0x00, 0x00, 0x00, 0x00, 0xff, 0xff, 0x00, 0x00, 0x9e, 0xf7, 0xbe, 0xf7,
  0x9e, 0xf7, 0x9e, 0xf7, 0xbe, 0xf7, 0xff, 0xff, 0xbe, 0xf7, 0x9e, 0xf7, 0x9e, 0xf7, 0xbe, 0xf7,
  0x9e, 0xf7, 0x00, 0x00, 0xff, 0xff, 0x00, 0x00, 0x00, 0x00, 0x00, 0x00, 0x00, 0x00, 0x00, 0x00,
  0x00, 0x00, 0x00, 0x00, 0x00, 0x00, 0x00, 0x00, 0x01, 0x01, 0x1d, 0xef, 0xff, 0xfe, 0xff, 0xff,
  0xff, 0xff, 0xfe, 0xff, 0xeb, 0x0f, 0x00, 0x00, 0x00, 0x00, 0x00, 0x00, 0x00, 0x01, 0x00, 0x0f,
  0xd9, 0xfd, 0xfe, 0xff, 0xff, 0xff, 0xff, 0xff, 0xfe, 0xff, 0xec, 0x1b, 0x00, 0x00, 0x00, 0x00,
  0x00, 0x00, 0x00, 0x01, 0x00, 0x11, 0xf3, 0xff, 0xfe, 0xff, 0xff, 0xff, 0xff, 0xff, 0xff, 0xff,
  0xfd, 0xea, 0x00, 0x00, 0x00, 0x00, 0x00, 0x00, 0x00, 0x01, 0x00, 0x11, 0xed, 0xff, 0xfe, 0xff,
  0xff, 0xff, 0xff, 0xff, 0xff, 0xff, 0xff, 0xff, 0x00, 0x00, 0x00, 0x00, 0x00, 0x00, 0x00, 0x01,
  0x00, 0x11, 0xee, 0xff, 0xfe, 0xff, 0xff, 0xff, 0xff, 0xff, 0xff, 0xff, 0xff, 0xfe, 0x00, 0x04,
  0x04, 0x00, 0x00, 0x00, 0x00, 0x01, 0x00, 0x14, 0xee, 0xff, 0xfe, 0xff, 0xff, 0xff, 0xff, 0xff,
  0xff, 0xff, 0xfb, 0xfb, 0x02, 0x00, 0x00, 0x00, 0x00, 0x00, 0x00, 0x03, 0x02, 0x03, 0xed, 0xff,
  0xfe, 0xff, 0xff, 0xff, 0xff, 0xff, 0xff, 0xff, 0xff, 0xff, 0x00, 0x50, 0x54, 0x05, 0x00, 0x00,
  0x04, 0x00, 0x00, 0x5c, 0xf4, 0xff, 0xfe, 0xff, 0xff, 0xff, 0xff, 0xfe, 0xfc, 0xf7, 0xad, 0xa8,
  0x5d, 0xff, 0xff, 0x14, 0x03, 0x05, 0x00, 0x21, 0x5e, 0xff, 0xff, 0xfe, 0xff, 0xff, 0xff, 0xff,
  0xff, 0xff, 0xff, 0xfe, 0x02, 0x00, 0xff, 0xfd, 0xe9, 0x04, 0x00, 0x00, 0x46, 0xae, 0xff, 0xfa,
  0xff, 0xff, 0xff, 0xff, 0xff, 0xff, 0xff, 0xf9, 0xb8, 0xa8, 0x0f, 0x04, 0xfb, 0xff, 0xf3, 0x55,
  0x48, 0x55, 0xff, 0xff, 0xfb, 0xff, 0xff, 0xff, 0xff, 0xff, 0xff, 0xfe, 0xff, 0xed, 0x04, 0x00,
  0x00, 0x00, 0xff, 0xff, 0xff, 0xff, 0xff, 0xff, 0xfd, 0xfd, 0xff, 0xff, 0xff, 0xff, 0xff, 0xff,
  0xff, 0xfe, 0xfc, 0xec, 0x14, 0x03, 0x01, 0x00, 0xfd, 0xff, 0xff, 0xfc, 0xfc, 0xfc, 0xff, 0xff,
  0xff, 0xff, 0xff, 0xff, 0xff, 0xff, 0xff, 0xff, 0xff, 0xfa, 0x12, 0x00, 0x01, 0x00, 0xff, 0xfe,
  0xff, 0xff, 0xff, 0xff, 0xff, 0xff, 0xff, 0xff, 0xff, 0xff, 0xff, 0xff, 0xff, 0xf7, 0xca, 0xb9,
  0x0d, 0x00, 0x01, 0x00, 0xcf, 0xff, 0xfe, 0xff, 0xff, 0xff, 0xff, 0xff, 0xff, 0xff, 0xff, 0xff,
  0xff, 0xfe, 0xff, 0xfb, 0x0a, 0x00, 0x01, 0x00, 0x00, 0x00, 0x08, 0xc2, 0xff, 0xfd, 0xff, 0xff,
  0xff, 0xff, 0xff, 0xff, 0xff, 0xff, 0xfe, 0xff, 0xf2, 0x58, 0x07, 0x02, 0x00, 0x00, 0x00, 0x00,
  0x01, 0x09, 0xca, 0xff, 0xff, 0xff, 0xff, 0xff, 0xff, 0xff, 0xff, 0xff, 0xfe, 0xff, 0xf5, 0x04,
  0x00, 0x01, 0x00, 0x00, 0x00, 0x00, 0x01, 0x01, 0x0c, 0xcc, 0xfb, 0xfe, 0xff, 0xff, 0xff, 0xfe,
  0xff, 0xff, 0xfe, 0xfb, 0xcc, 0x12, 0x00, 0x01, 0x00, 0x00, 0x00, 0x00, 0x00, 0x01, 0x00, 0x11,
  0xf4, 0xff, 0xfe, 0xff, 0xfe, 0xff, 0xff, 0xfe, 0xff, 0xf4, 0x11, 0x00, 0x01, 0x00, 0x00, 0x00,
  0x00, 0x00, 0x00, 0x01, 0x00, 0x0f, 0xd3, 0xfd, 0xfe, 0xff, 0xff, 0xe5, 0xfc, 0xfe, 0xfd, 0xd4,
  0x0f, 0x00, 0x01, 0x00, 0x00, 0x00, 0x00, 0x00, 0x00, 0x00, 0x01, 0x01, 0x15, 0xee, 0xff, 0xfd,
  0xce, 0x22, 0xea, 0xff, 0xed, 0x10, 0x00, 0x01, 0x00, 0x00, 0x00, 0x00, 0x00, 0x00, 0x00, 0x00,
  0x01, 0x00, 0x10, 0xed, 0xff, 0xf0, 0x26, 0x0d, 0xed, 0xff, 0xee, 0x23, 0x01, 0x01, 0x00, 0x00,
  0x00, 0x00, 0x00, 0x00, 0x00, 0x00, 0x01, 0x00, 0x12, 0xee, 0xff, 0xfe, 0xdf, 0x21, 0xea, 0xff,
  0xfe, 0xe6, 0x10, 0x00, 0x01, 0x00, 0x00, 0x00, 0x00, 0x00, 0x00, 0x00, 0x01, 0x00, 0x11, 0xee,
  0xff, 0xff, 0xed, 0x21, 0xea, 0xff, 0xff, 0xf1, 0x11, 0x00, 0x01, 0x00, 0x00, 0x00, 0x00, 0x00
};

const lv_image_dsc_t img_dino_jump = {
  .header.magic = LV_IMAGE_HEADER_MAGIC,
  .header.cf = LV_COLOR_FORMAT_RGB565A8,
  .header.stride = 44,
  .header.w = 22,
  .header.h = 24,
  .data_size = sizeof(img_dino_jump_map),
  .data = img_dino_jump_map,
};

const uint8_t img_dino_dead_map[] = {
  0x00, 0x00, 0x00, 0x00, 0x00, 0x00, 0x00, 0x00, 0x00, 0x00, 0x00, 0x00, 0x00, 0x00, 0x00, 0x00,
  0x00, 0x00, 0x00, 0x00, 0x00, 0x00, 0xaa, 0x52, 0x00, 0x00, 0x00, 0x00, 0x00, 0x00, 0x00, 0x00,
  0x00, 0x00, 0x00, 0x00, 0x00, 0x00, 0x00, 0x00, 0x00, 0x00, 0x00, 0x00, 0x00, 0x00, 0x00, 0x00,
  0x00, 0x00, 0x00, 0x00, 0x00, 0x00, 0x00, 0x00, 0x00, 0x00, 0x00, 0x00, 0x00, 0x00, 0x00, 0x00,
  0x00, 0x00, 0x00, 0x00, 0x8a, 0x52, 0x49, 0x4a, 0x28, 0x42, 0x8a, 0x52, 0x8a, 0x52, 0x8a, 0x52,
  0x8a, 0x52, 0xaa, 0x52, 0xaa, 0x52, 0x00, 0x00, 0x00, 0x00, 0x00, 0x00, 0x00, 0x00, 0x00, 0x00,
  0x00, 0x00, 0x00, 0x00, 0x00, 0x00, 0x00, 0x00, 0x00, 0x00, 0x00, 0x00, 0x69, 0x4a, 0x8a, 0x52,
  0xaa, 0x52, 0xcf, 0x7b, 0xef, 0x7b, 0xeb, 0x5a, 0xcb, 0x5a, 0xcb, 0x5a, 0xcb, 0x5a, 0xcb, 0x5a,
  0xaa, 0x52, 0x8a, 0x52, 0x00, 0x00, 0x00, 0x00, 0x00, 0x00, 0x00, 0x00, 0x00, 0x00, 0x00, 0x00,
  0x00, 0x00, 0x00, 0x00, 0x00, 0x00, 0x00, 0x00, 0xcb, 0x5a, 0x69, 0x4a, 0x2c, 0x63, 0xd7, 0xbd,
  0xd7, 0xbd, 0xae, 0x73, 0x49, 0x4a, 0xaa, 0x52, 0x8a, 0x52, 0x8a, 0x52, 0xcb, 0x5a, 0x69, 0x4a,
  0x00, 0x00, 0x00, 0x00, 0x00, 0x00, 0x00, 0x00, 0x00, 0x00, 0x00, 0x00, 0x00, 0x00, 0x00, 0x00,
  0x00, 0x00, 0x00, 0x00, 0xeb, 0x5a, 0x69, 0x4a, 0xeb, 0x5a, 0x55, 0xad, 0x75, 0xad, 0x4d, 0x6b,
  0x69, 0x4a, 0xaa, 0x52, 0x8a, 0x52, 0x8a, 0x52, 0xaa, 0x52, 0x8a, 0x52, 0x00, 0x00, 0x00, 0x00,
  0x00, 0x00, 0x00, 0x00, 0x00, 0x00, 0x00, 0x00, 0x00, 0x00, 0x00, 0x00, 0x00, 0x00, 0x00, 0x00,
  0x69, 0x4a, 0x8a, 0x52, 0x8a, 0x52, 0x8a, 0x52, 0x8a, 0x52, 0x8a, 0x52, 0x8a, 0x52, 0x8a, 0x52,
  0x8a, 0x52, 0x8a, 0x52, 0xaa, 0x52, 0x8a, 0x52, 0x00, 0x00, 0xaa, 0x52, 0x00, 0x00, 0x00, 0x00,
  0x00, 0x00, 0x00, 0x00, 0x00, 0x00, 0x00, 0x00, 0x00, 0x00, 0x00, 0x00, 0x69, 0x4a, 0x8a, 0x52,
  0xaa, 0x52, 0x8a, 0x52, 0x8a, 0x52, 0x8a, 0x52, 0x8a, 0x52, 0x8a, 0x52, 0x8a, 0x52, 0xaa, 0x52,
  0xcb, 0x5a, 0x8a, 0x52, 0x00, 0x00, 0x00, 0x00, 0x00, 0x00, 0x00, 0x00, 0x00, 0x00, 0x00, 0x00,
  0x00, 0x00, 0x00, 0x00, 0xaa, 0x52, 0xaa, 0x52, 0x00, 0x00, 0x8a, 0x52, 0xaa, 0x52, 0x8a, 0x52,
  0x8a, 0x52, 0xcb, 0x5a, 0xcb, 0x5a, 0xcb, 0x5a, 0xcb, 0x5a, 0x8a, 0x52, 0xaa, 0x52, 0x8a, 0x52,
  0x8a, 0x52, 0x8a, 0x52, 0xaa, 0x52, 0x00, 0x00, 0x00, 0x00, 0x00, 0x00, 0x00, 0x00, 0x86, 0x31,
  0x00, 0x00, 0x00, 0x00, 0x8a, 0x52, 0x8a, 0x52, 0x8a, 0x52, 0x8a, 0x52, 0x8a, 0x52, 0x8a, 0x52,
  0x8a, 0x52, 0xaa, 0x52, 0xaa, 0x52, 0xcb, 0x5a, 0x00, 0x00, 0x00, 0x00, 0x8a, 0x52, 0x8a, 0x52,
  0x00, 0x00, 0x86, 0x31, 0x00, 0x00, 0x00, 0x00, 0xaa, 0x52, 0x00, 0x00, 0x8a, 0x52, 0xcb, 0x5a,
  0xaa, 0x52, 0xaa, 0x52, 0x8a, 0x52, 0x8a, 0x52, 0x8a, 0x52, 0x00, 0x00, 0x00, 0x00, 0x00, 0x00,
  0x00, 0x00, 0x00, 0x00, 0xe7, 0x39, 0x00, 0x00, 0x8a, 0x52, 0xaa, 0x52, 0x8a, 0x52, 0x00, 0x00,
  0xaa, 0x52, 0x00, 0x00, 0xe7, 0x39, 0x8a, 0x52, 0x8a, 0x52, 0xeb, 0x5a, 0x8a, 0x52, 0x8a, 0x52,
  0x8a, 0x52, 0x8a, 0x52, 0x8a, 0x52, 0xaa, 0x52, 0x8a, 0x52, 0xcb, 0x5a, 0xe7, 0x39, 0xef, 0x7b,
  0x00, 0x00, 0x00, 0x00, 0x69, 0x4a, 0xcb, 0x5a, 0xaa, 0x52, 0x8a, 0x52, 0x00, 0x00, 0xe7, 0x39,
  0x8a, 0x52, 0xcb, 0x5a, 0xaa, 0x52, 0x8a, 0x52, 0x8a, 0x52, 0x8a, 0x52, 0x8a, 0x52, 0xaa, 0x52,
  0x8a, 0x52, 0x8a, 0x52, 0xaa, 0x52, 0xaa, 0x52, 0x00, 0x00, 0xef, 0x7b, 0x00, 0x00, 0x00, 0x00,
  0x8a, 0x52, 0x8a, 0x52, 0xaa, 0x52, 0x8a, 0x52, 0x8a, 0x52, 0x8a, 0x52, 0xcb, 0x5a, 0x8a, 0x52,
  0x8a, 0x52, 0x8a, 0x52, 0x8a, 0x52, 0x8a, 0x52, 0x8a, 0x52, 0x8a, 0x52, 0x8a, 0x52, 0x4d, 0x6b,
  0x8a, 0x52, 0xcb, 0x5a, 0x00, 0x00, 0x00, 0x00, 0x00, 0x00, 0x00, 0x00, 0x8a, 0x52, 0xcb, 0x5a,
  0x8a, 0x52, 0x8a, 0x52, 0xcb, 0x5a, 0xcb, 0x5a, 0x8a, 0x52, 0x8a, 0x52, 0x8a, 0x52, 0x8a, 0x52,
  0x8a, 0x52, 0x8a, 0x52, 0x8a, 0x52, 0x8a, 0x52, 0xaa, 0x52, 0xcb, 0x5a, 0x00, 0x00, 0x00, 0x00,
  0x00, 0x00, 0x00, 0x00, 0x00, 0x00, 0x00, 0x00, 0x49, 0x4a, 0xaa, 0x52, 0xaa, 0x52, 0x8a, 0x52,
  0x8a, 0x52, 0x8a, 0x52, 0x8a, 0x52, 0x8a, 0x52, 0x8a, 0x52, 0x8a, 0x52, 0x8a, 0x52, 0x8a, 0x52,
  0x8a, 0x52, 0x8a, 0x52, 0x8a, 0x52, 0xcb, 0x5a, 0xe7, 0x39, 0xef, 0x7b, 0x00, 0x00, 0x00, 0x00,
  0x00, 0x00, 0x00, 0x00, 0x00, 0x00, 0x00, 0x00, 0xaa, 0x52, 0xaa, 0x52, 0x8a, 0x52, 0x8a, 0x52,
  0x8a, 0x52, 0x8a, 0x52, 0x8a, 0x52, 0x8a, 0x52, 0x8a, 0x52, 0x8a, 0x52, 0xaa, 0x52, 0x8a, 0x52,
  0xcb, 0x5a, 0x00, 0x00, 0xef, 0x7b, 0x00, 0x00, 0x00, 0x00, 0x00, 0x00, 0x00, 0x00, 0x00, 0x00,
  0x00, 0x00, 0xff, 0xff, 0x00, 0x00, 0xaa, 0x52, 0x8a, 0x52, 0xaa, 0x52, 0x8a, 0x52, 0x8a, 0x52,
  0x8a, 0x52, 0xaa, 0x52, 0x8a, 0x52, 0xaa, 0x52, 0x8a, 0x52, 0x8a, 0x52, 0x49, 0x4a, 0x00, 0x00,
  0x00, 0x00, 0x00, 0x00, 0x00, 0x00, 0x00, 0x00, 0x00, 0x00, 0x00, 0x00, 0x00, 0x00, 0x00, 0x00,
  0xef, 0x7b, 0x00, 0x00, 0x8a, 0x52, 0xaa, 0x52, 0x8a, 0x52, 0x8a, 0x52, 0xaa, 0x52, 0x8a, 0x52,
  0xaa, 0x52, 0x8a, 0x52, 0xaa, 0x52, 0x00, 0x00, 0x00, 0x00, 0x00, 0x00, 0x00, 0x00, 0x00, 0x00,
  0x00, 0x00, 0x00, 0x00, 0x00, 0x00, 0x00, 0x00, 0x00, 0x00, 0x00, 0x00, 0x00, 0x00, 0xef, 0x7b,
  0x00, 0x00, 0x8a, 0x52, 0x8a, 0x52, 0xaa, 0x52, 0x8a, 0x52, 0x8a, 0x52, 0x8a, 0x52, 0x8a, 0x52,
  0x49, 0x4a, 0x00, 0x00, 0x00, 0x00, 0x00, 0x00, 0x00, 0x00, 0x00, 0x00, 0x00, 0x00, 0x00, 0x00,
  0x00, 0x00, 0x00, 0x00, 0x00, 0x00, 0x00, 0x00, 0x00, 0x00, 0xef, 0x7b, 0x00, 0x00, 0xaa, 0x52,
  0x8a, 0x52, 0xaa, 0x52, 0xaa, 0x52, 0x00, 0x00, 0xaa, 0x52, 0x8a, 0x52, 0xcb, 0x5a, 0x00, 0x00,
  0x00, 0x00, 0x00, 0x00, 0x00, 0x00, 0x00, 0x00, 0x00, 0x00, 0x00, 0x00, 0x00, 0x00, 0x00, 0x00,
  0x00, 0x00, 0x00, 0x00, 0x00, 0x00, 0xef, 0x7b, 0x00, 0x00, 0x8a, 0x52, 0x8a, 0x52, 0x8a, 0x52,
  0x00, 0x00, 0x00, 0x00, 0xeb, 0x5a, 0x8a, 0x52, 0x8a, 0x52, 0xe7, 0x39, 0x00, 0x00, 0x00, 0x00,
  0x00, 0x00, 0x00, 0x00, 0x00, 0x00, 0x00, 0x00, 0x00, 0x00, 0x00, 0x00, 0x00, 0x00, 0x00, 0x00,
  0x00, 0x00, 0xef, 0x7b, 0x00, 0x00, 0x69, 0x4a, 0xaa, 0x52, 0x8a, 0x52, 0x49, 0x4a, 0x00, 0x00,
  0xaa, 0x52, 0x8a, 0x52, 0x8a, 0x52, 0x8a, 0x52, 0x00, 0x00, 0x00, 0x00, 0x00, 0x00, 0x00, 0x00,
  0x00, 0x00, 0x00, 0x00, 0x00, 0x00, 0x00, 0x00, 0x00, 0x00, 0x00, 0x00, 0x00, 0x00, 0x00, 0x00,
  0x00, 0x00, 0x00, 0x00, 0x00, 0x00, 0x00, 0x00, 0x00, 0x00, 0x00, 0x00, 0x00, 0x00, 0x00, 0x00,
  0x00, 0x00, 0x00, 0x00, 0x00, 0x00, 0x00, 0x00, 0x00, 0x00, 0x00, 0x00, 0x00, 0x00, 0x00, 0x00,
  0x00, 0x00, 0x00, 0x00, 0x00, 0x00, 0x00, 0x00, 0x00, 0x00, 0x00, 0x00, 0x00, 0x00, 0x00, 0x00,
  0x00, 0x00, 0x00, 0x00, 0x00, 0x00, 0x00, 0x00, 0x00, 0x00, 0x00, 0x00, 0x00, 0x00, 0x00, 0x00,
  0x00, 0x00, 0x00, 0x00, 0x00, 0x00, 0x00, 0x00, 0x00, 0x00, 0x00, 0x00, 0x00, 0x00, 0x00, 0x00,
  0x00, 0x00, 0x00, 0x00, 0x00, 0x00, 0x00, 0x00, 0x00, 0x00, 0x00, 0x03, 0x00, 0x00, 0x00, 0x00,
  0x00, 0x00, 0x00, 0x00, 0x00, 0x01, 0x00, 0x00, 0x00, 0x00, 0x00, 0x00, 0x00, 0x00, 0x00, 0x01,
  0x00, 0x00, 0x83, 0x90, 0x90, 0x90, 0x90, 0x90, 0x8f, 0x90, 0x12, 0x00, 0x00, 0x00, 0x00, 0x00,
  0x00, 0x00, 0x00, 0x00, 0x01, 0x00, 0x0a, 0x9c, 0xff, 0xff, 0xff, 0xff, 0xff, 0xff, 0xff, 0xff,
  0xb9, 0x29, 0x00, 0x00, 0x00, 0x00, 0x00, 0x00, 0x00, 0x00, 0x01, 0x00, 0x11, 0xfe, 0xfd, 0xfa,
  0xfb, 0xfb, 0xfb, 0xfb, 0xfb, 0xfa, 0xff, 0x47, 0x00, 0x00, 0x00, 0x00, 0x00, 0x00, 0x00, 0x00,
  0x01, 0x00, 0x10, 0xec, 0xff, 0xfe, 0xff, 0xff, 0xff, 0xff, 0xff, 0xfe, 0xfc, 0x41, 0x00, 0x00,
  0x00, 0x00, 0x00, 0x00, 0x00, 0x00, 0x01, 0x00, 0x10, 0xef, 0xff, 0xfe, 0xff, 0xff, 0xff, 0xff,
  0xff, 0xfb, 0xfb, 0x41, 0x01, 0x03, 0x00, 0x00, 0x00, 0x00, 0x00, 0x00, 0x01, 0x00, 0x14, 0xef,
  0xff, 0xfe, 0xff, 0xfb, 0xfb, 0xfb, 0xfb, 0xff, 0xff, 0x46, 0x00, 0x00, 0x00, 0x00, 0x00, 0x00,
  0x00, 0x00, 0x03, 0x03, 0x00, 0xee, 0xff, 0xfe, 0xff, 0xff, 0xff, 0xff, 0xff, 0xb1, 0x9a, 0x29,
  0x23, 0x5d, 0x03, 0x00, 0x00, 0x00, 0x00, 0x05, 0x00, 0x00, 0x74, 0xf6, 0xfe, 0xfe, 0xfe, 0xa0,
  0x92, 0x8e, 0x8e, 0x0e, 0x00, 0x00, 0x56, 0xda, 0x00, 0x05, 0x00, 0x01, 0x03, 0x00, 0x3e, 0x8a,
  0xff, 0xff, 0xfd, 0xff, 0xfb, 0x00, 0x00, 0x00, 0x00, 0x00, 0x04, 0x01, 0x45, 0xe5, 0x6b, 0x00,
  0x06, 0x01, 0x04, 0x89, 0xd6, 0xff, 0xfa, 0xff, 0xff, 0xff, 0xfe, 0xad, 0x8f, 0x1a, 0x04, 0x02,
  0x00, 0x00, 0x40, 0xff, 0xf9, 0x7a, 0x00, 0x08, 0xa7, 0xff, 0xff, 0xfb, 0xff, 0xff, 0xfe, 0xff,
  0xfc, 0x8c, 0xff, 0x36, 0x00, 0x02, 0x00, 0x00, 0x42, 0xfc, 0xfe, 0xfe, 0xa4, 0xb4, 0xff, 0xfb,
  0xfd, 0xff, 0xff, 0xff, 0xfe, 0xff, 0xf8, 0x0c, 0x44, 0x14, 0x00, 0x01, 0x00, 0x00, 0x45, 0xff,
  0xfc, 0xfe, 0xff, 0xff, 0xfb, 0xff, 0xff, 0xff, 0xff, 0xff, 0xfe, 0xff, 0xff, 0x25, 0x00, 0x00,
  0x00, 0x00, 0x00, 0x00, 0x11, 0x6d, 0xff, 0xfc, 0xfb, 0xfc, 0xff, 0xff, 0xff, 0xff, 0xff, 0xff,
  0xfe, 0xfd, 0xbf, 0x17, 0x04, 0x02, 0x00, 0x00, 0x00, 0x00, 0x00, 0x01, 0x61, 0xff, 0xff, 0xfe,
  0xff, 0xff, 0xff, 0xfe, 0xff, 0xfe, 0xff, 0xfc, 0x11, 0x00, 0x02, 0x00, 0x00, 0x00, 0x00, 0x00,
  0x01, 0x01, 0x00, 0x53, 0xfe, 0xff, 0xff, 0xff, 0xfe, 0xff, 0xfd, 0xff, 0xf5, 0x40, 0x07, 0x01,
  0x00, 0x00, 0x00, 0x00, 0x00, 0x00, 0x00, 0x01, 0x02, 0x00, 0x46, 0xf8, 0xff, 0xfe, 0xff, 0xf8,
  0xff, 0xf4, 0x33, 0x00, 0x00, 0x00, 0x00, 0x00, 0x00, 0x00, 0x00, 0x00, 0x00, 0x00, 0x01, 0x02,
  0x00, 0x3b, 0xfe, 0xff, 0xd7, 0x33, 0xe7, 0xf4, 0x0e, 0x01, 0x01, 0x00, 0x00, 0x00, 0x00, 0x00,
  0x00, 0x00, 0x00, 0x00, 0x00, 0x02, 0x01, 0x1e, 0xf9, 0xc8, 0x15, 0x00, 0x24, 0xe1, 0x11, 0x00,
  0x01, 0x00, 0x00, 0x00, 0x00, 0x00, 0x00, 0x00, 0x00, 0x00, 0x00, 0x02, 0x00, 0x2e, 0xed, 0x31,
  0x00, 0x01, 0x10, 0xed, 0x3f, 0x04, 0x01, 0x00, 0x00, 0x00, 0x00, 0x00, 0x00, 0x00, 0x00, 0x00,
  0x00, 0x02, 0x00, 0x1e, 0xd6, 0xb9, 0x07, 0x00, 0x0f, 0xcb, 0xcf, 0x13, 0x00, 0x01, 0x00, 0x00,
  0x00, 0x00, 0x00, 0x00, 0x00, 0x00, 0x00, 0x00, 0x00, 0x00, 0x00, 0x01, 0x00, 0x00, 0x00, 0x00,
  0x00, 0x00, 0x00, 0x00, 0x00, 0x00, 0x00, 0x00, 0x00, 0x00, 0x00, 0x00, 0x00, 0x00, 0x00, 0x00,
  0x00, 0x00, 0x00, 0x00, 0x00, 0x00, 0x00, 0x00, 0x00, 0x00, 0x00, 0x00, 0x00, 0x00, 0x00, 0x00
};

const lv_image_dsc_t img_dino_dead = {
  .header.magic = LV_IMAGE_HEADER_MAGIC,
  .header.cf = LV_COLOR_FORMAT_RGB565A8,
  .header.stride = 44,
  .header.w = 22,
  .header.h = 24,
  .data_size = sizeof(img_dino_dead_map),
  .data = img_dino_dead_map,
};

const uint8_t img_cactus_map[] = {
  0x00, 0x00, 0x00, 0x00, 0x00, 0x00, 0x00, 0x00, 0x00, 0x00, 0xff, 0xff, 0x00, 0x00, 0xff, 0xff,
  0xff, 0xff, 0xff, 0xff, 0x00, 0x00, 0x00, 0x00, 0x00, 0x00, 0x00, 0x00, 0x00, 0x00, 0x00, 0x00,
  0x00, 0x00, 0x00, 0x00, 0x00, 0x00, 0x00, 0x00, 0xff, 0xff, 0xff, 0xff, 0xff, 0xff, 0x38, 0xc6,
  0x92, 0x94, 0x14, 0xa5, 0x3c, 0xe7, 0xff, 0xff, 0xef, 0x7b, 0xff, 0xff, 0xff, 0xff, 0x00, 0x00,
  0x00, 0x00, 0x00, 0x00, 0x00, 0x00, 0xff, 0xff, 0x00, 0x00, 0xff, 0xff, 0xba, 0xd6, 0xeb, 0x5a,
  0x28, 0x42, 0x08, 0x42, 0xb2, 0x94, 0xff, 0xff, 0x00, 0x00, 0x00, 0x00, 0x00, 0x00, 0xff, 0xff,
  0x00, 0x00, 0x00, 0x00, 0x00, 0x00, 0xff, 0xff, 0x00, 0x00, 0xff, 0xff, 0x9a, 0xd6, 0x69, 0x4a,
  0xcb, 0x5a, 0x49, 0x4a, 0x30, 0x84, 0xff, 0xff, 0x00, 0x00, 0xff, 0xff, 0xff, 0xff, 0x00, 0x00,
  0x00, 0x00, 0x00, 0x00, 0xff, 0xff, 0xef, 0x7b, 0x00, 0x00, 0xff, 0xff, 0x9a, 0xd6, 0x8a, 0x52,
  0xaa, 0x52, 0x49, 0x4a, 0x30, 0x84, 0xff, 0xff, 0x79, 0xce, 0xb2, 0x94, 0x18, 0xc6, 0xff, 0xff,
  0x00, 0x00, 0xff, 0xff, 0x00, 0x00, 0x00, 0x00, 0x00, 0x00, 0xff, 0xff, 0x9a, 0xd6, 0x8a, 0x52,
  0xaa, 0x52, 0x49, 0x4a, 0x8e, 0x73, 0xff, 0xff, 0xd3, 0x9c, 0x86, 0x31, 0x51, 0x8c, 0xff, 0xff,
  0xff, 0xff, 0xff, 0xff, 0x20, 0x00, 0x3c, 0xe7, 0xfb, 0xde, 0xff, 0xff, 0x79, 0xce, 0x8a, 0x52,
  0xaa, 0x52, 0x49, 0x4a, 0x8e, 0x73, 0xff, 0xff, 0xb2, 0x94, 0xe7, 0x39, 0x51, 0x8c, 0xff, 0xff,
  0xff, 0xff, 0xff, 0xff, 0x1c, 0xe7, 0x10, 0x84, 0xcf, 0x7b, 0x9e, 0xf7, 0xba, 0xd6, 0x69, 0x4a,
  0xaa, 0x52, 0x49, 0x4a, 0x8e, 0x73, 0xff, 0xff, 0xb2, 0x94, 0xe7, 0x39, 0x10, 0x84, 0xff, 0xff,
  0x00, 0x00, 0xff, 0xff, 0x9a, 0xd6, 0x49, 0x4a, 0x28, 0x42, 0x3c, 0xe7, 0x1c, 0xe7, 0x49, 0x4a,
  0xaa, 0x52, 0x49, 0x4a, 0x8e, 0x73, 0xff, 0xff, 0xb2, 0x94, 0xe7, 0x39, 0xcf, 0x7b, 0xff, 0xff,
  0x00, 0x00, 0xff, 0xff, 0x9a, 0xd6, 0xaa, 0x52, 0x69, 0x4a, 0xfb, 0xde, 0xfb, 0xde, 0x49, 0x4a,
  0xaa, 0x52, 0x49, 0x4a, 0x8e, 0x73, 0xff, 0xff, 0xb2, 0x94, 0xe7, 0x39, 0xcf, 0x7b, 0xff, 0xff,
  0x00, 0x00, 0xff, 0xff, 0x9a, 0xd6, 0x8a, 0x52, 0x69, 0x4a, 0xfb, 0xde, 0xfb, 0xde, 0x49, 0x4a,
  0xaa, 0x52, 0x49, 0x4a, 0xae, 0x73, 0xff, 0xff, 0xd3, 0x9c, 0xe7, 0x39, 0xcf, 0x7b, 0xff, 0xff,
  0x00, 0x00, 0xff, 0xff, 0x9a, 0xd6, 0x8a, 0x52, 0x69, 0x4a, 0xfb, 0xde, 0xfb, 0xde, 0x49, 0x4a,
  0xaa, 0x52, 0x69, 0x4a, 0x0c, 0x63, 0x55, 0xad, 0xae, 0x73, 0xe7, 0x39, 0xef, 0x7b, 0xff, 0xff,
  0xff, 0xff, 0xff, 0xff, 0x9a, 0xd6, 0x8a, 0x52, 0x69, 0x4a, 0xfb, 0xde, 0xfb, 0xde, 0x49, 0x4a,
  0xaa, 0x52, 0xaa, 0x52, 0x69, 0x4a, 0xc7, 0x39, 0xe7, 0x39, 0x10, 0x84, 0x59, 0xce, 0xff, 0xff,
  0x00, 0x00, 0xff, 0xff, 0x9a, 0xd6, 0x69, 0x4a, 0x69, 0x4a, 0x1c, 0xe7, 0x1c, 0xe7, 0x49, 0x4a,
  0xaa, 0x52, 0x69, 0x4a, 0x0c, 0x63, 0x55, 0xad, 0x75, 0xad, 0xfb, 0xde, 0x20, 0x00, 0x9e, 0xf7,
  0xdf, 0xff, 0xff, 0xff, 0xba, 0xd6, 0x4d, 0x6b, 0x28, 0x42, 0x8e, 0x73, 0x8e, 0x73, 0x8a, 0x52,
  0xaa, 0x52, 0x28, 0x42, 0x30, 0x84, 0xff, 0xff, 0xff, 0xff, 0xff, 0xff, 0x00, 0x00, 0xdf, 0xff,
  0xff, 0xff, 0x3c, 0xe7, 0xff, 0xff, 0xdb, 0xde, 0xae, 0x73, 0x28, 0x42, 0x49, 0x4a, 0x8a, 0x52,
  0xaa, 0x52, 0x49, 0x4a, 0x30, 0x84, 0xff, 0xff, 0x00, 0x00, 0x79, 0xce, 0x00, 0x00, 0x00, 0x00,
  0x00, 0x00, 0x00, 0x00, 0x00, 0x00, 0xff, 0xff, 0x1c, 0xe7, 0x79, 0xce, 0xb6, 0xb5, 0x69, 0x4a,
  0xaa, 0x52, 0x49, 0x4a, 0x30, 0x84, 0xff, 0xff, 0xff, 0xff, 0x79, 0xce, 0x00, 0x00, 0x00, 0x00,
  0xff, 0xff, 0x00, 0x00, 0xff, 0xff, 0x00, 0x00, 0x00, 0x00, 0xff, 0xff, 0xdb, 0xde, 0x8a, 0x52,
  0xaa, 0x52, 0x49, 0x4a, 0x30, 0x84, 0xff, 0xff, 0x00, 0x00, 0xff, 0xff, 0x00, 0x00, 0x00, 0x00,
  0x00, 0x00, 0x00, 0x00, 0x00, 0x00, 0xff, 0xff, 0x00, 0x00, 0xff, 0xff, 0x9a, 0xd6, 0x8a, 0x52,
  0xaa, 0x52, 0x49, 0x4a, 0x30, 0x84, 0xff, 0xff, 0x00, 0x00, 0xff, 0xff, 0x00, 0x00, 0x00, 0x00,
  0x00, 0x00, 0x00, 0x00, 0x00, 0x00, 0xff, 0xff, 0x00, 0x00, 0xff, 0xff, 0x9a, 0xd6, 0x8a, 0x52,
  0xaa, 0x52, 0x49, 0x4a, 0x30, 0x84, 0xff, 0xff, 0x00, 0x00, 0xff, 0xff, 0x00, 0x00, 0x00, 0x00,
  0x00, 0x00, 0x00, 0x00, 0x00, 0x00, 0xff, 0xff, 0x00, 0x00, 0xff, 0xff, 0x9a, 0xd6, 0x8a, 0x52,
  0xaa, 0x52, 0x49, 0x4a, 0x30, 0x84, 0xff, 0xff, 0x00, 0x00, 0xff, 0xff, 0x00, 0x00, 0x00, 0x00,
  0x00, 0x00, 0x00, 0x00, 0x00, 0x00, 0xff, 0xff, 0x00, 0x00, 0xff, 0xff, 0x9a, 0xd6, 0x8a, 0x52,
  0xaa, 0x52, 0x49, 0x4a, 0x51, 0x8c, 0xff, 0xff, 0x00, 0x00, 0xff, 0xff, 0x00, 0x00, 0x00, 0x00,
  0x00, 0x00, 0x00, 0x00, 0x00, 0x00, 0xff, 0xff, 0x00, 0x00, 0xff, 0xff, 0x9a, 0xd6, 0x49, 0x4a,
  0x69, 0x4a, 0xe7, 0x39, 0x30, 0x84, 0xff, 0xff, 0x00, 0x00, 0xff, 0xff, 0x00, 0x00, 0x00, 0x00,
  0x00, 0x00, 0x00, 0x00, 0x00, 0x00, 0xff, 0xff, 0xff, 0xff, 0xff, 0xff, 0xba, 0xd6, 0x30, 0x84,
  0x30, 0x84, 0xef, 0x7b, 0x14, 0xa5, 0xff, 0xff, 0xff, 0xff, 0xff, 0xff, 0x00, 0x00, 0x00, 0x00,
  0x00, 0x00, 0x00, 0x00, 0x00, 0x01, 0x00, 0x17, 0x58, 0x50, 0x00, 0x00, 0x00, 0x00, 0x00, 0x00,
  0x00, 0x00, 0x00, 0x00, 0x02, 0x02, 0x2a, 0xcc, 0xff, 0xff, 0x89, 0x07, 0x02, 0x03, 0x01, 0x00,
  0x00, 0x00, 0x00, 0x01, 0x00, 0x0e, 0xe6, 0xff, 0xfb, 0xfa, 0xff, 0x90, 0x01, 0x00, 0x00, 0x02,
  0x00, 0x00, 0x00, 0x01, 0x00, 0x0f, 0xf3, 0xfd, 0xfe, 0xfa, 0xfd, 0x96, 0x00, 0x7b, 0x12, 0x00,
  0x00, 0x00, 0x01, 0x02, 0x01, 0x10, 0xef, 0xff, 0xfe, 0xfc, 0xff, 0xa8, 0x98, 0xff, 0xc5, 0x2c,
  0x00, 0x01, 0x00, 0x00, 0x00, 0x0e, 0xf1, 0xff, 0xfe, 0xff, 0xff, 0xff, 0xff, 0xfa, 0xff, 0xad,
  0x01, 0x01, 0x00, 0x8c, 0x89, 0x04, 0xee, 0xff, 0xfe, 0xff, 0xff, 0xfe, 0xfd, 0xfb, 0xfd, 0x9a,
  0x01, 0x08, 0xa2, 0xff, 0xff, 0xb0, 0xf3, 0xff, 0xff, 0xff, 0xff, 0xff, 0xff, 0xfe, 0xff, 0xd7,
  0x00, 0x10, 0xff, 0xfd, 0xfc, 0xff, 0xff, 0xff, 0xff, 0xff, 0xff, 0xff, 0xff, 0xff, 0xff, 0xff,
  0x00, 0x0f, 0xee, 0xff, 0xfe, 0xfc, 0xff, 0xff, 0xff, 0xff, 0xff, 0xff, 0xff, 0xff, 0xff, 0xfd,
  0x00, 0x0f, 0xf1, 0xff, 0xfe, 0xff, 0xff, 0xff, 0xff, 0xff, 0xff, 0xff, 0xff, 0xff, 0xfd, 0xfe,
  0x00, 0x0f, 0xf1, 0xff, 0xfe, 0xff, 0xff, 0xff, 0xff, 0xff, 0xff, 0xff, 0xff, 0xfc, 0xff, 0xff,
  0x02, 0x0f, 0xef, 0xff, 0xfe, 0xff, 0xff, 0xff, 0xff, 0xff, 0xff, 0xfe, 0xfc, 0xff, 0xa6, 0x71,
  0x00, 0x0d, 0xf7, 0xfc, 0xfe, 0xff, 0xff, 0xff, 0xff, 0xff, 0xff, 0xff, 0xff, 0x9c, 0x00, 0x57,
  0xdd, 0x3b, 0xcd, 0xff, 0xfc, 0xfe, 0xff, 0xff, 0xff, 0xfc, 0xff, 0xaf, 0x35, 0x03, 0x01, 0x51,
  0x98, 0x1d, 0x14, 0xbe, 0xff, 0xff, 0xff, 0xff, 0xff, 0xfb, 0xff, 0x95, 0x00, 0x05, 0x00, 0x00,
  0x00, 0x00, 0x00, 0x0c, 0x9e, 0xdf, 0xfb, 0xff, 0xff, 0xfb, 0xff, 0x9b, 0x03, 0x05, 0x00, 0x00,
  0x04, 0x01, 0x01, 0x00, 0x00, 0x11, 0xf0, 0xff, 0xfe, 0xfb, 0xff, 0x9a, 0x00, 0x04, 0x00, 0x00,
  0x00, 0x00, 0x00, 0x02, 0x01, 0x0e, 0xf0, 0xff, 0xfe, 0xfb, 0xff, 0x9a, 0x00, 0x04, 0x00, 0x00,
  0x00, 0x00, 0x00, 0x01, 0x00, 0x10, 0xf0, 0xff, 0xfe, 0xfb, 0xff, 0x9a, 0x00, 0x04, 0x00, 0x00,
  0x00, 0x00, 0x00, 0x01, 0x00, 0x0f, 0xf0, 0xff, 0xfe, 0xfb, 0xff, 0x9a, 0x00, 0x04, 0x00, 0x00,
  0x00, 0x00, 0x00, 0x01, 0x00, 0x0f, 0xee, 0xff, 0xfe, 0xfb, 0xfe, 0x98, 0x00, 0x04, 0x00, 0x00,
  0x00, 0x00, 0x00, 0x01, 0x00, 0x10, 0xf9, 0xff, 0xfe, 0xfb, 0xff, 0xa1, 0x00, 0x04, 0x00, 0x00,
  0x00, 0x00, 0x00, 0x01, 0x01, 0x0b, 0xb9, 0xff, 0xfd, 0xfc, 0xef, 0x6d, 0x01, 0x03, 0x00, 0x00
};

const lv_image_dsc_t img_cactus = {
  .header.magic = LV_IMAGE_HEADER_MAGIC,
  .header.cf = LV_COLOR_FORMAT_RGB565A8,
  .header.stride = 32,
  .header.w = 16,
  .header.h = 24,
  .data_size = sizeof(img_cactus_map),
  .data = img_cactus_map,
};

const uint8_t img_pterosaur1_map[] = {
  0x00, 0x00, 0x00, 0x00, 0x00, 0x00, 0xef, 0x7b, 0x55, 0xad, 0xdb, 0xde, 0xdf, 0xff, 0xdf, 0xff,
  0x00, 0x00, 0x00, 0x00, 0xff, 0xff, 0x00, 0x00, 0x00, 0x00, 0x00, 0x00, 0x00, 0x00, 0x00, 0x00,
  0x00, 0x00, 0x00, 0x00, 0x00, 0x00, 0x00, 0x00, 0x00, 0x00, 0x00, 0x00, 0x00, 0x00, 0x00, 0x00,
  0xff, 0xff, 0x00, 0x00, 0xff, 0xff, 0x55, 0xad, 0xff, 0xff, 0x9e, 0xf7, 0xae, 0x73, 0x30, 0x84,
  0x9e, 0xf7, 0xff, 0xff, 0x00, 0x00, 0xff, 0xff, 0x00, 0x00, 0x00, 0x00, 0x00, 0x00, 0x00, 0x00,
  0x00, 0x00, 0x00, 0x00, 0x00, 0x00, 0x00, 0x00, 0x00, 0x00, 0x00, 0x00, 0x00, 0x00, 0x00, 0x00,
  0x00, 0x00, 0xff, 0xff, 0xff, 0xff, 0x00, 0x00, 0xdf, 0xff, 0xb2, 0x94, 0x28, 0x42, 0x4d, 0x6b,
  0xff, 0xff, 0x00, 0x00, 0xff, 0xff, 0x79, 0xce, 0xff, 0xff, 0xff, 0xff, 0xff, 0xff, 0xff, 0xff,
  0x00, 0x00, 0x00, 0x00, 0x00, 0x00, 0x00, 0x00, 0x00, 0x00, 0x00, 0x00, 0x00, 0x00, 0x00, 0x00,
  0xdb, 0xde, 0x00, 0x00, 0x00, 0x00, 0xff, 0xff, 0x75, 0xad, 0x69, 0x4a, 0x8a, 0x52, 0x0c, 0x63,
  0x96, 0xb5, 0x9e, 0xf7, 0x00, 0x00, 0x00, 0x00, 0x00, 0x00, 0x00, 0x00, 0x00, 0x00, 0x00, 0x00,
  0xff, 0xff, 0x00, 0x00, 0x00, 0x00, 0x00, 0x00, 0x00, 0x00, 0x00, 0x00, 0x00, 0x00, 0x00, 0x00,
  0xdb, 0xde, 0x00, 0x00, 0xff, 0xff, 0x38, 0xc6, 0x69, 0x4a, 0x8a, 0x52, 0xaa, 0x52, 0x49, 0x4a,
  0x2c, 0x63, 0xdf, 0xff, 0xff, 0xff, 0xff, 0xff, 0xff, 0xff, 0xff, 0xff, 0xff, 0xff, 0xff, 0xff,
  0x00, 0x00, 0xff, 0xff, 0xff, 0xff, 0xff, 0xff, 0xff, 0xff, 0xff, 0xff, 0xff, 0xff, 0x00, 0x00,
  0x00, 0x00, 0xff, 0xff, 0xba, 0xd6, 0x8a, 0x52, 0x8a, 0x52, 0x8a, 0x52, 0x8a, 0x52, 0x69, 0x4a,
  0x2c, 0x63, 0xfb, 0xde, 0x7d, 0xef, 0x7d, 0xef, 0x7d, 0xef, 0x7d, 0xef, 0x9e, 0xf7, 0x3c, 0xe7,
  0xff, 0xff, 0x00, 0x00, 0x00, 0x00, 0x00, 0x00, 0x00, 0x00, 0x00, 0x00, 0x00, 0x00, 0xff, 0xff,
  0xff, 0xff, 0x5d, 0xef, 0x0c, 0x63, 0xaa, 0x52, 0xaa, 0x52, 0xaa, 0x52, 0xaa, 0x52, 0xaa, 0x52,
  0xaa, 0x52, 0x8a, 0x52, 0x8a, 0x52, 0x8a, 0x52, 0x8a, 0x52, 0x8a, 0x52, 0x49, 0x4a, 0xcf, 0x7b,
  0xbe, 0xf7, 0xf7, 0xbd, 0x38, 0xc6, 0xf7, 0xbd, 0xf7, 0xbd, 0x1c, 0xe7, 0xfb, 0xde, 0xbe, 0xf7,
  0xff, 0xff, 0xbe, 0xf7, 0xbe, 0xf7, 0x9e, 0xf7, 0x9e, 0xf7, 0x9e, 0xf7, 0xbe, 0xf7, 0xfb, 0xde,
  0x69, 0x4a, 0xaa, 0x52, 0x8a, 0x52, 0x8a, 0x52, 0x8a, 0x52, 0x8a, 0x52, 0xaa, 0x52, 0x8a, 0x52,
  0xef, 0x7b, 0xff, 0xff, 0xff, 0xff, 0xff, 0xff, 0xff, 0xff, 0xff, 0xff, 0xff, 0xff, 0xbe, 0xf7,
  0x79, 0xce, 0xbe, 0xf7, 0xff, 0xff, 0xff, 0xff, 0xff, 0xff, 0xff, 0xff, 0xff, 0xff, 0xff, 0xff,
  0x59, 0xce, 0x69, 0x4a, 0x8a, 0x52, 0x8a, 0x52, 0x8a, 0x52, 0x8a, 0x52, 0xaa, 0x52, 0x8a, 0x52,
  0xcb, 0x5a, 0x10, 0x84, 0x10, 0x84, 0xef, 0x7b, 0xae, 0x73, 0x4d, 0x6b, 0x34, 0xa5, 0xff, 0xff,
  0x00, 0x00, 0x00, 0x00, 0x00, 0x00, 0x00, 0x00, 0x00, 0x00, 0x00, 0x00, 0x00, 0x00, 0xff, 0xff,
  0xff, 0xff, 0x34, 0xa5, 0xaa, 0x52, 0x8a, 0x52, 0x8a, 0x52, 0x8a, 0x52, 0x8a, 0x52, 0xaa, 0x52,
  0x8a, 0x52, 0x49, 0x4a, 0x28, 0x42, 0x0c, 0x63, 0xf7, 0xbd, 0xb6, 0xb5, 0xb6, 0xb5, 0xff, 0xff,
  0x00, 0x00, 0xff, 0xff, 0xff, 0xff, 0xff, 0xff, 0xff, 0xff, 0xff, 0xff, 0xff, 0xff, 0x00, 0x00,
  0xff, 0xff, 0x5d, 0xef, 0xaa, 0x52, 0x8a, 0x52, 0x8a, 0x52, 0x8a, 0x52, 0xaa, 0x52, 0xaa, 0x52,
  0xaa, 0x52, 0xcb, 0x5a, 0x69, 0x4a, 0x2c, 0x63, 0xb6, 0xb5, 0xdb, 0xde, 0xff, 0xff, 0x00, 0x00,
  0x00, 0x00, 0x00, 0x00, 0x00, 0x00, 0x00, 0x00, 0x00, 0x00, 0x00, 0x00, 0xff, 0xff, 0xff, 0xff,
  0xff, 0xff, 0xfb, 0xde, 0xaa, 0x52, 0x8a, 0x52, 0x8a, 0x52, 0x8a, 0x52, 0x69, 0x4a, 0x69, 0x4a,
  0x69, 0x4a, 0x69, 0x4a, 0xcb, 0x5a, 0x10, 0x84, 0x4d, 0x6b, 0x92, 0x94, 0xff, 0xff, 0xff, 0xff,
  0x00, 0x00, 0x00, 0x00, 0x00, 0x00, 0x00, 0x00, 0x00, 0x00, 0x00, 0x00, 0xff, 0xff, 0x00, 0x00,
  0xff, 0xff, 0x1c, 0xe7, 0xaa, 0x52, 0x8a, 0x52, 0x8a, 0x52, 0xaa, 0x52, 0x2c, 0x63, 0x2c, 0x63,
  0x2c, 0x63, 0xeb, 0x5a, 0x10, 0x84, 0xff, 0xff, 0xff, 0xff, 0xff, 0xff, 0x00, 0x00, 0xff, 0xff,
  0x00, 0x00, 0x00, 0x00, 0x00, 0x00, 0x00, 0x00, 0x00, 0x00, 0x00, 0x00, 0xff, 0xff, 0x00, 0x00,
  0xff, 0xff, 0x1c, 0xe7, 0xaa, 0x52, 0x8a, 0x52, 0x69, 0x4a, 0x6d, 0x6b, 0x9e, 0xf7, 0x9e, 0xf7,
  0x9e, 0xf7, 0xdf, 0xff, 0x9e, 0xf7, 0xf7, 0xbd, 0x38, 0xc6, 0xba, 0xd6, 0xff, 0xff, 0x00, 0x00,
  0x00, 0x00, 0x00, 0x00, 0x00, 0x00, 0x00, 0x00, 0x00, 0x00, 0x00, 0x00, 0xff, 0xff, 0x00, 0x00,
  0xff, 0xff, 0x1c, 0xe7, 0xaa, 0x52, 0x49, 0x4a, 0x6d, 0x6b, 0x1c, 0xe7, 0xff, 0xff, 0xff, 0xff,
  0xff, 0xff, 0xff, 0xff, 0xff, 0xff, 0x00, 0x00, 0x00, 0x00, 0x00, 0x00, 0x00, 0x00, 0x00, 0x00,
  0x00, 0x00, 0x00, 0x00, 0x00, 0x00, 0x00, 0x00, 0x00, 0x00, 0x00, 0x00, 0xff, 0xff, 0x00, 0x00,
  0xff, 0xff, 0x1c, 0xe7, 0x8a, 0x52, 0x4d, 0x6b, 0x79, 0xce, 0xff, 0xff, 0x00, 0x00, 0x00, 0x00,
  0x00, 0x00, 0x00, 0x00, 0x00, 0x00, 0xff, 0xff, 0xff, 0xff, 0xff, 0xff, 0x00, 0x00, 0x00, 0x00,
  0x00, 0x00, 0x00, 0x00, 0x00, 0x00, 0x00, 0x00, 0x00, 0x00, 0x00, 0x00, 0xff, 0xff, 0x00, 0x00,
  0xff, 0xff, 0x1c, 0xe7, 0x69, 0x4a, 0x6d, 0x6b, 0xff, 0xff, 0x00, 0x00, 0xff, 0xff, 0xff, 0xff,
  0xff, 0xff, 0xff, 0xff, 0xef, 0x7b, 0x00, 0x00, 0x00, 0x00, 0x00, 0x00, 0x00, 0x00, 0x00, 0x00,
  0x00, 0x00, 0x00, 0x00, 0x00, 0x00, 0x00, 0x00, 0x00, 0x00, 0x00, 0x00, 0xff, 0xff, 0x00, 0x00,
  0xff, 0xff, 0x3c, 0xe7, 0xcb, 0x5a, 0xf3, 0x9c, 0xbe, 0xf7, 0xff, 0xff, 0x00, 0x00, 0x00, 0x00,
  0x00, 0x00, 0x00, 0x00, 0x00, 0x00, 0x00, 0x00, 0x00, 0x00, 0x00, 0x00, 0x00, 0x00, 0x00, 0x00,
  0x00, 0x00, 0x00, 0x00, 0x00, 0x00, 0x00, 0x00, 0x00, 0x00, 0x00, 0x00, 0xff, 0xff, 0x00, 0x00,
  0xff, 0xff, 0xdb, 0xde, 0x71, 0x8c, 0xff, 0xff, 0x00, 0x00, 0x00, 0x00, 0x00, 0x00, 0x00, 0x00,
  0x00, 0x00, 0x00, 0x00, 0x00, 0x00, 0x00, 0x00, 0x00, 0x00, 0x00, 0x00, 0x00, 0x00, 0x00, 0x00,
  0x00, 0x00, 0x00, 0x00, 0x00, 0x00, 0x00, 0x00, 0x00, 0x00, 0x00, 0x00, 0x00, 0x00, 0xff, 0xff,
  0x00, 0x00, 0xff, 0xff, 0xdf, 0xff, 0x00, 0x00, 0xff, 0xff, 0x00, 0x00, 0x00, 0x00, 0x00, 0x00,
  0x00, 0x00, 0x00, 0x00, 0x00, 0x00, 0x00, 0x00, 0x00, 0x00, 0x00, 0x00, 0x00, 0x00, 0x00, 0x00,
  0x00, 0x00, 0x00, 0x02, 0x03, 0x14, 0xff, 0xe2, 0x00, 0x00, 0x01, 0x00, 0x00, 0x00, 0x00, 0x00,
  0x00, 0x00, 0x00, 0x00, 0x00, 0x00, 0x00, 0x00, 0x01, 0x00, 0x01, 0x03, 0x06, 0xc8, 0xff, 0xf9,
  0xb3, 0x07, 0x00, 0x01, 0x00, 0x00, 0x00, 0x00, 0x00, 0x00, 0x00, 0x00, 0x00, 0x00, 0x00, 0x00,
  0x00, 0x01, 0x01, 0x00, 0xa8, 0xff, 0xfd, 0xff, 0xe7, 0x00, 0x03, 0x05, 0x03, 0x03, 0x03, 0x03,
  0x00, 0x00, 0x00, 0x00, 0x00, 0x00, 0x00, 0x00, 0x62, 0x01, 0x00, 0x7f, 0xff, 0xfd, 0xfd, 0xfe,
  0xec, 0x68, 0x00, 0x00, 0x00, 0x00, 0x00, 0x00, 0x02, 0x00, 0x00, 0x00, 0x00, 0x00, 0x00, 0x00,
  0x37, 0x00, 0x5a, 0xff, 0xfc, 0xfe, 0xff, 0xfd, 0xff, 0xf8, 0x4d, 0x4b, 0x4c, 0x4b, 0x4c, 0x3c,
  0x00, 0x01, 0x01, 0x01, 0x01, 0x01, 0x01, 0x00, 0x00, 0x33, 0xff, 0xfc, 0xfe, 0xff, 0xff, 0xff,
  0xfe, 0xfd, 0xff, 0xff, 0xff, 0xff, 0xff, 0xe3, 0x1d, 0x00, 0x00, 0x00, 0x00, 0x00, 0x00, 0x06,
  0x15, 0xe9, 0xfa, 0xfc, 0xfd, 0xfd, 0xfd, 0xfd, 0xff, 0xff, 0xfc, 0xfc, 0xfc, 0xfc, 0xfa, 0xfc,
  0xcf, 0x08, 0x09, 0x08, 0x08, 0x09, 0x08, 0x38, 0x14, 0xf6, 0xff, 0xff, 0xff, 0xff, 0xff, 0xff,
  0xfc, 0xff, 0xff, 0xff, 0xff, 0xff, 0xff, 0xff, 0xfa, 0xe5, 0xe5, 0xe5, 0xe5, 0xe4, 0xe4, 0xb8,
  0x05, 0x39, 0x3e, 0x3e, 0x3e, 0x3f, 0x3e, 0x58, 0xff, 0xff, 0xfe, 0xff, 0xff, 0xff, 0xff, 0xff,
  0xff, 0xff, 0xff, 0xff, 0xff, 0xff, 0xff, 0xde, 0x00, 0x00, 0x00, 0x00, 0x00, 0x00, 0x00, 0x01,
  0x79, 0xfd, 0xff, 0xfe, 0xff, 0xff, 0xff, 0xff, 0xff, 0xfe, 0xfe, 0xfd, 0xfc, 0xfc, 0xd4, 0x53,
  0x00, 0x03, 0x03, 0x03, 0x03, 0x03, 0x05, 0x00, 0x10, 0xfb, 0xff, 0xfe, 0xff, 0xff, 0xff, 0xff,
  0xff, 0xff, 0xff, 0xfe, 0xfa, 0xff, 0xc2, 0x00, 0x00, 0x00, 0x00, 0x00, 0x00, 0x00, 0x02, 0x01,
  0x24, 0xfb, 0xff, 0xfe, 0xff, 0xff, 0xff, 0xff, 0xff, 0xff, 0xff, 0xff, 0xff, 0xf6, 0x90, 0x04,
  0x00, 0x00, 0x00, 0x00, 0x00, 0x00, 0x02, 0x00, 0x20, 0xfb, 0xff, 0xfe, 0xff, 0xff, 0xff, 0xff,
  0xff, 0xff, 0xfa, 0xe2, 0xe5, 0xae, 0x00, 0x02, 0x00, 0x00, 0x00, 0x00, 0x00, 0x00, 0x02, 0x00,
  0x20, 0xfb, 0xff, 0xfe, 0xff, 0xfc, 0xff, 0xff, 0xfc, 0xff, 0xcb, 0x08, 0x09, 0x06, 0x02, 0x00,
  0x00, 0x00, 0x00, 0x00, 0x00, 0x00, 0x02, 0x00, 0x20, 0xfb, 0xff, 0xfc, 0xff, 0xe7, 0x25, 0x25,
  0x24, 0x25, 0x1d, 0x00, 0x00, 0x00, 0x00, 0x00, 0x00, 0x00, 0x00, 0x00, 0x00, 0x00, 0x02, 0x00,
  0x20, 0xfb, 0xfe, 0xfd, 0xe0, 0x3e, 0x00, 0x00, 0x00, 0x00, 0x00, 0x01, 0x01, 0x01, 0x00, 0x00,
  0x00, 0x00, 0x00, 0x00, 0x00, 0x00, 0x02, 0x00, 0x20, 0xf9, 0xfd, 0xff, 0xe3, 0x00, 0x02, 0x02,
  0x02, 0x02, 0x02, 0x00, 0x00, 0x00, 0x00, 0x00, 0x00, 0x00, 0x00, 0x00, 0x00, 0x00, 0x02, 0x00,
  0x22, 0xff, 0xff, 0xfc, 0x8c, 0x03, 0x00, 0x00, 0x00, 0x00, 0x00, 0x00, 0x00, 0x00, 0x00, 0x00,
  0x00, 0x00, 0x00, 0x00, 0x00, 0x00, 0x02, 0x00, 0x19, 0xcf, 0xf7, 0xaa, 0x00, 0x00, 0x00, 0x00,
  0x00, 0x00, 0x00, 0x00, 0x00, 0x00, 0x00, 0x00, 0x00, 0x00, 0x00, 0x00, 0x00, 0x00, 0x00, 0x02,
  0x00, 0x26, 0xd7, 0x00, 0x03, 0x01, 0x00, 0x00, 0x00, 0x00, 0x00, 0x00, 0x00, 0x00, 0x00, 0x00
};

const lv_image_dsc_t img_pterosaur1 = {
  .header.magic = LV_IMAGE_HEADER_MAGIC,
  .header.cf = LV_COLOR_FORMAT_RGB565A8,
  .header.stride = 48,
  .header.w = 24,
  .header.h = 20,
  .data_size = sizeof(img_pterosaur1_map),
  .data = img_pterosaur1_map,
};

const uint8_t img_pterosaur2_map[] = {
  0x00, 0x00, 0x00, 0x00, 0x00, 0x00, 0x00, 0x00, 0x00, 0x00, 0x00, 0x00, 0x00, 0x00, 0xff, 0xff,
  0xff, 0xff, 0xff, 0xff, 0x00, 0x00, 0x00, 0x00, 0x00, 0x00, 0x00, 0x00, 0x00, 0x00, 0x00, 0x00,
  0x00, 0x00, 0x00, 0x00, 0x00, 0x00, 0x00, 0x00, 0x00, 0x00, 0x00, 0x00, 0x00, 0x00, 0x00, 0x00,
  0x00, 0x00, 0x00, 0x00, 0x00, 0x00, 0x00, 0x00, 0x00, 0x00, 0xff, 0xff, 0xff, 0xff, 0x7d, 0xef,
  0x3c, 0xe7, 0x5d, 0xef, 0xff, 0xff, 0xff, 0xff, 0x00, 0x00, 0x00, 0x00, 0x00, 0x00, 0x00, 0x00,
  0x00, 0x00, 0x00, 0x00, 0x00, 0x00, 0x00, 0x00, 0x00, 0x00, 0x00, 0x00, 0x00, 0x00, 0x00, 0x00,
  0x00, 0x00, 0x00, 0x00, 0x00, 0x00, 0x00, 0x00, 0xff, 0xff, 0xff, 0xff, 0xff, 0xff, 0x5d, 0xef,
  0x4d, 0x6b, 0x7d, 0xef, 0xff, 0xff, 0x55, 0xad, 0xff, 0xff, 0x00, 0x00, 0x00, 0x00, 0x00, 0x00,
  0x00, 0x00, 0x00, 0x00, 0x00, 0x00, 0x00, 0x00, 0x00, 0x00, 0x00, 0x00, 0x00, 0x00, 0x00, 0x00,
  0x00, 0x00, 0x00, 0x00, 0x00, 0x00, 0x00, 0x00, 0xff, 0xff, 0x00, 0x00, 0xff, 0xff, 0x7d, 0xef,
  0x0c, 0x63, 0xae, 0x73, 0xbe, 0xf7, 0xff, 0xff, 0x00, 0x00, 0xff, 0xff, 0x00, 0x00, 0x00, 0x00,
  0x00, 0x00, 0x00, 0x00, 0x00, 0x00, 0x00, 0x00, 0x00, 0x00, 0x00, 0x00, 0x00, 0x00, 0x00, 0x00,
  0x00, 0x00, 0x00, 0x00, 0xff, 0xff, 0x00, 0x00, 0xff, 0xff, 0xff, 0xff, 0xff, 0xff, 0x7d, 0xef,
  0xaa, 0x52, 0x49, 0x4a, 0x55, 0xad, 0xbe, 0xf7, 0xff, 0xff, 0x00, 0x00, 0xff, 0xff, 0x00, 0x00,
  0x00, 0x00, 0x00, 0x00, 0x00, 0x00, 0x00, 0x00, 0x00, 0x00, 0x00, 0x00, 0x00, 0x00, 0x00, 0x00,
  0x00, 0x00, 0x00, 0x00, 0xff, 0xff, 0xff, 0xff, 0x7d, 0xef, 0x3c, 0xe7, 0x7d, 0xef, 0x7d, 0xef,
  0xef, 0x7b, 0xaa, 0x52, 0x49, 0x4a, 0x9a, 0xd6, 0xdf, 0xff, 0xff, 0xff, 0xff, 0xff, 0x00, 0x00,
  0x00, 0x00, 0x00, 0x00, 0x00, 0x00, 0x00, 0x00, 0x00, 0x00, 0x00, 0x00, 0x00, 0x00, 0x00, 0x00,
  0x00, 0x00, 0xff, 0xff, 0xf7, 0xbd, 0xff, 0xff, 0x3c, 0xe7, 0x49, 0x4a, 0xaa, 0x52, 0x9e, 0xf7,
  0xbe, 0xf7, 0x0c, 0x63, 0x8a, 0x52, 0x69, 0x4a, 0x3c, 0xe7, 0xff, 0xff, 0xf7, 0xbd, 0xff, 0xff,
  0x00, 0x00, 0x00, 0x00, 0x00, 0x00, 0x00, 0x00, 0x00, 0x00, 0x00, 0x00, 0x00, 0x00, 0x00, 0x00,
  0xff, 0xff, 0x00, 0x00, 0xff, 0xff, 0x7d, 0xef, 0x2c, 0x63, 0x8a, 0x52, 0x0c, 0x63, 0xff, 0xff,
  0x9e, 0xf7, 0x0c, 0x63, 0x8a, 0x52, 0xaa, 0x52, 0x0c, 0x63, 0x7d, 0xef, 0xff, 0xff, 0x00, 0x00,
  0xf7, 0xbd, 0x00, 0x00, 0x00, 0x00, 0x00, 0x00, 0x00, 0x00, 0x00, 0x00, 0x00, 0x00, 0x00, 0x00,
  0x00, 0x00, 0xff, 0xff, 0xbe, 0xf7, 0x71, 0x8c, 0x69, 0x4a, 0x8a, 0x52, 0xaa, 0x52, 0xd3, 0x9c,
  0x5d, 0xef, 0x0c, 0x63, 0x69, 0x4a, 0xaa, 0x52, 0x69, 0x4a, 0x51, 0x8c, 0x9e, 0xf7, 0xff, 0xff,
  0x00, 0x00, 0xff, 0xff, 0x00, 0x00, 0x00, 0x00, 0x00, 0x00, 0x00, 0x00, 0x00, 0x00, 0x00, 0x00,
  0xff, 0xff, 0xbe, 0xf7, 0xf7, 0xbd, 0x28, 0x42, 0xaa, 0x52, 0xaa, 0x52, 0x69, 0x4a, 0xaa, 0x52,
  0x3c, 0xe7, 0x2c, 0x63, 0x69, 0x4a, 0xaa, 0x52, 0xaa, 0x52, 0x08, 0x42, 0xd7, 0xbd, 0x9e, 0xf7,
  0xff, 0xff, 0xff, 0xff, 0xff, 0xff, 0x00, 0x00, 0x00, 0x00, 0x00, 0x00, 0x00, 0x00, 0x00, 0x00,
  0xff, 0xff, 0xdb, 0xde, 0x28, 0x42, 0xcb, 0x5a, 0xaa, 0x52, 0xaa, 0x52, 0x8a, 0x52, 0x0c, 0x63,
  0xdb, 0xde, 0x0c, 0x63, 0x69, 0x4a, 0xaa, 0x52, 0x8a, 0x52, 0xaa, 0x52, 0xe7, 0x39, 0x1c, 0xe7,
  0xff, 0xff, 0xff, 0xff, 0xff, 0xff, 0xff, 0xff, 0xff, 0xff, 0xff, 0xff, 0xff, 0xff, 0x00, 0x00,
  0x79, 0xce, 0x49, 0x4a, 0x49, 0x4a, 0x49, 0x4a, 0x49, 0x4a, 0x28, 0x42, 0x49, 0x4a, 0xaa, 0x52,
  0xcb, 0x5a, 0xaa, 0x52, 0x8a, 0x52, 0x8a, 0x52, 0x8a, 0x52, 0xaa, 0x52, 0x69, 0x4a, 0x1c, 0xe7,
  0xff, 0xff, 0x00, 0x00, 0x00, 0x00, 0x00, 0x00, 0x00, 0x00, 0x00, 0x00, 0x00, 0x00, 0xff, 0xff,
  0xfb, 0xde, 0x1c, 0xe7, 0xfb, 0xde, 0xfb, 0xde, 0xfb, 0xde, 0x1c, 0xe7, 0x9a, 0xd6, 0x69, 0x4a,
  0x8a, 0x52, 0xaa, 0x52, 0x8a, 0x52, 0x8a, 0x52, 0x8a, 0x52, 0x8a, 0x52, 0x8a, 0x52, 0x8e, 0x73,
  0xfb, 0xde, 0xff, 0xff, 0xff, 0xff, 0xff, 0xff, 0xff, 0xff, 0xff, 0xff, 0xff, 0xff, 0x00, 0x00,
  0xff, 0xff, 0xff, 0xff, 0xff, 0xff, 0xff, 0xff, 0xff, 0xff, 0xff, 0xff, 0xdf, 0xff, 0x14, 0xa5,
  0x8a, 0x52, 0x8a, 0x52, 0xaa, 0x52, 0x8a, 0x52, 0x8a, 0x52, 0x8a, 0x52, 0xaa, 0x52, 0x28, 0x42,
  0xf3, 0x9c, 0x18, 0xc6, 0xd7, 0xbd, 0xb6, 0xb5, 0x96, 0xb5, 0x96, 0xb5, 0x79, 0xce, 0xff, 0xff,
  0x00, 0x00, 0x00, 0x00, 0x00, 0x00, 0x00, 0x00, 0x00, 0x00, 0x00, 0x00, 0x00, 0x00, 0xdf, 0xff,
  0xcf, 0x7b, 0x8a, 0x52, 0x8a, 0x52, 0x8a, 0x52, 0x8a, 0x52, 0x8a, 0x52, 0x8a, 0x52, 0xaa, 0x52,
  0x49, 0x4a, 0x08, 0x42, 0x08, 0x42, 0xaa, 0x52, 0x2c, 0x63, 0xaa, 0x52, 0xf7, 0xbd, 0xff, 0xff,
  0xff, 0xff, 0xff, 0xff, 0xff, 0xff, 0xff, 0xff, 0xff, 0xff, 0xff, 0xff, 0xf7, 0xbd, 0xff, 0xff,
  0x9e, 0xf7, 0x0c, 0x63, 0x8a, 0x52, 0xaa, 0x52, 0x8a, 0x52, 0x8a, 0x52, 0x8a, 0x52, 0x8a, 0x52,
  0xaa, 0x52, 0xcb, 0x5a, 0x69, 0x4a, 0x38, 0xc6, 0xff, 0xff, 0xff, 0xff, 0xff, 0xff, 0x00, 0x00,
  0x00, 0x00, 0x00, 0x00, 0x00, 0x00, 0x00, 0x00, 0x00, 0x00, 0x00, 0x00, 0xff, 0xff, 0xff, 0xff,
  0xbe, 0xf7, 0xdb, 0xde, 0xcb, 0x5a, 0x69, 0x4a, 0xaa, 0x52, 0xaa, 0x52, 0xaa, 0x52, 0xaa, 0x52,
  0xaa, 0x52, 0xaa, 0x52, 0x49, 0x4a, 0xaa, 0x52, 0x8a, 0x52, 0xba, 0xd6, 0xff, 0xff, 0x00, 0x00,
  0x00, 0x00, 0x00, 0x00, 0x00, 0x00, 0x00, 0x00, 0x00, 0x00, 0x00, 0x00, 0x00, 0x00, 0x00, 0x00,
  0x00, 0x00, 0xff, 0xff, 0xd7, 0xbd, 0xcb, 0x5a, 0x28, 0x42, 0x49, 0x4a, 0x49, 0x4a, 0x49, 0x4a,
  0x49, 0x4a, 0x08, 0x42, 0x92, 0x94, 0xf7, 0xbd, 0xd7, 0xbd, 0xba, 0xd6, 0xff, 0xff, 0xff, 0xff,
  0x00, 0x00, 0x00, 0x00, 0x00, 0x00, 0x00, 0x00, 0x00, 0x00, 0x00, 0x00, 0x00, 0x00, 0xff, 0xff,
  0xff, 0xff, 0x00, 0x00, 0xff, 0xff, 0xb2, 0x94, 0x10, 0x84, 0x30, 0x84, 0x30, 0x84, 0x30, 0x84,
  0x30, 0x84, 0xef, 0x7b, 0xfb, 0xde, 0xff, 0xff, 0xff, 0xff, 0xff, 0xff, 0x00, 0x00, 0xff, 0xff,
  0x00, 0x00, 0x00, 0x00, 0x00, 0x00, 0x00, 0x00, 0x00, 0x00, 0x00, 0x00, 0x00, 0x00, 0x00, 0x00,
  0xff, 0xff, 0xf7, 0xbd, 0x00, 0x00, 0xff, 0xff, 0xff, 0xff, 0xff, 0xff, 0xff, 0xff, 0xff, 0xff,
  0xff, 0xff, 0xff, 0xff, 0xff, 0xff, 0x7d, 0xef, 0x00, 0x00, 0x00, 0x00, 0xff, 0xff, 0x00, 0x00,
  0x00, 0x00, 0x00, 0x00, 0x00, 0x00, 0x00, 0x01, 0x55, 0x04, 0x00, 0x00, 0x00, 0x00, 0x00, 0x00,
  0x00, 0x00, 0x00, 0x00, 0x00, 0x00, 0x00, 0x00, 0x00, 0x00, 0x00, 0x00, 0x00, 0x01, 0x02, 0x2c,
  0xf1, 0x32, 0x05, 0x01, 0x00, 0x00, 0x00, 0x00, 0x00, 0x00, 0x00, 0x00, 0x00, 0x00, 0x00, 0x00,
  0x00, 0x00, 0x00, 0x00, 0x02, 0x04, 0x1a, 0xee, 0xfc, 0xf2, 0x11, 0x03, 0x03, 0x00, 0x00, 0x00,
  0x00, 0x00, 0x00, 0x00, 0x00, 0x00, 0x00, 0x00, 0x00, 0x00, 0x00, 0x00, 0x01, 0x00, 0x04, 0xf4,
  0xff, 0xff, 0xc8, 0x08, 0x00, 0x02, 0x00, 0x00, 0x00, 0x00, 0x00, 0x00, 0x00, 0x00, 0x00, 0x00,
  0x00, 0x00, 0x01, 0x00, 0x06, 0x7a, 0x87, 0xf8, 0xff, 0xff, 0xff, 0x8e, 0x09, 0x00, 0x01, 0x00,
  0x00, 0x00, 0x00, 0x00, 0x00, 0x00, 0x00, 0x00, 0x00, 0x00, 0x02, 0x07, 0x51, 0xff, 0xff, 0xff,
  0xff, 0xff, 0xfd, 0xff, 0x56, 0x08, 0x02, 0x00, 0x00, 0x00, 0x00, 0x00, 0x00, 0x00, 0x00, 0x00,
  0x00, 0x03, 0x04, 0x2a, 0xff, 0xfb, 0xfb, 0xff, 0xff, 0xff, 0xff, 0xfa, 0xff, 0x31, 0x04, 0x03,
  0x00, 0x00, 0x00, 0x00, 0x00, 0x00, 0x00, 0x00, 0x03, 0x00, 0x19, 0xe3, 0xfd, 0xff, 0xff, 0xff,
  0xff, 0xff, 0xff, 0xff, 0xfd, 0xe4, 0x20, 0x00, 0x04, 0x00, 0x00, 0x00, 0x00, 0x00, 0x00, 0x00,
  0x00, 0x13, 0xb0, 0xff, 0xfe, 0xff, 0xff, 0xff, 0xff, 0xff, 0xff, 0xff, 0xfe, 0xff, 0xb3, 0x18,
  0x00, 0x02, 0x00, 0x00, 0x00, 0x00, 0x00, 0x00, 0x10, 0x79, 0xff, 0xfd, 0xff, 0xff, 0xff, 0xff,
  0xff, 0xff, 0xff, 0xff, 0xff, 0xfc, 0xff, 0x7f, 0x15, 0x02, 0x01, 0x00, 0x00, 0x00, 0x00, 0x00,
  0x52, 0xff, 0xfb, 0xff, 0xff, 0xff, 0xff, 0xff, 0xff, 0xff, 0xff, 0xff, 0xff, 0xff, 0xf9, 0xff,
  0x49, 0x02, 0x06, 0x03, 0x03, 0x03, 0x01, 0x00, 0xfe, 0xf8, 0xfb, 0xfb, 0xfb, 0xfb, 0xfb, 0xff,
  0xff, 0xff, 0xff, 0xff, 0xff, 0xff, 0xfc, 0xfc, 0x39, 0x00, 0x00, 0x00, 0x00, 0x00, 0x00, 0x02,
  0x79, 0xff, 0xff, 0xff, 0xff, 0xff, 0xff, 0xfe, 0xff, 0xff, 0xff, 0xff, 0xff, 0xff, 0xfe, 0xff,
  0xce, 0xbc, 0xbd, 0xbc, 0xb9, 0xbc, 0x47, 0x00, 0x18, 0x8c, 0x8b, 0x8c, 0x8d, 0x8c, 0x97, 0xff,
  0xff, 0xfe, 0xff, 0xff, 0xff, 0xff, 0xff, 0xff, 0xff, 0xff, 0xff, 0xff, 0xff, 0xff, 0xbd, 0x41,
  0x00, 0x00, 0x00, 0x00, 0x00, 0x00, 0x00, 0xca, 0xfc, 0xfe, 0xff, 0xff, 0xff, 0xff, 0xff, 0xff,
  0xfd, 0xfc, 0xfc, 0xfc, 0xfb, 0xf9, 0xef, 0x77, 0x01, 0x04, 0x04, 0x04, 0x04, 0x05, 0x04, 0x0c,
  0xf0, 0xfb, 0xfe, 0xff, 0xff, 0xff, 0xff, 0xff, 0xff, 0xff, 0xff, 0xff, 0xfb, 0xfd, 0x6a, 0x00,
  0x00, 0x00, 0x00, 0x00, 0x00, 0x00, 0x01, 0x03, 0x30, 0xfd, 0xfe, 0xfe, 0xff, 0xff, 0xff, 0xff,
  0xff, 0xff, 0xff, 0xfd, 0xf7, 0xff, 0x7a, 0x00, 0x00, 0x00, 0x00, 0x00, 0x00, 0x00, 0x00, 0x00,
  0x00, 0x66, 0xfe, 0xff, 0xfe, 0xff, 0xff, 0xff, 0xff, 0xff, 0xff, 0xff, 0xff, 0xb0, 0x30, 0x03,
  0x00, 0x00, 0x00, 0x00, 0x00, 0x00, 0x00, 0x01, 0x01, 0x00, 0x9e, 0xf5, 0xfd, 0xfe, 0xff, 0xff,
  0xff, 0xfe, 0xff, 0xca, 0xb2, 0x41, 0x00, 0x03, 0x00, 0x00, 0x00, 0x00, 0x00, 0x00, 0x00, 0x00,
  0x01, 0x04, 0x00, 0xdc, 0xff, 0xfd, 0xff, 0xff, 0xff, 0xfb, 0xff, 0x50, 0x00, 0x00, 0x02, 0x00
};

const lv_image_dsc_t img_pterosaur2 = {
  .header.magic = LV_IMAGE_HEADER_MAGIC,
  .header.cf = LV_COLOR_FORMAT_RGB565A8,
  .header.stride = 48,
  .header.w = 24,
  .header.h = 20,
  .data_size = sizeof(img_pterosaur2_map),
  .data = img_pterosaur2_map,
};

const uint8_t img_cloud_map[] = {
  0x00, 0x00, 0x00, 0x00, 0xff, 0xff, 0xff, 0xff, 0xff, 0xff, 0xff, 0xff, 0xff, 0xff, 0xff, 0xff,
  0xff, 0xff, 0x00, 0x00, 0x00, 0x00, 0x00, 0x00, 0xdb, 0xde, 0xdb, 0xde, 0xfb, 0xde, 0xdb, 0xde,
  0x5d, 0xef, 0xfb, 0xde, 0x3c, 0xe7, 0xdb, 0xde, 0x5d, 0xef, 0xfb, 0xde, 0x00, 0x00, 0x00, 0x00,
  0x00, 0x00, 0x00, 0x00, 0x00, 0x00, 0x00, 0x00, 0xff, 0xff, 0xff, 0xff, 0xff, 0xff, 0x00, 0x00,
  0x00, 0x00, 0xff, 0xff, 0x00, 0x00, 0x00, 0x00, 0x00, 0x00, 0x00, 0x00, 0x00, 0x00, 0x00, 0x00,
  0x00, 0x00, 0x1c, 0xe7, 0xdb, 0xde, 0x3c, 0xe7, 0xdb, 0xde, 0xdb, 0xde, 0x1c, 0xe7, 0xdb, 0xde,
  0x5d, 0xef, 0xba, 0xd6, 0xff, 0xff, 0x1c, 0xe7, 0x1c, 0xe7, 0xfb, 0xde, 0x1c, 0xe7, 0x3c, 0xe7,
  0x3c, 0xe7, 0xba, 0xd6, 0xba, 0xd6, 0x1c, 0xe7, 0x00, 0x00, 0x00, 0x00, 0x00, 0x00, 0xff, 0xff,
  0x00, 0x00, 0x00, 0x00, 0xdb, 0xde, 0x5d, 0xef, 0xdb, 0xde, 0xfb, 0xde, 0xdb, 0xde, 0x1c, 0xe7,
  0x3c, 0xe7, 0x3c, 0xe7, 0x1c, 0xe7, 0xdb, 0xde, 0x00, 0x00, 0x00, 0x00, 0x00, 0x00, 0x00, 0x00,
  0x00, 0x00, 0x00, 0x00, 0x00, 0x00, 0x00, 0x00, 0xba, 0xd6, 0xdb, 0xde, 0x1c, 0xe7, 0x1c, 0xe7,
  0x3c, 0xe7, 0xdb, 0xde, 0xfb, 0xde, 0xfb, 0xde, 0x1c, 0xe7, 0x3c, 0xe7, 0xfb, 0xde, 0x00, 0x00,
  0x1c, 0xe7, 0xfb, 0xde, 0xfb, 0xde, 0x1c, 0xe7, 0xdb, 0xde, 0xdb, 0xde, 0xfb, 0xde, 0x3c, 0xe7,
  0x1c, 0xe7, 0xff, 0xff, 0x00, 0x00, 0x00, 0x00, 0xfb, 0xde, 0xdb, 0xde, 0xba, 0xd6, 0xba, 0xd6,
  0xba, 0xd6, 0xba, 0xd6, 0xff, 0xff, 0xba, 0xd6, 0x1c, 0xe7, 0x00, 0x00, 0x00, 0x00, 0x00, 0x00,
  0x00, 0x00, 0x00, 0x00, 0x00, 0x00, 0x9a, 0xd6, 0x1c, 0xe7, 0x1c, 0xe7, 0x1c, 0xe7, 0xdb, 0xde,
  0xfb, 0xde, 0x5d, 0xef, 0xba, 0xd6, 0x00, 0x00, 0x3c, 0xe7, 0xdb, 0xde, 0x5d, 0xef, 0xdb, 0xde,
  0xdb, 0xde, 0xdb, 0xde, 0xdb, 0xde, 0xfb, 0xde, 0xdb, 0xde, 0xdb, 0xde, 0xdb, 0xde, 0xdb, 0xde,
  0xdb, 0xde, 0xdb, 0xde, 0xdb, 0xde, 0xdb, 0xde, 0xdb, 0xde, 0xdb, 0xde, 0xfb, 0xde, 0xdb, 0xde,
  0xfb, 0xde, 0xdb, 0xde, 0xdb, 0xde, 0xdb, 0xde, 0xdb, 0xde, 0xdb, 0xde, 0xdb, 0xde, 0xdb, 0xde,
  0x00, 0x00, 0x00, 0x00, 0x00, 0x00, 0xff, 0xff, 0x00, 0x00, 0x00, 0x00, 0x00, 0x00, 0x00, 0x00,
  0x00, 0x00, 0x00, 0x00, 0x00, 0x00, 0x00, 0x00, 0x00, 0x00, 0x00, 0x00, 0x00, 0x00, 0x00, 0x00,
  0x00, 0x00, 0x00, 0x00, 0x00, 0x00, 0x00, 0x00, 0x00, 0x00, 0x00, 0x00, 0x00, 0x00, 0x00, 0x00,
  0x00, 0x00, 0x00, 0x00, 0x00, 0x00, 0x00, 0x00, 0x00, 0x00, 0x00, 0x00, 0x00, 0x00, 0x00, 0x00,
  0x00, 0x00, 0xff, 0xff, 0xff, 0xff, 0x00, 0x00, 0xff, 0xff, 0xff, 0xff, 0xff, 0xff, 0xff, 0xff,
  0xff, 0xff, 0xff, 0xff, 0xff, 0xff, 0xff, 0xff, 0xff, 0xff, 0xff, 0xff, 0xff, 0xff, 0xff, 0xff,
  0xff, 0xff, 0xff, 0xff, 0xff, 0xff, 0xff, 0xff, 0xff, 0xff, 0xff, 0xff, 0xff, 0xff, 0xff, 0xff,
  0xff, 0xff, 0xff, 0xff, 0xff, 0xff, 0xff, 0xff, 0xff, 0xff, 0xff, 0xff, 0xff, 0xff, 0xff, 0xff,
  0x00, 0x00, 0x00, 0x00, 0x00, 0x00, 0x00, 0x00, 0x00, 0x00, 0x00, 0x00, 0x00, 0x00, 0x00, 0x00,
  0x00, 0x00, 0x00, 0x00, 0x00, 0x00, 0x00, 0x00, 0x00, 0x00, 0x00, 0x00, 0x00, 0x00, 0x00, 0x00,
  0x00, 0x00, 0x00, 0x00, 0x00, 0x00, 0x00, 0x00, 0x00, 0x00, 0x00, 0x00, 0x00, 0x00, 0x00, 0x00,
  0x00, 0x00, 0x00, 0x00, 0x00, 0x00, 0x00, 0x00, 0x00, 0x00, 0x00, 0x00, 0x00, 0x00, 0x00, 0x00,
  0x00, 0x00, 0x00, 0x00, 0x00, 0x00, 0x00, 0x00, 0x00, 0x00, 0x00, 0x00, 0x00, 0x00, 0x00, 0x00,
  0x00, 0x00, 0x00, 0x00, 0x00, 0x00, 0x00, 0x00, 0x00, 0x00, 0x00, 0x00, 0x00, 0x00, 0x00, 0x00,
  0x00, 0x00, 0x00, 0x00, 0x00, 0x00, 0x00, 0x00, 0x00, 0x00, 0x00, 0x00, 0x00, 0x00, 0x00, 0x00,
  0x00, 0x00, 0x00, 0x00, 0x00, 0x00, 0x00, 0x00, 0x00, 0x00, 0x00, 0x00, 0x00, 0x00, 0x00, 0x00,
  0x00, 0x00, 0x00, 0x00, 0x00, 0x00, 0x00, 0x00, 0x00, 0x00, 0x00, 0x00, 0x00, 0x00, 0x00, 0x00,
  0x00, 0x00, 0x00, 0x00, 0x00, 0x00, 0x00, 0x00, 0x00, 0x00, 0x00, 0x00, 0x00, 0x00, 0x00, 0x00,
  0x00, 0x00, 0x00, 0x00, 0x00, 0x00, 0x00, 0x00, 0x00, 0x00, 0x00, 0x00, 0x00, 0x00, 0x00, 0x00,
  0x00, 0x00, 0x00, 0x00, 0x00, 0x00, 0x00, 0x00, 0x00, 0x00, 0x00, 0x00, 0x00, 0x00, 0x00, 0x00,
  0x00, 0x00, 0x00, 0x00, 0x00, 0x00, 0x00, 0x00, 0x00, 0x00, 0x00, 0x00, 0x00, 0x00, 0x00, 0x00,
  0x00, 0x00, 0x00, 0x00, 0x00, 0x00, 0x00, 0x00, 0x00, 0x00, 0x00, 0x00, 0x00, 0x00, 0x00, 0x00,
  0x00, 0x00, 0x00, 0x00, 0x00, 0x00, 0x00, 0x00, 0x00, 0x00, 0x00, 0x00, 0x00, 0x00, 0x00, 0x00,
  0x00, 0x00, 0x00, 0x00, 0x00, 0x00, 0x00, 0x00, 0x00, 0x00, 0x00, 0x00, 0x00, 0x00, 0x00, 0x00,
  0x00, 0x00, 0x00, 0x00, 0x00, 0x00, 0x00, 0x00, 0x00, 0x00, 0x00, 0x00, 0x00, 0x00, 0x00, 0x00,
  0x00, 0x00, 0x00, 0x00, 0x00, 0x00, 0x00, 0x00, 0x00, 0x00, 0x00, 0x00, 0x00, 0x00, 0x00, 0x00,
  0x00, 0x00, 0x00, 0x00, 0x00, 0x00, 0x00, 0x00, 0x00, 0x00, 0x00, 0x00, 0x00, 0x00, 0x00, 0x00,
  0x00, 0x00, 0x00, 0x00, 0x00, 0x00, 0x00, 0x00, 0x00, 0x00, 0x00, 0x00, 0x00, 0x00, 0x00, 0x00,
  0x00, 0x00, 0x00, 0x00, 0x00, 0x00, 0x00, 0x00, 0x00, 0x00, 0x00, 0x00, 0x00, 0x00, 0x00, 0x00,
  0x00, 0x00, 0x00, 0x00, 0x00, 0x00, 0x00, 0x00, 0x00, 0x00, 0x00, 0x00, 0x00, 0x00, 0x00, 0x00,
  0x00, 0x00, 0x00, 0x00, 0x00, 0x00, 0x00, 0x00, 0x00, 0x00, 0x00, 0x00, 0x00, 0x00, 0x00, 0x00,
  0x00, 0x00, 0x00, 0x00, 0x00, 0x00, 0x00, 0x00, 0x00, 0x00, 0x00, 0x00, 0x00, 0x00, 0x00, 0x00,
  0x00, 0x00, 0x00, 0x00, 0x00, 0x00, 0x00, 0x00, 0x00, 0x00, 0x00, 0x00, 0x00, 0x00, 0x00, 0x00,
  0x00, 0x00, 0x00, 0x00, 0x00, 0x00, 0x00, 0x00, 0x00, 0x00, 0x00, 0x00, 0x00, 0x00, 0x00, 0x00,
  0x00, 0x00, 0x00, 0x00, 0x00, 0x00, 0x00, 0x00, 0x00, 0x00, 0x00, 0x00, 0x00, 0x00, 0x00, 0x00,
  0x00, 0x00, 0x00, 0x00, 0x00, 0x00, 0x00, 0x00, 0x00, 0x00, 0x00, 0x00, 0x00, 0x00, 0x00, 0x00,
  0x00, 0x00, 0x00, 0x00, 0x00, 0x00, 0x00, 0x00, 0x00, 0x00, 0x00, 0x00, 0x00, 0x00, 0x00, 0x00,
  0x00, 0x00, 0x00, 0x00, 0x00, 0x00, 0x00, 0x00, 0x00, 0x00, 0x00, 0x00, 0x00, 0x00, 0x00, 0x00,
  0x00, 0x00, 0x00, 0x00, 0x00, 0x00, 0x00, 0x00, 0x00, 0x00, 0x00, 0x00, 0x00, 0x00, 0x00, 0x00,
  0x00, 0x00, 0x00, 0x00, 0x00, 0x00, 0x00, 0x00, 0x00, 0x00, 0x00, 0x00, 0x00, 0x00, 0x00, 0x00,
  0x00, 0x00, 0x00, 0x00, 0x00, 0x00, 0x00, 0x00, 0x00, 0x00, 0x00, 0x00, 0x00, 0x00, 0x00, 0x00,
  0x00, 0x00, 0x00, 0x00, 0x00, 0x00, 0x00, 0x00, 0x00, 0x00, 0x00, 0x00, 0x00, 0x00, 0x00, 0x00,
  0x00, 0x00, 0x00, 0x00, 0x00, 0x00, 0x00, 0x00, 0x00, 0x00, 0x00, 0x00, 0x00, 0x00, 0x00, 0x00,
  0x00, 0x00, 0x00, 0x00, 0x00, 0x00, 0x00, 0x00, 0x00, 0x00, 0x00, 0x00, 0x00, 0x00, 0x00, 0x00,
  0x00, 0x00, 0x02, 0x02, 0x02, 0x02, 0x02, 0x03, 0x01, 0x00, 0x00, 0x00, 0x2f, 0x65, 0x4a, 0x48,
  0x5e, 0x7b, 0x56, 0x87, 0x5f, 0x29, 0x00, 0x00, 0x00, 0x00, 0x00, 0x00, 0x01, 0x03, 0x02, 0x00,
  0x00, 0x01, 0x00, 0x00, 0x00, 0x00, 0x00, 0x00, 0x00, 0x09, 0x52, 0x8a, 0x7b, 0x4b, 0x1a, 0x1b,
  0x1a, 0x0d, 0x01, 0x19, 0x45, 0xc5, 0x54, 0x43, 0x30, 0x19, 0x1a, 0x12, 0x00, 0x00, 0x00, 0x01,
  0x00, 0x00, 0x2a, 0x31, 0x2b, 0x2d, 0x2f, 0x4b, 0x8e, 0x58, 0x6c, 0x43, 0x00, 0x00, 0x00, 0x00,
  0x00, 0x00, 0x00, 0x00, 0x19, 0x5e, 0x2e, 0x3d, 0x53, 0x45, 0x44, 0x9a, 0x62, 0x4a, 0x2f, 0x00,
  0x09, 0x81, 0xa2, 0x38, 0x45, 0x45, 0x36, 0x3e, 0x25, 0x01, 0x00, 0x00, 0x08, 0x07, 0x06, 0x06,
  0x06, 0x06, 0x05, 0x06, 0x09, 0x00, 0x00, 0x00, 0x00, 0x00, 0x00, 0x11, 0x25, 0x55, 0x87, 0x86,
  0x0f, 0x49, 0x0d, 0x00, 0x14, 0x43, 0x45, 0x43, 0x48, 0x50, 0x52, 0x51, 0x50, 0x50, 0x50, 0x50,
  0x50, 0x50, 0x4f, 0x50, 0x4f, 0x52, 0x51, 0x52, 0x52, 0x52, 0x52, 0x4d, 0x48, 0x43, 0x45, 0x64,
  0x00, 0x00, 0x00, 0x02, 0x00, 0x00, 0x00, 0x00, 0x00, 0x00, 0x00, 0x00, 0x00, 0x00, 0x00, 0x00,
  0x00, 0x00, 0x00, 0x00, 0x00, 0x00, 0x00, 0x00, 0x00, 0x00, 0x00, 0x00, 0x00, 0x00, 0x00, 0x00,
  0x01, 0x03, 0x01, 0x00, 0x01, 0x01, 0x01, 0x01, 0x01, 0x01, 0x01, 0x01, 0x01, 0x01, 0x01, 0x01,
  0x01, 0x01, 0x01, 0x01, 0x01, 0x01, 0x01, 0x01, 0x01, 0x01, 0x01, 0x01, 0x01, 0x01, 0x01, 0x01,
  0x00, 0x00, 0x00, 0x00, 0x00, 0x00, 0x00, 0x00, 0x00, 0x00, 0x00, 0x00, 0x00, 0x00, 0x00, 0x00,
  0x00, 0x00, 0x00, 0x00, 0x00, 0x00, 0x00, 0x00, 0x00, 0x00, 0x00, 0x00, 0x00, 0x00, 0x00, 0x00,
  0x00, 0x00, 0x00, 0x00, 0x00, 0x00, 0x00, 0x00, 0x00, 0x00, 0x00, 0x00, 0x00, 0x00, 0x00, 0x00,
  0x00, 0x00, 0x00, 0x00, 0x00, 0x00, 0x00, 0x00, 0x00, 0x00, 0x00, 0x00, 0x00, 0x00, 0x00, 0x00,
  0x00, 0x00, 0x00, 0x00, 0x00, 0x00, 0x00, 0x00, 0x00, 0x00, 0x00, 0x00, 0x00, 0x00, 0x00, 0x00,
  0x00, 0x00, 0x00, 0x00, 0x00, 0x00, 0x00, 0x00, 0x00, 0x00, 0x00, 0x00, 0x00, 0x00, 0x00, 0x00,
  0x00, 0x00, 0x00, 0x00, 0x00, 0x00, 0x00, 0x00, 0x00, 0x00, 0x00, 0x00, 0x00, 0x00, 0x00, 0x00,
  0x00, 0x00, 0x00, 0x00, 0x00, 0x00, 0x00, 0x00, 0x00, 0x00, 0x00, 0x00, 0x00, 0x00, 0x00, 0x00,
  0x00, 0x00, 0x00, 0x00, 0x00, 0x00, 0x00, 0x00, 0x00, 0x00, 0x00, 0x00, 0x00, 0x00, 0x00, 0x00,
  0x00, 0x00, 0x00, 0x00, 0x00, 0x00, 0x00, 0x00, 0x00, 0x00, 0x00, 0x00, 0x00, 0x00, 0x00, 0x00,
  0x00, 0x00, 0x00, 0x00, 0x00, 0x00, 0x00, 0x00, 0x00, 0x00, 0x00, 0x00, 0x00, 0x00, 0x00, 0x00,
  0x00, 0x00, 0x00, 0x00, 0x00, 0x00, 0x00, 0x00, 0x00, 0x00, 0x00, 0x00, 0x00, 0x00, 0x00, 0x00,
  0x00, 0x00, 0x00, 0x00, 0x00, 0x00, 0x00, 0x00, 0x00, 0x00, 0x00, 0x00, 0x00, 0x00, 0x00, 0x00,
  0x00, 0x00, 0x00, 0x00, 0x00, 0x00, 0x00, 0x00, 0x00, 0x00, 0x00, 0x00, 0x00, 0x00, 0x00, 0x00,
  0x00, 0x00, 0x00, 0x00, 0x00, 0x00, 0x00, 0x00, 0x00, 0x00, 0x00, 0x00, 0x00, 0x00, 0x00, 0x00,
  0x00, 0x00, 0x00, 0x00, 0x00, 0x00, 0x00, 0x00, 0x00, 0x00, 0x00, 0x00, 0x00, 0x00, 0x00, 0x00,
  0x00, 0x00, 0x00, 0x00, 0x00, 0x00, 0x00, 0x00, 0x00, 0x00, 0x00, 0x00, 0x00, 0x00, 0x00, 0x00,
  0x00, 0x00, 0x00, 0x00, 0x00, 0x00, 0x00, 0x00, 0x00, 0x00, 0x00, 0x00, 0x00, 0x00, 0x00, 0x00
};

const lv_image_dsc_t img_cloud = {
  .header.magic = LV_IMAGE_HEADER_MAGIC,
  .header.cf = LV_COLOR_FORMAT_RGB565A8,
  .header.stride = 64,
  .header.w = 32,
  .header.h = 16,
  .data_size = sizeof(img_cloud_map),
  .data = img_cloud_map,
};

