#include "lvgl.h"

const uint8_t _music_artwork_RGB565A8_104x104_map[] = {
  0x24, 0x19, 0x24, 0x19, 0x24, 0x19, 0x24, 0x19, 0x24, 0x19, 0x24, 0x19, 0x24, 0x19, 0x24, 0x19,
  0x24, 0x19, 0x24, 0x19, 0x24, 0x19, 0x45, 0x21, 0x28, 0x3a, 0x4c, 0x63, 0xb2, 0x8c, 0xd6, 0xb5,
  0x38, 0xbe, 0x17, 0xbe, 0xd6, 0xb5, 0x75, 0xa5, 0x33, 0x9d, 0xf3, 0x94, 0xd2, 0x94, 0xb2, 0x8c,
  0xb2, 0x8c, 0x91, 0x8c, 0x91, 0x8c, 0x71, 0x84, 0x71, 0x84, 0x50, 0x84, 0x30, 0x7c, 0x30, 0x7c,
  0x0f, 0x7c, 0x0f, 0x74, 0xef, 0x73, 0xce, 0x73, 0x4c, 0x5b, 0xc6, 0x29, 0xc6, 0x29, 0xe6, 0x29,
  0xe7, 0x29, 0xe7, 0x29, 0x07, 0x32, 0x07, 0x32, 0x07, 0x32, 0x28, 0x32, 0x28, 0x32, 0x48, 0x3a,
  0x48, 0x3a, 0x48, 0x3a, 0x68, 0x3a, 0x69, 0x3a, 0x89, 0x42, 0x89, 0x42, 0x69, 0x42, 0x69, 0x3a,
  0x68, 0x3a, 0x48, 0x3a, 0x48, 0x3a, 0x28, 0x3a, 0x28, 0x3a, 0x28, 0x32, 0x07, 0x32, 0x07, 0x32,
  0xe7, 0x31, 0xe7, 0x31, 0xe7, 0x31, 0xc6, 0x29, 0xc6, 0x29, 0xc6, 0x29, 0xa6, 0x29, 0xa6, 0x21,
  0x86, 0x21, 0x85, 0x21, 0x85, 0x21, 0x65, 0x21, 0x65, 0x21, 0x45, 0x21, 0x44, 0x21, 0x24, 0x19,
  0x24, 0x19, 0x04, 0x19, 0x04, 0x19, 0x04, 0x19, 0x04, 0x19, 0x04, 0x19, 0x04, 0x19, 0x04, 0x19,
  0x04, 0x19, 0x04, 0x19, 0x04, 0x19, 0x04, 0x19, 0x04, 0x19, 0x04, 0x19, 0x04, 0x19, 0x04, 0x19,
  0x04, 0x19, 0x04, 0x19, 0x04, 0x19, 0x04, 0x19, 0x04, 0x19, 0x04, 0x19, 0x04, 0x19, 0x04, 0x19,
  0x24, 0x19, 0x24, 0x19, 0x24, 0x19, 0x24, 0x19, 0x24, 0x19, 0x24, 0x19, 0x24, 0x19, 0x24, 0x19,
  0x24, 0x19, 0x24, 0x19, 0x86, 0x29, 0x2c, 0x5b, 0xd2, 0x94, 0xf7, 0xb5, 0xf7, 0xb5, 0xb6, 0xad,
  0x95, 0xad, 0xf7, 0xb5, 0x58, 0xc6, 0x99, 0xce, 0xda, 0xd6, 0xfa, 0xd6, 0xfb, 0xd6, 0xfb, 0xd6,
  0xfa, 0xd6, 0xda, 0xd6, 0xba, 0xce, 0xba, 0xce, 0x99, 0xce, 0x99, 0xce, 0x79, 0xc6, 0x58, 0xc6,
  0x58, 0xc6, 0x38, 0xbe, 0x37, 0xbe, 0x34, 0x9d, 0x69, 0x3a, 0x44, 0x11, 0x44, 0x19, 0x44, 0x11,
  0x44, 0x11, 0x44, 0x11, 0x44, 0x11, 0x44, 0x11, 0x44, 0x11, 0x24, 0x11, 0x24, 0x11, 0x24, 0x11,
  0x24, 0x11, 0x24, 0x11, 0x24, 0x11, 0x24, 0x11, 0x23, 0x11, 0x23, 0x11, 0x24, 0x11, 0x24, 0x11,
  0x44, 0x19, 0x44, 0x19, 0x64, 0x19, 0x65, 0x19, 0x65, 0x19, 0x85, 0x21, 0x85, 0x21, 0x85, 0x21,
  0xa6, 0x21, 0xa6, 0x21, 0xc6, 0x29, 0xc6, 0x29, 0xc6, 0x29, 0xe6, 0x29, 0xe7, 0x29, 0x07, 0x32,
  0x07, 0x32, 0x07, 0x32, 0x27, 0x32, 0x28, 0x32, 0x48, 0x3a, 0x89, 0x42, 0xaa, 0x4a, 0x69, 0x42,
  0x69, 0x3a, 0x69, 0x42, 0x89, 0x42, 0x89, 0x42, 0x69, 0x3a, 0x69, 0x3a, 0x48, 0x3a, 0x48, 0x3a,
  0x28, 0x3a, 0x28, 0x3a, 0x07, 0x32, 0x07, 0x32, 0xe7, 0x29, 0xa6, 0x29, 0x65, 0x21, 0x24, 0x19,
  0x04, 0x19, 0x04, 0x19, 0x04, 0x19, 0x03, 0x19, 0x04, 0x19, 0x04, 0x19, 0x04, 0x19, 0x04, 0x19,
  0x24, 0x19, 0x24, 0x19, 0x24, 0x19, 0x24, 0x19, 0x24, 0x19, 0x24, 0x19, 0x24, 0x19, 0x24, 0x19,
  0x44, 0x19, 0x08, 0x3a, 0xef, 0x73, 0x95, 0xad, 0xf6, 0xb5, 0xd6, 0xb5, 0xf6, 0xb5, 0x99, 0xce,
  0xfa, 0xd6, 0xfa, 0xd6, 0xfb, 0xd6, 0xfa, 0xd6, 0xfb, 0xd6, 0xfa, 0xd6, 0xfb, 0xd6, 0xfa, 0xd6,
  0xfb, 0xd6, 0xfa, 0xd6, 0xfb, 0xd6, 0xfa, 0xd6, 0xfb, 0xd6, 0xfa, 0xd6, 0xfb, 0xd6, 0xfa, 0xd6,
  0xfb, 0xd6, 0xd6, 0xad, 0x6c, 0x5b, 0x0b, 0x4b, 0x85, 0x19, 0x85, 0x19, 0x85, 0x19, 0x85, 0x19,
  0x85, 0x19, 0x85, 0x19, 0x85, 0x19, 0x85, 0x19, 0x85, 0x19, 0x85, 0x19, 0x85, 0x19, 0x85, 0x19,
  0x85, 0x19, 0x85, 0x19, 0x85, 0x19, 0x85, 0x19, 0x85, 0x19, 0x85, 0x19, 0x85, 0x19, 0x85, 0x19,
  0x85, 0x19, 0x64, 0x19, 0x64, 0x19, 0x64, 0x19, 0x64, 0x19, 0x64, 0x19, 0x64, 0x19, 0x64, 0x19,
  0x64, 0x19, 0x64, 0x19, 0x44, 0x19, 0x44, 0x19, 0x44, 0x11, 0x44, 0x11, 0x44, 0x11, 0x44, 0x11,
  0x44, 0x11, 0x44, 0x11, 0x44, 0x11, 0x65, 0x19, 0xe7, 0x29, 0x0b, 0x53, 0x4c, 0x5b, 0xe7, 0x29,
  0x23, 0x11, 0x23, 0x11, 0x23, 0x11, 0x24, 0x11, 0x24, 0x11, 0x44, 0x19, 0x44, 0x19, 0x44, 0x19,
  0x65, 0x19, 0x65, 0x19, 0x85, 0x21, 0xa5, 0x21, 0x68, 0x32, 0xed, 0x5b, 0xed, 0x5b, 0xcd, 0x5b,
  0xea, 0x42, 0xc6, 0x29, 0x04, 0x19, 0x04, 0x19, 0x04, 0x19, 0x04, 0x19, 0x04, 0x19, 0x04, 0x19,
  0x24, 0x19, 0x24, 0x19, 0x24, 0x19, 0x24, 0x19, 0x24, 0x19, 0x24, 0x19, 0x24, 0x19, 0x44, 0x19,
  0x49, 0x42, 0x91, 0x8c, 0xd6, 0xb5, 0xb6, 0xad, 0xd6, 0xb5, 0x99, 0xc6, 0xfb, 0xd6, 0xfb, 0xd6,
  0xfb, 0xd6, 0xfb, 0xd6, 0xfb, 0xd6, 0xfb, 0xd6, 0xfb, 0xd6, 0xfb, 0xd6, 0xfb, 0xd6, 0xfb, 0xd6,
  0xfb, 0xd6, 0xfb, 0xd6, 0xfb, 0xd6, 0xfb, 0xd6, 0xfb, 0xd6, 0xfb, 0xd6, 0xfb, 0xd6, 0xfb, 0xd6,
  0xb5, 0xad, 0xa9, 0x42, 0x85, 0x19, 0x85, 0x19, 0x85, 0x19, 0x85, 0x19, 0x85, 0x19, 0x85, 0x19,
  0x85, 0x19, 0x85, 0x19, 0x85, 0x19, 0x85, 0x19, 0x85, 0x19, 0x85, 0x19, 0x85, 0x19, 0x85, 0x19,
  0x85, 0x19, 0x85, 0x19, 0x85, 0x19, 0x85, 0x19, 0x85, 0x19, 0x85, 0x19, 0x85, 0x19, 0x85, 0x19,
  0x85, 0x19, 0x85, 0x19, 0x85, 0x19, 0x85, 0x19, 0x85, 0x19, 0x85, 0x19, 0x85, 0x19, 0x85, 0x19,
  0x85, 0x19, 0x85, 0x19, 0x85, 0x19, 0x85, 0x19, 0x85, 0x19, 0x85, 0x19, 0x85, 0x19, 0x85, 0x19,
  0x85, 0x19, 0xa5, 0x19, 0x07, 0x2a, 0xca, 0x42, 0x6c, 0x5b, 0xca, 0x4a, 0xc6, 0x21, 0x85, 0x19,
  0x85, 0x19, 0x85, 0x19, 0x85, 0x19, 0x85, 0x19, 0x85, 0x19, 0x85, 0x19, 0x65, 0x19, 0x64, 0x19,
  0x64, 0x19, 0x64, 0x19, 0x67, 0x2a, 0x4e, 0x5c, 0x6e, 0x5c, 0x10, 0x6d, 0xf0, 0x6c, 0xf0, 0x6c,
  0xd0, 0x6c, 0xed, 0x5b, 0xa9, 0x3a, 0x85, 0x21, 0x03, 0x11, 0x03, 0x11, 0x03, 0x19, 0x03, 0x19,
  0x24, 0x19, 0x24, 0x19, 0x24, 0x19, 0x24, 0x19, 0x24, 0x19, 0x24, 0x19, 0x24, 0x19, 0x48, 0x42,
  0xd2, 0x8c, 0xd6, 0xb5, 0xb6, 0xb5, 0x38, 0xbe, 0xda, 0xce, 0xfb, 0xd6, 0xfb, 0xd6, 0xfb, 0xd6,
  0xfb, 0xd6, 0xfa, 0xd6, 0xfb, 0xd6, 0xfa, 0xd6, 0xfb, 0xd6, 0xfa, 0xd6, 0xfb, 0xd6, 0xfa, 0xd6,
  0xfb, 0xd6, 0xfa, 0xd6, 0xfb, 0xd6, 0xfa, 0xd6, 0xfb, 0xd6, 0xfa, 0xd6, 0xfb, 0xd6, 0x74, 0xa5,
  0x89, 0x3a, 0x85, 0x19, 0x85, 0x19, 0x85, 0x19, 0x85, 0x19, 0x85, 0x19, 0x85, 0x19, 0x85, 0x19,
  0x85, 0x19, 0x85, 0x19, 0x85, 0x19, 0x85, 0x19, 0x85, 0x19, 0x85, 0x19, 0x85, 0x19, 0x85, 0x19,
  0x85, 0x19, 0x85, 0x19, 0x85, 0x19, 0x85, 0x19, 0x85, 0x19, 0x85, 0x19, 0x85, 0x19, 0x85, 0x19,
  0x85, 0x19, 0x85, 0x19, 0x85, 0x19, 0x85, 0x19, 0x85, 0x19, 0x85, 0x19, 0x85, 0x19, 0x85, 0x19,
  0x85, 0x19, 0x85, 0x19, 0x85, 0x19, 0x85, 0x19, 0x85, 0x19, 0x85, 0x19, 0x85, 0x19, 0x85, 0x19,
  0xc6, 0x21, 0x68, 0x3a, 0x4c, 0x53, 0x6c, 0x5b, 0x48, 0x32, 0x85, 0x19, 0x85, 0x19, 0x85, 0x19,
  0x85, 0x19, 0x85, 0x19, 0x85, 0x19, 0x85, 0x19, 0x85, 0x19, 0x85, 0x19, 0x85, 0x19, 0x85, 0x19,
  0x85, 0x19, 0xa8, 0x32, 0x10, 0x6d, 0xd2, 0x7d, 0xb2, 0x75, 0x92, 0x75, 0x51, 0x6d, 0x10, 0x6d,
  0x10, 0x6d, 0x10, 0x75, 0xd0, 0x6c, 0x8c, 0x53, 0xe6, 0x29, 0x04, 0x19, 0x04, 0x19, 0x04, 0x19,
  0x24, 0x19, 0x24, 0x19, 0x24, 0x19, 0x24, 0x19, 0x24, 0x19, 0x24, 0x19, 0x28, 0x3a, 0xb1, 0x8c,
  0x37, 0xbe, 0x17, 0xb6, 0x79, 0xc6, 0xfa, 0xd6, 0xfb, 0xd6, 0xfb, 0xd6, 0xfb, 0xd6, 0xfb, 0xd6,
  0xfb, 0xd6, 0xfb, 0xd6, 0xfb, 0xd6, 0xfb, 0xd6, 0xfb, 0xd6, 0xfb, 0xd6, 0xfb, 0xd6, 0xfb, 0xd6,
  0xfb, 0xd6, 0xfb, 0xd6, 0xfb, 0xd6, 0xfb, 0xd6, 0xfb, 0xd6, 0xfb, 0xd6, 0x34, 0x9d, 0x48, 0x32,
  0x85, 0x19, 0x85, 0x19, 0x85, 0x19, 0x85, 0x19, 0x85, 0x19, 0x85, 0x19, 0x85, 0x19, 0x85, 0x19,
  0x85, 0x19, 0x85, 0x19, 0x85, 0x19, 0x85, 0x19, 0x85, 0x19, 0x85, 0x19, 0x85, 0x19, 0x85, 0x19,
  0x85, 0x19, 0x85, 0x19, 0x85, 0x19, 0x85, 0x19, 0x85, 0x19, 0x85, 0x19, 0x85, 0x19, 0x85, 0x19,
  0x85, 0x19, 0x85, 0x19, 0x85, 0x19, 0x85, 0x19, 0x85, 0x19, 0x85, 0x19, 0x85, 0x19, 0x85, 0x19,
  0x85, 0x19, 0x85, 0x19, 0x85, 0x19, 0x85, 0x19, 0x85, 0x19, 0x85, 0x19, 0xa5, 0x21, 0x27, 0x32,
  0xca, 0x42, 0x2c, 0x53, 0xca, 0x42, 0xc6, 0x21, 0x85, 0x19, 0x85, 0x19, 0x85, 0x19, 0x85, 0x19,
  0x85, 0x19, 0x85, 0x19, 0x85, 0x19, 0x85, 0x19, 0x85, 0x19, 0x85, 0x19, 0x85, 0x19, 0x85, 0x19,
  0xc9, 0x32, 0x30, 0x6d, 0xf3, 0x7d, 0xf3, 0x7d, 0xf3, 0x7d, 0xf3, 0x7d, 0xf3, 0x7d, 0xd2, 0x75,
  0x71, 0x6d, 0x10, 0x6d, 0x10, 0x6d, 0x11, 0x75, 0xed, 0x5b, 0x07, 0x2a, 0x24, 0x19, 0x03, 0x11,
  0x24, 0x19, 0x24, 0x19, 0x24, 0x19, 0x24, 0x19, 0x24, 0x19, 0xc6, 0x29, 0x30, 0x7c, 0x17, 0xb6,
  0x38, 0xbe, 0xfa, 0xd6, 0x7c, 0xe7, 0x1b, 0xdf, 0xfb, 0xd6, 0xfb, 0xd6, 0xfb, 0xd6, 0xfb, 0xd6,
  0xfb, 0xd6, 0xfb, 0xd6, 0xfb, 0xd6, 0xfb, 0xd6, 0xfb, 0xd6, 0xfa, 0xd6, 0xfb, 0xd6, 0xfb, 0xd6,
  0xfb, 0xd6, 0xfa, 0xd6, 0xfb, 0xd6, 0xfb, 0xd6, 0xf2, 0x8c, 0x89, 0x3a, 0x27, 0x32, 0x85, 0x19,
  0x85, 0x19, 0x85, 0x19, 0x85, 0x19, 0x85, 0x19, 0x85, 0x19, 0x85, 0x19, 0x85, 0x19, 0x85, 0x19,
  0x85, 0x19, 0x85, 0x19, 0x85, 0x19, 0x85, 0x19, 0x85, 0x19, 0x85, 0x19, 0x85, 0x19, 0x85, 0x19,
  0x85, 0x19, 0x85, 0x19, 0x85, 0x19, 0x85, 0x19, 0x85, 0x19, 0x85, 0x19, 0x85, 0x19, 0x85, 0x19,
  0x85, 0x19, 0x85, 0x19, 0x85, 0x19, 0x85, 0x19, 0x85, 0x19, 0x85, 0x19, 0x85, 0x19, 0x85, 0x19,
  0x85, 0x19, 0x85, 0x19, 0x85, 0x19, 0x85, 0x19, 0x85, 0x19, 0xc6, 0x21, 0x89, 0x3a, 0x2c, 0x53,
  0x2b, 0x53, 0x27, 0x32, 0x85, 0x19, 0x85, 0x19, 0x85, 0x19, 0x85, 0x19, 0x85, 0x19, 0x85, 0x19,
  0x85, 0x19, 0x85, 0x19, 0x85, 0x19, 0x85, 0x19, 0x85, 0x19, 0x85, 0x19, 0x85, 0x19, 0x09, 0x3b,
  0x51, 0x6d, 0xd3, 0x7d, 0xd3, 0x7d, 0xd3, 0x7d, 0xd3, 0x7d, 0xd3, 0x7d, 0xd3, 0x7d, 0xd3, 0x7d,
  0xd3, 0x7d, 0xb2, 0x75, 0x30, 0x6d, 0xf0, 0x6c, 0x11, 0x75, 0x2e, 0x64, 0x27, 0x32, 0x24, 0x19,
  0x24, 0x19, 0x24, 0x19, 0x24, 0x19, 0x24, 0x19, 0x24, 0x19, 0x2c, 0x5b, 0xd6, 0xad, 0x58, 0xbe,
  0xb9, 0xce, 0x7c, 0xe7, 0x9d, 0xe7, 0x7c, 0xe7, 0x3b, 0xdf, 0x1b, 0xdf, 0xfb, 0xd6, 0xfb, 0xd6,
  0xfb, 0xd6, 0xfb, 0xd6, 0xfb, 0xd6, 0xfb, 0xd6, 0xfb, 0xd6, 0xfb, 0xd6, 0xfb, 0xd6, 0xfb, 0xd6,
  0xfb, 0xd6, 0xfb, 0xd6, 0xfb, 0xd6, 0xb1, 0x84, 0xe6, 0x29, 0x85, 0x19, 0x85, 0x19, 0x85, 0x19,
  0x85, 0x19, 0x85, 0x19, 0x85, 0x19, 0x85, 0x19, 0x85, 0x19, 0x85, 0x19, 0x85, 0x19, 0x85, 0x19,
  0x85, 0x19, 0x85, 0x19, 0x85, 0x19, 0x85, 0x19, 0x85, 0x19, 0x85, 0x19, 0x85, 0x19, 0x85, 0x19,
  0x85, 0x19, 0x85, 0x19, 0x85, 0x19, 0x85, 0x19, 0x85, 0x19, 0x85, 0x19, 0x85, 0x19, 0x85, 0x19,
  0x85, 0x19, 0x85, 0x19, 0x85, 0x19, 0x85, 0x19, 0x85, 0x19, 0x85, 0x19, 0x85, 0x19, 0x85, 0x19,
  0x85, 0x19, 0x85, 0x19, 0x85, 0x19, 0xa5, 0x21, 0x27, 0x32, 0xea, 0x4a, 0x2b, 0x53, 0xa9, 0x42,
  0xe6, 0x21, 0x85, 0x19, 0x85, 0x19, 0x85, 0x19, 0x85, 0x19, 0x85, 0x19, 0x85, 0x19, 0x85, 0x19,
  0x85, 0x19, 0x85, 0x19, 0x85, 0x19, 0x85, 0x19, 0x85, 0x19, 0x4a, 0x43, 0x51, 0x6d, 0x71, 0x75,
  0xf3, 0x7d, 0xf3, 0x7d, 0xf3, 0x7d, 0xf3, 0x7d, 0xf3, 0x7d, 0xf3, 0x7d, 0xf3, 0x7d, 0xf3, 0x7d,
  0xf3, 0x7d, 0xd3, 0x7d, 0xd2, 0x75, 0x51, 0x6d, 0xf0, 0x6c, 0x11, 0x75, 0xcd, 0x53, 0x65, 0x21,
  0x24, 0x19, 0x24, 0x19, 0x24, 0x19, 0x24, 0x19, 0xe7, 0x31, 0xd2, 0x8c, 0x38, 0xbe, 0x79, 0xc6,
  0x5c, 0xdf, 0x9d, 0xe7, 0x9d, 0xe7, 0x9d, 0xe7, 0x9d, 0xe7, 0x7c, 0xe7, 0x3b, 0xdf, 0x1b, 0xd7,
  0xfb, 0xd6, 0xfb, 0xd6, 0xfb, 0xd6, 0xfb, 0xd6, 0xfb, 0xd6, 0xfb, 0xd6, 0xfa, 0xd6, 0xfa, 0xd6,
  0xfa, 0xd6, 0xfb, 0xd6, 0x70, 0x7c, 0xc6, 0x21, 0x85, 0x19, 0x85, 0x19, 0x85, 0x19, 0x85, 0x19,
  0x85, 0x19, 0x85, 0x19, 0x85, 0x19, 0x85, 0x19, 0x85, 0x19, 0x85, 0x19, 0x85, 0x19, 0x85, 0x19,
  0x85, 0x19, 0x85, 0x19, 0x85, 0x19, 0x85, 0x19, 0x85, 0x19, 0x85, 0x19, 0x85, 0x19, 0x85, 0x19,
  0x85, 0x19, 0x85, 0x19, 0x85, 0x19, 0x85, 0x19, 0x85, 0x19, 0x85, 0x19, 0x85, 0x19, 0x85, 0x19,
  0x85, 0x19, 0x85, 0x19, 0x85, 0x19, 0x85, 0x19, 0x85, 0x19, 0x85, 0x19, 0x85, 0x19, 0x85, 0x19,
  0x85, 0x19, 0x85, 0x19, 0xe6, 0x29, 0xca, 0x42, 0x4c, 0x53, 0xea, 0x4a, 0x27, 0x32, 0x85, 0x19,
  0x85, 0x19, 0x85, 0x19, 0x85, 0x19, 0x85, 0x19, 0x85, 0x19, 0x85, 0x19, 0x85, 0x19, 0x85, 0x19,
  0x85, 0x19, 0x85, 0x19, 0x85, 0x19, 0x85, 0x19, 0x6b, 0x43, 0xb2, 0x75, 0xf3, 0x7d, 0xf3, 0x7d,
  0xf3, 0x7d, 0xf3, 0x7d, 0xf3, 0x7d, 0xf3, 0x7d, 0xf3, 0x7d, 0xf3, 0x7d, 0xf3, 0x7d, 0xf3, 0x7d,
  0xf3, 0x7d, 0xf3, 0x7d, 0xf3, 0x7d, 0xd2, 0x7d, 0xaf, 0x5c, 0x8b, 0x4b, 0x4b, 0x4b, 0xe7, 0x31,
  0x24, 0x19, 0x24, 0x19, 0x24, 0x19, 0x24, 0x19, 0x6d, 0x63, 0xd6, 0xad, 0x58, 0xbe, 0xfa, 0xd6,
  0x9d, 0xe7, 0x9d, 0xe7, 0x9d, 0xe7, 0x9d, 0xe7, 0x9d, 0xe7, 0x9d, 0xe7, 0x9d, 0xe7, 0x5c, 0xdf,
  0x1b, 0xdf, 0xfb, 0xd6, 0xfb, 0xd6, 0xfb, 0xd6, 0xfb, 0xd6, 0xfb, 0xd6, 0xfb, 0xd6, 0xfa, 0xd6,
  0x0f, 0x74, 0xc6, 0x21, 0xc6, 0x21, 0x85, 0x19, 0x85, 0x19, 0x85, 0x19, 0x85, 0x19, 0x85, 0x19,
  0x85, 0x19, 0x85, 0x19, 0x85, 0x19, 0x85, 0x19, 0x85, 0x19, 0x85, 0x19, 0x85, 0x19, 0x85, 0x19,
  0x85, 0x19, 0x85, 0x19, 0x85, 0x19, 0x85, 0x19, 0x85, 0x19, 0x85, 0x19, 0x85, 0x19, 0x85, 0x19,
  0x85, 0x19, 0x85, 0x19, 0x85, 0x19, 0x85, 0x19, 0x85, 0x19, 0x85, 0x19, 0x85, 0x19, 0x85, 0x19,
  0x85, 0x19, 0x85, 0x19, 0x85, 0x19, 0x85, 0x19, 0x85, 0x19, 0x85, 0x19, 0x85, 0x19, 0x85, 0x19,
  0xa5, 0x19, 0x48, 0x32, 0x0b, 0x4b, 0x2b, 0x53, 0xa9, 0x42, 0xc6, 0x21, 0x85, 0x19, 0x85, 0x19,
  0x85, 0x19, 0x85, 0x19, 0x85, 0x19, 0x85, 0x19, 0x85, 0x19, 0x85, 0x19, 0x85, 0x19, 0x85, 0x19,
  0x85, 0x19, 0xa5, 0x19, 0x85, 0x19, 0xac, 0x4b, 0xd2, 0x75, 0xf3, 0x7d, 0xf3, 0x7d, 0xf3, 0x7d,
  0xf3, 0x7d, 0xf3, 0x7d, 0xf3, 0x7d, 0xf3, 0x7d, 0xf3, 0x7d, 0xf3, 0x7d, 0xf3, 0x7d, 0xf3, 0x7d,
  0xf3, 0x7d, 0xf3, 0x7d, 0xf3, 0x7d, 0xf0, 0x64, 0xc9, 0x32, 0x64, 0x19, 0xc6, 0x21, 0x48, 0x3a,
  0x24, 0x19, 0x24, 0x19, 0x24, 0x19, 0x24, 0x19, 0xb1, 0x84, 0x37, 0xbe, 0x99, 0xc6, 0x7c, 0xe7,
  0x9d, 0xe7, 0x9d, 0xe7, 0x9d, 0xe7, 0x9d, 0xe7, 0x9d, 0xe7, 0x9d, 0xe7, 0x9d, 0xe7, 0x9d, 0xe7,
  0x9d, 0xe7, 0x5c, 0xdf, 0x1b, 0xdf, 0xfb, 0xd6, 0xfa, 0xd6, 0xfb, 0xd6, 0xda, 0xce, 0xce, 0x63,
  0x85, 0x19, 0x85, 0x19, 0x85, 0x19, 0x85, 0x19, 0x85, 0x19, 0x85, 0x19, 0x85, 0x19, 0x85, 0x19,
  0x85, 0x19, 0x85, 0x19, 0x85, 0x19, 0x85, 0x19, 0x85, 0x19, 0x85, 0x19, 0x85, 0x19, 0x85, 0x19,
  0x85, 0x19, 0x85, 0x19, 0x85, 0x19, 0x85, 0x19, 0x85, 0x19, 0x85, 0x19, 0x85, 0x19, 0x85, 0x19,
  0x85, 0x19, 0x85, 0x19, 0x85, 0x19, 0x85, 0x19, 0x85, 0x19, 0x85, 0x19, 0x85, 0x19, 0x85, 0x19,
  0x85, 0x19, 0x85, 0x19, 0x85, 0x19, 0x85, 0x19, 0x85, 0x19, 0x85, 0x19, 0x85, 0x19, 0xe6, 0x29,
  0xea, 0x4a, 0x4c, 0x53, 0xca, 0x42, 0x07, 0x2a, 0xa5, 0x19, 0x85, 0x19, 0x85, 0x19, 0x85, 0x19,
  0x85, 0x19, 0x85, 0x19, 0x85, 0x19, 0x85, 0x19, 0x85, 0x19, 0x85, 0x19, 0x85, 0x19, 0x85, 0x19,
  0xa5, 0x19, 0xec, 0x53, 0xd3, 0x7d, 0xd2, 0x7d, 0xd3, 0x7d, 0xd3, 0x7d, 0xd3, 0x7d, 0xd3, 0x7d,
  0xd3, 0x7d, 0xd3, 0x7d, 0xd3, 0x7d, 0xd3, 0x7d, 0xd3, 0x7d, 0xd3, 0x7d, 0xd3, 0x7d, 0xd3, 0x7d,
  0xd3, 0x7d, 0xd3, 0x7d, 0xcf, 0x64, 0xa8, 0x32, 0x85, 0x19, 0x85, 0x19, 0x44, 0x19, 0xe6, 0x29,
  0x24, 0x19, 0x24, 0x19, 0x04, 0x19, 0x85, 0x21, 0xf3, 0x94, 0x38, 0xbe, 0xfa, 0xd6, 0x9d, 0xe7,
  0x9d, 0xe7, 0x9d, 0xe7, 0x9d, 0xe7, 0x9d, 0xe7, 0x9d, 0xe7, 0x9d, 0xe7, 0x9d, 0xe7, 0x9d, 0xe7,
  0x9d, 0xe7, 0x9d, 0xe7, 0x9d, 0xe7, 0x5c, 0xdf, 0x1b, 0xd7, 0xba, 0xce, 0x8d, 0x5b, 0x85, 0x19,
  0x85, 0x19, 0x85, 0x19, 0x85, 0x19, 0x85, 0x19, 0x85, 0x19, 0x85, 0x19, 0x85, 0x19, 0x85, 0x19,
  0x85, 0x19, 0x85, 0x19, 0x85, 0x19, 0x85, 0x19, 0x85, 0x19, 0x85, 0x19, 0x85, 0x19, 0x85, 0x19,
  0x85, 0x19, 0x85, 0x19, 0x85, 0x19, 0x85, 0x19, 0x85, 0x19, 0x85, 0x19, 0x85, 0x19, 0x85, 0x19,
  0x85, 0x19, 0x85, 0x19, 0x85, 0x19, 0x85, 0x19, 0x85, 0x19, 0x85, 0x19, 0x85, 0x19, 0x85, 0x19,
  0x85, 0x19, 0x85, 0x19, 0x85, 0x19, 0x85, 0x19, 0x85, 0x19, 0x85, 0x19, 0x48, 0x32, 0x2b, 0x53,
  0x2b, 0x53, 0x89, 0x3a, 0xc6, 0x21, 0x85, 0x19, 0x85, 0x19, 0x85, 0x19, 0x85, 0x19, 0x85, 0x19,
  0x85, 0x19, 0x85, 0x19, 0x85, 0x19, 0x85, 0x19, 0x85, 0x19, 0x85, 0x19, 0x85, 0x19, 0xc6, 0x21,
  0x2d, 0x54, 0xf3, 0x7d, 0xf3, 0x7d, 0xf3, 0x7d, 0xf3, 0x7d, 0xf3, 0x7d, 0xf3, 0x7d, 0xf3, 0x7d,
  0xf3, 0x7d, 0xf3, 0x7d, 0xf3, 0x7d, 0xf3, 0x7d, 0xf3, 0x7d, 0xf3, 0x7d, 0xf3, 0x7d, 0xf3, 0x7d,
  0x8e, 0x5c, 0xac, 0x4b, 0x88, 0x32, 0x85, 0x19, 0x85, 0x19, 0x85, 0x19, 0x64, 0x19, 0x65, 0x19,
  0x24, 0x19, 0x04, 0x19, 0x04, 0x19, 0xc6, 0x29, 0xf3, 0x94, 0x78, 0xc6, 0x3b, 0xdf, 0x9d, 0xe7,
  0x9d, 0xe7, 0x9d, 0xe7, 0x9d, 0xe7, 0x9d, 0xe7, 0x9d, 0xe7, 0x9d, 0xe7, 0x9d, 0xe7, 0x9d, 0xe7,
  0x9d, 0xe7, 0x9d, 0xe7, 0x9d, 0xe7, 0x9c, 0xe7, 0x9c, 0xdf, 0xee, 0x63, 0xc6, 0x21, 0x85, 0x19,
  0x85, 0x19, 0x85, 0x19, 0x85, 0x19, 0x85, 0x19, 0x85, 0x19, 0x85, 0x19, 0x85, 0x19, 0x85, 0x19,
  0x85, 0x19, 0x85, 0x19, 0x85, 0x19, 0x85, 0x19, 0x85, 0x19, 0x85, 0x19, 0x85, 0x19, 0x85, 0x19,
  0x85, 0x19, 0x85, 0x19, 0x85, 0x19, 0x85, 0x19, 0x85, 0x19, 0x85, 0x19, 0x85, 0x19, 0x85, 0x19,
  0x85, 0x19, 0x85, 0x19, 0x85, 0x19, 0x85, 0x19, 0x85, 0x19, 0x85, 0x19, 0x85, 0x19, 0x85, 0x19,
  0x85, 0x19, 0x85, 0x19, 0x85, 0x19, 0x85, 0x19, 0xe6, 0x29, 0xea, 0x4a, 0x4c, 0x53, 0xa9, 0x42,
  0x07, 0x2a, 0xa5, 0x19, 0x85, 0x19, 0x85, 0x19, 0x85, 0x19, 0x85, 0x19, 0x85, 0x19, 0x85, 0x19,
  0x85, 0x19, 0x85, 0x19, 0x85, 0x19, 0x85, 0x19, 0x85, 0x19, 0x85, 0x19, 0xe6, 0x21, 0x6e, 0x5c,
  0xd3, 0x7d, 0xf3, 0x7d, 0xd3, 0x7d, 0xf3, 0x7d, 0xd3, 0x7d, 0xf3, 0x7d, 0xd3, 0x7d, 0xf3, 0x7d,
  0xd3, 0x7d, 0xf3, 0x7d, 0xf3, 0x7d, 0xf3, 0x7d, 0xf3, 0x7d, 0xf3, 0x7d, 0xf3, 0x7d, 0x6e, 0x5c,
  0x47, 0x2a, 0x85, 0x19, 0x85, 0x19, 0x85, 0x19, 0x85, 0x19, 0x85, 0x19, 0x85, 0x19, 0x44, 0x19,
  0x04, 0x19, 0x04, 0x19, 0x04, 0x19, 0x07, 0x32, 0xd2, 0x8c, 0xb9, 0xc6, 0x7c, 0xdf, 0x9d, 0xe7,
  0x9d, 0xe7, 0x9d, 0xe7, 0x9d, 0xe7, 0x9d, 0xe7, 0x9d, 0xe7, 0x9d, 0xe7, 0x9d, 0xe7, 0x9d, 0xe7,
  0x9d, 0xe7, 0x9d, 0xe7, 0x9c, 0xdf, 0x59, 0xbf, 0x38, 0xaf, 0x38, 0xaf, 0x38, 0xaf, 0x6b, 0x4b,
  0x85, 0x19, 0x85, 0x19, 0x85, 0x19, 0x85, 0x19, 0x85, 0x19, 0x85, 0x19, 0x85, 0x19, 0x85, 0x19,
  0x85, 0x19, 0x85, 0x19, 0x85, 0x19, 0x85, 0x19, 0x85, 0x19, 0x85, 0x19, 0x85, 0x19, 0x85, 0x19,
  0x85, 0x19, 0x85, 0x19, 0x85, 0x19, 0x85, 0x19, 0x85, 0x19, 0x85, 0x19, 0x85, 0x19, 0x85, 0x19,
  0x85, 0x19, 0x85, 0x19, 0x85, 0x19, 0x85, 0x19, 0x85, 0x19, 0x85, 0x19, 0x85, 0x19, 0x85, 0x19,
  0x85, 0x19, 0x85, 0x19, 0x85, 0x19, 0x48, 0x3a, 0x4c, 0x5b, 0x2b, 0x53, 0x48, 0x32, 0xa5, 0x21,
  0x85, 0x19, 0x85, 0x19, 0x85, 0x19, 0x85, 0x19, 0x85, 0x19, 0x85, 0x19, 0x85, 0x19, 0x85, 0x19,
  0x85, 0x19, 0x85, 0x19, 0x85, 0x19, 0x85, 0x19, 0x27, 0x2a, 0x47, 0x2a, 0x8e, 0x5c, 0xf3, 0x7d,
  0xf3, 0x7d, 0xf3, 0x7d, 0xf3, 0x7d, 0xf3, 0x7d, 0xf3, 0x7d, 0xf3, 0x7d, 0xf3, 0x7d, 0xf3, 0x7d,
  0xf3, 0x7d, 0xf3, 0x7d, 0xf3, 0x7d, 0xf3, 0x7d, 0xf3, 0x7d, 0xf3, 0x7d, 0x2d, 0x54, 0x27, 0x2a,
  0x85, 0x19, 0x85, 0x19, 0x85, 0x19, 0x85, 0x19, 0x85, 0x19, 0x85, 0x19, 0x85, 0x19, 0x65, 0x19,
  0x24, 0x19, 0x04, 0x19, 0x24, 0x19, 0x48, 0x3a, 0xd2, 0x8c, 0xda, 0xce, 0x9d, 0xe7, 0x9d, 0xe7,
  0x9d, 0xe7, 0x9d, 0xe7, 0x9d, 0xe7, 0x9d, 0xe7, 0x9d, 0xe7, 0x9d, 0xe7, 0x9d, 0xe7, 0x9d, 0xe7,
  0x9d, 0xe7, 0x9c, 0xdf, 0x59, 0xb7, 0x38, 0xaf, 0x38, 0xaf, 0x38, 0xaf, 0x38, 0xaf, 0x38, 0xaf,
  0x18, 0xa7, 0x0a, 0x43, 0x85, 0x19, 0x85, 0x19, 0x85, 0x19, 0x85, 0x19, 0x85, 0x19, 0x85, 0x19,
  0x85, 0x19, 0x85, 0x19, 0x85, 0x19, 0x85, 0x19, 0x85, 0x19, 0x85, 0x19, 0x85, 0x19, 0x85, 0x19,
  0x85, 0x19, 0x85, 0x19, 0x85, 0x19, 0x85, 0x19, 0x85, 0x19, 0x85, 0x19, 0x85, 0x19, 0x85, 0x19,
  0x85, 0x19, 0x85, 0x19, 0x85, 0x19, 0x85, 0x19, 0x85, 0x19, 0x85, 0x19, 0x85, 0x19, 0x85, 0x19,
  0x85, 0x19, 0xe6, 0x21, 0x0b, 0x4b, 0x4c, 0x5b, 0xa9, 0x42, 0xe7, 0x29, 0xa5, 0x19, 0x85, 0x19,
  0x85, 0x19, 0x85, 0x19, 0x85, 0x19, 0x85, 0x19, 0x85, 0x19, 0x85, 0x19, 0x85, 0x19, 0x85, 0x19,
  0x85, 0x19, 0x85, 0x19, 0x85, 0x19, 0x47, 0x2a, 0xcf, 0x64, 0xd3, 0x7d, 0xd3, 0x7d, 0xd3, 0x7d,
  0xd3, 0x7d, 0xd3, 0x7d, 0xd3, 0x7d, 0xd3, 0x7d, 0xd3, 0x7d, 0xd3, 0x7d, 0xd3, 0x7d, 0xd3, 0x7d,
  0xd3, 0x7d, 0xd3, 0x7d, 0xd3, 0x7d, 0xd3, 0x7d, 0xd3, 0x7d, 0x0d, 0x54, 0x07, 0x2a, 0x85, 0x19,
  0x85, 0x19, 0x85, 0x19, 0x85, 0x19, 0x85, 0x19, 0x85, 0x19, 0x85, 0x19, 0x85, 0x19, 0x85, 0x19,
  0x04, 0x19, 0x04, 0x19, 0x04, 0x19, 0x68, 0x3a, 0xb2, 0x8c, 0x1b, 0xd7, 0x9d, 0xe7, 0x9d, 0xe7,
  0x9d, 0xe7, 0x9d, 0xe7, 0x9d, 0xe7, 0x9d, 0xe7, 0x9d, 0xe7, 0x9d, 0xe7, 0x9d, 0xe7, 0x9c, 0xdf,
  0x9c, 0xd7, 0x59, 0xb7, 0x38, 0xaf, 0x38, 0xaf, 0x38, 0xaf, 0x38, 0xaf, 0x38, 0xaf, 0x38, 0xaf,
  0x38, 0xaf, 0x17, 0xa7, 0xc9, 0x3a, 0x85, 0x19, 0x85, 0x19, 0x85, 0x19, 0x85, 0x19, 0x85, 0x19,
  0x85, 0x19, 0x85, 0x19, 0x85, 0x19, 0x85, 0x19, 0x85, 0x19, 0x85, 0x19, 0x85, 0x19, 0x85, 0x19,
  0x85, 0x19, 0x85, 0x19, 0x85, 0x19, 0x85, 0x19, 0x85, 0x19, 0x85, 0x19, 0x85, 0x19, 0x85, 0x19,
  0x85, 0x19, 0x85, 0x19, 0x85, 0x19, 0x85, 0x19, 0x85, 0x19, 0x85, 0x19, 0x85, 0x19, 0x85, 0x19,
  0x68, 0x3a, 0xad, 0x63, 0x2b, 0x53, 0x27, 0x32, 0xa5, 0x21, 0x85, 0x19, 0x85, 0x19, 0x85, 0x19,
  0x85, 0x19, 0x85, 0x19, 0x85, 0x19, 0x85, 0x19, 0x85, 0x19, 0x85, 0x19, 0x85, 0x19, 0x85, 0x19,
  0x85, 0x19, 0x85, 0x19, 0x67, 0x2a, 0xf0, 0x64, 0xf3, 0x7d, 0xf3, 0x7d, 0xf3, 0x7d, 0xf3, 0x7d,
  0xf3, 0x7d, 0xf3, 0x7d, 0xf3, 0x7d, 0xf3, 0x7d, 0xf3, 0x7d, 0xf3, 0x7d, 0xf3, 0x7d, 0xf3, 0x7d,
  0xf3, 0x7d, 0xf3, 0x7d, 0xf3, 0x7d, 0xac, 0x4b, 0x09, 0x3b, 0x06, 0x22, 0x85, 0x19, 0x85, 0x19,
  0x85, 0x19, 0x85, 0x19, 0x85, 0x19, 0x85, 0x19, 0x85, 0x19, 0x85, 0x19, 0x85, 0x19, 0x85, 0x19,
  0x04, 0x19, 0x04, 0x19, 0x04, 0x19, 0x89, 0x3a, 0xb2, 0x8c, 0x1b, 0xd7, 0x9d, 0xe7, 0x9d, 0xe7,
  0x9d, 0xe7, 0x9d, 0xe7, 0x9d, 0xe7, 0x9d, 0xe7, 0x9d, 0xe7, 0x9d, 0xe7, 0x9c, 0xd7, 0x59, 0xb7,
  0x38, 0xa7, 0x38, 0xaf, 0x38, 0xaf, 0x38, 0xaf, 0x38, 0xa7, 0x38, 0xaf, 0x38, 0xaf, 0x38, 0xaf,
  0x38, 0xa7, 0x38, 0xaf, 0xd7, 0x9e, 0x96, 0x96, 0x88, 0x32, 0x85, 0x19, 0x85, 0x19, 0x85, 0x19,
  0x85, 0x19, 0x85, 0x19, 0x85, 0x19, 0x85, 0x19, 0x85, 0x19, 0x85, 0x19, 0x85, 0x19, 0x85, 0x19,
  0x85, 0x19, 0x85, 0x19, 0x85, 0x19, 0x85, 0x19, 0x85, 0x19, 0x85, 0x19, 0x85, 0x19, 0x85, 0x19,
  0x85, 0x19, 0x85, 0x19, 0x85, 0x19, 0x85, 0x19, 0x85, 0x19, 0x85, 0x19, 0xc6, 0x21, 0x0b, 0x53,
  0x8d, 0x5b, 0x89, 0x42, 0xe6, 0x29, 0x85, 0x19, 0x85, 0x19, 0x85, 0x19, 0x85, 0x19, 0x85, 0x19,
  0x85, 0x19, 0x85, 0x19, 0x85, 0x19, 0x85, 0x19, 0x85, 0x19, 0x85, 0x19, 0x85, 0x19, 0x85, 0x19,
  0x85, 0x19, 0x88, 0x32, 0x10, 0x6d, 0xf3, 0x7d, 0xd3, 0x7d, 0xf3, 0x7d, 0xd3, 0x7d, 0xf3, 0x7d,
  0xd3, 0x7d, 0xf3, 0x7d, 0xd3, 0x7d, 0xf3, 0x7d, 0xd3, 0x7d, 0xf3, 0x7d, 0xd3, 0x7d, 0xf3, 0x7d,
  0xd3, 0x7d, 0xf3, 0x7d, 0x8b, 0x43, 0xe6, 0x21, 0x85, 0x19, 0x85, 0x19, 0x85, 0x19, 0x85, 0x19,
  0x85, 0x19, 0x85, 0x19, 0x85, 0x19, 0x85, 0x19, 0x85, 0x19, 0x85, 0x19, 0x85, 0x19, 0x85, 0x19,
  0x04, 0x19, 0x04, 0x19, 0x04, 0x19, 0x89, 0x42, 0x91, 0x8c, 0xfa, 0xd6, 0x9d, 0xe7, 0x9d, 0xe7,
  0x9d, 0xe7, 0x9d, 0xe7, 0x9d, 0xe7, 0x9d, 0xe7, 0x9d, 0xe7, 0x7c, 0xd7, 0x59, 0xaf, 0x38, 0xaf,
  0x38, 0xaf, 0x38, 0xaf, 0x38, 0xaf, 0x38, 0xaf, 0x38, 0xaf, 0x38, 0xaf, 0x38, 0xaf, 0x38, 0xaf,
  0x38, 0xaf, 0x38, 0xaf, 0x38, 0xaf, 0x38, 0xaf, 0x76, 0x96, 0x14, 0x8e, 0x47, 0x2a, 0x85, 0x19,
  0x85, 0x19, 0x85, 0x19, 0x85, 0x19, 0x85, 0x19, 0x85, 0x19, 0x85, 0x19, 0x85, 0x19, 0x85, 0x19,
  0x85, 0x19, 0x85, 0x19, 0x85, 0x19, 0x85, 0x19, 0x85, 0x19, 0x85, 0x19, 0x85, 0x19, 0x85, 0x19,
  0x85, 0x19, 0x85, 0x19, 0x85, 0x19, 0x85, 0x19, 0x85, 0x19, 0x68, 0x3a, 0xee, 0x6b, 0x2c, 0x53,
  0x07, 0x2a, 0xa5, 0x19, 0x85, 0x19, 0x85, 0x19, 0x85, 0x19, 0x85, 0x19, 0x85, 0x19, 0x85, 0x19,
  0x85, 0x19, 0x85, 0x19, 0x85, 0x19, 0x85, 0x19, 0x85, 0x19, 0x85, 0x19, 0x85, 0x19, 0xc9, 0x32,
  0x09, 0x3b, 0x51, 0x6d, 0xf3, 0x7d, 0xf3, 0x7d, 0xf3, 0x7d, 0xf3, 0x7d, 0xf3, 0x7d, 0xf3, 0x7d,
  0xf3, 0x7d, 0xf3, 0x7d, 0xf3, 0x7d, 0xf3, 0x7d, 0xf3, 0x7d, 0xf3, 0x7d, 0xf3, 0x7d, 0xf3, 0x7d,
  0xf3, 0x7d, 0x4a, 0x43, 0xc6, 0x21, 0x85, 0x19, 0x85, 0x19, 0x85, 0x19, 0x85, 0x19, 0x85, 0x19,
  0x85, 0x19, 0x85, 0x19, 0x85, 0x19, 0x85, 0x19, 0x85, 0x19, 0x85, 0x19, 0x85, 0x19, 0x85, 0x19,
  0x04, 0x19, 0x04, 0x19, 0x04, 0x19, 0xa9, 0x42, 0x91, 0x8c, 0xda, 0xd6, 0x5c, 0xdf, 0x5c, 0xdf,
  0x9d, 0xe7, 0x9d, 0xe7, 0x9d, 0xe7, 0x9d, 0xe7, 0x7b, 0xd7, 0x59, 0xaf, 0x38, 0xaf, 0x38, 0xaf,
  0x38, 0xaf, 0x38, 0xaf, 0x38, 0xaf, 0x38, 0xaf, 0x38, 0xaf, 0x38, 0xaf, 0x38, 0xaf, 0x38, 0xaf,
  0x38, 0xaf, 0x38, 0xaf, 0x38, 0xaf, 0x38, 0xaf, 0x38, 0xaf, 0x38, 0xaf, 0x34, 0x8e, 0xb3, 0x85,
  0x27, 0x2a, 0x85, 0x19, 0x85, 0x19, 0x85, 0x19, 0x85, 0x19, 0x85, 0x19, 0x85, 0x19, 0x85, 0x19,
  0x85, 0x19, 0x85, 0x19, 0x85, 0x19, 0x85, 0x19, 0x85, 0x19, 0x85, 0x19, 0x85, 0x19, 0x85, 0x19,
  0x85, 0x19, 0x85, 0x19, 0x85, 0x19, 0xc6, 0x21, 0x0b, 0x53, 0xce, 0x6b, 0x89, 0x3a, 0xc6, 0x21,
  0x85, 0x19, 0x85, 0x19, 0x85, 0x19, 0x85, 0x19, 0x85, 0x19, 0x85, 0x19, 0x85, 0x19, 0x85, 0x19,
  0x85, 0x19, 0x85, 0x19, 0x85, 0x19, 0x85, 0x19, 0x85, 0x19, 0x85, 0x19, 0x09, 0x3b, 0x71, 0x6d,
  0xd3, 0x7d, 0xd3, 0x7d, 0xd3, 0x7d, 0xd3, 0x7d, 0xd3, 0x7d, 0xd3, 0x7d, 0xd3, 0x7d, 0xd3, 0x7d,
  0xd3, 0x7d, 0xd3, 0x7d, 0xd3, 0x7d, 0xd3, 0x7d, 0xd3, 0x7d, 0xd3, 0x7d, 0xd3, 0x7d, 0xd3, 0x7d,
  0x09, 0x3b, 0xa5, 0x19, 0x85, 0x19, 0x85, 0x19, 0x85, 0x19, 0x85, 0x19, 0x85, 0x19, 0x85, 0x19,
  0x85, 0x19, 0x85, 0x19, 0x85, 0x19, 0x85, 0x19, 0x85, 0x19, 0x85, 0x19, 0x85, 0x19, 0x85, 0x19,
  0x04, 0x19, 0x04, 0x19, 0x04, 0x19, 0xaa, 0x42, 0xb1, 0x8c, 0xfa, 0xd6, 0x3b, 0xdf, 0x3b, 0xdf,
  0x5c, 0xdf, 0x9d, 0xe7, 0x7b, 0xcf, 0x7b, 0xcf, 0x58, 0xaf, 0x38, 0xaf, 0x38, 0xaf, 0x38, 0xaf,
  0x38, 0xaf, 0x38, 0xaf, 0x38, 0xaf, 0x38, 0xaf, 0x38, 0xaf, 0x38, 0xaf, 0x38, 0xaf, 0x38, 0xaf,
  0x38, 0xaf, 0x38, 0xaf, 0x38, 0xaf, 0x38, 0xaf, 0x38, 0xaf, 0x38, 0xaf, 0x38, 0xaf, 0x38, 0xaf,
  0xb3, 0x85, 0x52, 0x7d, 0xe6, 0x21, 0x85, 0x19, 0x85, 0x19, 0x85, 0x19, 0x85, 0x19, 0x85, 0x19,
  0x85, 0x19, 0x85, 0x19, 0x85, 0x19, 0x85, 0x19, 0x85, 0x19, 0x85, 0x19, 0x85, 0x19, 0x85, 0x19,
  0x85, 0x19, 0xa5, 0x21, 0x68, 0x3a, 0xce, 0x6b, 0x4c, 0x53, 0xc6, 0x21, 0x85, 0x19, 0x85, 0x19,
  0x85, 0x19, 0x85, 0x19, 0x85, 0x19, 0x85, 0x19, 0x85, 0x19, 0x85, 0x19, 0x85, 0x19, 0x85, 0x19,
  0x85, 0x19, 0x85, 0x19, 0x85, 0x19, 0x85, 0x19, 0x85, 0x19, 0x2a, 0x3b, 0x91, 0x75, 0xf3, 0x7d,
  0xf3, 0x7d, 0xf3, 0x7d, 0xf3, 0x7d, 0xf3, 0x7d, 0xf3, 0x7d, 0xf3, 0x7d, 0xf3, 0x7d, 0xf3, 0x7d,
  0xf3, 0x7d, 0xf3, 0x7d, 0xf3, 0x7d, 0xf3, 0x7d, 0xf3, 0x7d, 0xf3, 0x7d, 0xa8, 0x32, 0x47, 0x2a,
  0xa5, 0x19, 0x85, 0x19, 0x85, 0x19, 0x85, 0x19, 0x85, 0x19, 0x85, 0x19, 0x85, 0x19, 0x85, 0x19,
  0x85, 0x19, 0x85, 0x19, 0x85, 0x19, 0x85, 0x19, 0x85, 0x19, 0x85, 0x19, 0x85, 0x19, 0x85, 0x19,
  0x04, 0x19, 0x04, 0x19, 0x04, 0x19, 0xca, 0x42, 0xb2, 0x8c, 0xfb, 0xd6, 0x3b, 0xdf, 0x3b, 0xdf,
  0x3b, 0xdf, 0x95, 0x9d, 0x72, 0x7d, 0x18, 0xa7, 0x38, 0xaf, 0x38, 0xaf, 0x38, 0xaf, 0x38, 0xaf,
  0x38, 0xaf, 0x38, 0xaf, 0x38, 0xaf, 0x38, 0xaf, 0x38, 0xaf, 0x38, 0xaf, 0x38, 0xaf, 0x38, 0xaf,
  0x38, 0xaf, 0x38, 0xaf, 0x38, 0xaf, 0x38, 0xaf, 0x38, 0xaf, 0x38, 0xaf, 0x38, 0xaf, 0x38, 0xaf,
  0x38, 0xaf, 0x38, 0xaf, 0x52, 0x7d, 0xf0, 0x74, 0xc6, 0x21, 0x85, 0x19, 0x85, 0x19, 0x85, 0x19,
  0x85, 0x19, 0x85, 0x19, 0x85, 0x19, 0x85, 0x19, 0x85, 0x19, 0x85, 0x19, 0x85, 0x19, 0xa5, 0x21,
  0xe6, 0x29, 0x2b, 0x53, 0x0f, 0x74, 0xa9, 0x42, 0xa5, 0x21, 0x85, 0x19, 0x85, 0x19, 0x85, 0x19,
  0x85, 0x19, 0x85, 0x19, 0x85, 0x19, 0x85, 0x19, 0x85, 0x19, 0x85, 0x19, 0x85, 0x19, 0x85, 0x19,
  0x85, 0x19, 0x85, 0x19, 0x85, 0x19, 0x8b, 0x43, 0x8b, 0x43, 0xb2, 0x75, 0xd3, 0x7d, 0xf3, 0x7d,
  0xd3, 0x7d, 0xf3, 0x7d, 0xd3, 0x7d, 0xf3, 0x7d, 0xd3, 0x7d, 0xf3, 0x7d, 0xd3, 0x7d, 0xf3, 0x7d,
  0xd3, 0x7d, 0xf3, 0x7d, 0xd3, 0x7d, 0xf3, 0x7d, 0xd3, 0x7d, 0x68, 0x2a, 0x85, 0x19, 0x85, 0x19,
  0x85, 0x19, 0x85, 0x19, 0x85, 0x19, 0x85, 0x19, 0x85, 0x19, 0x85, 0x19, 0x85, 0x19, 0x85, 0x19,
  0x85, 0x19, 0x85, 0x19, 0x85, 0x19, 0x85, 0x19, 0x85, 0x19, 0x85, 0x19, 0x85, 0x19, 0x85, 0x19,
  0x04, 0x19, 0x04, 0x19, 0x04, 0x19, 0xca, 0x4a, 0xd2, 0x94, 0x1b, 0xdf, 0x3b, 0xdf, 0x3b, 0xdf,
  0x33, 0x8d, 0x4b, 0x43, 0x4b, 0x43, 0x72, 0x7d, 0xb3, 0x85, 0x38, 0xa7, 0x38, 0xaf, 0x38, 0xaf,
  0x38, 0xaf, 0x38, 0xaf, 0x38, 0xaf, 0x38, 0xaf, 0x38, 0xaf, 0x38, 0xaf, 0x38, 0xaf, 0x38, 0xaf,
  0x38, 0xaf, 0x38, 0xaf, 0x38, 0xaf, 0x38, 0xaf, 0x38, 0xaf, 0x38, 0xaf, 0x38, 0xaf, 0x38, 0xaf,
  0x38, 0xaf, 0x38, 0xaf, 0x38, 0xaf, 0x38, 0xaf, 0xf0, 0x6c, 0x8f, 0x64, 0xa5, 0x19, 0x85, 0x19,
  0x85, 0x19, 0x85, 0x19, 0x85, 0x19, 0x85, 0x19, 0xa5, 0x21, 0xe6, 0x21, 0x27, 0x32, 0xeb, 0x4a,
  0x50, 0x7c, 0x30, 0x7c, 0x6d, 0x5b, 0xad, 0x63, 0xee, 0x6b, 0x2f, 0x74, 0x2f, 0x74, 0x0f, 0x74,
  0xce, 0x6b, 0xad, 0x63, 0x4c, 0x5b, 0x0b, 0x4b, 0x89, 0x42, 0x27, 0x32, 0xa5, 0x21, 0x85, 0x19,
  0x85, 0x19, 0x85, 0x19, 0xac, 0x4b, 0xb2, 0x75, 0xf3, 0x7d, 0xf3, 0x7d, 0xf3, 0x7d, 0xf3, 0x7d,
  0xf3, 0x7d, 0xf3, 0x7d, 0xf3, 0x7d, 0xf3, 0x7d, 0xf3, 0x7d, 0xf3, 0x7d, 0xf3, 0x7d, 0xf3, 0x7d,
  0xf3, 0x7d, 0xf3, 0x7d, 0xf3, 0x7d, 0xf3, 0x7d, 0x27, 0x2a, 0x85, 0x19, 0x85, 0x19, 0x85, 0x19,
  0x85, 0x19, 0x85, 0x19, 0x85, 0x19, 0x85, 0x19, 0x85, 0x19, 0x85, 0x19, 0x85, 0x19, 0x85, 0x19,
  0x85, 0x19, 0x85, 0x19, 0x85, 0x19, 0x85, 0x19, 0x85, 0x19, 0x85, 0x19, 0x85, 0x19, 0x85, 0x19,
  0x04, 0x19, 0x04, 0x19, 0x04, 0x19, 0xea, 0x4a, 0xd2, 0x94, 0x3b, 0xdf, 0xd1, 0x84, 0xf2, 0x84,
  0x4b, 0x43, 0x4b, 0x43, 0x4b, 0x43, 0x4b, 0x43, 0x4b, 0x43, 0xd3, 0x85, 0xf4, 0x8d, 0x38, 0xaf,
  0x38, 0xaf, 0x38, 0xaf, 0x38, 0xaf, 0x38, 0xaf, 0x38, 0xaf, 0x38, 0xaf, 0x38, 0xaf, 0x38, 0xaf,
  0x38, 0xaf, 0x38, 0xaf, 0x38, 0xaf, 0x38, 0xaf, 0x38, 0xaf, 0x38, 0xaf, 0x38, 0xaf, 0x38, 0xaf,
  0x38, 0xaf, 0x38, 0xaf, 0x38, 0xaf, 0x38, 0xaf, 0x38, 0xaf, 0x38, 0xaf, 0x6f, 0x64, 0x2e, 0x5c,
  0x85, 0x19, 0x85, 0x19, 0xe6, 0x29, 0x27, 0x32, 0xa9, 0x42, 0x4c, 0x5b, 0x70, 0x84, 0x13, 0x95,
  0xee, 0x6b, 0xca, 0x42, 0x68, 0x3a, 0x07, 0x2a, 0xc6, 0x21, 0xa5, 0x21, 0xa5, 0x21, 0xc6, 0x21,
  0xe6, 0x29, 0x27, 0x32, 0x68, 0x3a, 0xa9, 0x42, 0xea, 0x4a, 0x2b, 0x53, 0x4c, 0x5b, 0xea, 0x4a,
  0x68, 0x3a, 0x0d, 0x54, 0xd2, 0x7d, 0xd3, 0x7d, 0xd3, 0x7d, 0xd3, 0x7d, 0xd3, 0x7d, 0xd3, 0x7d,
  0xd3, 0x7d, 0xd3, 0x7d, 0xd3, 0x7d, 0xd3, 0x7d, 0xd3, 0x7d, 0xd3, 0x7d, 0xd3, 0x7d, 0xd3, 0x7d,
  0xd3, 0x7d, 0xb2, 0x75, 0xa5, 0x19, 0xa5, 0x19, 0x85, 0x19, 0x85, 0x19, 0x85, 0x19, 0x85, 0x19,
  0x85, 0x19, 0x85, 0x19, 0x85, 0x19, 0x85, 0x19, 0x85, 0x19, 0x85, 0x19, 0x85, 0x19, 0x85, 0x19,
  0x85, 0x19, 0x85, 0x19, 0x85, 0x19, 0x85, 0x19, 0x85, 0x19, 0x85, 0x19, 0x85, 0x19, 0x85, 0x19,
  0x04, 0x19, 0x04, 0x19, 0x24, 0x19, 0xea, 0x4a, 0xd2, 0x94, 0xb1, 0x7c, 0x4b, 0x43, 0x4b, 0x43,
  0x2b, 0x43, 0x4b, 0x43, 0x4b, 0x43, 0x4b, 0x43, 0x4b, 0x43, 0x4b, 0x43, 0x4b, 0x43, 0x14, 0x8e,
  0x55, 0x8e, 0x38, 0xaf, 0x38, 0xaf, 0x38, 0xaf, 0x38, 0xaf, 0x38, 0xaf, 0x38, 0xaf, 0x38, 0xaf,
  0x38, 0xaf, 0x38, 0xaf, 0x38, 0xaf, 0x38, 0xaf, 0x38, 0xaf, 0x38, 0xaf, 0x38, 0xaf, 0x38, 0xaf,
  0x38, 0xaf, 0x38, 0xaf, 0x38, 0xaf, 0x38, 0xaf, 0x38, 0xaf, 0x38, 0xaf, 0x38, 0xaf, 0x38, 0xa7,
  0xed, 0x5b, 0x69, 0x3a, 0xea, 0x4a, 0x8d, 0x63, 0x2f, 0x74, 0x2f, 0x74, 0x6d, 0x5b, 0xe6, 0x21,
  0x85, 0x19, 0x85, 0x19, 0x85, 0x19, 0x85, 0x19, 0x85, 0x19, 0x85, 0x19, 0x85, 0x19, 0x85, 0x19,
  0x85, 0x19, 0x85, 0x19, 0xa5, 0x19, 0xc6, 0x21, 0xe6, 0x21, 0x07, 0x2a, 0x68, 0x3a, 0xca, 0x42,
  0x11, 0x7d, 0x55, 0x9e, 0x35, 0x8e, 0x14, 0x86, 0xf3, 0x7d, 0xf3, 0x7d, 0xf3, 0x7d, 0xf3, 0x7d,
  0xf3, 0x7d, 0xf3, 0x7d, 0xf3, 0x7d, 0xf3, 0x7d, 0xf3, 0x7d, 0xf3, 0x7d, 0xf3, 0x7d, 0xf3, 0x7d,
  0x92, 0x75, 0x85, 0x19, 0x85, 0x19, 0x85, 0x19, 0x85, 0x19, 0x85, 0x19, 0x85, 0x19, 0x85, 0x19,
  0x85, 0x19, 0x85, 0x19, 0x85, 0x19, 0x85, 0x19, 0x85, 0x19, 0x85, 0x19, 0x85, 0x19, 0x85, 0x19,
  0x85, 0x19, 0x85, 0x19, 0x85, 0x19, 0x85, 0x19, 0x85, 0x19, 0x85, 0x19, 0x85, 0x19, 0x85, 0x19,
  0x04, 0x19, 0x04, 0x19, 0x24, 0x19, 0xea, 0x4a, 0x2b, 0x4b, 0x4b, 0x43, 0x4b, 0x43, 0x4b, 0x43,
  0x4b, 0x43, 0x4b, 0x43, 0x4b, 0x43, 0x4b, 0x43, 0x2b, 0x43, 0x4b, 0x43, 0x4b, 0x43, 0x4b, 0x43,
  0x6b, 0x43, 0x75, 0x96, 0x96, 0x96, 0x38, 0xaf, 0x38, 0xa7, 0x38, 0xaf, 0x38, 0xaf, 0x38, 0xaf,
  0x38, 0xa7, 0x38, 0xaf, 0x38, 0xaf, 0x38, 0xaf, 0x38, 0xa7, 0x38, 0xaf, 0x38, 0xaf, 0x38, 0xaf,
  0x38, 0xa7, 0x38, 0xaf, 0x38, 0xaf, 0x38, 0xaf, 0x38, 0xa7, 0x38, 0xaf, 0x59, 0xaf, 0x59, 0xb7,
  0x39, 0xb7, 0x32, 0x8d, 0xd1, 0x7c, 0x8d, 0x63, 0xad, 0x63, 0x89, 0x3a, 0x85, 0x19, 0x85, 0x19,
  0x85, 0x19, 0x85, 0x19, 0x85, 0x19, 0x85, 0x19, 0x85, 0x19, 0x85, 0x19, 0x85, 0x19, 0x85, 0x19,
  0x85, 0x19, 0x85, 0x19, 0x85, 0x19, 0x85, 0x19, 0x85, 0x19, 0xa5, 0x19, 0x6e, 0x5c, 0xaf, 0x64,
  0x14, 0x86, 0x34, 0x8e, 0x55, 0x96, 0x55, 0x96, 0x35, 0x8e, 0x13, 0x86, 0xd3, 0x7d, 0xf3, 0x7d,
  0xd3, 0x7d, 0xf3, 0x7d, 0xd3, 0x7d, 0xf3, 0x7d, 0xd3, 0x7d, 0xf3, 0x7d, 0xd3, 0x7d, 0x51, 0x6d,
  0x85, 0x19, 0x85, 0x19, 0x85, 0x19, 0x85, 0x19, 0x85, 0x19, 0x85, 0x19, 0x85, 0x19, 0x85, 0x19,
  0x85, 0x19, 0x85, 0x19, 0x85, 0x19, 0x85, 0x19, 0x85, 0x19, 0x85, 0x19, 0x85, 0x19, 0x85, 0x19,
  0x85, 0x19, 0x85, 0x19, 0x85, 0x19, 0x85, 0x19, 0x85, 0x19, 0x85, 0x19, 0x85, 0x19, 0x85, 0x19,
  0x04, 0x19, 0x04, 0x19, 0x44, 0x19, 0xca, 0x42, 0x68, 0x2a, 0x4b, 0x43, 0x4b, 0x43, 0x4b, 0x43,
  0x4b, 0x43, 0x4b, 0x43, 0x4b, 0x43, 0x4b, 0x43, 0x4b, 0x43, 0x4b, 0x43, 0x4b, 0x43, 0x4b, 0x43,
  0x4b, 0x43, 0x4b, 0x43, 0x8c, 0x4b, 0xb6, 0x9e, 0xd7, 0x9e, 0x38, 0xaf, 0x38, 0xaf, 0x38, 0xaf,
  0x38, 0xaf, 0x38, 0xaf, 0x38, 0xaf, 0x38, 0xaf, 0x38, 0xaf, 0x38, 0xaf, 0x38, 0xaf, 0x38, 0xaf,
  0x38, 0xaf, 0x38, 0xaf, 0x38, 0xaf, 0x38, 0xaf, 0x38, 0xaf, 0x59, 0xb7, 0x5a, 0xbf, 0x5a, 0xbf,
  0x59, 0xbf, 0x59, 0xbf, 0x39, 0xbf, 0xf1, 0x7c, 0x6c, 0x4b, 0x85, 0x19, 0x85, 0x19, 0x85, 0x19,
  0x85, 0x19, 0x85, 0x19, 0x85, 0x19, 0x85, 0x19, 0x85, 0x19, 0x85, 0x19, 0x85, 0x19, 0x85, 0x19,
  0x85, 0x19, 0x85, 0x19, 0x85, 0x19, 0x85, 0x19, 0xa5, 0x19, 0xaf, 0x64, 0xd3, 0x7d, 0xd3, 0x7d,
  0xd3, 0x7d, 0xf3, 0x7d, 0xf3, 0x85, 0x34, 0x8e, 0x55, 0x9e, 0x55, 0x96, 0x34, 0x8e, 0xf3, 0x7d,
  0xf3, 0x7d, 0xf3, 0x7d, 0xf3, 0x7d, 0xf3, 0x7d, 0xd2, 0x7d, 0x30, 0x6d, 0x10, 0x6d, 0x85, 0x19,
  0x85, 0x19, 0x85, 0x19, 0x85, 0x19, 0x85, 0x19, 0x85, 0x19, 0x85, 0x19, 0x85, 0x19, 0x85, 0x19,
  0x85, 0x19, 0x85, 0x19, 0x85, 0x19, 0x85, 0x19, 0x85, 0x19, 0x85, 0x19, 0x85, 0x19, 0x85, 0x19,
  0x85, 0x19, 0x85, 0x19, 0x85, 0x19, 0x85, 0x19, 0x85, 0x19, 0x85, 0x19, 0x85, 0x19, 0x85, 0x19,
  0x04, 0x19, 0x04, 0x19, 0x45, 0x19, 0xca, 0x42, 0x68, 0x32, 0x4b, 0x43, 0x4b, 0x43, 0x4b, 0x43,
  0x4b, 0x43, 0x4b, 0x43, 0x4b, 0x43, 0x4b, 0x43, 0x4b, 0x43, 0x4b, 0x43, 0x4b, 0x43, 0x4b, 0x43,
  0x4b, 0x43, 0x4b, 0x43, 0x4b, 0x43, 0x4b, 0x43, 0xac, 0x4b, 0xf7, 0xa6, 0x18, 0xa7, 0x38, 0xaf,
  0x38, 0xaf, 0x38, 0xaf, 0x38, 0xaf, 0x38, 0xaf, 0x38, 0xaf, 0x38, 0xaf, 0x38, 0xaf, 0x38, 0xaf,
  0x38, 0xaf, 0x38, 0xaf, 0x38, 0xaf, 0x59, 0xaf, 0x59, 0xb7, 0x5a, 0xbf, 0x59, 0xb7, 0x59, 0xb7,
  0x5a, 0xbf, 0x5a, 0xbf, 0x59, 0xb7, 0x38, 0xaf, 0xd7, 0x9e, 0xea, 0x3a, 0xa9, 0x32, 0x85, 0x19,
  0x85, 0x19, 0x85, 0x19, 0x85, 0x19, 0x85, 0x19, 0x85, 0x19, 0x85, 0x19, 0x85, 0x19, 0x85, 0x19,
  0x85, 0x19, 0x85, 0x19, 0x85, 0x19, 0xe6, 0x21, 0xef, 0x64, 0xf3, 0x7d, 0xf3, 0x7d, 0xf3, 0x7d,
  0xf3, 0x7d, 0xf3, 0x7d, 0xf3, 0x7d, 0xf3, 0x7d, 0xf3, 0x85, 0x35, 0x96, 0x56, 0x9e, 0x55, 0x96,
  0x13, 0x86, 0xd3, 0x7d, 0xd3, 0x7d, 0xd2, 0x75, 0xaf, 0x5c, 0x85, 0x19, 0x85, 0x19, 0x85, 0x19,
  0x85, 0x19, 0x85, 0x19, 0x85, 0x19, 0x85, 0x19, 0x85, 0x19, 0x85, 0x19, 0x85, 0x19, 0x85, 0x19,
  0x85, 0x19, 0x85, 0x19, 0x85, 0x19, 0x85, 0x19, 0x85, 0x19, 0x85, 0x19, 0x85, 0x19, 0x85, 0x19,
  0x85, 0x19, 0x85, 0x19, 0x85, 0x19, 0x85, 0x19, 0x85, 0x19, 0x85, 0x19, 0x85, 0x19, 0x85, 0x19,
  0x04, 0x19, 0x03, 0x19, 0x45, 0x21, 0xca, 0x42, 0x68, 0x32, 0x4b, 0x43, 0x4b, 0x43, 0x4b, 0x43,
  0x4b, 0x43, 0x4b, 0x43, 0x4b, 0x43, 0x4b, 0x43, 0x4b, 0x43, 0x4b, 0x43, 0x4b, 0x43, 0x4b, 0x43,
  0x4b, 0x43, 0x4b, 0x43, 0x4b, 0x43, 0x4b, 0x43, 0x4b, 0x43, 0x4b, 0x43, 0xed, 0x53, 0x38, 0xaf,
  0x38, 0xaf, 0x38, 0xaf, 0x38, 0xaf, 0x38, 0xaf, 0x38, 0xaf, 0x38, 0xaf, 0x38, 0xaf, 0x38, 0xaf,
  0x38, 0xaf, 0x38, 0xaf, 0x59, 0xb7, 0x5a, 0xbf, 0x59, 0xbf, 0x59, 0xb7, 0x59, 0xb7, 0x5a, 0xbf,
  0x5a, 0xbf, 0x59, 0xaf, 0x38, 0xaf, 0x38, 0xaf, 0x38, 0xaf, 0x38, 0xaf, 0x96, 0x96, 0x88, 0x32,
  0x47, 0x2a, 0x85, 0x19, 0x85, 0x19, 0x85, 0x19, 0x85, 0x19, 0x85, 0x19, 0x85, 0x19, 0x85, 0x19,
  0x85, 0x19, 0x06, 0x22, 0x10, 0x65, 0x10, 0x65, 0xd3, 0x7d, 0xf3, 0x7d, 0xd3, 0x7d, 0xf3, 0x7d,
  0xd3, 0x7d, 0xf3, 0x7d, 0xf3, 0x7d, 0xf3, 0x7d, 0xf3, 0x7d, 0xf3, 0x7d, 0x14, 0x86, 0x55, 0x9e,
  0x55, 0x96, 0x14, 0x86, 0xd2, 0x7d, 0x6e, 0x5c, 0x85, 0x19, 0x85, 0x19, 0x85, 0x19, 0x85, 0x19,
  0x85, 0x19, 0x85, 0x19, 0x85, 0x19, 0x85, 0x19, 0x85, 0x19, 0x85, 0x19, 0x85, 0x19, 0x85, 0x19,
  0x85, 0x19, 0x85, 0x19, 0x85, 0x19, 0x85, 0x19, 0x85, 0x19, 0x85, 0x19, 0x85, 0x19, 0x85, 0x19,
  0x85, 0x19, 0x85, 0x19, 0x85, 0x19, 0x85, 0x19, 0x85, 0x19, 0x85, 0x19, 0x85, 0x19, 0x85, 0x19,
  0x04, 0x19, 0x04, 0x19, 0x65, 0x21, 0xca, 0x42, 0x68, 0x32, 0x4b, 0x43, 0x4b, 0x43, 0x4b, 0x43,
  0x4b, 0x43, 0x4b, 0x43, 0x4b, 0x43, 0x4b, 0x43, 0x4b, 0x43, 0x4b, 0x43, 0x4b, 0x43, 0x4b, 0x43,
  0x4b, 0x43, 0x4b, 0x43, 0x4b, 0x43, 0x4b, 0x43, 0x4b, 0x43, 0x4b, 0x43, 0x4b, 0x43, 0x0d, 0x54,
  0x38, 0xaf, 0x38, 0xaf, 0x38, 0xaf, 0x38, 0xaf, 0x38, 0xaf, 0x38, 0xaf, 0x38, 0xaf, 0x38, 0xaf,
  0x38, 0xaf, 0x59, 0xb7, 0x5a, 0xbf, 0x59, 0xbf, 0x59, 0xbf, 0x5a, 0xbf, 0x5a, 0xbf, 0x59, 0xb7,
  0x38, 0xaf, 0x38, 0xaf, 0x38, 0xaf, 0x38, 0xaf, 0x38, 0xaf, 0x38, 0xaf, 0x38, 0xaf, 0x38, 0xaf,
  0x55, 0x96, 0x27, 0x2a, 0xe6, 0x21, 0x85, 0x19, 0x85, 0x19, 0x85, 0x19, 0x85, 0x19, 0x85, 0x19,
  0x27, 0x2a, 0x51, 0x6d, 0xf3, 0x7d, 0xf3, 0x7d, 0xf3, 0x7d, 0xf3, 0x7d, 0xf3, 0x7d, 0xf3, 0x7d,
  0xf3, 0x7d, 0xf3, 0x7d, 0xf3, 0x7d, 0xf3, 0x7d, 0xf3, 0x7d, 0xf3, 0x7d, 0xf3, 0x7d, 0xf3, 0x7d,
  0x14, 0x8e, 0x72, 0x85, 0xf0, 0x74, 0xa5, 0x21, 0x85, 0x19, 0x85, 0x19, 0x85, 0x19, 0x85, 0x19,
  0x85, 0x19, 0x85, 0x19, 0x85, 0x19, 0x85, 0x19, 0x85, 0x19, 0x85, 0x19, 0x85, 0x19, 0x85, 0x19,
  0x85, 0x19, 0x85, 0x19, 0x85, 0x19, 0x85, 0x19, 0x85, 0x19, 0x85, 0x19, 0x85, 0x19, 0x85, 0x19,
  0x85, 0x19, 0x85, 0x19, 0x85, 0x19, 0x85, 0x19, 0x85, 0x19, 0x85, 0x19, 0x85, 0x19, 0x85, 0x19,
  0x04, 0x19, 0x04, 0x19, 0x85, 0x21, 0xaa, 0x42, 0x88, 0x32, 0x4b, 0x43, 0x4b, 0x43, 0x4b, 0x43,
  0x4b, 0x43, 0x4b, 0x43, 0x4b, 0x43, 0x4b, 0x43, 0x4b, 0x43, 0x4b, 0x43, 0x4b, 0x43, 0x4b, 0x43,
  0x4b, 0x43, 0x4b, 0x43, 0x4b, 0x43, 0x4b, 0x43, 0x4b, 0x43, 0x4b, 0x43, 0x4b, 0x43, 0x4b, 0x43,
  0x6b, 0x43, 0x4e, 0x5c, 0x38, 0xaf, 0x38, 0xaf, 0x38, 0xaf, 0x38, 0xaf, 0x38, 0xaf, 0x38, 0xaf,
  0x59, 0xb7, 0x5a, 0xbf, 0x5a, 0xbf, 0x5a, 0xbf, 0x5a, 0xbf, 0x59, 0xbf, 0x59, 0xaf, 0x38, 0xaf,
  0x38, 0xaf, 0x38, 0xaf, 0x38, 0xaf, 0x38, 0xaf, 0x38, 0xaf, 0x38, 0xaf, 0x38, 0xaf, 0x38, 0xaf,
  0x38, 0xaf, 0x38, 0xaf, 0x14, 0x8e, 0xc6, 0x21, 0x85, 0x19, 0x85, 0x19, 0x85, 0x19, 0x47, 0x2a,
  0x71, 0x75, 0xd3, 0x7d, 0xd3, 0x7d, 0xd3, 0x7d, 0xd3, 0x7d, 0xd3, 0x7d, 0xd3, 0x7d, 0xd3, 0x7d,
  0xd3, 0x7d, 0xd3, 0x7d, 0xd3, 0x7d, 0xd3, 0x7d, 0xf3, 0x7d, 0xf3, 0x7d, 0xf3, 0x7d, 0x92, 0x75,
  0xed, 0x53, 0x89, 0x3a, 0x8d, 0x63, 0x89, 0x42, 0xa5, 0x21, 0x85, 0x19, 0x85, 0x19, 0x85, 0x19,
  0x85, 0x19, 0x85, 0x19, 0x85, 0x19, 0x85, 0x19, 0x85, 0x19, 0x85, 0x19, 0x85, 0x19, 0x85, 0x19,
  0x85, 0x19, 0x85, 0x19, 0x85, 0x19, 0x85, 0x19, 0x85, 0x19, 0x85, 0x19, 0x85, 0x19, 0x85, 0x19,
  0x85, 0x19, 0x85, 0x19, 0x85, 0x19, 0x85, 0x19, 0x85, 0x19, 0x85, 0x19, 0x85, 0x19, 0x85, 0x19,
  0x04, 0x19, 0x04, 0x19, 0x85, 0x21, 0xa9, 0x42, 0x88, 0x32, 0x4b, 0x43, 0x4b, 0x43, 0x4b, 0x43,
  0x4b, 0x43, 0x4b, 0x43, 0x4b, 0x43, 0x4b, 0x43, 0x4b, 0x43, 0x4b, 0x43, 0x4b, 0x43, 0x4b, 0x43,
  0x4b, 0x43, 0x4b, 0x43, 0x4b, 0x43, 0x4b, 0x43, 0x4b, 0x43, 0x4b, 0x43, 0x4b, 0x43, 0x4b, 0x43,
  0x4b, 0x43, 0x4b, 0x43, 0xac, 0x4b, 0xb0, 0x64, 0x38, 0xaf, 0x38, 0xaf, 0x38, 0xaf, 0x59, 0xb7,
  0x5a, 0xc7, 0x5a, 0xbf, 0x5a, 0xbf, 0x59, 0xbf, 0x59, 0xb7, 0x58, 0xaf, 0x38, 0xaf, 0x38, 0xaf,
  0x38, 0xaf, 0x38, 0xaf, 0x38, 0xaf, 0x38, 0xaf, 0x38, 0xaf, 0x38, 0xaf, 0x38, 0xaf, 0x38, 0xaf,
  0x38, 0xaf, 0x38, 0xaf, 0x38, 0xaf, 0x38, 0xaf, 0xd3, 0x85, 0x85, 0x19, 0x88, 0x32, 0x92, 0x75,
  0xf3, 0x7d, 0xf3, 0x7d, 0xf3, 0x7d, 0xf3, 0x7d, 0xf3, 0x7d, 0xf3, 0x7d, 0xf3, 0x7d, 0xf3, 0x7d,
  0xf3, 0x7d, 0xf3, 0x7d, 0xf3, 0x7d, 0xd3, 0x7d, 0xd3, 0x7d, 0xd3, 0x7d, 0x71, 0x75, 0xab, 0x4b,
  0x85, 0x19, 0xa5, 0x19, 0x68, 0x3a, 0x6d, 0x5b, 0x89, 0x42, 0xa5, 0x19, 0x85, 0x19, 0x85, 0x19,
  0x85, 0x19, 0x85, 0x19, 0x85, 0x19, 0x85, 0x19, 0x85, 0x19, 0x85, 0x19, 0x85, 0x19, 0x85, 0x19,
  0x85, 0x19, 0x85, 0x19, 0x85, 0x19, 0x85, 0x19, 0x85, 0x19, 0x85, 0x19, 0x85, 0x19, 0x85, 0x19,
  0x85, 0x19, 0x85, 0x19, 0x85, 0x19, 0x85, 0x19, 0x85, 0x19, 0x85, 0x19, 0x85, 0x19, 0x85, 0x19,
  0x04, 0x19, 0x03, 0x19, 0x86, 0x21, 0xa9, 0x42, 0x88, 0x32, 0x4b, 0x43, 0x4b, 0x43, 0x4b, 0x43,
  0x4b, 0x43, 0x4b, 0x43, 0x4b, 0x43, 0x4b, 0x43, 0x4b, 0x43, 0x4b, 0x43, 0x4b, 0x43, 0x4b, 0x43,
  0x4b, 0x43, 0x4b, 0x43, 0x4b, 0x43, 0x4b, 0x43, 0x4b, 0x43, 0x4b, 0x43, 0x4b, 0x43, 0x4b, 0x43,
  0x4b, 0x43, 0x4b, 0x43, 0x4b, 0x43, 0x6b, 0x43, 0xed, 0x53, 0x11, 0x75, 0x59, 0xb7, 0x5a, 0xc7,
  0x5a, 0xc7, 0x5a, 0xbf, 0x59, 0xb7, 0x59, 0xaf, 0x38, 0xaf, 0x38, 0xaf, 0x38, 0xaf, 0x38, 0xaf,
  0x38, 0xaf, 0x38, 0xaf, 0x38, 0xaf, 0x38, 0xaf, 0x38, 0xaf, 0x38, 0xaf, 0x38, 0xaf, 0x58, 0xaf,
  0x59, 0xaf, 0x59, 0xb7, 0x59, 0xb7, 0x5a, 0xbf, 0x59, 0xbf, 0x18, 0xaf, 0xd7, 0xa6, 0x76, 0x9e,
  0x56, 0x9e, 0x55, 0x96, 0x35, 0x8e, 0x14, 0x86, 0xf3, 0x7d, 0xf3, 0x7d, 0xf3, 0x7d, 0xf3, 0x7d,
  0xf3, 0x7d, 0xf3, 0x7d, 0xf3, 0x7d, 0xf3, 0x7d, 0xf3, 0x7d, 0x71, 0x6d, 0x6b, 0x43, 0x85, 0x19,
  0x85, 0x19, 0x85, 0x19, 0xa5, 0x19, 0x68, 0x3a, 0x6c, 0x5b, 0x89, 0x3a, 0xa5, 0x19, 0x85, 0x19,
  0x85, 0x19, 0x85, 0x19, 0x85, 0x19, 0x85, 0x19, 0x85, 0x19, 0x85, 0x19, 0x85, 0x19, 0x85, 0x19,
  0x85, 0x19, 0x85, 0x19, 0x85, 0x19, 0x85, 0x19, 0x85, 0x19, 0x85, 0x19, 0x85, 0x19, 0x85, 0x19,
  0x85, 0x19, 0x85, 0x19, 0x85, 0x19, 0x85, 0x19, 0x85, 0x19, 0x85, 0x19, 0x85, 0x19, 0x85, 0x19,
  0x04, 0x19, 0x04, 0x19, 0xa6, 0x29, 0xa9, 0x3a, 0x89, 0x32, 0x4b, 0x43, 0x4b, 0x43, 0x4b, 0x43,
  0x4b, 0x43, 0x4b, 0x43, 0x4b, 0x43, 0x4b, 0x43, 0x4b, 0x43, 0x4b, 0x43, 0x4b, 0x43, 0x4b, 0x43,
  0x2b, 0x43, 0x4b, 0x43, 0x4b, 0x43, 0x4b, 0x43, 0x2b, 0x43, 0x4b, 0x43, 0x4b, 0x43, 0x4b, 0x43,
  0x2b, 0x43, 0x4b, 0x43, 0x4b, 0x43, 0x4b, 0x43, 0x2b, 0x43, 0x0e, 0x5c, 0xd5, 0x9d, 0x77, 0xae,
  0x59, 0xbf, 0x59, 0xaf, 0x38, 0xaf, 0x38, 0xaf, 0x38, 0xaf, 0x38, 0xaf, 0x38, 0xaf, 0x38, 0xaf,
  0x38, 0xaf, 0x38, 0xaf, 0x38, 0xaf, 0x38, 0xaf, 0x38, 0xaf, 0x59, 0xaf, 0x59, 0xb7, 0x59, 0xbf,
  0x5a, 0xbf, 0x59, 0xb7, 0x59, 0xb7, 0x38, 0xa7, 0xf6, 0x96, 0xf6, 0x96, 0xf6, 0x96, 0xf6, 0x96,
  0x95, 0x96, 0x14, 0x86, 0x34, 0x8e, 0x35, 0x96, 0x55, 0x96, 0x55, 0x96, 0x14, 0x86, 0xf3, 0x7d,
  0xf3, 0x7d, 0xf3, 0x7d, 0xf3, 0x7d, 0x30, 0x6d, 0xcc, 0x4b, 0x4a, 0x43, 0x85, 0x19, 0x85, 0x19,
  0x85, 0x19, 0x85, 0x19, 0x85, 0x19, 0xa5, 0x19, 0x89, 0x3a, 0x6d, 0x5b, 0x48, 0x32, 0x85, 0x19,
  0x85, 0x19, 0x85, 0x19, 0x85, 0x19, 0x85, 0x19, 0x85, 0x19, 0x85, 0x19, 0x85, 0x19, 0x85, 0x19,
  0x85, 0x19, 0x85, 0x19, 0x85, 0x19, 0x85, 0x19, 0x85, 0x19, 0x85, 0x19, 0x85, 0x19, 0x85, 0x19,
  0x85, 0x19, 0x85, 0x19, 0x85, 0x19, 0x85, 0x19, 0x85, 0x19, 0x85, 0x19, 0x85, 0x19, 0x85, 0x19,
  0x04, 0x19, 0x03, 0x11, 0xa6, 0x29, 0xa9, 0x3a, 0xa9, 0x32, 0x4b, 0x43, 0x4b, 0x43, 0x4b, 0x43,
  0x4b, 0x43, 0x4b, 0x43, 0x4b, 0x43, 0x4b, 0x43, 0x4b, 0x43, 0x4b, 0x43, 0x4b, 0x43, 0x4b, 0x43,
  0x4b, 0x43, 0x4b, 0x43, 0x4b, 0x43, 0x4b, 0x43, 0x4b, 0x43, 0x4b, 0x43, 0x4b, 0x43, 0x4b, 0x43,
  0x4b, 0x43, 0x4b, 0x43, 0x4b, 0x43, 0x4b, 0x43, 0xcd, 0x5b, 0x33, 0x8d, 0x33, 0x8d, 0x6f, 0x6c,
  0x6f, 0x64, 0x92, 0x7d, 0x38, 0xaf, 0x38, 0xaf, 0x38, 0xaf, 0x38, 0xaf, 0x38, 0xaf, 0x38, 0xaf,
  0x38, 0xaf, 0x38, 0xaf, 0x38, 0xaf, 0x59, 0xaf, 0x59, 0xb7, 0x59, 0xbf, 0x59, 0xb7, 0x59, 0xaf,
  0x38, 0xaf, 0x38, 0xa7, 0x17, 0x9f, 0xf6, 0x96, 0xd6, 0x96, 0xf6, 0x96, 0xf6, 0x96, 0xf6, 0x96,
  0xd6, 0x96, 0x75, 0x8e, 0xf3, 0x7d, 0xf3, 0x7d, 0x14, 0x86, 0x14, 0x8e, 0x35, 0x96, 0x35, 0x96,
  0x14, 0x86, 0xf3, 0x7d, 0x10, 0x6d, 0xe9, 0x3a, 0x85, 0x19, 0x85, 0x19, 0x85, 0x19, 0x85, 0x19,
  0x85, 0x19, 0x85, 0x19, 0x85, 0x19, 0x85, 0x19, 0xa6, 0x21, 0xca, 0x42, 0x6c, 0x5b, 0xe6, 0x29,
  0x85, 0x19, 0x85, 0x19, 0x85, 0x19, 0x85, 0x19, 0x85, 0x19, 0x85, 0x19, 0x85, 0x19, 0x85, 0x19,
  0x85, 0x19, 0x85, 0x19, 0x85, 0x19, 0x85, 0x19, 0x85, 0x19, 0x85, 0x19, 0x85, 0x19, 0x85, 0x19,
  0x85, 0x19, 0x85, 0x19, 0x85, 0x19, 0x85, 0x19, 0x85, 0x19, 0x85, 0x19, 0x85, 0x19, 0x85, 0x19,
  0x04, 0x19, 0x04, 0x19, 0xc6, 0x29, 0xa9, 0x3a, 0xa9, 0x32, 0x4b, 0x43, 0x4b, 0x43, 0x4b, 0x43,
  0x4b, 0x43, 0x4b, 0x43, 0x4b, 0x43, 0x4b, 0x43, 0x4b, 0x43, 0x4b, 0x43, 0x4b, 0x43, 0x4b, 0x43,
  0x4b, 0x43, 0x4b, 0x43, 0x4b, 0x43, 0x4b, 0x43, 0x4b, 0x43, 0x4b, 0x43, 0x4b, 0x43, 0x4b, 0x43,
  0x4b, 0x43, 0x4b, 0x43, 0x6b, 0x4b, 0x2f, 0x64, 0x33, 0x95, 0xf2, 0x84, 0xcd, 0x53, 0x6b, 0x43,
  0x4b, 0x43, 0xcc, 0x53, 0xd0, 0x6c, 0xd3, 0x85, 0x38, 0xaf, 0x38, 0xaf, 0x38, 0xaf, 0x38, 0xaf,
  0x38, 0xaf, 0x59, 0xaf, 0x59, 0xb7, 0x59, 0xb7, 0x59, 0xb7, 0x59, 0xaf, 0x38, 0xaf, 0x38, 0xa7,
  0x17, 0x9f, 0xf6, 0x96, 0xf6, 0x96, 0xf6, 0x96, 0xf6, 0x96, 0xf6, 0x96, 0xf6, 0x96, 0xf6, 0x96,
  0xf6, 0x96, 0xd6, 0x96, 0xb5, 0x8e, 0x74, 0x86, 0xf3, 0x7d, 0xf3, 0x7d, 0x13, 0x86, 0x14, 0x8e,
  0x35, 0x96, 0x72, 0x7d, 0x2a, 0x43, 0x85, 0x19, 0x85, 0x19, 0x85, 0x19, 0x85, 0x19, 0x85, 0x19,
  0x85, 0x19, 0x85, 0x19, 0x85, 0x19, 0x85, 0x19, 0x85, 0x19, 0xe6, 0x21, 0xea, 0x4a, 0xea, 0x4a,
  0x85, 0x19, 0x85, 0x19, 0x85, 0x19, 0x85, 0x19, 0x85, 0x19, 0x85, 0x19, 0x85, 0x19, 0x85, 0x19,
  0x85, 0x19, 0x85, 0x19, 0x85, 0x19, 0x85, 0x19, 0x85, 0x19, 0x85, 0x19, 0x85, 0x19, 0x85, 0x19,
  0x85, 0x19, 0x85, 0x19, 0x85, 0x19, 0x85, 0x19, 0x85, 0x19, 0x85, 0x19, 0x85, 0x19, 0x85, 0x19,
  0x03, 0x19, 0x03, 0x11, 0xc6, 0x29, 0x89, 0x3a, 0xa9, 0x32, 0x4b, 0x43, 0x4b, 0x43, 0x4b, 0x43,
  0x4b, 0x43, 0x4b, 0x43, 0x4b, 0x43, 0x4b, 0x43, 0x4b, 0x43, 0x4b, 0x43, 0x4b, 0x43, 0x4b, 0x43,
  0x4b, 0x43, 0x4b, 0x43, 0x4b, 0x43, 0x4b, 0x43, 0x4b, 0x43, 0x4b, 0x43, 0x4b, 0x43, 0x4b, 0x43,
  0x4b, 0x43, 0xac, 0x53, 0x90, 0x74, 0x33, 0x8d, 0xf2, 0x84, 0xed, 0x5b, 0x4b, 0x43, 0x4b, 0x43,
  0x4b, 0x43, 0x4b, 0x43, 0x4b, 0x43, 0xed, 0x53, 0x11, 0x6d, 0x14, 0x8e, 0x38, 0xaf, 0x38, 0xaf,
  0x59, 0xaf, 0x59, 0xb7, 0x59, 0xb7, 0x59, 0xaf, 0x38, 0xaf, 0x38, 0xaf, 0x38, 0xa7, 0x17, 0x9f,
  0xf6, 0x96, 0xf6, 0x96, 0xf6, 0x96, 0xf6, 0x96, 0xf6, 0x96, 0xf6, 0x96, 0xf6, 0x96, 0xf6, 0x96,
  0xf6, 0x96, 0xf6, 0x96, 0xf6, 0x96, 0xd6, 0x96, 0xb5, 0x8e, 0x54, 0x86, 0xf3, 0x7d, 0xcf, 0x64,
  0x6b, 0x4b, 0x4b, 0x4b, 0xa9, 0x42, 0x07, 0x2a, 0xa5, 0x19, 0x85, 0x19, 0x85, 0x19, 0x85, 0x19,
  0x85, 0x19, 0x85, 0x19, 0x85, 0x19, 0x85, 0x19, 0x85, 0x19, 0x85, 0x19, 0x27, 0x32, 0x2b, 0x53,
  0x89, 0x3a, 0x85, 0x19, 0x85, 0x19, 0x85, 0x19, 0x85, 0x19, 0x85, 0x19, 0x85, 0x19, 0x85, 0x19,
  0x85, 0x19, 0x85, 0x19, 0x85, 0x19, 0x85, 0x19, 0x85, 0x19, 0x85, 0x19, 0x85, 0x19, 0x85, 0x19,
  0x85, 0x19, 0x85, 0x19, 0x85, 0x19, 0x85, 0x19, 0x85, 0x19, 0x85, 0x19, 0x85, 0x19, 0x85, 0x19,
  0x04, 0x19, 0x03, 0x11, 0xe7, 0x29, 0x89, 0x3a, 0xc9, 0x32, 0x4b, 0x43, 0x4b, 0x43, 0x4b, 0x43,
  0x4b, 0x43, 0x4b, 0x43, 0x4b, 0x43, 0x4b, 0x43, 0x4b, 0x43, 0x4b, 0x43, 0x4b, 0x43, 0x4b, 0x43,
  0x4b, 0x43, 0x4b, 0x43, 0x4b, 0x43, 0x4b, 0x43, 0x4b, 0x43, 0x4b, 0x43, 0x4b, 0x43, 0x6b, 0x43,
  0x0e, 0x64, 0xb1, 0x7c, 0x90, 0x74, 0x90, 0x74, 0x2e, 0x64, 0x4b, 0x43, 0x4b, 0x43, 0x4b, 0x43,
  0x4b, 0x43, 0x4b, 0x43, 0x4b, 0x43, 0x4b, 0x43, 0x4b, 0x43, 0x2e, 0x5c, 0x35, 0x8e, 0x59, 0xb7,
  0x59, 0xb7, 0x59, 0xb7, 0x58, 0xaf, 0x38, 0xaf, 0x38, 0xaf, 0x38, 0xa7, 0x17, 0x9f, 0xf6, 0x96,
  0xf6, 0x96, 0xf6, 0x96, 0xf6, 0x96, 0xf6, 0x96, 0xf6, 0x96, 0xf6, 0x96, 0xf6, 0x96, 0xf6, 0x96,
  0xf6, 0x96, 0xf6, 0x96, 0xf6, 0x96, 0xf6, 0x96, 0xf6, 0x96, 0xd6, 0x8e, 0xb6, 0x96, 0x6e, 0x64,
  0x85, 0x19, 0xc6, 0x21, 0x68, 0x3a, 0xca, 0x42, 0x48, 0x32, 0xa5, 0x21, 0x85, 0x19, 0x85, 0x19,
  0x85, 0x19, 0x85, 0x19, 0x85, 0x19, 0x85, 0x19, 0x85, 0x19, 0x85, 0x19, 0x85, 0x19, 0x89, 0x3a,
  0x2c, 0x53, 0x07, 0x2a, 0x85, 0x19, 0x85, 0x19, 0x85, 0x19, 0x85, 0x19, 0x85, 0x19, 0x85, 0x19,
  0x85, 0x19, 0x85, 0x19, 0x85, 0x19, 0x85, 0x19, 0x85, 0x19, 0x85, 0x19, 0x85, 0x19, 0x85, 0x19,
  0x85, 0x19, 0x85, 0x19, 0x85, 0x19, 0x85, 0x19, 0x85, 0x19, 0x85, 0x19, 0x85, 0x19, 0x85, 0x19,
  0x04, 0x19, 0x03, 0x11, 0xe7, 0x31, 0x89, 0x3a, 0xc9, 0x3a, 0x4b, 0x43, 0x4b, 0x43, 0x4b, 0x43,
  0x4b, 0x43, 0x4b, 0x43, 0x4b, 0x43, 0x4b, 0x43, 0x4b, 0x43, 0x4b, 0x43, 0x4b, 0x43, 0x4b, 0x43,
  0x4b, 0x43, 0x4b, 0x43, 0x4b, 0x43, 0x4b, 0x43, 0x4b, 0x43, 0x4b, 0x43, 0xad, 0x53, 0xb1, 0x7c,
  0xb1, 0x7c, 0xcd, 0x5b, 0x2e, 0x64, 0x6f, 0x6c, 0x8c, 0x4b, 0x4b, 0x43, 0x4b, 0x43, 0x4b, 0x43,
  0x4b, 0x43, 0x4b, 0x43, 0x4b, 0x43, 0x4b, 0x43, 0x4b, 0x43, 0x4b, 0x43, 0xb0, 0x6c, 0xf5, 0x95,
  0x96, 0x9e, 0x58, 0xaf, 0x38, 0xaf, 0x38, 0xa7, 0x38, 0xa7, 0x17, 0x9f, 0xf6, 0x96, 0xf6, 0x96,
  0xf6, 0x96, 0xf6, 0x96, 0xf6, 0x96, 0xf6, 0x96, 0xf6, 0x96, 0xf6, 0x96, 0xf6, 0x96, 0xf6, 0x96,
  0xf6, 0x96, 0xf6, 0x96, 0xf6, 0x96, 0xf6, 0x96, 0xf6, 0x96, 0x17, 0x9f, 0x38, 0xa7, 0x35, 0x8e,
  0xf0, 0x74, 0x2a, 0x43, 0xa5, 0x21, 0x68, 0x3a, 0xca, 0x4a, 0x48, 0x32, 0xa5, 0x19, 0x85, 0x19,
  0x85, 0x19, 0x85, 0x19, 0x85, 0x19, 0x85, 0x19, 0x85, 0x19, 0x85, 0x19, 0x85, 0x19, 0xe6, 0x29,
  0x0b, 0x4b, 0xa9, 0x42, 0x85, 0x19, 0x85, 0x19, 0x85, 0x19, 0x85, 0x19, 0x85, 0x19, 0x85, 0x19,
  0x85, 0x19, 0x85, 0x19, 0x85, 0x19, 0x85, 0x19, 0x85, 0x19, 0x85, 0x19, 0x85, 0x19, 0x85, 0x19,
  0x85, 0x19, 0x85, 0x19, 0x85, 0x19, 0x85, 0x19, 0x85, 0x19, 0x85, 0x19, 0x85, 0x19, 0x85, 0x19,
  0x04, 0x19, 0x03, 0x11, 0x07, 0x32, 0x89, 0x3a, 0xc9, 0x3a, 0x4b, 0x43, 0x4b, 0x43, 0x4b, 0x43,
  0x4b, 0x43, 0x4b, 0x43, 0x4b, 0x43, 0x4b, 0x43, 0x4b, 0x43, 0x4b, 0x43, 0x4b, 0x43, 0x4b, 0x43,
  0x4b, 0x43, 0x4b, 0x43, 0x4b, 0x43, 0x4b, 0x43, 0x6b, 0x4b, 0x0e, 0x64, 0xd1, 0x7c, 0x4f, 0x6c,
  0x8c, 0x4b, 0xac, 0x53, 0x4f, 0x6c, 0xee, 0x5b, 0x4b, 0x43, 0x4b, 0x43, 0x4b, 0x43, 0x4b, 0x43,
  0x4b, 0x43, 0x4b, 0x43, 0x4b, 0x43, 0x4b, 0x43, 0x4b, 0x43, 0xac, 0x53, 0x2e, 0x64, 0xed, 0x5b,
  0x8f, 0x64, 0xb3, 0x85, 0x96, 0x96, 0x17, 0x9f, 0xf6, 0x96, 0xf6, 0x96, 0xf6, 0x96, 0xf6, 0x96,
  0xf6, 0x96, 0xf6, 0x96, 0xf6, 0x96, 0xf6, 0x96, 0xf6, 0x96, 0xf6, 0x96, 0xf6, 0x96, 0xf6, 0x96,
  0xf6, 0x96, 0xf6, 0x96, 0xf6, 0x96, 0xf6, 0x96, 0x17, 0x9f, 0x38, 0xa7, 0x38, 0xaf, 0x38, 0xaf,
  0x38, 0xaf, 0xf4, 0x8d, 0x8f, 0x64, 0x0a, 0x43, 0x68, 0x3a, 0xca, 0x4a, 0x27, 0x32, 0x85, 0x19,
  0x85, 0x19, 0x85, 0x19, 0x85, 0x19, 0x85, 0x19, 0x85, 0x19, 0x85, 0x19, 0x85, 0x19, 0x85, 0x19,
  0x69, 0x3a, 0x0b, 0x53, 0x07, 0x2a, 0x85, 0x19, 0x85, 0x19, 0x85, 0x19, 0x85, 0x19, 0x85, 0x19,
  0x85, 0x19, 0x85, 0x19, 0x85, 0x19, 0x85, 0x19, 0x85, 0x19, 0x85, 0x19, 0x85, 0x19, 0x85, 0x19,
  0x85, 0x19, 0x85, 0x19, 0x85, 0x19, 0x85, 0x19, 0x85, 0x19, 0x85, 0x19, 0x85, 0x19, 0x85, 0x19,
  0x03, 0x19, 0x03, 0x11, 0x07, 0x32, 0xe7, 0x29, 0xa5, 0x19, 0xa9, 0x32, 0x4b, 0x43, 0x4b, 0x43,
  0x4b, 0x43, 0x4b, 0x43, 0x4b, 0x43, 0x4b, 0x43, 0x4b, 0x43, 0x4b, 0x43, 0x4b, 0x43, 0x4b, 0x43,
  0x4b, 0x43, 0x4b, 0x43, 0x6b, 0x43, 0xcd, 0x53, 0x90, 0x74, 0xb1, 0x7c, 0xcd, 0x53, 0x4b, 0x43,
  0x4b, 0x43, 0x0e, 0x64, 0x4f, 0x6c, 0x8c, 0x4b, 0x4b, 0x43, 0x4b, 0x43, 0x4b, 0x43, 0x4b, 0x43,
  0x4b, 0x43, 0x4b, 0x43, 0x4b, 0x43, 0x4b, 0x43, 0x8c, 0x4b, 0x0e, 0x64, 0xed, 0x5b, 0x6b, 0x4b,
  0x4b, 0x43, 0xed, 0x53, 0xb2, 0x75, 0xb5, 0x8e, 0xd6, 0x96, 0xf6, 0x96, 0xf6, 0x96, 0xf6, 0x96,
  0xf6, 0x96, 0xf6, 0x96, 0xf6, 0x96, 0xf6, 0x96, 0xf6, 0x96, 0xf6, 0x96, 0xf6, 0x96, 0xf6, 0x96,
  0xf6, 0x96, 0xf6, 0x96, 0x17, 0x9f, 0x38, 0xa7, 0x38, 0xa7, 0x38, 0xaf, 0x38, 0xaf, 0x38, 0xaf,
  0x38, 0xaf, 0x38, 0xaf, 0x38, 0xaf, 0xb3, 0x85, 0x6f, 0x64, 0xad, 0x5b, 0xaa, 0x42, 0xe6, 0x29,
  0x85, 0x19, 0x85, 0x19, 0x85, 0x19, 0x85, 0x19, 0x85, 0x19, 0x85, 0x19, 0x85, 0x19, 0x85, 0x19,
  0xe6, 0x21, 0x0b, 0x53, 0xa9, 0x42, 0x85, 0x19, 0x85, 0x19, 0x85, 0x19, 0x85, 0x19, 0x85, 0x19,
  0x85, 0x19, 0x85, 0x19, 0x85, 0x19, 0x85, 0x19, 0x85, 0x19, 0x85, 0x19, 0x85, 0x19, 0x85, 0x19,
  0x85, 0x19, 0x85, 0x19, 0x85, 0x19, 0x85, 0x19, 0x85, 0x19, 0x85, 0x19, 0x85, 0x19, 0x85, 0x19,
  0x04, 0x19, 0x03, 0x11, 0x28, 0x32, 0x85, 0x21, 0xe3, 0x10, 0x85, 0x19, 0x06, 0x22, 0xc9, 0x3a,
  0x4b, 0x43, 0x4b, 0x43, 0x4b, 0x43, 0x4b, 0x43, 0x4b, 0x43, 0x4b, 0x43, 0x4b, 0x43, 0x4b, 0x43,
  0x4b, 0x43, 0x8c, 0x4b, 0x0e, 0x64, 0xb1, 0x7c, 0x4f, 0x6c, 0x8c, 0x4b, 0x4b, 0x43, 0x2b, 0x43,
  0x6c, 0x4b, 0x70, 0x74, 0xee, 0x5b, 0x4b, 0x43, 0x4b, 0x43, 0x4b, 0x43, 0x4b, 0x43, 0x4b, 0x43,
  0x4b, 0x43, 0x4b, 0x43, 0x4b, 0x43, 0x6b, 0x43, 0x0e, 0x64, 0x0e, 0x5c, 0x6c, 0x4b, 0x4b, 0x43,
  0xed, 0x53, 0x71, 0x75, 0x34, 0x86, 0x34, 0x86, 0x75, 0x8e, 0xb6, 0x8e, 0xd6, 0x96, 0xf6, 0x96,
  0xf6, 0x96, 0xf6, 0x96, 0xf6, 0x96, 0xf6, 0x96, 0xf6, 0x96, 0xf6, 0x96, 0xf6, 0x96, 0xf6, 0x96,
  0xf6, 0x96, 0x17, 0x9f, 0x38, 0xa7, 0x38, 0xaf, 0x38, 0xaf, 0x38, 0xaf, 0x38, 0xaf, 0x38, 0xaf,
  0x38, 0xaf, 0x38, 0xaf, 0x38, 0xaf, 0x38, 0xaf, 0x38, 0xaf, 0xb3, 0x85, 0xb0, 0x74, 0x2b, 0x4b,
  0xa5, 0x21, 0x85, 0x19, 0x85, 0x19, 0x85, 0x19, 0x85, 0x19, 0x85, 0x19, 0x85, 0x19, 0x85, 0x19,
  0x85, 0x19, 0xa9, 0x42, 0xea, 0x4a, 0xe6, 0x29, 0x85, 0x19, 0x85, 0x19, 0x85, 0x19, 0x85, 0x19,
  0x85, 0x19, 0x85, 0x19, 0x85, 0x19, 0x85, 0x19, 0x85, 0x19, 0x85, 0x19, 0x85, 0x19, 0x85, 0x19,
  0x85, 0x19, 0x85, 0x19, 0x85, 0x19, 0x85, 0x19, 0x85, 0x19, 0x85, 0x19, 0x85, 0x19, 0x85, 0x19,
  0x03, 0x19, 0x03, 0x11, 0x28, 0x3a, 0x85, 0x21, 0xe3, 0x10, 0x03, 0x11, 0x03, 0x11, 0xa5, 0x21,
  0x27, 0x2a, 0xe9, 0x3a, 0x4b, 0x43, 0x4b, 0x43, 0x4b, 0x43, 0x4b, 0x43, 0x4b, 0x43, 0x6b, 0x4b,
  0xcd, 0x5b, 0x70, 0x74, 0x90, 0x74, 0xcd, 0x53, 0x4b, 0x43, 0x4b, 0x43, 0x4b, 0x43, 0x4b, 0x43,
  0xed, 0x5b, 0x4f, 0x6c, 0xac, 0x53, 0x4b, 0x43, 0x4b, 0x43, 0x4b, 0x43, 0x4b, 0x43, 0x4b, 0x43,
  0x4b, 0x43, 0x4b, 0x43, 0x4b, 0x43, 0xad, 0x53, 0x2e, 0x64, 0xac, 0x53, 0x2e, 0x54, 0x8f, 0x5c,
  0x92, 0x75, 0x34, 0x86, 0x34, 0x86, 0x34, 0x86, 0x34, 0x86, 0x34, 0x86, 0x95, 0x8e, 0xd6, 0x8e,
  0xd6, 0x96, 0xf6, 0x96, 0xf6, 0x96, 0xd6, 0x96, 0xf6, 0x96, 0xf6, 0x96, 0xf6, 0x96, 0xf6, 0x96,
  0x17, 0x9f, 0x38, 0xa7, 0x38, 0xaf, 0x38, 0xa7, 0x38, 0xaf, 0x38, 0xaf, 0x38, 0xaf, 0x38, 0xaf,
  0x38, 0xaf, 0x38, 0xaf, 0x38, 0xaf, 0x38, 0xaf, 0x38, 0xaf, 0x38, 0xaf, 0x59, 0xaf, 0x93, 0x8d,
  0xa9, 0x3a, 0x85, 0x19, 0x85, 0x19, 0x85, 0x19, 0x85, 0x19, 0x85, 0x19, 0x85, 0x19, 0x85, 0x19,
  0x85, 0x19, 0x07, 0x2a, 0x2b, 0x53, 0x48, 0x32, 0x85, 0x19, 0x85, 0x19, 0x85, 0x19, 0x85, 0x19,
  0x85, 0x19, 0x85, 0x19, 0x85, 0x19, 0x85, 0x19, 0x85, 0x19, 0x85, 0x19, 0x85, 0x19, 0x85, 0x19,
  0x85, 0x19, 0x85, 0x19, 0x85, 0x19, 0x85, 0x19, 0x85, 0x19, 0x85, 0x19, 0x85, 0x19, 0x85, 0x19,
  0x04, 0x19, 0x03, 0x11, 0x48, 0x3a, 0x65, 0x21, 0xe3, 0x10, 0x03, 0x11, 0x03, 0x11, 0x03, 0x11,
  0x03, 0x11, 0xc6, 0x21, 0x47, 0x2a, 0xea, 0x3a, 0x4b, 0x43, 0x4b, 0x43, 0x8c, 0x4b, 0x2e, 0x64,
  0xb1, 0x7c, 0x4f, 0x6c, 0x6c, 0x4b, 0x4b, 0x43, 0x4b, 0x43, 0x4b, 0x43, 0x4b, 0x43, 0x4b, 0x43,
  0x4f, 0x6c, 0x0e, 0x64, 0x6b, 0x4b, 0x4b, 0x43, 0x4b, 0x43, 0x4b, 0x43, 0x4b, 0x43, 0x4b, 0x43,
  0x4b, 0x43, 0x4b, 0x43, 0x6b, 0x4b, 0x2e, 0x64, 0xcd, 0x5b, 0x4e, 0x5c, 0xb2, 0x75, 0x34, 0x86,
  0x34, 0x86, 0x34, 0x86, 0x34, 0x86, 0x34, 0x86, 0x34, 0x86, 0x34, 0x86, 0x34, 0x86, 0x34, 0x86,
  0x95, 0x8e, 0xd6, 0x96, 0xf6, 0x96, 0xf6, 0x96, 0xf6, 0x96, 0xf6, 0x96, 0xf6, 0x96, 0x17, 0x9f,
  0x38, 0xa7, 0x38, 0xaf, 0x38, 0xaf, 0x38, 0xaf, 0x38, 0xaf, 0x38, 0xaf, 0x38, 0xaf, 0x38, 0xaf,
  0x38, 0xaf, 0x38, 0xaf, 0x38, 0xaf, 0x38, 0xaf, 0x38, 0xaf, 0x38, 0xaf, 0x38, 0xaf, 0x59, 0xb7,
  0x11, 0x7d, 0x4b, 0x4b, 0x06, 0x2a, 0x85, 0x19, 0x85, 0x19, 0x85, 0x19, 0x85, 0x19, 0x85, 0x19,
  0x85, 0x19, 0x85, 0x19, 0x0b, 0x53, 0xa9, 0x42, 0xa5, 0x21, 0x85, 0x19, 0x85, 0x19, 0x85, 0x19,
  0x85, 0x19, 0x85, 0x19, 0x85, 0x19, 0x85, 0x19, 0x85, 0x19, 0x85, 0x19, 0x85, 0x19, 0x85, 0x19,
  0x85, 0x19, 0x85, 0x19, 0x85, 0x19, 0x85, 0x19, 0x85, 0x19, 0x85, 0x19, 0x85, 0x19, 0x85, 0x19,
  0x03, 0x11, 0x03, 0x11, 0x48, 0x3a, 0x65, 0x19, 0x03, 0x11, 0x03, 0x11, 0x03, 0x11, 0x03, 0x11,
  0x03, 0x11, 0x03, 0x11, 0x03, 0x11, 0x06, 0x22, 0x2b, 0x43, 0xee, 0x5b, 0x70, 0x74, 0x70, 0x74,
  0xcd, 0x53, 0x4b, 0x43, 0x4b, 0x43, 0x4b, 0x43, 0x4b, 0x43, 0x4b, 0x43, 0x4b, 0x43, 0x6b, 0x43,
  0x90, 0x74, 0xcd, 0x5b, 0x4b, 0x43, 0x4b, 0x43, 0x4b, 0x43, 0x4b, 0x43, 0x4b, 0x43, 0x4b, 0x43,
  0x4b, 0x43, 0x4b, 0x43, 0xad, 0x53, 0x2e, 0x64, 0xaf, 0x64, 0xd2, 0x7d, 0x34, 0x86, 0x34, 0x86,
  0x34, 0x86, 0x34, 0x86, 0x34, 0x86, 0x34, 0x86, 0x34, 0x86, 0x34, 0x86, 0x34, 0x86, 0x34, 0x86,
  0x34, 0x86, 0x34, 0x86, 0xb5, 0x8e, 0xd6, 0x96, 0xf6, 0x96, 0x38, 0xa7, 0x38, 0xa7, 0x38, 0xa7,
  0x38, 0xaf, 0x38, 0xaf, 0x38, 0xaf, 0x38, 0xaf, 0x38, 0xaf, 0x38, 0xaf, 0x38, 0xaf, 0x38, 0xaf,
  0x38, 0xaf, 0x38, 0xaf, 0x38, 0xaf, 0x38, 0xaf, 0x38, 0xaf, 0x38, 0xaf, 0x38, 0xaf, 0x59, 0xaf,
  0x59, 0xb7, 0x59, 0xaf, 0x6e, 0x64, 0xc9, 0x3a, 0xe6, 0x21, 0x85, 0x19, 0x85, 0x19, 0x85, 0x19,
  0x85, 0x19, 0x85, 0x19, 0x89, 0x3a, 0xea, 0x4a, 0xe6, 0x29, 0x85, 0x19, 0x85, 0x19, 0x85, 0x19,
  0x85, 0x19, 0x85, 0x19, 0x85, 0x19, 0x85, 0x19, 0x85, 0x19, 0x85, 0x19, 0x85, 0x19, 0x85, 0x19,
  0x85, 0x19, 0x85, 0x19, 0x85, 0x19, 0x85, 0x19, 0x85, 0x19, 0x85, 0x19, 0x85, 0x19, 0x85, 0x19,
  0x04, 0x11, 0x03, 0x11, 0x68, 0x3a, 0x44, 0x19, 0x03, 0x11, 0x03, 0x11, 0x03, 0x11, 0x03, 0x11,
  0x03, 0x11, 0x03, 0x11, 0x03, 0x11, 0xa6, 0x21, 0x4c, 0x53, 0x0f, 0x6c, 0x0e, 0x64, 0x6b, 0x4b,
  0x4b, 0x43, 0x4b, 0x43, 0x4b, 0x43, 0x4b, 0x43, 0x4b, 0x43, 0x4b, 0x43, 0x4b, 0x43, 0xad, 0x53,
  0x70, 0x74, 0xac, 0x53, 0x4b, 0x43, 0x4b, 0x43, 0x4b, 0x43, 0x4b, 0x43, 0x4b, 0x43, 0x4b, 0x43,
  0x4b, 0x43, 0x4b, 0x43, 0x11, 0x7d, 0x72, 0x7d, 0xf3, 0x7d, 0x34, 0x86, 0x34, 0x86, 0x34, 0x86,
  0x34, 0x86, 0x34, 0x86, 0x34, 0x86, 0x34, 0x86, 0x34, 0x86, 0x34, 0x86, 0x34, 0x86, 0x34, 0x86,
  0x34, 0x86, 0x34, 0x86, 0x34, 0x86, 0x34, 0x86, 0xf7, 0x9e, 0x38, 0xaf, 0x58, 0xaf, 0x58, 0xaf,
  0x38, 0xaf, 0x38, 0xaf, 0x38, 0xaf, 0x38, 0xaf, 0x38, 0xaf, 0x38, 0xaf, 0x38, 0xaf, 0x38, 0xaf,
  0x38, 0xaf, 0x38, 0xaf, 0x38, 0xaf, 0x38, 0xaf, 0x38, 0xaf, 0x38, 0xaf, 0x38, 0xaf, 0x38, 0xaf,
  0x59, 0xb7, 0x59, 0xb7, 0x38, 0xaf, 0x38, 0xaf, 0xed, 0x53, 0x68, 0x32, 0xa5, 0x21, 0x85, 0x19,
  0x85, 0x19, 0x85, 0x19, 0x07, 0x2a, 0x4c, 0x53, 0x27, 0x32, 0x85, 0x19, 0x85, 0x19, 0x85, 0x19,
  0x85, 0x19, 0x85, 0x19, 0x85, 0x19, 0x85, 0x19, 0x85, 0x19, 0x85, 0x19, 0x85, 0x19, 0x85, 0x19,
  0x85, 0x19, 0x85, 0x19, 0x85, 0x19, 0x85, 0x19, 0x85, 0x19, 0x85, 0x19, 0x85, 0x19, 0x85, 0x19,
  0x03, 0x11, 0x03, 0x11, 0x89, 0x3a, 0x44, 0x19, 0x03, 0x11, 0x03, 0x11, 0x03, 0x11, 0x03, 0x11,
  0x03, 0x11, 0x65, 0x19, 0x27, 0x32, 0xca, 0x4a, 0xaa, 0x4a, 0xc6, 0x29, 0x68, 0x32, 0xa9, 0x32,
  0x2a, 0x43, 0x4b, 0x43, 0x4b, 0x43, 0x4b, 0x43, 0x4b, 0x43, 0x4b, 0x43, 0x4b, 0x43, 0x0e, 0x64,
  0x4f, 0x6c, 0x6c, 0x4b, 0x4b, 0x43, 0x4b, 0x43, 0x4b, 0x43, 0x4b, 0x43, 0x4b, 0x43, 0x4b, 0x43,
  0x4b, 0x43, 0xd0, 0x64, 0x55, 0x96, 0x54, 0x8e, 0x34, 0x86, 0x34, 0x86, 0x34, 0x86, 0x34, 0x86,
  0x34, 0x86, 0x34, 0x86, 0x34, 0x86, 0x34, 0x86, 0x34, 0x86, 0x34, 0x86, 0x34, 0x86, 0x34, 0x86,
  0x34, 0x86, 0x13, 0x7e, 0x34, 0x86, 0x8f, 0x64, 0xed, 0x53, 0x0d, 0x54, 0x96, 0x96, 0x58, 0xaf,
  0x58, 0xaf, 0x58, 0xaf, 0x58, 0xaf, 0x58, 0xaf, 0x58, 0xaf, 0x38, 0xaf, 0x38, 0xaf, 0x38, 0xaf,
  0x38, 0xaf, 0x38, 0xaf, 0x38, 0xaf, 0x38, 0xaf, 0x38, 0xaf, 0x38, 0xaf, 0x38, 0xaf, 0x38, 0xaf,
  0x59, 0xaf, 0x59, 0xb7, 0x59, 0xaf, 0x38, 0xaf, 0x38, 0xaf, 0x38, 0xaf, 0x8b, 0x4b, 0x06, 0x22,
  0x85, 0x19, 0x85, 0x19, 0x85, 0x19, 0x6c, 0x5b, 0x68, 0x3a, 0x85, 0x19, 0x85, 0x19, 0x85, 0x19,
  0x85, 0x19, 0x85, 0x19, 0x85, 0x19, 0x85, 0x19, 0x85, 0x19, 0x85, 0x19, 0x85, 0x19, 0x85, 0x19,
  0x85, 0x19, 0x85, 0x19, 0x85, 0x19, 0x85, 0x19, 0x85, 0x19, 0x85, 0x19, 0x85, 0x19, 0x85, 0x19,
  0x03, 0x11, 0x03, 0x11, 0x89, 0x42, 0x24, 0x19, 0x03, 0x11, 0x03, 0x11, 0x03, 0x11, 0x03, 0x11,
  0xc6, 0x29, 0xaa, 0x4a, 0x0b, 0x53, 0x48, 0x3a, 0x44, 0x19, 0x03, 0x11, 0x03, 0x11, 0x03, 0x11,
  0x68, 0x32, 0xc9, 0x3a, 0x2a, 0x43, 0x4b, 0x43, 0x4b, 0x43, 0x4b, 0x43, 0x4b, 0x43, 0x4f, 0x6c,
  0x0e, 0x64, 0x6b, 0x43, 0x4b, 0x43, 0x4b, 0x43, 0x4b, 0x43, 0x4b, 0x43, 0x4b, 0x43, 0x4b, 0x43,
  0xf0, 0x64, 0x34, 0x8e, 0x96, 0x96, 0x54, 0x86, 0x34, 0x86, 0x34, 0x86, 0x34, 0x86, 0x34, 0x86,
  0x34, 0x86, 0x34, 0x86, 0x34, 0x86, 0x34, 0x86, 0x34, 0x86, 0x34, 0x86, 0x34, 0x86, 0x34, 0x86,
  0xf3, 0x7d, 0x4e, 0x5c, 0xed, 0x53, 0x6f, 0x6c, 0xd1, 0x84, 0x13, 0x95, 0x53, 0x95, 0xb4, 0x9d,
  0x56, 0xa6, 0x18, 0xaf, 0x58, 0xaf, 0x58, 0xaf, 0x58, 0xaf, 0x38, 0xaf, 0x38, 0xaf, 0x38, 0xaf,
  0x38, 0xaf, 0x38, 0xaf, 0x38, 0xaf, 0x38, 0xaf, 0x38, 0xaf, 0x38, 0xaf, 0x38, 0xaf, 0x38, 0xaf,
  0x38, 0xaf, 0x5a, 0xbf, 0x59, 0xaf, 0x38, 0xaf, 0x38, 0xaf, 0x38, 0xaf, 0x38, 0xaf, 0x38, 0xaf,
  0x0a, 0x43, 0xa5, 0x19, 0x85, 0x19, 0x0b, 0x53, 0xa9, 0x42, 0xa5, 0x21, 0x85, 0x19, 0x85, 0x19,
  0x85, 0x19, 0x85, 0x19, 0x85, 0x19, 0x85, 0x19, 0x85, 0x19, 0x85, 0x19, 0x85, 0x19, 0x85, 0x19,
  0x85, 0x19, 0x85, 0x19, 0x85, 0x19, 0x85, 0x19, 0x85, 0x19, 0x85, 0x19, 0x85, 0x19, 0x85, 0x19,
  0x03, 0x11, 0x03, 0x11, 0xa9, 0x42, 0x03, 0x11, 0x03, 0x11, 0x03, 0x11, 0x64, 0x19, 0x48, 0x3a,
  0xca, 0x4a, 0xaa, 0x4a, 0xc6, 0x29, 0x24, 0x11, 0x03, 0x11, 0x03, 0x11, 0x03, 0x11, 0x03, 0x11,
  0x03, 0x11, 0x03, 0x11, 0x88, 0x32, 0xea, 0x3a, 0x2b, 0x43, 0x4b, 0x43, 0x4b, 0x43, 0x90, 0x74,
  0xcd, 0x5b, 0x4b, 0x43, 0x4b, 0x43, 0x4b, 0x43, 0x4b, 0x43, 0x4b, 0x43, 0x4b, 0x43, 0x10, 0x6d,
  0x13, 0x7e, 0x75, 0x96, 0x75, 0x96, 0x34, 0x86, 0x34, 0x86, 0x34, 0x86, 0x34, 0x86, 0x34, 0x86,
  0x34, 0x86, 0x34, 0x86, 0x34, 0x86, 0x34, 0x86, 0x34, 0x86, 0x34, 0x86, 0x34, 0x86, 0xd3, 0x7d,
  0x4e, 0x5c, 0x2e, 0x64, 0xb1, 0x7c, 0x50, 0x7c, 0xea, 0x4a, 0x07, 0x32, 0x07, 0x2a, 0xca, 0x4a,
  0x50, 0x74, 0xb4, 0x9d, 0xd7, 0xa6, 0x38, 0xaf, 0x58, 0xaf, 0x58, 0xaf, 0x58, 0xaf, 0x38, 0xaf,
  0x38, 0xaf, 0x38, 0xaf, 0x38, 0xaf, 0x38, 0xaf, 0x38, 0xaf, 0x38, 0xaf, 0x38, 0xaf, 0x38, 0xaf,
  0x38, 0xaf, 0x59, 0xb7, 0x59, 0xb7, 0x38, 0xaf, 0x38, 0xaf, 0x38, 0xaf, 0x38, 0xaf, 0x38, 0xaf,
  0x38, 0xaf, 0x38, 0xaf, 0x88, 0x32, 0xa9, 0x42, 0xea, 0x4a, 0xc6, 0x21, 0x85, 0x19, 0x85, 0x19,
  0x85, 0x19, 0x85, 0x19, 0x85, 0x19, 0x85, 0x19, 0x85, 0x19, 0x85, 0x19, 0x85, 0x19, 0x85, 0x19,
  0x85, 0x19, 0x85, 0x19, 0x85, 0x19, 0x85, 0x19, 0x85, 0x19, 0x85, 0x19, 0x85, 0x19, 0x85, 0x19,
  0x03, 0x11, 0x03, 0x11, 0xa9, 0x42, 0x03, 0x11, 0x03, 0x11, 0xc6, 0x29, 0xeb, 0x52, 0xeb, 0x52,
  0x28, 0x32, 0x44, 0x19, 0x03, 0x11, 0x03, 0x11, 0x03, 0x11, 0x03, 0x11, 0x03, 0x11, 0x03, 0x11,
  0x03, 0x11, 0x03, 0x11, 0x03, 0x11, 0x03, 0x11, 0xc9, 0x3a, 0x2a, 0x3b, 0x4b, 0x43, 0xd1, 0x7c,
  0xac, 0x53, 0x4b, 0x43, 0x4b, 0x43, 0x2b, 0x43, 0x4b, 0x43, 0x51, 0x6d, 0x71, 0x75, 0x13, 0x7e,
  0x34, 0x86, 0x96, 0x9e, 0x55, 0x8e, 0x34, 0x86, 0x34, 0x86, 0x34, 0x86, 0x34, 0x86, 0x34, 0x86,
  0x34, 0x86, 0x34, 0x86, 0x34, 0x86, 0x34, 0x86, 0x34, 0x86, 0x34, 0x86, 0xb2, 0x75, 0x0d, 0x54,
  0xed, 0x53, 0xb1, 0x84, 0x8d, 0x63, 0x27, 0x32, 0x8c, 0x53, 0xb3, 0x8d, 0xd7, 0xa6, 0xd7, 0xa6,
  0xf4, 0x95, 0x12, 0x85, 0x53, 0x8d, 0xf8, 0xa6, 0x58, 0xaf, 0x58, 0xaf, 0x58, 0xaf, 0x38, 0xaf,
  0x38, 0xaf, 0x38, 0xaf, 0x38, 0xaf, 0x38, 0xaf, 0x38, 0xaf, 0x38, 0xaf, 0x38, 0xaf, 0x38, 0xaf,
  0x38, 0xaf, 0x59, 0xb7, 0x59, 0xb7, 0x38, 0xaf, 0x38, 0xaf, 0x38, 0xaf, 0x38, 0xaf, 0x38, 0xaf,
  0x38, 0xaf, 0x38, 0xaf, 0x38, 0xa7, 0x18, 0xaf, 0xee, 0x63, 0xc6, 0x21, 0x85, 0x19, 0x85, 0x19,
  0x85, 0x19, 0x85, 0x19, 0x85, 0x19, 0x85, 0x19, 0x85, 0x19, 0x85, 0x19, 0x85, 0x19, 0x85, 0x19,
  0x85, 0x19, 0x85, 0x19, 0x85, 0x19, 0x85, 0x19, 0x85, 0x19, 0x85, 0x19, 0x85, 0x19, 0x85, 0x19,
  0x03, 0x11, 0x03, 0x11, 0xaa, 0x42, 0x24, 0x19, 0x48, 0x3a, 0xeb, 0x52, 0xaa, 0x4a, 0xa6, 0x29,
  0x23, 0x11, 0x03, 0x11, 0x03, 0x11, 0x03, 0x11, 0x03, 0x11, 0x03, 0x11, 0x03, 0x11, 0x03, 0x11,
  0x03, 0x11, 0x03, 0x11, 0x03, 0x11, 0x03, 0x11, 0x03, 0x11, 0x03, 0x11, 0x0a, 0x3b, 0xf2, 0x84,
  0x6c, 0x4b, 0x4b, 0x43, 0x4b, 0x43, 0x4b, 0x43, 0x71, 0x75, 0x34, 0x7e, 0x34, 0x86, 0x34, 0x86,
  0x34, 0x86, 0x97, 0xa6, 0x54, 0x86, 0x34, 0x86, 0x34, 0x86, 0x34, 0x86, 0x34, 0x86, 0x34, 0x86,
  0x34, 0x86, 0x34, 0x86, 0x34, 0x86, 0x34, 0x86, 0x71, 0x75, 0x72, 0x75, 0xac, 0x4b, 0xcd, 0x53,
  0x90, 0x74, 0x2f, 0x74, 0x27, 0x32, 0xb0, 0x6c, 0x39, 0xaf, 0x79, 0xb7, 0x79, 0xb7, 0x79, 0xb7,
  0x59, 0xb7, 0x18, 0xaf, 0x36, 0xa6, 0x52, 0x85, 0xd0, 0x6c, 0x17, 0xa7, 0x58, 0xaf, 0x38, 0xaf,
  0x38, 0xaf, 0x38, 0xaf, 0x38, 0xaf, 0x38, 0xaf, 0x38, 0xaf, 0x38, 0xaf, 0x38, 0xaf, 0x38, 0xaf,
  0x38, 0xaf, 0x59, 0xaf, 0x5a, 0xbf, 0x38, 0xaf, 0x38, 0xaf, 0x38, 0xaf, 0x38, 0xaf, 0x38, 0xaf,
  0x38, 0xaf, 0x38, 0xaf, 0x38, 0xaf, 0x59, 0xaf, 0x19, 0xb7, 0x96, 0x9e, 0x27, 0x2a, 0x85, 0x19,
  0x85, 0x19, 0x85, 0x19, 0x85, 0x19, 0x85, 0x19, 0x85, 0x19, 0x85, 0x19, 0x85, 0x19, 0x85, 0x19,
  0x85, 0x19, 0x85, 0x19, 0x85, 0x19, 0x85, 0x19, 0x85, 0x19, 0x85, 0x19, 0x85, 0x19, 0x85, 0x19,
  0x03, 0x11, 0x03, 0x11, 0xca, 0x42, 0x0b, 0x53, 0xca, 0x4a, 0x07, 0x32, 0x44, 0x19, 0x03, 0x11,
  0x03, 0x11, 0x03, 0x11, 0x03, 0x11, 0x03, 0x11, 0x03, 0x11, 0x03, 0x11, 0x03, 0x11, 0x03, 0x11,
  0x03, 0x11, 0x03, 0x11, 0x03, 0x11, 0x03, 0x11, 0x03, 0x11, 0x03, 0x11, 0x03, 0x11, 0xee, 0x73,
  0x4b, 0x43, 0x4b, 0x43, 0x4b, 0x43, 0x92, 0x75, 0x34, 0x7e, 0x34, 0x86, 0x34, 0x86, 0x34, 0x86,
  0x34, 0x86, 0xb7, 0xa6, 0x34, 0x86, 0x34, 0x86, 0x34, 0x86, 0x34, 0x86, 0x34, 0x86, 0x34, 0x86,
  0x34, 0x86, 0x34, 0x86, 0x34, 0x86, 0x51, 0x6d, 0x6b, 0x43, 0x4b, 0x43, 0xac, 0x4b, 0xed, 0x53,
  0xf2, 0x84, 0xa9, 0x42, 0xcd, 0x5b, 0x39, 0xaf, 0x7a, 0xb7, 0x7a, 0xb7, 0x7a, 0xb7, 0x7a, 0xb7,
  0x7a, 0xb7, 0x7a, 0xb7, 0x59, 0xb7, 0xb4, 0x95, 0x0e, 0x5c, 0xd0, 0x6c, 0x11, 0x75, 0x18, 0xa7,
  0x38, 0xaf, 0x38, 0xaf, 0x38, 0xaf, 0x38, 0xaf, 0x38, 0xaf, 0x38, 0xaf, 0x38, 0xaf, 0x38, 0xa7,
  0x38, 0xaf, 0x38, 0xaf, 0x5a, 0xbf, 0x38, 0xaf, 0x38, 0xaf, 0x38, 0xaf, 0x38, 0xaf, 0x38, 0xa7,
  0x38, 0xaf, 0x38, 0xaf, 0x38, 0xaf, 0x38, 0xaf, 0x7a, 0xc7, 0x38, 0xaf, 0x75, 0x96, 0xe6, 0x21,
  0x85, 0x19, 0x85, 0x19, 0x85, 0x19, 0x85, 0x19, 0x85, 0x19, 0x85, 0x19, 0x85, 0x19, 0x85, 0x19,
  0x85, 0x19, 0x85, 0x19, 0x85, 0x19, 0x85, 0x19, 0x85, 0x19, 0x85, 0x19, 0x85, 0x19, 0x85, 0x19,
  0x03, 0x11, 0x03, 0x11, 0xca, 0x4a, 0x48, 0x42, 0xa5, 0x21, 0x03, 0x11, 0x03, 0x11, 0x03, 0x11,
  0x03, 0x11, 0x03, 0x11, 0x03, 0x11, 0x03, 0x11, 0x03, 0x11, 0x03, 0x11, 0x03, 0x11, 0x03, 0x11,
  0x03, 0x11, 0x03, 0x11, 0x03, 0x11, 0x03, 0x11, 0x03, 0x11, 0x03, 0x11, 0x03, 0x11, 0xef, 0x73,
  0x24, 0x11, 0x91, 0x75, 0xf3, 0x7d, 0x34, 0x86, 0x34, 0x86, 0x34, 0x86, 0x34, 0x86, 0x34, 0x86,
  0x34, 0x86, 0xb7, 0xa6, 0x34, 0x86, 0x34, 0x86, 0x34, 0x86, 0x34, 0x86, 0x34, 0x86, 0x34, 0x86,
  0x34, 0x86, 0x34, 0x86, 0x31, 0x6d, 0x4b, 0x43, 0x4b, 0x43, 0x4b, 0x43, 0xcd, 0x53, 0xed, 0x53,
  0x33, 0x95, 0xe6, 0x29, 0x14, 0x96, 0x79, 0xb7, 0x7a, 0xb7, 0x7a, 0xb7, 0x7a, 0xb7, 0x7a, 0xb7,
  0x7a, 0xb7, 0x7a, 0xb7, 0x7a, 0xb7, 0xb7, 0xae, 0x0d, 0x5c, 0xed, 0x53, 0xed, 0x53, 0x11, 0x75,
  0xf0, 0x6c, 0x38, 0xa7, 0x38, 0xaf, 0x38, 0xaf, 0x38, 0xaf, 0x38, 0xaf, 0x38, 0xaf, 0x38, 0xaf,
  0x38, 0xaf, 0x38, 0xaf, 0x7a, 0xbf, 0x38, 0xaf, 0x38, 0xaf, 0x38, 0xaf, 0x38, 0xaf, 0x38, 0xaf,
  0x38, 0xaf, 0x38, 0xaf, 0x38, 0xaf, 0x38, 0xaf, 0x7a, 0xc7, 0x38, 0xaf, 0x38, 0xaf, 0x35, 0x8e,
  0xf4, 0x8d, 0xc6, 0x21, 0x85, 0x19, 0x85, 0x19, 0x85, 0x19, 0x85, 0x19, 0x85, 0x19, 0x85, 0x19,
  0x85, 0x19, 0x85, 0x19, 0x85, 0x19, 0x85, 0x19, 0x85, 0x19, 0x85, 0x19, 0x85, 0x19, 0x85, 0x19,
  0x03, 0x11, 0x03, 0x19, 0xca, 0x4a, 0x03, 0x11, 0x03, 0x11, 0x03, 0x11, 0x03, 0x11, 0x03, 0x11,
  0x03, 0x11, 0x03, 0x11, 0x03, 0x11, 0x03, 0x11, 0x03, 0x11, 0x03, 0x11, 0x03, 0x11, 0x03, 0x11,
  0x03, 0x11, 0x03, 0x11, 0x03, 0x11, 0x03, 0x11, 0x03, 0x11, 0x03, 0x11, 0x03, 0x11, 0xef, 0x73,
  0x92, 0x75, 0xd2, 0x75, 0xd2, 0x7d, 0x34, 0x86, 0x34, 0x86, 0x34, 0x86, 0x34, 0x86, 0x34, 0x86,
  0x34, 0x86, 0xb7, 0xa6, 0x34, 0x86, 0x34, 0x86, 0x34, 0x86, 0x34, 0x86, 0x34, 0x86, 0x34, 0x86,
  0xf0, 0x64, 0x10, 0x6d, 0x4b, 0x43, 0x4b, 0x43, 0x4b, 0x43, 0x4b, 0x43, 0xed, 0x53, 0xed, 0x53,
  0x33, 0x95, 0xc6, 0x29, 0x59, 0xb7, 0x7a, 0xb7, 0x7a, 0xb7, 0x7a, 0xb7, 0x7a, 0xb7, 0x7a, 0xb7,
  0x7a, 0xb7, 0x7a, 0xb7, 0x7a, 0xb7, 0x59, 0xb7, 0xed, 0x53, 0xed, 0x53, 0xed, 0x53, 0xed, 0x53,
  0x4b, 0x43, 0x11, 0x6d, 0x31, 0x75, 0x38, 0xaf, 0x38, 0xaf, 0x38, 0xaf, 0x38, 0xaf, 0x38, 0xaf,
  0x38, 0xaf, 0x38, 0xaf, 0x7a, 0xc7, 0x38, 0xaf, 0x38, 0xaf, 0x38, 0xaf, 0x38, 0xaf, 0x38, 0xaf,
  0x38, 0xaf, 0x38, 0xaf, 0x38, 0xaf, 0x38, 0xaf, 0x7b, 0xcf, 0x38, 0xaf, 0x38, 0xaf, 0x38, 0xaf,
  0x38, 0xaf, 0xd3, 0x85, 0x92, 0x7d, 0xa5, 0x19, 0x85, 0x19, 0x85, 0x19, 0x85, 0x19, 0x85, 0x19,
  0x85, 0x19, 0x85, 0x19, 0x85, 0x19, 0x85, 0x19, 0x85, 0x19, 0x85, 0x19, 0x85, 0x19, 0xe6, 0x21,
  0x03, 0x11, 0x24, 0x19, 0xca, 0x42, 0xc2, 0x08, 0x03, 0x11, 0x03, 0x11, 0x03, 0x11, 0x03, 0x11,
  0x03, 0x11, 0x03, 0x11, 0x03, 0x11, 0x03, 0x11, 0x03, 0x11, 0x03, 0x11, 0x03, 0x11, 0x03, 0x11,
  0x03, 0x11, 0x03, 0x11, 0x03, 0x11, 0x03, 0x11, 0x03, 0x11, 0x03, 0x11, 0x65, 0x19, 0x77, 0xa6,
  0xf3, 0x7d, 0xd2, 0x75, 0xd2, 0x7d, 0xd3, 0x7d, 0xf3, 0x7d, 0x34, 0x86, 0x34, 0x86, 0x34, 0x86,
  0x34, 0x86, 0xb7, 0xa6, 0x34, 0x86, 0x34, 0x86, 0x34, 0x86, 0x34, 0x86, 0x34, 0x7e, 0xcf, 0x64,
  0x4b, 0x43, 0x4b, 0x43, 0x4b, 0x43, 0x4b, 0x43, 0x4b, 0x43, 0x4b, 0x43, 0xed, 0x53, 0xed, 0x53,
  0xd1, 0x84, 0x48, 0x32, 0x59, 0xaf, 0x7a, 0xb7, 0x7a, 0xb7, 0x7a, 0xb7, 0x7a, 0xb7, 0x7a, 0xb7,
  0x7a, 0xb7, 0x7a, 0xb7, 0x7a, 0xb7, 0x59, 0xb7, 0xed, 0x53, 0xed, 0x53, 0xed, 0x53, 0xed, 0x53,
  0x4b, 0x43, 0x4b, 0x43, 0x4b, 0x43, 0x52, 0x75, 0x72, 0x7d, 0x38, 0xaf, 0x38, 0xaf, 0x38, 0xaf,
  0x38, 0xaf, 0x38, 0xaf, 0x7a, 0xbf, 0x38, 0xaf, 0x38, 0xaf, 0x38, 0xaf, 0x38, 0xaf, 0x38, 0xaf,
  0x38, 0xaf, 0x38, 0xaf, 0x38, 0xaf, 0x38, 0xaf, 0x7b, 0xcf, 0x38, 0xaf, 0x38, 0xaf, 0x38, 0xaf,
  0x38, 0xaf, 0x38, 0xaf, 0x38, 0xa7, 0x52, 0x7d, 0x31, 0x75, 0x85, 0x19, 0x85, 0x19, 0x85, 0x19,
  0x85, 0x19, 0x85, 0x19, 0x85, 0x19, 0x85, 0x19, 0x85, 0x19, 0xa5, 0x21, 0x27, 0x32, 0x2b, 0x53,
  0x03, 0x11, 0x24, 0x19, 0xa9, 0x42, 0xc3, 0x08, 0x03, 0x11, 0x03, 0x11, 0x03, 0x11, 0x03, 0x11,
  0x03, 0x11, 0x03, 0x11, 0x03, 0x11, 0x03, 0x11, 0x03, 0x11, 0x03, 0x11, 0x03, 0x11, 0x03, 0x11,
  0x03, 0x11, 0x03, 0x11, 0x03, 0x11, 0x23, 0x11, 0x85, 0x19, 0xa5, 0x21, 0xd3, 0x7d, 0x76, 0x9e,
  0xf3, 0x85, 0xd2, 0x75, 0xd2, 0x75, 0xd2, 0x75, 0xd2, 0x75, 0xd3, 0x7d, 0xf3, 0x7d, 0x34, 0x86,
  0x34, 0x86, 0x96, 0x9e, 0x54, 0x8e, 0x34, 0x86, 0x34, 0x86, 0x13, 0x7e, 0xaf, 0x64, 0x4b, 0x43,
  0x4b, 0x43, 0x4b, 0x43, 0x4b, 0x43, 0x4b, 0x43, 0x4b, 0x43, 0x4b, 0x43, 0xcd, 0x53, 0xed, 0x53,
  0x70, 0x74, 0x33, 0x95, 0x15, 0x96, 0x7a, 0xb7, 0x7a, 0xb7, 0x7a, 0xb7, 0x7a, 0xb7, 0x7a, 0xb7,
  0x7a, 0xb7, 0x7a, 0xb7, 0x79, 0xb7, 0xb7, 0xa6, 0xed, 0x53, 0xed, 0x53, 0xed, 0x53, 0xcd, 0x53,
  0x4b, 0x43, 0x4b, 0x43, 0x4b, 0x43, 0x4b, 0x43, 0x6b, 0x43, 0xb3, 0x7d, 0x38, 0xaf, 0x38, 0xaf,
  0x38, 0xaf, 0x38, 0xaf, 0x5a, 0xbf, 0x38, 0xaf, 0x38, 0xaf, 0x38, 0xaf, 0x38, 0xaf, 0x38, 0xaf,
  0x38, 0xaf, 0x38, 0xaf, 0x38, 0xaf, 0x38, 0xaf, 0x7a, 0xc7, 0x38, 0xaf, 0x38, 0xaf, 0x38, 0xaf,
  0x38, 0xaf, 0x38, 0xaf, 0x38, 0xaf, 0x38, 0xaf, 0x38, 0xa7, 0xf0, 0x74, 0xaf, 0x6c, 0x85, 0x19,
  0x85, 0x19, 0x85, 0x19, 0x85, 0x19, 0x85, 0x19, 0x07, 0x2a, 0xca, 0x42, 0x6c, 0x5b, 0xeb, 0x4a,
  0x03, 0x11, 0x24, 0x19, 0x89, 0x42, 0xc2, 0x08, 0x03, 0x11, 0x03, 0x11, 0x03, 0x11, 0x03, 0x11,
  0x03, 0x11, 0x03, 0x11, 0x03, 0x11, 0x03, 0x11, 0x03, 0x11, 0x03, 0x11, 0x03, 0x11, 0x03, 0x11,
  0x03, 0x11, 0x03, 0x11, 0x23, 0x11, 0x27, 0x2a, 0xd2, 0x7d, 0xd2, 0x7d, 0xd3, 0x7d, 0x55, 0x9e,
  0x14, 0x8e, 0xd2, 0x7d, 0xd2, 0x7d, 0xd2, 0x7d, 0xd2, 0x7d, 0xd2, 0x7d, 0xd2, 0x7d, 0xf3, 0x7d,
  0xf3, 0x7d, 0x76, 0x96, 0x75, 0x8e, 0x34, 0x86, 0x13, 0x7e, 0x8f, 0x5c, 0x4b, 0x43, 0x4b, 0x43,
  0x4b, 0x43, 0x4b, 0x43, 0x4b, 0x43, 0x4b, 0x43, 0x4b, 0x43, 0x4b, 0x43, 0xac, 0x4b, 0xed, 0x53,
  0x0d, 0x5c, 0xd1, 0x84, 0x32, 0x85, 0x79, 0xb7, 0x7a, 0xb7, 0x7a, 0xb7, 0x7a, 0xb7, 0x7a, 0xb7,
  0x7a, 0xb7, 0x7a, 0xb7, 0x59, 0xb7, 0x72, 0x7d, 0xed, 0x53, 0xed, 0x53, 0xed, 0x53, 0xac, 0x4b,
  0x4b, 0x43, 0x4b, 0x43, 0x4b, 0x43, 0x4b, 0x43, 0x4b, 0x43, 0x6b, 0x43, 0xb3, 0x85, 0xf4, 0x85,
  0x38, 0xaf, 0x59, 0xaf, 0x5a, 0xbf, 0x38, 0xaf, 0x38, 0xaf, 0x38, 0xaf, 0x38, 0xaf, 0x38, 0xaf,
  0x38, 0xaf, 0x38, 0xaf, 0x38, 0xaf, 0x59, 0xaf, 0x7a, 0xc7, 0x38, 0xaf, 0x38, 0xaf, 0x38, 0xaf,
  0x38, 0xaf, 0x38, 0xaf, 0x38, 0xaf, 0x38, 0xaf, 0x38, 0xaf, 0x38, 0xaf, 0x18, 0xa7, 0x8f, 0x64,
  0x2e, 0x5c, 0x85, 0x19, 0xa5, 0x21, 0x48, 0x32, 0x2b, 0x53, 0x8d, 0x63, 0x68, 0x3a, 0x65, 0x19,
  0x03, 0x11, 0x44, 0x21, 0x89, 0x3a, 0xc3, 0x08, 0x03, 0x11, 0x03, 0x11, 0x03, 0x11, 0x03, 0x11,
  0x03, 0x11, 0x03, 0x11, 0x03, 0x11, 0x03, 0x11, 0x03, 0x11, 0x03, 0x11, 0x03, 0x11, 0x03, 0x11,
  0x03, 0x11, 0x24, 0x11, 0x68, 0x2a, 0xd2, 0x75, 0xd2, 0x75, 0xd2, 0x75, 0xd3, 0x7d, 0x35, 0x96,
  0x35, 0x8e, 0xd2, 0x75, 0xd2, 0x75, 0xd2, 0x75, 0xd2, 0x75, 0xd2, 0x75, 0xd2, 0x75, 0xd2, 0x75,
  0xd3, 0x7d, 0x34, 0x8e, 0x14, 0x8e, 0x6e, 0x5c, 0x6e, 0x5c, 0x4b, 0x43, 0x4b, 0x43, 0x4b, 0x43,
  0x4b, 0x43, 0x4b, 0x43, 0x4b, 0x43, 0x4b, 0x43, 0x4b, 0x43, 0x4b, 0x43, 0x8b, 0x4b, 0xed, 0x53,
  0xed, 0x53, 0x2e, 0x64, 0x12, 0x8d, 0x97, 0xa6, 0x7a, 0xb7, 0x7a, 0xb7, 0x7a, 0xb7, 0x7a, 0xb7,
  0x7a, 0xb7, 0x59, 0xb7, 0xf4, 0x8d, 0x2e, 0x5c, 0xed, 0x53, 0xed, 0x53, 0xcd, 0x53, 0x8c, 0x4b,
  0x4b, 0x43, 0x4b, 0x43, 0x4b, 0x43, 0x4b, 0x43, 0x4b, 0x43, 0x4b, 0x43, 0x4b, 0x43, 0x8c, 0x4b,
  0x14, 0x8e, 0x96, 0x9e, 0x59, 0xb7, 0x38, 0xaf, 0x38, 0xaf, 0x59, 0xaf, 0x5a, 0xbf, 0x7b, 0xc7,
  0x38, 0xaf, 0x38, 0xaf, 0x38, 0xaf, 0x59, 0xb7, 0x5a, 0xbf, 0x38, 0xaf, 0x38, 0xaf, 0x38, 0xaf,
  0x38, 0xaf, 0x38, 0xaf, 0x38, 0xaf, 0x38, 0xaf, 0x38, 0xaf, 0x38, 0xaf, 0x38, 0xaf, 0x38, 0xaf,
  0xf7, 0xa6, 0x2e, 0x64, 0x0e, 0x64, 0x4c, 0x53, 0xea, 0x4a, 0xe6, 0x21, 0x85, 0x19, 0x85, 0x19,
  0x03, 0x11, 0x07, 0x32, 0xf1, 0x7c, 0xe3, 0x08, 0x03, 0x11, 0x03, 0x11, 0x03, 0x11, 0x03, 0x11,
  0x03, 0x11, 0x03, 0x11, 0x03, 0x11, 0x03, 0x11, 0x03, 0x11, 0x03, 0x11, 0x03, 0x11, 0x44, 0x11,
  0x27, 0x2a, 0xa8, 0x32, 0xd2, 0x7d, 0xd2, 0x75, 0xd2, 0x7d, 0xd2, 0x75, 0xd3, 0x7d, 0x34, 0x8e,
  0x55, 0x96, 0xd2, 0x75, 0xd2, 0x7d, 0xd2, 0x75, 0xd2, 0x7d, 0xd2, 0x75, 0xd2, 0x7d, 0xd2, 0x75,
  0xd2, 0x7d, 0x92, 0x7d, 0xee, 0x63, 0x07, 0x2a, 0x47, 0x2a, 0x4b, 0x43, 0x4b, 0x43, 0x4b, 0x43,
  0x4b, 0x43, 0x4b, 0x43, 0x4b, 0x43, 0x2b, 0x43, 0x4b, 0x43, 0x4b, 0x43, 0x4b, 0x43, 0xac, 0x4b,
  0xed, 0x53, 0xed, 0x53, 0x0d, 0x5c, 0xb0, 0x74, 0x15, 0x9e, 0x18, 0xaf, 0x79, 0xb7, 0x59, 0xb7,
  0xb7, 0xa6, 0x52, 0x7d, 0x4e, 0x5c, 0xed, 0x53, 0xed, 0x53, 0xed, 0x53, 0xac, 0x4b, 0x4b, 0x43,
  0x4b, 0x43, 0x4b, 0x43, 0x4b, 0x43, 0x4b, 0x43, 0x4b, 0x43, 0x4b, 0x43, 0x4b, 0x43, 0x4b, 0x43,
  0x6b, 0x4b, 0x90, 0x6c, 0x97, 0xa6, 0xf7, 0xa6, 0x5a, 0xbf, 0x7b, 0xcf, 0x7b, 0xcf, 0x59, 0xbf,
  0x38, 0xaf, 0x38, 0xaf, 0x38, 0xaf, 0x59, 0xb7, 0x5a, 0xbf, 0x38, 0xaf, 0x38, 0xaf, 0x38, 0xaf,
  0x38, 0xaf, 0x38, 0xaf, 0x38, 0xaf, 0x38, 0xaf, 0x38, 0xaf, 0x38, 0xaf, 0x38, 0xaf, 0x38, 0xaf,
  0x59, 0xb7, 0x5a, 0xbf, 0xf9, 0xb6, 0x90, 0x6c, 0x4b, 0x43, 0x85, 0x19, 0x85, 0x19, 0x65, 0x19,
  0x03, 0x11, 0x69, 0x3a, 0xd4, 0x95, 0xe3, 0x08, 0x03, 0x11, 0x03, 0x11, 0x03, 0x11, 0x03, 0x11,
  0x03, 0x11, 0x03, 0x11, 0x03, 0x11, 0x03, 0x11, 0x03, 0x11, 0x03, 0x11, 0x64, 0x19, 0x0a, 0x3b,
  0xd2, 0x75, 0xd2, 0x75, 0xd2, 0x75, 0xd2, 0x75, 0xd2, 0x75, 0xd2, 0x75, 0xd2, 0x7d, 0x14, 0x86,
  0x76, 0x9e, 0xd2, 0x75, 0xd2, 0x75, 0xd2, 0x75, 0xd2, 0x75, 0xd2, 0x75, 0xd2, 0x75, 0xd2, 0x75,
  0x10, 0x6d, 0xa9, 0x3a, 0x89, 0x42, 0xa5, 0x21, 0x44, 0x11, 0x27, 0x2a, 0x68, 0x32, 0x4b, 0x43,
  0x4b, 0x43, 0x4b, 0x43, 0x4b, 0x43, 0x4b, 0x43, 0x4b, 0x43, 0x4b, 0x43, 0x4b, 0x43, 0x6b, 0x4b,
  0xed, 0x53, 0xed, 0x53, 0xed, 0x53, 0xed, 0x53, 0xed, 0x53, 0x0d, 0x54, 0x2e, 0x5c, 0x4e, 0x5c,
  0x4e, 0x5c, 0x0e, 0x5c, 0xed, 0x53, 0xed, 0x53, 0xed, 0x53, 0xcd, 0x53, 0x6b, 0x4b, 0x4b, 0x43,
  0x4b, 0x43, 0x4b, 0x43, 0x4b, 0x43, 0x4b, 0x43, 0x4b, 0x43, 0x4b, 0x43, 0x4b, 0x43, 0x4b, 0x43,
  0xad, 0x53, 0xd1, 0x7c, 0xb1, 0x7c, 0x74, 0x95, 0xb8, 0xbe, 0xf8, 0xae, 0x38, 0xaf, 0x38, 0xa7,
  0x38, 0xaf, 0x38, 0xaf, 0x58, 0xaf, 0x59, 0xbf, 0x59, 0xb7, 0x38, 0xaf, 0x38, 0xaf, 0x38, 0xa7,
  0x38, 0xaf, 0x38, 0xaf, 0x38, 0xaf, 0x38, 0xa7, 0x38, 0xaf, 0x38, 0xaf, 0x59, 0xaf, 0x59, 0xb7,
  0x5a, 0xbf, 0x59, 0xb7, 0x59, 0xaf, 0x38, 0xaf, 0x96, 0x9e, 0x6b, 0x4b, 0xe9, 0x3a, 0x64, 0x19,
  0xe3, 0x10, 0xa9, 0x42, 0x93, 0x8d, 0xe3, 0x08, 0x03, 0x11, 0x03, 0x11, 0x03, 0x11, 0x03, 0x11,
  0x03, 0x11, 0x03, 0x11, 0x03, 0x11, 0x03, 0x11, 0x03, 0x11, 0x64, 0x19, 0x4a, 0x43, 0xd2, 0x75,
  0xd2, 0x7d, 0xd2, 0x7d, 0xd2, 0x7d, 0xd2, 0x75, 0xd2, 0x7d, 0xd2, 0x7d, 0xd2, 0x7d, 0xf3, 0x85,
  0x56, 0x9e, 0xf3, 0x85, 0xd2, 0x7d, 0xd2, 0x75, 0xd2, 0x7d, 0xd2, 0x7d, 0xef, 0x64, 0x68, 0x2a,
  0x27, 0x2a, 0x44, 0x19, 0x07, 0x32, 0x48, 0x3a, 0x03, 0x11, 0x03, 0x11, 0x44, 0x19, 0x47, 0x2a,
  0x88, 0x32, 0x4b, 0x43, 0x4b, 0x43, 0x4b, 0x43, 0x4b, 0x43, 0x4b, 0x43, 0x4b, 0x43, 0x4b, 0x43,
  0x8c, 0x4b, 0xed, 0x53, 0xed, 0x53, 0xed, 0x53, 0xed, 0x53, 0xed, 0x53, 0xed, 0x53, 0xed, 0x53,
  0xed, 0x53, 0xed, 0x53, 0xed, 0x53, 0xed, 0x53, 0xcd, 0x53, 0x8c, 0x4b, 0x4b, 0x43, 0x4b, 0x43,
  0x4b, 0x43, 0x4b, 0x43, 0x4b, 0x43, 0x4b, 0x43, 0x4b, 0x43, 0x4b, 0x43, 0x6b, 0x4b, 0x0e, 0x64,
  0xf2, 0x84, 0xd5, 0xa5, 0x54, 0x95, 0x2f, 0x6c, 0x4b, 0x43, 0x0d, 0x54, 0xd7, 0x9e, 0xf7, 0xa6,
  0x38, 0xaf, 0x38, 0xaf, 0x59, 0xaf, 0x5a, 0xbf, 0x59, 0xb7, 0x38, 0xaf, 0x38, 0xaf, 0x38, 0xaf,
  0x38, 0xaf, 0x38, 0xaf, 0x38, 0xaf, 0x38, 0xaf, 0x38, 0xaf, 0x59, 0xb7, 0x5a, 0xbf, 0x59, 0xbf,
  0x59, 0xb7, 0x38, 0xaf, 0x38, 0xaf, 0x38, 0xa7, 0x38, 0xaf, 0x38, 0xaf, 0x75, 0x96, 0x88, 0x32,
  0x03, 0x11, 0xea, 0x42, 0x53, 0x85, 0xe3, 0x08, 0x03, 0x11, 0x03, 0x11, 0x03, 0x11, 0x03, 0x11,
  0x03, 0x11, 0x03, 0x11, 0x03, 0x11, 0x03, 0x11, 0x85, 0x19, 0x8b, 0x43, 0xd2, 0x75, 0xd2, 0x75,
  0xd2, 0x75, 0xd2, 0x75, 0xd2, 0x75, 0xd2, 0x75, 0xd2, 0x75, 0xd2, 0x75, 0xd2, 0x75, 0xf3, 0x7d,
  0x35, 0x96, 0x14, 0x8e, 0xd2, 0x75, 0xd2, 0x75, 0xd2, 0x75, 0xaf, 0x64, 0xe6, 0x21, 0x03, 0x11,
  0x03, 0x11, 0x23, 0x11, 0xa6, 0x21, 0x69, 0x42, 0x65, 0x19, 0x03, 0x11, 0x03, 0x11, 0x03, 0x11,
  0x64, 0x19, 0xa9, 0x32, 0x4b, 0x43, 0x4b, 0x43, 0x4b, 0x43, 0x4b, 0x43, 0x4b, 0x43, 0x4b, 0x43,
  0x4b, 0x43, 0x6b, 0x4b, 0xcc, 0x53, 0xed, 0x53, 0xed, 0x53, 0xed, 0x53, 0xed, 0x53, 0xed, 0x53,
  0xed, 0x53, 0xed, 0x53, 0xed, 0x53, 0xac, 0x4b, 0x6b, 0x4b, 0x4b, 0x43, 0x4b, 0x43, 0x4b, 0x43,
  0x4b, 0x43, 0x4b, 0x43, 0x4b, 0x43, 0x4b, 0x43, 0x6b, 0x4b, 0x0e, 0x64, 0x90, 0x74, 0x53, 0x95,
  0xd5, 0xa5, 0x90, 0x74, 0x6b, 0x4b, 0x4b, 0x43, 0x4b, 0x43, 0x4b, 0x43, 0x4b, 0x43, 0x2e, 0x5c,
  0x18, 0xa7, 0x38, 0xaf, 0x59, 0xb7, 0x5a, 0xbf, 0x58, 0xaf, 0x38, 0xaf, 0x38, 0xaf, 0x38, 0xaf,
  0x38, 0xaf, 0x38, 0xaf, 0x38, 0xaf, 0x59, 0xaf, 0x59, 0xbf, 0x5a, 0xbf, 0x59, 0xb7, 0x59, 0xaf,
  0x38, 0xaf, 0x38, 0xaf, 0x38, 0xaf, 0x38, 0xaf, 0x38, 0xaf, 0x38, 0xaf, 0x38, 0xaf, 0xf4, 0x8d,
  0x03, 0x11, 0x2b, 0x4b, 0x32, 0x7d, 0xe3, 0x08, 0x03, 0x11, 0x03, 0x11, 0x03, 0x11, 0x03, 0x11,
  0x03, 0x11, 0x03, 0x11, 0xa5, 0x21, 0xe9, 0x3a, 0xcc, 0x4b, 0xd2, 0x75, 0xd2, 0x75, 0xd2, 0x75,
  0xd2, 0x75, 0xd2, 0x75, 0xd2, 0x7d, 0xd2, 0x75, 0xd2, 0x7d, 0xd2, 0x75, 0xd2, 0x7d, 0xd3, 0x7d,
  0x34, 0x8e, 0x55, 0x96, 0xd2, 0x7d, 0xd2, 0x75, 0x8e, 0x5c, 0xc5, 0x21, 0x03, 0x11, 0x03, 0x11,
  0x03, 0x11, 0x03, 0x11, 0x44, 0x19, 0x28, 0x3a, 0x27, 0x32, 0x03, 0x11, 0x03, 0x11, 0x03, 0x11,
  0x03, 0x11, 0x85, 0x19, 0x88, 0x32, 0xc9, 0x32, 0x4b, 0x43, 0x4b, 0x43, 0x4b, 0x43, 0x4b, 0x43,
  0x4b, 0x43, 0x4b, 0x43, 0x4b, 0x43, 0x8c, 0x4b, 0xac, 0x4b, 0xcd, 0x53, 0xed, 0x53, 0xed, 0x53,
  0xcd, 0x53, 0xac, 0x4b, 0x8b, 0x4b, 0x4b, 0x43, 0x4b, 0x43, 0x4b, 0x43, 0x4b, 0x43, 0x4b, 0x43,
  0x4b, 0x43, 0x4b, 0x43, 0x6c, 0x4b, 0x0e, 0x64, 0xb1, 0x7c, 0x12, 0x8d, 0x33, 0x8d, 0xb1, 0x7c,
  0x4f, 0x6c, 0x6b, 0x4b, 0x4b, 0x43, 0x4b, 0x43, 0x4b, 0x43, 0x4b, 0x43, 0x4b, 0x43, 0x4b, 0x43,
  0x4b, 0x43, 0x6f, 0x64, 0x59, 0xb7, 0x5a, 0xbf, 0x38, 0xaf, 0x38, 0xaf, 0x38, 0xaf, 0x38, 0xaf,
  0x38, 0xaf, 0x58, 0xaf, 0x59, 0xb7, 0x5a, 0xbf, 0x59, 0xbf, 0x59, 0xaf, 0x38, 0xaf, 0x38, 0xaf,
  0x38, 0xaf, 0x38, 0xaf, 0x38, 0xaf, 0x38, 0xaf, 0x38, 0xaf, 0x38, 0xaf, 0x38, 0xaf, 0x96, 0x9e,
  0x03, 0x11, 0x4c, 0x53, 0xf1, 0x7c, 0xe3, 0x08, 0x03, 0x11, 0x03, 0x11, 0x03, 0x11, 0x03, 0x11,
  0x03, 0x11, 0xc6, 0x21, 0x0d, 0x54, 0xd2, 0x75, 0xd2, 0x75, 0xd2, 0x75, 0xd2, 0x75, 0xd2, 0x75,
  0xd2, 0x75, 0xd2, 0x75, 0xd2, 0x75, 0xd2, 0x75, 0xd2, 0x75, 0xd2, 0x75, 0xd2, 0x75, 0xd2, 0x75,
  0x14, 0x86, 0x55, 0x9e, 0xf3, 0x85, 0x6e, 0x5c, 0xa5, 0x19, 0x03, 0x11, 0x03, 0x11, 0x03, 0x11,
  0x03, 0x11, 0x03, 0x11, 0x23, 0x11, 0xc6, 0x29, 0x68, 0x3a, 0x85, 0x21, 0x03, 0x11, 0x03, 0x11,
  0x03, 0x11, 0x03, 0x11, 0x03, 0x11, 0x85, 0x19, 0xa9, 0x32, 0xea, 0x3a, 0x4b, 0x43, 0x4b, 0x43,
  0x4b, 0x43, 0x4b, 0x43, 0x4b, 0x43, 0x4b, 0x43, 0x4b, 0x43, 0x4b, 0x43, 0x4b, 0x43, 0x4b, 0x43,
  0x4b, 0x43, 0x4b, 0x43, 0x4b, 0x43, 0x4b, 0x43, 0x4b, 0x43, 0x4b, 0x43, 0x4b, 0x43, 0x4b, 0x43,
  0x6c, 0x4b, 0x2e, 0x64, 0xd1, 0x7c, 0x12, 0x85, 0xf2, 0x84, 0x2f, 0x64, 0xcd, 0x5b, 0x2e, 0x64,
  0xcd, 0x5b, 0x4b, 0x43, 0x4b, 0x43, 0x4b, 0x43, 0x4b, 0x43, 0x4b, 0x43, 0x4b, 0x43, 0x4b, 0x43,
  0x4b, 0x43, 0x8c, 0x53, 0x6f, 0x6c, 0x52, 0x85, 0x38, 0xaf, 0x38, 0xaf, 0x38, 0xaf, 0x38, 0xaf,
  0x59, 0xaf, 0x5a, 0xbf, 0x5a, 0xbf, 0x59, 0xb7, 0x58, 0xaf, 0x38, 0xaf, 0x38, 0xaf, 0x38, 0xaf,
  0x38, 0xaf, 0x38, 0xaf, 0x38, 0xaf, 0x38, 0xaf, 0x38, 0xaf, 0x38, 0xaf, 0x38, 0xaf, 0x96, 0x96,
  0xe3, 0x10, 0x8c, 0x53, 0xb0, 0x74, 0xe3, 0x08, 0x03, 0x11, 0x03, 0x11, 0x03, 0x11, 0x03, 0x11,
  0x06, 0x22, 0x4d, 0x54, 0xd2, 0x7d, 0xd2, 0x7d, 0xd2, 0x7d, 0xd2, 0x7d, 0xd2, 0x7d, 0xd2, 0x7d,
  0xd2, 0x7d, 0xd2, 0x7d, 0xd2, 0x7d, 0xd2, 0x7d, 0xd2, 0x7d, 0xd2, 0x7d, 0xd2, 0x7d, 0xd2, 0x7d,
  0xf3, 0x85, 0x11, 0x7d, 0xca, 0x42, 0x85, 0x19, 0x03, 0x11, 0x03, 0x11, 0x03, 0x11, 0x03, 0x11,
  0x03, 0x11, 0x03, 0x11, 0x03, 0x11, 0x44, 0x19, 0x07, 0x32, 0x28, 0x3a, 0x44, 0x19, 0x03, 0x11,
  0x03, 0x11, 0x03, 0x11, 0x03, 0x11, 0x03, 0x11, 0x03, 0x11, 0xa5, 0x21, 0xc9, 0x3a, 0x0a, 0x3b,
  0x4b, 0x43, 0x4b, 0x43, 0x4b, 0x43, 0x4b, 0x43, 0x4b, 0x43, 0x4b, 0x43, 0x4b, 0x43, 0x4b, 0x43,
  0x4b, 0x43, 0x4b, 0x43, 0x4b, 0x43, 0x4b, 0x43, 0x4b, 0x43, 0x4b, 0x43, 0x6c, 0x4b, 0x2f, 0x64,
  0xd1, 0x84, 0x12, 0x8d, 0xd1, 0x7c, 0x2f, 0x64, 0x8c, 0x4b, 0x6b, 0x4b, 0xee, 0x5b, 0x0e, 0x64,
  0x6b, 0x4b, 0x4b, 0x43, 0x4b, 0x43, 0x4b, 0x43, 0x4b, 0x43, 0x4b, 0x43, 0x4b, 0x43, 0x4b, 0x43,
  0x4b, 0x43, 0xed, 0x5b, 0x70, 0x74, 0x8c, 0x4b, 0xf0, 0x6c, 0x38, 0xaf, 0x58, 0xaf, 0x59, 0xb7,
  0x5a, 0xbf, 0x59, 0xb7, 0x59, 0xaf, 0x38, 0xaf, 0x38, 0xaf, 0x38, 0xaf, 0x38, 0xaf, 0x38, 0xaf,
  0x38, 0xaf, 0x38, 0xaf, 0x38, 0xaf, 0x38, 0xaf, 0x38, 0xaf, 0x38, 0xaf, 0x38, 0xaf, 0x75, 0x96,
  0x03, 0x11, 0xcd, 0x5b, 0x6f, 0x6c, 0xe3, 0x10, 0x03, 0x11, 0x03, 0x11, 0x03, 0x11, 0x27, 0x2a,
  0x6e, 0x5c, 0xd2, 0x75, 0xd2, 0x75, 0xd2, 0x75, 0xd2, 0x75, 0xd2, 0x75, 0xd2, 0x75, 0xd2, 0x75,
  0xd2, 0x75, 0xd2, 0x75, 0xd2, 0x75, 0xd2, 0x75, 0xd2, 0x75, 0xd2, 0x75, 0xd2, 0x75, 0xd2, 0x75,
  0xec, 0x4b, 0x68, 0x3a, 0xca, 0x4a, 0x65, 0x19, 0x03, 0x11, 0x03, 0x11, 0x03, 0x11, 0x03, 0x11,
  0x03, 0x11, 0x03, 0x11, 0x03, 0x11, 0x03, 0x11, 0x85, 0x21, 0x48, 0x3a, 0x07, 0x32, 0x44, 0x19,
  0x03, 0x11, 0x03, 0x11, 0x03, 0x11, 0x03, 0x11, 0x03, 0x11, 0x03, 0x11, 0x03, 0x11, 0xc6, 0x21,
  0xea, 0x3a, 0x2a, 0x3b, 0x4b, 0x43, 0x4b, 0x43, 0x4b, 0x43, 0x4b, 0x43, 0x4b, 0x43, 0x4b, 0x43,
  0x4b, 0x43, 0x4b, 0x43, 0x4b, 0x43, 0x4b, 0x43, 0x6c, 0x4b, 0x2f, 0x64, 0xf2, 0x84, 0x13, 0x8d,
  0xb1, 0x7c, 0x0e, 0x64, 0x8c, 0x4b, 0x4b, 0x43, 0x6b, 0x43, 0xcd, 0x5b, 0x0e, 0x64, 0x8c, 0x4b,
  0x4b, 0x43, 0x4b, 0x43, 0x4b, 0x43, 0x4b, 0x43, 0x4b, 0x43, 0x4b, 0x43, 0x4b, 0x43, 0x4b, 0x43,
  0x8c, 0x4b, 0x2f, 0x6c, 0x2f, 0x64, 0x4b, 0x43, 0x6b, 0x43, 0x2e, 0x5c, 0xf5, 0x95, 0x5a, 0xbf,
  0x59, 0xb7, 0x58, 0xaf, 0x38, 0xaf, 0x38, 0xaf, 0x38, 0xaf, 0x38, 0xaf, 0x38, 0xaf, 0x38, 0xaf,
  0x38, 0xaf, 0x38, 0xaf, 0x38, 0xaf, 0x38, 0xaf, 0x38, 0xaf, 0x38, 0xaf, 0x38, 0xaf, 0x55, 0x96,
  0xe3, 0x10, 0x0e, 0x64, 0x4f, 0x6c, 0xe3, 0x10, 0x03, 0x11, 0x67, 0x2a, 0xac, 0x4b, 0x8f, 0x5c,
  0xd2, 0x75, 0xd2, 0x75, 0xd2, 0x75, 0xd2, 0x75, 0xd2, 0x75, 0xd2, 0x75, 0xd2, 0x75, 0xd2, 0x75,
  0xd2, 0x75, 0xd2, 0x75, 0xd2, 0x75, 0xd2, 0x75, 0xd2, 0x75, 0xd2, 0x75, 0xd2, 0x75, 0xac, 0x4b,
  0x24, 0x11, 0xa6, 0x21, 0xaa, 0x4a, 0x07, 0x32, 0x03, 0x11, 0x03, 0x11, 0x03, 0x11, 0x03, 0x11,
  0x03, 0x11, 0x03, 0x11, 0x03, 0x11, 0x03, 0x11, 0x24, 0x11, 0xc6, 0x29, 0x69, 0x42, 0xe7, 0x29,
  0x24, 0x11, 0x03, 0x11, 0x03, 0x11, 0x03, 0x11, 0x03, 0x11, 0x03, 0x11, 0x03, 0x11, 0x03, 0x11,
  0x03, 0x11, 0xe6, 0x21, 0x0a, 0x3b, 0x2a, 0x43, 0x4b, 0x43, 0x4b, 0x43, 0x4b, 0x43, 0x2b, 0x43,
  0x4b, 0x43, 0x4b, 0x43, 0x6b, 0x4b, 0x2f, 0x64, 0x12, 0x8d, 0x33, 0x8d, 0x90, 0x74, 0x0e, 0x64,
  0x8c, 0x4b, 0x4b, 0x43, 0x4b, 0x43, 0x4b, 0x43, 0xcd, 0x53, 0x2f, 0x64, 0xad, 0x53, 0x4b, 0x43,
  0x4b, 0x43, 0x4b, 0x43, 0x4b, 0x43, 0x4b, 0x43, 0x4b, 0x43, 0x4b, 0x43, 0x4b, 0x43, 0x4b, 0x43,
  0xed, 0x5b, 0x70, 0x6c, 0xad, 0x53, 0x6c, 0x4b, 0x2f, 0x64, 0xb1, 0x7c, 0x4f, 0x6c, 0x2e, 0x5c,
  0x72, 0x7d, 0x38, 0xaf, 0x38, 0xaf, 0x38, 0xaf, 0x38, 0xaf, 0x38, 0xaf, 0x38, 0xaf, 0x38, 0xaf,
  0x38, 0xaf, 0x38, 0xaf, 0x38, 0xaf, 0x38, 0xaf, 0x38, 0xaf, 0x38, 0xaf, 0x38, 0xaf, 0x55, 0x96,
  0x03, 0x11, 0x2e, 0x64, 0x0e, 0x64, 0xe3, 0x10, 0x88, 0x32, 0xcf, 0x64, 0xd2, 0x75, 0xd2, 0x75,
  0xd2, 0x75, 0xd2, 0x75, 0xd2, 0x75, 0xd2, 0x75, 0xd2, 0x75, 0xd2, 0x75, 0xd2, 0x75, 0xd2, 0x75,
  0xd2, 0x75, 0xd2, 0x75, 0xd2, 0x75, 0xd2, 0x75, 0x92, 0x75, 0x92, 0x75, 0x6b, 0x43, 0x03, 0x11,
  0x03, 0x11, 0x23, 0x11, 0x48, 0x3a, 0xaa, 0x4a, 0x65, 0x21, 0x03, 0x11, 0x03, 0x11, 0x03, 0x11,
  0x03, 0x11, 0x03, 0x11, 0x03, 0x11, 0x03, 0x11, 0x03, 0x11, 0x24, 0x11, 0xe7, 0x31, 0x89, 0x42,
  0xe7, 0x29, 0x44, 0x19, 0x03, 0x11, 0x03, 0x11, 0x03, 0x11, 0x03, 0x11, 0x03, 0x11, 0x03, 0x11,
  0x03, 0x11, 0x03, 0x11, 0x03, 0x11, 0x07, 0x2a, 0x4b, 0x43, 0x4b, 0x43, 0x4b, 0x43, 0x4b, 0x43,
  0x6b, 0x4b, 0x2f, 0x64, 0x33, 0x8d, 0x53, 0x95, 0x90, 0x74, 0xee, 0x5b, 0x8c, 0x4b, 0x4b, 0x43,
  0x4b, 0x43, 0x4b, 0x43, 0x4b, 0x43, 0xcd, 0x5b, 0x2f, 0x6c, 0xcd, 0x5b, 0x4b, 0x43, 0x4b, 0x43,
  0x4b, 0x43, 0x4b, 0x43, 0x4b, 0x43, 0x4b, 0x43, 0x4b, 0x43, 0x4b, 0x43, 0x4b, 0x43, 0x6c, 0x4b,
  0x4f, 0x6c, 0x2f, 0x64, 0xad, 0x53, 0xb1, 0x7c, 0xb1, 0x7c, 0xcd, 0x5b, 0x6b, 0x43, 0x4b, 0x43,
  0xac, 0x4b, 0x4e, 0x5c, 0xb3, 0x85, 0x38, 0xaf, 0x38, 0xaf, 0x38, 0xaf, 0x38, 0xaf, 0x38, 0xaf,
  0x38, 0xaf, 0x38, 0xaf, 0x38, 0xaf, 0x38, 0xaf, 0x38, 0xaf, 0x38, 0xaf, 0x38, 0xaf, 0x35, 0x8e,
  0xe3, 0x10, 0x6f, 0x6c, 0xcd, 0x5b, 0xa8, 0x32, 0xf0, 0x64, 0xd2, 0x75, 0xd2, 0x75, 0xd2, 0x75,
  0xd2, 0x75, 0xd2, 0x7d, 0xd2, 0x75, 0xd2, 0x75, 0xd2, 0x7d, 0xd2, 0x7d, 0xd2, 0x75, 0xd2, 0x75,
  0xd2, 0x7d, 0xd2, 0x7d, 0xd2, 0x75, 0x71, 0x75, 0x0a, 0x3b, 0x03, 0x11, 0x03, 0x11, 0x03, 0x11,
  0x03, 0x11, 0x03, 0x11, 0x85, 0x21, 0xca, 0x4a, 0x28, 0x3a, 0x03, 0x11, 0x03, 0x11, 0x03, 0x11,
  0x03, 0x11, 0x03, 0x11, 0x03, 0x11, 0x03, 0x11, 0x03, 0x11, 0x03, 0x11, 0x24, 0x19, 0xe7, 0x31,
  0x69, 0x42, 0xe7, 0x29, 0x44, 0x19, 0x03, 0x11, 0x03, 0x11, 0x03, 0x11, 0x03, 0x11, 0x03, 0x11,
  0x03, 0x11, 0x03, 0x11, 0x03, 0x11, 0x03, 0x11, 0x03, 0x11, 0x27, 0x2a, 0x4b, 0x43, 0x0e, 0x64,
  0x54, 0x95, 0x74, 0x9d, 0x70, 0x74, 0xed, 0x5b, 0x6c, 0x4b, 0x4b, 0x43, 0x4b, 0x43, 0x4b, 0x43,
  0x4b, 0x43, 0x6b, 0x4b, 0xed, 0x5b, 0x2f, 0x6c, 0xed, 0x5b, 0x6b, 0x43, 0x4b, 0x43, 0x4b, 0x43,
  0x4b, 0x43, 0x4b, 0x43, 0x4b, 0x43, 0x4b, 0x43, 0x4b, 0x43, 0x4b, 0x43, 0x4b, 0x43, 0x0e, 0x5c,
  0x90, 0x74, 0x90, 0x74, 0xb1, 0x7c, 0x2f, 0x64, 0x8c, 0x4b, 0x4b, 0x43, 0x4b, 0x43, 0x4b, 0x43,
  0x4b, 0x43, 0x4b, 0x43, 0xcd, 0x53, 0x8f, 0x64, 0xf4, 0x85, 0x38, 0xaf, 0x38, 0xaf, 0x38, 0xaf,
  0x38, 0xaf, 0x38, 0xaf, 0x38, 0xaf, 0x38, 0xaf, 0x38, 0xaf, 0x38, 0xaf, 0x38, 0xaf, 0x14, 0x8e,
  0x03, 0x11, 0x90, 0x74, 0xd0, 0x74, 0x8e, 0x5c, 0xd2, 0x75, 0xd2, 0x75, 0xd2, 0x75, 0xd2, 0x75,
  0xd2, 0x75, 0xd2, 0x75, 0xd2, 0x75, 0xd2, 0x75, 0xd2, 0x75, 0xd2, 0x75, 0xd2, 0x75, 0xd2, 0x75,
  0xd2, 0x75, 0xd2, 0x75, 0x51, 0x6d, 0xe9, 0x3a, 0x03, 0x11, 0x03, 0x11, 0x03, 0x11, 0x03, 0x11,
  0x03, 0x11, 0x03, 0x11, 0x03, 0x11, 0x28, 0x32, 0xaa, 0x4a, 0xa6, 0x29, 0x03, 0x11, 0x03, 0x11,
  0x03, 0x11, 0x03, 0x11, 0x03, 0x11, 0x03, 0x11, 0x03, 0x11, 0x03, 0x11, 0x03, 0x11, 0x24, 0x11,
  0xc6, 0x29, 0x48, 0x3a, 0x07, 0x32, 0x85, 0x21, 0x24, 0x11, 0x03, 0x11, 0x03, 0x11, 0x03, 0x11,
  0x03, 0x11, 0x03, 0x11, 0x03, 0x11, 0x03, 0x11, 0x03, 0x11, 0x48, 0x3a, 0x71, 0x84, 0x33, 0x95,
  0x90, 0x74, 0xcd, 0x5b, 0x6b, 0x4b, 0x4b, 0x43, 0x4b, 0x43, 0x4b, 0x43, 0x4b, 0x43, 0x4b, 0x43,
  0x8c, 0x4b, 0xee, 0x5b, 0x2e, 0x64, 0xcd, 0x53, 0x4b, 0x43, 0x4b, 0x43, 0x4b, 0x43, 0x4b, 0x43,
  0x4b, 0x43, 0x4b, 0x43, 0x4b, 0x43, 0x4b, 0x43, 0x4b, 0x43, 0x4b, 0x43, 0xad, 0x53, 0xd1, 0x7c,
  0x53, 0x95, 0xb1, 0x7c, 0xcd, 0x53, 0x4b, 0x43, 0x4b, 0x43, 0x4b, 0x43, 0x4b, 0x43, 0x4b, 0x43,
  0x4b, 0x43, 0x4b, 0x43, 0x4b, 0x43, 0x4b, 0x43, 0x0d, 0x54, 0xf0, 0x6c, 0x35, 0x8e, 0x38, 0xaf,
  0x38, 0xaf, 0x38, 0xaf, 0x38, 0xaf, 0x38, 0xaf, 0x38, 0xaf, 0x38, 0xaf, 0x38, 0xaf, 0x14, 0x8e,
  0xe3, 0x10, 0xd1, 0x74, 0x52, 0x7d, 0x10, 0x6d, 0xd2, 0x75, 0xd2, 0x75, 0xd2, 0x75, 0xd2, 0x75,
  0xd2, 0x75, 0xd2, 0x75, 0xd2, 0x75, 0xd2, 0x75, 0xd2, 0x75, 0xd2, 0x75, 0xd2, 0x75, 0xd2, 0x75,
  0x30, 0x6d, 0xf0, 0x64, 0xa8, 0x32, 0x03, 0x11, 0x03, 0x11, 0x03, 0x11, 0x03, 0x11, 0x03, 0x11,
  0x03, 0x11, 0x03, 0x11, 0x03, 0x11, 0x24, 0x11, 0x89, 0x42, 0x89, 0x42, 0x65, 0x19, 0x03, 0x11,
  0x03, 0x11, 0x03, 0x11, 0x03, 0x11, 0x03, 0x11, 0x03, 0x11, 0x03, 0x11, 0x03, 0x11, 0x03, 0x11,
  0x03, 0x11, 0x85, 0x21, 0x48, 0x3a, 0x68, 0x3a, 0xc6, 0x29, 0x64, 0x19, 0x24, 0x11, 0x03, 0x11,
  0x03, 0x11, 0x24, 0x11, 0x24, 0x11, 0x48, 0x3a, 0x50, 0x7c, 0x91, 0x84, 0xeb, 0x52, 0xc6, 0x29,
  0x85, 0x19, 0x88, 0x32, 0x4b, 0x43, 0x4b, 0x43, 0x4b, 0x43, 0x4b, 0x43, 0x6c, 0x4b, 0xed, 0x5b,
  0x0e, 0x64, 0xee, 0x5b, 0x8c, 0x4b, 0x4b, 0x43, 0x4b, 0x43, 0x4b, 0x43, 0x4b, 0x43, 0x4b, 0x43,
  0x4b, 0x43, 0x4b, 0x43, 0x4b, 0x43, 0x4b, 0x43, 0x4b, 0x43, 0x8c, 0x53, 0xd2, 0x84, 0x74, 0x95,
  0x4f, 0x6c, 0x6c, 0x4b, 0x4b, 0x43, 0x4b, 0x43, 0x4b, 0x43, 0x4b, 0x43, 0x4b, 0x43, 0x4b, 0x43,
  0x4b, 0x43, 0x4b, 0x43, 0x4b, 0x43, 0x4b, 0x43, 0x4b, 0x43, 0x4b, 0x43, 0x2e, 0x5c, 0x31, 0x75,
  0x55, 0x96, 0x38, 0xaf, 0x38, 0xaf, 0x38, 0xaf, 0x38, 0xaf, 0x38, 0xaf, 0x38, 0xaf, 0xf4, 0x8d,
  0x03, 0x11, 0x11, 0x7d, 0x31, 0x75, 0x30, 0x6d, 0xd2, 0x7d, 0xd2, 0x7d, 0xd2, 0x7d, 0xd2, 0x75,
  0xd2, 0x75, 0xd2, 0x75, 0xd2, 0x75, 0xd2, 0x75, 0xd2, 0x75, 0xd2, 0x75, 0xd2, 0x75, 0x10, 0x65,
  0x68, 0x2a, 0x03, 0x11, 0x03, 0x11, 0x03, 0x11, 0x03, 0x11, 0x03, 0x11, 0x03, 0x11, 0x03, 0x11,
  0x03, 0x11, 0x03, 0x11, 0x03, 0x11, 0x03, 0x11, 0xa5, 0x21, 0xeb, 0x52, 0x48, 0x3a, 0x44, 0x19,
  0x03, 0x11, 0x03, 0x11, 0x03, 0x11, 0x03, 0x11, 0x03, 0x11, 0x03, 0x11, 0x03, 0x11, 0x03, 0x11,
  0x03, 0x11, 0x03, 0x11, 0x44, 0x19, 0xe7, 0x29, 0x69, 0x42, 0x68, 0x3a, 0xe6, 0x29, 0x85, 0x21,
  0x85, 0x21, 0x68, 0x3a, 0x2f, 0x7c, 0x91, 0x84, 0x0b, 0x53, 0x85, 0x21, 0x24, 0x11, 0x03, 0x11,
  0x03, 0x11, 0x44, 0x11, 0x88, 0x32, 0x4b, 0x43, 0x8c, 0x53, 0xee, 0x5b, 0x2e, 0x64, 0x0e, 0x64,
  0xcd, 0x53, 0x6b, 0x4b, 0x4b, 0x43, 0x4b, 0x43, 0x4b, 0x43, 0x4b, 0x43, 0x4b, 0x43, 0x4b, 0x43,
  0x4b, 0x43, 0x4b, 0x43, 0x4b, 0x43, 0x6b, 0x43, 0xed, 0x5b, 0x13, 0x8d, 0x54, 0x95, 0x0e, 0x5c,
  0x4b, 0x43, 0x4b, 0x43, 0x4b, 0x43, 0x4b, 0x43, 0x4b, 0x43, 0x4b, 0x43, 0x4b, 0x43, 0x4b, 0x43,
  0x4b, 0x43, 0x4b, 0x43, 0x4b, 0x43, 0x4b, 0x43, 0x4b, 0x43, 0x4b, 0x43, 0x4b, 0x43, 0x4b, 0x43,
  0x6f, 0x64, 0x72, 0x7d, 0x96, 0x96, 0x38, 0xaf, 0x38, 0xaf, 0x38, 0xaf, 0x38, 0xaf, 0xd4, 0x8d,
  0xe3, 0x10, 0xad, 0x5b, 0x4e, 0x64, 0x30, 0x6d, 0xd2, 0x75, 0xd2, 0x75, 0xd2, 0x75, 0xd2, 0x75,
  0xd2, 0x75, 0xd2, 0x7d, 0xd2, 0x7d, 0xd2, 0x7d, 0xd2, 0x7d, 0xd2, 0x7d, 0xef, 0x64, 0x27, 0x2a,
  0x03, 0x11, 0x03, 0x11, 0x03, 0x11, 0x03, 0x11, 0x03, 0x11, 0x03, 0x11, 0x03, 0x11, 0x03, 0x11,
  0x03, 0x11, 0x03, 0x11, 0x03, 0x11, 0x03, 0x11, 0x23, 0x11, 0x07, 0x32, 0x0b, 0x53, 0x07, 0x32,
  0x24, 0x11, 0x03, 0x11, 0x03, 0x11, 0x03, 0x11, 0x03, 0x11, 0x03, 0x11, 0x03, 0x11, 0x03, 0x11,
  0x03, 0x11, 0x03, 0x11, 0x03, 0x11, 0x03, 0x11, 0x44, 0x19, 0x07, 0x32, 0x0b, 0x53, 0xce, 0x6b,
  0xb2, 0x8c, 0xf2, 0x94, 0x6d, 0x63, 0xc6, 0x29, 0x23, 0x11, 0x03, 0x11, 0x23, 0x11, 0x44, 0x19,
  0x85, 0x21, 0xe6, 0x29, 0x89, 0x42, 0x2b, 0x53, 0xcd, 0x5b, 0xee, 0x5b, 0xad, 0x53, 0x6c, 0x4b,
  0x4b, 0x43, 0x4b, 0x43, 0x4b, 0x43, 0x4b, 0x43, 0x4b, 0x43, 0x4b, 0x43, 0x4b, 0x43, 0x4b, 0x43,
  0x4b, 0x43, 0x4b, 0x43, 0x8c, 0x4b, 0x2f, 0x64, 0x33, 0x8d, 0x33, 0x8d, 0xee, 0x5b, 0x4b, 0x43,
  0x4b, 0x43, 0x4b, 0x43, 0x4b, 0x43, 0x4b, 0x43, 0x4b, 0x43, 0x4b, 0x43, 0x4b, 0x43, 0x4b, 0x43,
  0x4b, 0x43, 0x4b, 0x43, 0x4b, 0x43, 0x4b, 0x43, 0x4b, 0x43, 0x4b, 0x43, 0x4b, 0x43, 0x4b, 0x43,
  0x4b, 0x43, 0x4b, 0x43, 0xaf, 0x64, 0xb3, 0x85, 0xb6, 0x9e, 0x38, 0xaf, 0x38, 0xaf, 0xd3, 0x85,
  0x03, 0x11, 0x4b, 0x53, 0x0d, 0x54, 0x31, 0x6d, 0xd2, 0x75, 0xd2, 0x75, 0xd2, 0x75, 0xd2, 0x75,
  0xd2, 0x75, 0xd2, 0x75, 0xd2, 0x75, 0xd2, 0x75, 0xd2, 0x75, 0xaf, 0x64, 0x06, 0x22, 0x03, 0x11,
  0x03, 0x11, 0x03, 0x11, 0x03, 0x11, 0x03, 0x11, 0x03, 0x11, 0x03, 0x11, 0x03, 0x11, 0x03, 0x11,
  0x03, 0x11, 0x03, 0x11, 0x03, 0x11, 0x03, 0x11, 0x03, 0x11, 0x24, 0x11, 0x28, 0x3a, 0x0b, 0x53,
  0xe7, 0x31, 0x24, 0x11, 0x03, 0x11, 0x03, 0x11, 0x03, 0x11, 0x03, 0x11, 0x03, 0x11, 0x03, 0x11,
  0x03, 0x11, 0x03, 0x11, 0x03, 0x11, 0x44, 0x19, 0xa6, 0x29, 0x89, 0x42, 0xce, 0x6b, 0x71, 0x84,
  0xae, 0x6b, 0xca, 0x4a, 0xca, 0x4a, 0x0b, 0x53, 0x4c, 0x5b, 0x2c, 0x5b, 0x0b, 0x53, 0xca, 0x4a,
  0x89, 0x42, 0x48, 0x3a, 0x07, 0x32, 0xa6, 0x29, 0xc6, 0x29, 0xe6, 0x29, 0xc9, 0x3a, 0x4b, 0x43,
  0x4b, 0x43, 0x4b, 0x43, 0x4b, 0x43, 0x4b, 0x43, 0x4b, 0x43, 0x4b, 0x43, 0x4b, 0x43, 0x4b, 0x43,
  0x6c, 0x4b, 0xee, 0x5b, 0x90, 0x74, 0xf2, 0x84, 0xf2, 0x84, 0x0e, 0x64, 0x4b, 0x43, 0x4b, 0x43,
  0x4b, 0x43, 0x4b, 0x43, 0x4b, 0x43, 0x4b, 0x43, 0x4b, 0x43, 0x4b, 0x43, 0x4b, 0x43, 0x4b, 0x43,
  0x4b, 0x43, 0x4b, 0x43, 0x4b, 0x43, 0x4b, 0x43, 0x4b, 0x43, 0x4b, 0x43, 0x4b, 0x43, 0x4b, 0x43,
  0x4b, 0x43, 0x4b, 0x43, 0x4b, 0x43, 0x4b, 0x43, 0xf0, 0x6c, 0xd7, 0x9e, 0x38, 0xaf, 0xb3, 0x85,
  0xe3, 0x10, 0x6c, 0x53, 0x0d, 0x54, 0x51, 0x6d, 0xd2, 0x75, 0xd2, 0x75, 0xd2, 0x75, 0xd2, 0x75,
  0xd2, 0x75, 0xd2, 0x75, 0xd2, 0x75, 0x6e, 0x5c, 0x0d, 0x54, 0xe6, 0x21, 0x03, 0x11, 0x03, 0x11,
  0x03, 0x11, 0x03, 0x11, 0x03, 0x11, 0x03, 0x11, 0x03, 0x11, 0x03, 0x11, 0x03, 0x11, 0x03, 0x11,
  0x03, 0x11, 0x03, 0x11, 0x03, 0x11, 0x03, 0x11, 0x03, 0x11, 0x03, 0x11, 0x44, 0x19, 0x48, 0x3a,
  0x0b, 0x53, 0x07, 0x32, 0x24, 0x11, 0x03, 0x11, 0x03, 0x11, 0x03, 0x11, 0x03, 0x11, 0x03, 0x11,
  0x03, 0x11, 0x44, 0x19, 0xc6, 0x29, 0xaa, 0x4a, 0xae, 0x6b, 0x30, 0x7c, 0x0b, 0x53, 0x85, 0x21,
  0x03, 0x11, 0x03, 0x11, 0x03, 0x11, 0x03, 0x11, 0x03, 0x11, 0x24, 0x11, 0x24, 0x11, 0x44, 0x19,
  0x44, 0x19, 0x44, 0x19, 0x24, 0x11, 0x03, 0x11, 0x03, 0x11, 0x03, 0x11, 0x85, 0x19, 0xe6, 0x21,
  0xe9, 0x3a, 0x4b, 0x43, 0x4b, 0x43, 0x4b, 0x43, 0x4b, 0x43, 0x4b, 0x43, 0x4b, 0x43, 0xac, 0x53,
  0x2f, 0x64, 0xb1, 0x7c, 0xb1, 0x7c, 0xd1, 0x7c, 0x0e, 0x64, 0x6b, 0x4b, 0x4b, 0x43, 0x4b, 0x43,
  0x4b, 0x43, 0x4b, 0x43, 0x4b, 0x43, 0x4b, 0x43, 0x4b, 0x43, 0x4b, 0x43, 0x4b, 0x43, 0x4b, 0x43,
  0x4b, 0x43, 0x4b, 0x43, 0x4b, 0x43, 0x4b, 0x43, 0x4b, 0x43, 0x4b, 0x43, 0x4b, 0x43, 0x4b, 0x43,
  0x4b, 0x43, 0x4b, 0x43, 0x4b, 0x43, 0x4b, 0x43, 0x4b, 0x43, 0x11, 0x75, 0x14, 0x8e, 0x52, 0x7d,
  0x03, 0x11, 0x8c, 0x53, 0x0d, 0x54, 0x71, 0x6d, 0xd2, 0x7d, 0xd2, 0x7d, 0xd2, 0x75, 0xd2, 0x75,
  0xd2, 0x75, 0xd2, 0x75, 0x2d, 0x54, 0xa5, 0x21, 0x03, 0x11, 0x03, 0x11, 0x03, 0x11, 0x03, 0x11,
  0x03, 0x11, 0x03, 0x11, 0x03, 0x11, 0x03, 0x11, 0x03, 0x11, 0x03, 0x11, 0x03, 0x11, 0x03, 0x11,
  0x03, 0x11, 0x03, 0x11, 0x03, 0x11, 0x03, 0x11, 0x03, 0x11, 0x03, 0x11, 0x03, 0x11, 0x44, 0x19,
  0x48, 0x3a, 0x0b, 0x53, 0x07, 0x32, 0x24, 0x19, 0x03, 0x11, 0x03, 0x11, 0x03, 0x11, 0x24, 0x11,
  0xe7, 0x29, 0xea, 0x4a, 0xad, 0x63, 0x0f, 0x74, 0x0b, 0x53, 0x65, 0x21, 0x03, 0x11, 0x03, 0x11,
  0x03, 0x11, 0x03, 0x11, 0x03, 0x11, 0x03, 0x11, 0x03, 0x11, 0x03, 0x11, 0x03, 0x11, 0x03, 0x11,
  0x03, 0x11, 0x03, 0x11, 0x03, 0x11, 0x03, 0x11, 0x03, 0x11, 0x03, 0x11, 0x03, 0x11, 0x03, 0x11,
  0xc6, 0x21, 0x07, 0x2a, 0xea, 0x3a, 0x4b, 0x43, 0x4b, 0x43, 0x8c, 0x4b, 0x0e, 0x64, 0x70, 0x74,
  0x70, 0x74, 0x4f, 0x6c, 0xb1, 0x7c, 0x0e, 0x64, 0x6b, 0x4b, 0x4b, 0x43, 0x2b, 0x43, 0x4b, 0x43,
  0x4b, 0x43, 0x4b, 0x43, 0x2b, 0x43, 0x4b, 0x43, 0x4b, 0x43, 0x4b, 0x43, 0x2b, 0x43, 0x4b, 0x43,
  0x4b, 0x43, 0x4b, 0x43, 0x2b, 0x43, 0x4b, 0x43, 0x4b, 0x43, 0x4b, 0x43, 0x4b, 0x43, 0x4b, 0x43,
  0x4b, 0x43, 0x4b, 0x43, 0x4b, 0x43, 0x4b, 0x43, 0x4b, 0x43, 0x4b, 0x43, 0x4b, 0x43, 0xed, 0x53,
  0xe3, 0x10, 0xad, 0x5b, 0xed, 0x53, 0x71, 0x75, 0xd2, 0x75, 0xd2, 0x75, 0xd2, 0x75, 0xd2, 0x75,
  0xd2, 0x75, 0x0d, 0x54, 0x85, 0x19, 0x03, 0x11, 0x03, 0x11, 0x03, 0x11, 0x03, 0x11, 0x03, 0x11,
  0x03, 0x11, 0x03, 0x11, 0x03, 0x11, 0x03, 0x11, 0x03, 0x11, 0x03, 0x11, 0x03, 0x11, 0x03, 0x11,
  0x03, 0x11, 0x03, 0x11, 0x03, 0x11, 0x03, 0x11, 0x03, 0x11, 0x03, 0x11, 0x03, 0x11, 0x03, 0x11,
  0x44, 0x19, 0x28, 0x3a, 0xea, 0x4a, 0x48, 0x3a, 0x44, 0x19, 0x23, 0x11, 0xe7, 0x31, 0x0b, 0x53,
  0x8d, 0x63, 0x0f, 0x74, 0x0b, 0x53, 0x85, 0x21, 0x03, 0x11, 0x03, 0x11, 0x03, 0x11, 0x03, 0x11,
  0x03, 0x11, 0x03, 0x11, 0x03, 0x11, 0x03, 0x11, 0x03, 0x11, 0x03, 0x11, 0x03, 0x11, 0x03, 0x11,
  0x03, 0x11, 0x03, 0x11, 0x03, 0x11, 0x03, 0x11, 0x03, 0x11, 0x03, 0x11, 0x03, 0x11, 0x03, 0x11,
  0x03, 0x11, 0x03, 0x11, 0xe6, 0x21, 0x47, 0x2a, 0x8c, 0x53, 0x4f, 0x6c, 0xb1, 0x7c, 0x4f, 0x6c,
  0x2f, 0x6c, 0xb1, 0x7c, 0x0e, 0x64, 0x6b, 0x43, 0x4b, 0x43, 0x4b, 0x43, 0x4b, 0x43, 0x4b, 0x43,
  0x4b, 0x43, 0x4b, 0x43, 0x4b, 0x43, 0x4b, 0x43, 0x4b, 0x43, 0x4b, 0x43, 0x4b, 0x43, 0x4b, 0x43,
  0x4b, 0x43, 0x4b, 0x43, 0x4b, 0x43, 0x4b, 0x43, 0x4b, 0x43, 0x4b, 0x43, 0x4b, 0x43, 0x4b, 0x43,
  0x4b, 0x43, 0x4b, 0x43, 0x4b, 0x43, 0x4b, 0x43, 0x4b, 0x43, 0x4b, 0x43, 0x2b, 0x43, 0x88, 0x32,
  0xe3, 0x10, 0xad, 0x5b, 0xed, 0x53, 0x71, 0x75, 0xd2, 0x75, 0xd2, 0x75, 0xd2, 0x75, 0xac, 0x4b,
  0x6b, 0x43, 0x64, 0x19, 0x03, 0x11, 0x03, 0x11, 0x03, 0x11, 0x03, 0x11, 0x03, 0x11, 0x03, 0x11,
  0x03, 0x11, 0x03, 0x11, 0x03, 0x11, 0x03, 0x11, 0x03, 0x11, 0x03, 0x11, 0x03, 0x11, 0x03, 0x11,
  0x03, 0x11, 0x03, 0x11, 0x03, 0x11, 0x03, 0x11, 0x03, 0x11, 0x03, 0x11, 0x03, 0x11, 0x03, 0x11,
  0x03, 0x11, 0x24, 0x19, 0xe6, 0x29, 0xaa, 0x4a, 0x2b, 0x53, 0x6d, 0x63, 0xad, 0x6b, 0xef, 0x73,
  0xeb, 0x52, 0x85, 0x21, 0x03, 0x11, 0x03, 0x11, 0x03, 0x11, 0x03, 0x11, 0x03, 0x11, 0x03, 0x11,
  0x03, 0x11, 0x03, 0x11, 0x03, 0x11, 0x03, 0x11, 0x03, 0x11, 0x03, 0x11, 0x03, 0x11, 0x03, 0x11,
  0x03, 0x11, 0x03, 0x11, 0x03, 0x11, 0x03, 0x11, 0x03, 0x11, 0x03, 0x11, 0x03, 0x11, 0x03, 0x11,
  0x03, 0x11, 0x03, 0x11, 0x65, 0x21, 0x48, 0x3a, 0x8d, 0x5b, 0x6c, 0x5b, 0xee, 0x5b, 0x4f, 0x6c,
  0x90, 0x7c, 0xed, 0x5b, 0x4b, 0x43, 0x4b, 0x43, 0x4b, 0x43, 0x4b, 0x43, 0x4b, 0x43, 0x4b, 0x43,
  0x4b, 0x43, 0x4b, 0x43, 0x4b, 0x43, 0x4b, 0x43, 0x4b, 0x43, 0x4b, 0x43, 0x4b, 0x43, 0x4b, 0x43,
  0x4b, 0x43, 0x4b, 0x43, 0x4b, 0x43, 0x4b, 0x43, 0x4b, 0x43, 0x4b, 0x43, 0x4b, 0x43, 0x4b, 0x43,
  0x4b, 0x43, 0x4b, 0x43, 0x4b, 0x43, 0x4b, 0x43, 0x4b, 0x43, 0x4b, 0x43, 0x4b, 0x43, 0x88, 0x32,
  0xe3, 0x10, 0xcd, 0x5b, 0xed, 0x53, 0x92, 0x75, 0xd2, 0x75, 0xd2, 0x75, 0x6b, 0x43, 0x44, 0x19,
  0x03, 0x11, 0x03, 0x11, 0x03, 0x11, 0x03, 0x11, 0x03, 0x11, 0x03, 0x11, 0x03, 0x11, 0x03, 0x11,
  0x03, 0x11, 0x03, 0x11, 0x03, 0x11, 0x03, 0x11, 0x03, 0x11, 0x03, 0x11, 0x03, 0x11, 0x03, 0x11,
  0x03, 0x11, 0x03, 0x11, 0x03, 0x11, 0x03, 0x11, 0x03, 0x11, 0x03, 0x11, 0x03, 0x11, 0x03, 0x11,
  0x03, 0x11, 0x03, 0x11, 0x07, 0x32, 0xce, 0x6b, 0xb2, 0x8c, 0xf2, 0x94, 0xce, 0x6b, 0x07, 0x32,
  0x24, 0x11, 0x03, 0x11, 0x03, 0x11, 0x03, 0x11, 0x03, 0x11, 0x03, 0x11, 0x03, 0x11, 0x03, 0x11,
  0x03, 0x11, 0x03, 0x11, 0x03, 0x11, 0x03, 0x11, 0x03, 0x11, 0x03, 0x11, 0x03, 0x11, 0x03, 0x11,
  0x03, 0x11, 0x03, 0x11, 0x03, 0x11, 0x03, 0x11, 0x03, 0x11, 0x03, 0x11, 0x03, 0x11, 0x03, 0x11,
  0x03, 0x11, 0xe6, 0x29, 0xca, 0x4a, 0xeb, 0x52, 0x89, 0x42, 0x28, 0x3a, 0x8d, 0x5b, 0x8d, 0x5b,
  0x8c, 0x53, 0x4b, 0x43, 0x4b, 0x43, 0x4b, 0x43, 0x4b, 0x43, 0x4b, 0x43, 0x4b, 0x43, 0x4b, 0x43,
  0x4b, 0x43, 0x4b, 0x43, 0x4b, 0x43, 0x4b, 0x43, 0x4b, 0x43, 0x4b, 0x43, 0x4b, 0x43, 0x4b, 0x43,
  0x4b, 0x43, 0x4b, 0x43, 0x4b, 0x43, 0x4b, 0x43, 0x4b, 0x43, 0x4b, 0x43, 0x4b, 0x43, 0x4b, 0x43,
  0x4b, 0x43, 0x4b, 0x43, 0x4b, 0x43, 0x4b, 0x43, 0x4b, 0x43, 0x4b, 0x43, 0x4b, 0x43, 0x68, 0x32,
  0x03, 0x11, 0xee, 0x63, 0xed, 0x53, 0xb2, 0x75, 0xd2, 0x7d, 0x4a, 0x43, 0x44, 0x11, 0x03, 0x11,
  0x03, 0x11, 0x03, 0x11, 0x03, 0x11, 0x03, 0x11, 0x03, 0x11, 0x03, 0x11, 0x03, 0x11, 0x03, 0x11,
  0x03, 0x11, 0x03, 0x11, 0x03, 0x11, 0x03, 0x11, 0x03, 0x11, 0x03, 0x11, 0x03, 0x11, 0x03, 0x11,
  0x03, 0x11, 0x03, 0x11, 0x03, 0x11, 0x03, 0x11, 0x03, 0x11, 0x03, 0x11, 0x03, 0x11, 0x03, 0x11,
  0x07, 0x32, 0x4c, 0x5b, 0xce, 0x6b, 0x8d, 0x63, 0xca, 0x4a, 0x89, 0x42, 0xca, 0x4a, 0x89, 0x42,
  0xe7, 0x31, 0x65, 0x19, 0x03, 0x11, 0x03, 0x11, 0x03, 0x11, 0x03, 0x11, 0x03, 0x11, 0x03, 0x11,
  0x03, 0x11, 0x03, 0x11, 0x03, 0x11, 0x03, 0x11, 0x03, 0x11, 0x03, 0x11, 0x03, 0x11, 0x03, 0x11,
  0x03, 0x11, 0x03, 0x11, 0x03, 0x11, 0x03, 0x11, 0x03, 0x11, 0x03, 0x11, 0x03, 0x11, 0x65, 0x19,
  0x69, 0x3a, 0xea, 0x4a, 0xca, 0x4a, 0x89, 0x42, 0xaa, 0x42, 0xeb, 0x52, 0x28, 0x3a, 0x24, 0x11,
  0x68, 0x2a, 0x2a, 0x43, 0x4b, 0x43, 0x4b, 0x43, 0x4b, 0x43, 0x4b, 0x43, 0x4b, 0x43, 0x4b, 0x43,
  0x4b, 0x43, 0x4b, 0x43, 0x4b, 0x43, 0x4b, 0x43, 0x4b, 0x43, 0x4b, 0x43, 0x4b, 0x43, 0x4b, 0x43,
  0x4b, 0x43, 0x4b, 0x43, 0x4b, 0x43, 0x4b, 0x43, 0x4b, 0x43, 0x4b, 0x43, 0x4b, 0x43, 0x4b, 0x43,
  0x4b, 0x43, 0x4b, 0x43, 0x4b, 0x43, 0x4b, 0x43, 0x4b, 0x43, 0x4b, 0x43, 0x4b, 0x43, 0x68, 0x32,
  0xe3, 0x10, 0x0e, 0x64, 0xed, 0x53, 0xb2, 0x75, 0x09, 0x3b, 0x24, 0x11, 0x03, 0x11, 0x03, 0x11,
  0x03, 0x11, 0x03, 0x11, 0x03, 0x11, 0x03, 0x11, 0x03, 0x11, 0x03, 0x11, 0x03, 0x11, 0x03, 0x11,
  0x03, 0x11, 0x03, 0x11, 0x03, 0x11, 0x03, 0x11, 0x03, 0x11, 0x03, 0x11, 0x03, 0x11, 0x03, 0x11,
  0x03, 0x11, 0x03, 0x11, 0x03, 0x11, 0x03, 0x11, 0x03, 0x11, 0x03, 0x11, 0xe7, 0x29, 0x6d, 0x63,
  0x0f, 0x74, 0x6d, 0x63, 0x89, 0x42, 0xa6, 0x21, 0x03, 0x11, 0x03, 0x11, 0xa6, 0x21, 0x69, 0x42,
  0xca, 0x4a, 0x69, 0x42, 0xe7, 0x31, 0x85, 0x21, 0x44, 0x19, 0x03, 0x11, 0x03, 0x11, 0x03, 0x11,
  0x03, 0x11, 0x03, 0x11, 0x03, 0x11, 0x03, 0x11, 0x03, 0x11, 0x03, 0x11, 0x03, 0x11, 0x03, 0x11,
  0x03, 0x11, 0x03, 0x11, 0x03, 0x11, 0x03, 0x11, 0x03, 0x11, 0x03, 0x11, 0xe7, 0x29, 0x0b, 0x53,
  0x2c, 0x5b, 0x2b, 0x53, 0xca, 0x4a, 0xca, 0x4a, 0x69, 0x42, 0xa6, 0x21, 0x23, 0x11, 0x03, 0x11,
  0x03, 0x11, 0x88, 0x32, 0xc9, 0x32, 0x2b, 0x43, 0x4b, 0x43, 0x4b, 0x43, 0x4b, 0x43, 0x4b, 0x43,
  0x4b, 0x43, 0x4b, 0x43, 0x4b, 0x43, 0x4b, 0x43, 0x4b, 0x43, 0x4b, 0x43, 0x4b, 0x43, 0x4b, 0x43,
  0x4b, 0x43, 0x4b, 0x43, 0x4b, 0x43, 0x4b, 0x43, 0x4b, 0x43, 0x4b, 0x43, 0x4b, 0x43, 0x4b, 0x43,
  0x4b, 0x43, 0x4b, 0x43, 0x4b, 0x43, 0x4b, 0x43, 0x4b, 0x43, 0x4b, 0x43, 0x4b, 0x43, 0x68, 0x2a,
  0xe3, 0x10, 0x2f, 0x64, 0xc6, 0x21, 0xa8, 0x32, 0x03, 0x11, 0x03, 0x11, 0x03, 0x11, 0x03, 0x11,
  0x03, 0x11, 0x03, 0x11, 0x03, 0x11, 0x03, 0x11, 0x03, 0x11, 0x03, 0x11, 0x03, 0x11, 0x03, 0x11,
  0x03, 0x11, 0x03, 0x11, 0x03, 0x11, 0x03, 0x11, 0x03, 0x11, 0x03, 0x11, 0x03, 0x11, 0x03, 0x11,
  0x03, 0x11, 0x03, 0x11, 0x03, 0x11, 0x03, 0x11, 0xe6, 0x29, 0x8d, 0x63, 0x50, 0x7c, 0x6c, 0x5b,
  0x48, 0x3a, 0xa5, 0x21, 0x03, 0x11, 0x03, 0x11, 0x03, 0x11, 0x03, 0x11, 0x03, 0x11, 0x03, 0x11,
  0xa6, 0x29, 0x69, 0x42, 0xeb, 0x52, 0xaa, 0x4a, 0x28, 0x3a, 0xa6, 0x21, 0x65, 0x21, 0x44, 0x19,
  0x24, 0x11, 0x23, 0x11, 0x03, 0x11, 0x03, 0x11, 0x03, 0x11, 0x03, 0x11, 0x03, 0x11, 0x03, 0x11,
  0x03, 0x11, 0x03, 0x11, 0x03, 0x11, 0x03, 0x11, 0x64, 0x19, 0xca, 0x4a, 0xae, 0x6b, 0xef, 0x73,
  0x2c, 0x5b, 0xaa, 0x4a, 0x48, 0x3a, 0xc6, 0x29, 0x03, 0x11, 0x03, 0x11, 0x03, 0x11, 0x03, 0x11,
  0x03, 0x11, 0x03, 0x11, 0x03, 0x11, 0xa9, 0x32, 0xe9, 0x3a, 0x2b, 0x43, 0x4b, 0x43, 0x4b, 0x43,
  0x4b, 0x43, 0x4b, 0x43, 0x4b, 0x43, 0x4b, 0x43, 0x4b, 0x43, 0x4b, 0x43, 0x4b, 0x43, 0x4b, 0x43,
  0x4b, 0x43, 0x4b, 0x43, 0x4b, 0x43, 0x4b, 0x43, 0x4b, 0x43, 0x4b, 0x43, 0x4b, 0x43, 0x4b, 0x43,
  0x4b, 0x43, 0x4b, 0x43, 0x4b, 0x43, 0x4b, 0x43, 0x4b, 0x43, 0x4b, 0x43, 0x4b, 0x43, 0x48, 0x2a,
  0x03, 0x19, 0x2f, 0x64, 0xc2, 0x08, 0x03, 0x11, 0x03, 0x11, 0x03, 0x11, 0x03, 0x11, 0x03, 0x11,
  0x03, 0x11, 0x03, 0x11, 0x03, 0x11, 0x03, 0x11, 0x03, 0x11, 0x03, 0x11, 0x03, 0x11, 0x03, 0x11,
  0x03, 0x11, 0x03, 0x11, 0x03, 0x11, 0x03, 0x11, 0x03, 0x11, 0x03, 0x11, 0x03, 0x11, 0x03, 0x11,
  0x03, 0x11, 0x03, 0x11, 0xc6, 0x29, 0x8d, 0x63, 0xb2, 0x8c, 0x6c, 0x5b, 0x27, 0x32, 0x85, 0x21,
  0x03, 0x11, 0x03, 0x11, 0x03, 0x11, 0x03, 0x11, 0x03, 0x11, 0x03, 0x11, 0x03, 0x11, 0x03, 0x11,
  0x03, 0x11, 0x03, 0x11, 0x65, 0x19, 0x27, 0x32, 0xca, 0x4a, 0x4c, 0x5b, 0xeb, 0x52, 0x89, 0x42,
  0x28, 0x3a, 0xc6, 0x29, 0x65, 0x21, 0x24, 0x19, 0x03, 0x11, 0x03, 0x11, 0x24, 0x11, 0x44, 0x19,
  0x85, 0x21, 0xe7, 0x29, 0x28, 0x3a, 0x4c, 0x5b, 0x71, 0x84, 0x30, 0x7c, 0x2c, 0x5b, 0x89, 0x42,
  0x07, 0x32, 0x85, 0x21, 0x03, 0x11, 0x03, 0x11, 0x03, 0x11, 0x03, 0x11, 0x03, 0x11, 0x03, 0x11,
  0x03, 0x11, 0x03, 0x11, 0x03, 0x11, 0x03, 0x11, 0x03, 0x11, 0xea, 0x3a, 0x0a, 0x3b, 0x4b, 0x43,
  0x4b, 0x43, 0x4b, 0x43, 0x4b, 0x43, 0x4b, 0x43, 0x4b, 0x43, 0x4b, 0x43, 0x4b, 0x43, 0x4b, 0x43,
  0x4b, 0x43, 0x4b, 0x43, 0x4b, 0x43, 0x4b, 0x43, 0x4b, 0x43, 0x4b, 0x43, 0x4b, 0x43, 0x4b, 0x43,
  0x4b, 0x43, 0x4b, 0x43, 0x4b, 0x43, 0x4b, 0x43, 0x4b, 0x43, 0x4b, 0x43, 0x4b, 0x43, 0x48, 0x2a,
  0x24, 0x19, 0x0e, 0x64, 0xc2, 0x08, 0x03, 0x11, 0x03, 0x11, 0x03, 0x11, 0x03, 0x11, 0x03, 0x11,
  0x03, 0x11, 0x03, 0x11, 0x03, 0x11, 0x03, 0x11, 0x03, 0x11, 0x03, 0x11, 0x03, 0x11, 0x03, 0x11,
  0x03, 0x11, 0x03, 0x11, 0x03, 0x11, 0x03, 0x11, 0x03, 0x11, 0x03, 0x11, 0x03, 0x11, 0x03, 0x11,
  0x85, 0x21, 0xad, 0x63, 0x13, 0x9d, 0x6d, 0x63, 0xe7, 0x31, 0x85, 0x21, 0x03, 0x11, 0x03, 0x11,
  0x03, 0x11, 0x03, 0x11, 0x03, 0x11, 0x03, 0x11, 0x03, 0x11, 0x03, 0x11, 0x03, 0x11, 0x03, 0x11,
  0x03, 0x11, 0x03, 0x11, 0x03, 0x11, 0x03, 0x11, 0x03, 0x11, 0x44, 0x19, 0xc6, 0x29, 0x48, 0x3a,
  0xca, 0x4a, 0x4c, 0x5b, 0x8d, 0x6b, 0xce, 0x73, 0xef, 0x73, 0xee, 0x73, 0xae, 0x6b, 0x6d, 0x63,
  0x2c, 0x5b, 0x0b, 0x53, 0xce, 0x6b, 0x0f, 0x74, 0x0b, 0x53, 0x27, 0x32, 0x85, 0x21, 0x44, 0x19,
  0x03, 0x11, 0x03, 0x11, 0x03, 0x11, 0x03, 0x11, 0x03, 0x11, 0x03, 0x11, 0x03, 0x11, 0x03, 0x11,
  0x03, 0x11, 0x03, 0x11, 0x03, 0x11, 0x03, 0x11, 0x03, 0x11, 0x03, 0x11, 0x03, 0x11, 0x2a, 0x3b,
  0x2a, 0x43, 0x4b, 0x43, 0x2b, 0x43, 0x4b, 0x43, 0x4b, 0x43, 0x4b, 0x43, 0x2b, 0x43, 0x4b, 0x43,
  0x4b, 0x43, 0x4b, 0x43, 0x2b, 0x43, 0x4b, 0x43, 0x4b, 0x43, 0x4b, 0x43, 0x2b, 0x43, 0x4b, 0x43,
  0x4b, 0x43, 0x4b, 0x43, 0x4b, 0x43, 0x4b, 0x43, 0x4b, 0x43, 0x4b, 0x43, 0x4b, 0x43, 0x47, 0x2a,
  0x44, 0x19, 0xee, 0x63, 0xc2, 0x08, 0x03, 0x11, 0x03, 0x11, 0x03, 0x11, 0x03, 0x11, 0x03, 0x11,
  0x03, 0x11, 0x03, 0x11, 0x03, 0x11, 0x03, 0x11, 0x03, 0x11, 0x03, 0x11, 0x03, 0x11, 0x03, 0x11,
  0x03, 0x11, 0x03, 0x11, 0x03, 0x11, 0x03, 0x11, 0x03, 0x11, 0x24, 0x11, 0x85, 0x21, 0xad, 0x63,
  0x74, 0xa5, 0x8d, 0x63, 0xe7, 0x29, 0x65, 0x19, 0x03, 0x11, 0x03, 0x11, 0x03, 0x11, 0x03, 0x11,
  0x03, 0x11, 0x03, 0x11, 0x03, 0x11, 0x03, 0x11, 0x03, 0x11, 0x03, 0x11, 0x03, 0x11, 0x03, 0x11,
  0x03, 0x11, 0x03, 0x11, 0x03, 0x11, 0x03, 0x11, 0x03, 0x11, 0x03, 0x11, 0x03, 0x11, 0x03, 0x11,
  0x03, 0x11, 0x03, 0x11, 0x03, 0x11, 0x03, 0x11, 0x03, 0x11, 0x24, 0x11, 0x44, 0x19, 0x65, 0x19,
  0x48, 0x3a, 0xae, 0x6b, 0x0b, 0x53, 0xc6, 0x29, 0x44, 0x19, 0x03, 0x11, 0x03, 0x11, 0x03, 0x11,
  0x03, 0x11, 0x03, 0x11, 0x03, 0x11, 0x03, 0x11, 0x03, 0x11, 0x03, 0x11, 0x03, 0x11, 0x03, 0x11,
  0x03, 0x11, 0x03, 0x11, 0x03, 0x11, 0x03, 0x11, 0x03, 0x11, 0x03, 0x11, 0x03, 0x11, 0x03, 0x11,
  0x23, 0x11, 0x4b, 0x43, 0x4b, 0x43, 0x4b, 0x43, 0x4b, 0x43, 0x4b, 0x43, 0x4b, 0x43, 0x4b, 0x43,
  0x4b, 0x43, 0x4b, 0x43, 0x4b, 0x43, 0x4b, 0x43, 0x4b, 0x43, 0x4b, 0x43, 0x4b, 0x43, 0x4b, 0x43,
  0x4b, 0x43, 0x4b, 0x43, 0x2b, 0x43, 0x4b, 0x43, 0x4b, 0x43, 0x4b, 0x43, 0x2b, 0x43, 0x48, 0x2a,
  0x65, 0x21, 0xcd, 0x5b, 0xe3, 0x08, 0x03, 0x11, 0x03, 0x11, 0x03, 0x11, 0x03, 0x11, 0x03, 0x11,
  0x03, 0x11, 0x03, 0x11, 0x03, 0x11, 0x03, 0x11, 0x03, 0x11, 0x03, 0x11, 0x03, 0x11, 0x03, 0x11,
  0x03, 0x11, 0x03, 0x11, 0x03, 0x11, 0x44, 0x19, 0x85, 0x21, 0x8d, 0x63, 0x54, 0x9d, 0xae, 0x6b,
  0xc6, 0x29, 0x44, 0x19, 0x03, 0x11, 0x03, 0x11, 0x03, 0x11, 0x03, 0x11, 0x03, 0x11, 0x03, 0x11,
  0x03, 0x11, 0x03, 0x11, 0x03, 0x11, 0x03, 0x11, 0x03, 0x11, 0x03, 0x11, 0x03, 0x11, 0x03, 0x11,
  0x03, 0x11, 0x03, 0x11, 0x03, 0x11, 0x03, 0x11, 0x03, 0x11, 0x03, 0x11, 0x03, 0x11, 0x03, 0x11,
  0x03, 0x11, 0x03, 0x11, 0x03, 0x11, 0x03, 0x11, 0x03, 0x11, 0x03, 0x11, 0x24, 0x11, 0xaa, 0x4a,
  0x6d, 0x63, 0x48, 0x3a, 0x65, 0x19, 0x03, 0x11, 0x03, 0x11, 0x03, 0x11, 0x03, 0x11, 0x03, 0x11,
  0x03, 0x11, 0x03, 0x11, 0x03, 0x11, 0x03, 0x11, 0x03, 0x11, 0x03, 0x11, 0x03, 0x11, 0x03, 0x11,
  0x03, 0x11, 0x03, 0x11, 0x03, 0x11, 0x03, 0x11, 0x03, 0x11, 0x03, 0x11, 0x03, 0x11, 0x03, 0x11,
  0x03, 0x11, 0x03, 0x11, 0x44, 0x11, 0x4b, 0x43, 0x4b, 0x43, 0x4b, 0x43, 0x4b, 0x43, 0x4b, 0x43,
  0x4b, 0x43, 0x4b, 0x43, 0x4b, 0x43, 0x4b, 0x43, 0x4b, 0x43, 0x4b, 0x43, 0x4b, 0x43, 0x4b, 0x43,
  0x4b, 0x43, 0x4b, 0x43, 0x4b, 0x43, 0x4b, 0x43, 0x4b, 0x43, 0x4b, 0x43, 0x2a, 0x43, 0x48, 0x2a,
  0x65, 0x21, 0x8c, 0x53, 0xe3, 0x08, 0x03, 0x11, 0x03, 0x11, 0x03, 0x11, 0x03, 0x11, 0x03, 0x11,
  0x03, 0x11, 0x03, 0x11, 0x03, 0x11, 0x03, 0x11, 0x03, 0x11, 0x03, 0x11, 0x03, 0x11, 0x03, 0x11,
  0x23, 0x11, 0x65, 0x19, 0xc6, 0x29, 0x6c, 0x63, 0xf2, 0x94, 0xce, 0x6b, 0xc6, 0x29, 0x23, 0x11,
  0x03, 0x11, 0x03, 0x11, 0x03, 0x11, 0x03, 0x11, 0x03, 0x11, 0x03, 0x11, 0x03, 0x11, 0x03, 0x11,
  0x03, 0x11, 0x03, 0x11, 0x03, 0x11, 0x03, 0x11, 0x03, 0x11, 0x03, 0x11, 0x03, 0x11, 0x03, 0x11,
  0x03, 0x11, 0x03, 0x11, 0x03, 0x11, 0x03, 0x11, 0x03, 0x11, 0x03, 0x11, 0x03, 0x11, 0x03, 0x11,
  0x03, 0x11, 0x03, 0x11, 0x03, 0x11, 0x03, 0x11, 0x24, 0x11, 0xe7, 0x29, 0x4c, 0x5b, 0xca, 0x4a,
  0x85, 0x21, 0x24, 0x11, 0x03, 0x11, 0x03, 0x11, 0x03, 0x11, 0x03, 0x11, 0x03, 0x11, 0x03, 0x11,
  0x03, 0x11, 0x03, 0x11, 0x03, 0x11, 0x03, 0x11, 0x03, 0x11, 0x03, 0x11, 0x03, 0x11, 0x03, 0x11,
  0x03, 0x11, 0x03, 0x11, 0x03, 0x11, 0x03, 0x11, 0x03, 0x11, 0x03, 0x11, 0x03, 0x11, 0x03, 0x11,
  0x03, 0x11, 0x03, 0x11, 0x03, 0x11, 0x24, 0x11, 0x85, 0x19, 0x4b, 0x43, 0x4b, 0x43, 0x4b, 0x43,
  0x4b, 0x43, 0x4b, 0x43, 0x4b, 0x43, 0x4b, 0x43, 0x4b, 0x43, 0x4b, 0x43, 0x4b, 0x43, 0x4b, 0x43,
  0x4b, 0x43, 0x4b, 0x43, 0x4b, 0x43, 0x4b, 0x43, 0x4b, 0x43, 0x4b, 0x43, 0x2a, 0x43, 0x48, 0x2a,
  0x65, 0x21, 0x2b, 0x4b, 0xe3, 0x08, 0x03, 0x11, 0x03, 0x11, 0x03, 0x11, 0x03, 0x11, 0x03, 0x11,
  0x03, 0x11, 0x03, 0x11, 0x03, 0x11, 0x03, 0x11, 0x03, 0x11, 0x03, 0x11, 0x03, 0x11, 0x03, 0x11,
  0x85, 0x21, 0x4c, 0x5b, 0x91, 0x84, 0xce, 0x6b, 0xe7, 0x29, 0x03, 0x11, 0x03, 0x11, 0x03, 0x11,
  0x03, 0x11, 0x03, 0x11, 0x03, 0x11, 0x03, 0x11, 0x03, 0x11, 0x03, 0x11, 0x03, 0x11, 0x03, 0x11,
  0x03, 0x11, 0x03, 0x11, 0x03, 0x11, 0x03, 0x11, 0x03, 0x11, 0x03, 0x11, 0x03, 0x11, 0x03, 0x11,
  0x03, 0x11, 0x03, 0x11, 0x03, 0x11, 0x03, 0x11, 0x03, 0x11, 0x03, 0x11, 0x03, 0x11, 0x03, 0x11,
  0x03, 0x11, 0x03, 0x11, 0x03, 0x11, 0x44, 0x19, 0xca, 0x4a, 0xae, 0x6b, 0x28, 0x3a, 0x44, 0x19,
  0x03, 0x11, 0x03, 0x11, 0x03, 0x11, 0x03, 0x11, 0x03, 0x11, 0x03, 0x11, 0x03, 0x11, 0x03, 0x11,
  0x03, 0x11, 0x03, 0x11, 0x03, 0x11, 0x03, 0x11, 0x03, 0x11, 0x03, 0x11, 0x03, 0x11, 0x03, 0x11,
  0x03, 0x11, 0x03, 0x11, 0x03, 0x11, 0x03, 0x11, 0x03, 0x11, 0x03, 0x11, 0x03, 0x11, 0x03, 0x11,
  0x03, 0x11, 0x03, 0x11, 0x03, 0x11, 0x03, 0x11, 0x03, 0x11, 0x64, 0x19, 0xa5, 0x19, 0x4b, 0x43,
  0x4b, 0x43, 0x4b, 0x43, 0x4b, 0x43, 0x4b, 0x43, 0x4b, 0x43, 0x4b, 0x43, 0x4b, 0x43, 0x4b, 0x43,
  0x4b, 0x43, 0x4b, 0x43, 0x4b, 0x43, 0x4b, 0x43, 0x4b, 0x43, 0x4b, 0x43, 0x2a, 0x3b, 0x48, 0x32,
  0x85, 0x21, 0xca, 0x42, 0x03, 0x11, 0x03, 0x11, 0x03, 0x11, 0x03, 0x11, 0x03, 0x11, 0x03, 0x11,
  0x03, 0x11, 0x03, 0x11, 0x03, 0x11, 0x03, 0x11, 0x03, 0x11, 0x03, 0x11, 0x03, 0x11, 0x03, 0x11,
  0xc6, 0x29, 0xae, 0x6b, 0x07, 0x32, 0x03, 0x11, 0x03, 0x11, 0x03, 0x11, 0x03, 0x11, 0x03, 0x11,
  0x03, 0x11, 0x03, 0x11, 0x03, 0x11, 0x03, 0x11, 0x03, 0x11, 0x03, 0x11, 0x03, 0x11, 0x03, 0x11,
  0x03, 0x11, 0x03, 0x11, 0x03, 0x11, 0x03, 0x11, 0x03, 0x11, 0x03, 0x11, 0x03, 0x11, 0x03, 0x11,
  0x03, 0x11, 0x03, 0x11, 0x03, 0x11, 0x03, 0x11, 0x03, 0x11, 0x03, 0x11, 0x03, 0x11, 0x03, 0x11,
  0x03, 0x11, 0x44, 0x19, 0xe7, 0x31, 0x4c, 0x5b, 0xeb, 0x52, 0x85, 0x21, 0x24, 0x11, 0x03, 0x11,
  0x03, 0x11, 0x03, 0x11, 0x03, 0x11, 0x03, 0x11, 0x03, 0x11, 0x03, 0x11, 0x03, 0x11, 0x03, 0x11,
  0x03, 0x11, 0x03, 0x11, 0x03, 0x11, 0x03, 0x11, 0x03, 0x11, 0x03, 0x11, 0x03, 0x11, 0x03, 0x11,
  0x03, 0x11, 0x03, 0x11, 0x03, 0x11, 0x03, 0x11, 0x03, 0x11, 0x03, 0x11, 0x03, 0x11, 0x03, 0x11,
  0x03, 0x11, 0x03, 0x11, 0x03, 0x11, 0x03, 0x11, 0x03, 0x11, 0x03, 0x11, 0x23, 0x11, 0xc6, 0x21,
  0x4b, 0x43, 0x4b, 0x43, 0x4b, 0x43, 0x4b, 0x43, 0x4b, 0x43, 0x4b, 0x43, 0x4b, 0x43, 0x4b, 0x43,
  0x4b, 0x43, 0x4b, 0x43, 0x4b, 0x43, 0x4b, 0x43, 0x4b, 0x43, 0x4b, 0x43, 0x0a, 0x3b, 0x48, 0x32,
  0x65, 0x21, 0x69, 0x3a, 0xc6, 0x29, 0xe3, 0x10, 0x03, 0x11, 0x03, 0x11, 0x03, 0x11, 0x03, 0x11,
  0x03, 0x11, 0x03, 0x11, 0x03, 0x11, 0x03, 0x11, 0x03, 0x11, 0x03, 0x11, 0x03, 0x11, 0x03, 0x11,
  0x03, 0x11, 0x03, 0x11, 0x03, 0x11, 0x03, 0x11, 0x03, 0x11, 0x03, 0x11, 0x03, 0x11, 0x03, 0x11,
  0x03, 0x11, 0x03, 0x11, 0x03, 0x11, 0x03, 0x11, 0x03, 0x11, 0x03, 0x11, 0x03, 0x11, 0x03, 0x11,
  0x03, 0x11, 0x03, 0x11, 0x03, 0x11, 0x03, 0x11, 0x03, 0x11, 0x03, 0x11, 0x03, 0x11, 0x03, 0x11,
  0x03, 0x11, 0x03, 0x11, 0x03, 0x11, 0x03, 0x11, 0x03, 0x11, 0x03, 0x11, 0x03, 0x11, 0x24, 0x11,
  0x85, 0x21, 0xca, 0x4a, 0xae, 0x6b, 0x28, 0x32, 0x03, 0x11, 0x03, 0x11, 0x03, 0x11, 0x03, 0x11,
  0x03, 0x11, 0x03, 0x11, 0x03, 0x11, 0x03, 0x11, 0x03, 0x11, 0x03, 0x11, 0x03, 0x11, 0x03, 0x11,
  0x03, 0x11, 0x03, 0x11, 0x03, 0x11, 0x03, 0x11, 0x03, 0x11, 0x03, 0x11, 0x03, 0x11, 0x03, 0x11,
  0x03, 0x11, 0x03, 0x11, 0x03, 0x11, 0x03, 0x11, 0x03, 0x11, 0x03, 0x11, 0x03, 0x11, 0x03, 0x11,
  0x03, 0x11, 0x03, 0x11, 0x03, 0x11, 0x03, 0x11, 0x03, 0x11, 0x03, 0x11, 0x03, 0x11, 0x24, 0x11,
  0x85, 0x19, 0x06, 0x22, 0x4b, 0x43, 0x4b, 0x43, 0x4b, 0x43, 0x4b, 0x43, 0x4b, 0x43, 0x4b, 0x43,
  0x4b, 0x43, 0x4b, 0x43, 0x4b, 0x43, 0x4b, 0x43, 0x4b, 0x43, 0x4b, 0x43, 0x0a, 0x3b, 0x48, 0x32,
  0x24, 0x19, 0xe7, 0x31, 0x07, 0x32, 0xe3, 0x08, 0x03, 0x11, 0x03, 0x11, 0x03, 0x11, 0x03, 0x11,
  0x03, 0x11, 0x03, 0x11, 0x03, 0x11, 0x03, 0x11, 0x03, 0x11, 0x03, 0x11, 0x03, 0x11, 0x03, 0x11,
  0x03, 0x11, 0x03, 0x11, 0x03, 0x11, 0x03, 0x11, 0x03, 0x11, 0x03, 0x11, 0x03, 0x11, 0x03, 0x11,
  0x03, 0x11, 0x03, 0x11, 0x03, 0x11, 0x03, 0x11, 0x03, 0x11, 0x03, 0x11, 0x03, 0x11, 0x03, 0x11,
  0x03, 0x11, 0x03, 0x11, 0x03, 0x11, 0x03, 0x11, 0x03, 0x11, 0x03, 0x11, 0x03, 0x11, 0x03, 0x11,
  0x03, 0x11, 0x03, 0x11, 0x03, 0x11, 0x03, 0x11, 0x03, 0x11, 0x23, 0x11, 0x44, 0x19, 0x07, 0x32,
  0x0b, 0x53, 0xeb, 0x4a, 0x85, 0x21, 0x03, 0x11, 0x03, 0x11, 0x03, 0x11, 0x03, 0x11, 0x03, 0x11,
  0x03, 0x11, 0x03, 0x11, 0x03, 0x11, 0x03, 0x11, 0x03, 0x11, 0x03, 0x11, 0x03, 0x11, 0x03, 0x11,
  0x03, 0x11, 0x03, 0x11, 0x03, 0x11, 0x03, 0x11, 0x03, 0x11, 0x03, 0x11, 0x03, 0x11, 0x03, 0x11,
  0x03, 0x11, 0x03, 0x11, 0x03, 0x11, 0x03, 0x11, 0x03, 0x11, 0x03, 0x11, 0x03, 0x11, 0x03, 0x11,
  0x03, 0x11, 0x03, 0x11, 0x03, 0x11, 0x03, 0x11, 0x03, 0x11, 0x03, 0x11, 0x03, 0x11, 0x03, 0x11,
  0x03, 0x11, 0x24, 0x11, 0xc6, 0x21, 0x27, 0x2a, 0x4b, 0x43, 0x4b, 0x43, 0x4b, 0x43, 0x4b, 0x43,
  0x4b, 0x43, 0x4b, 0x43, 0x4b, 0x43, 0x4b, 0x43, 0x4b, 0x43, 0x2b, 0x43, 0xea, 0x3a, 0x68, 0x32,
  0x03, 0x11, 0x85, 0x21, 0xc6, 0x29, 0xe3, 0x10, 0x03, 0x11, 0x03, 0x11, 0x03, 0x11, 0x03, 0x11,
  0x03, 0x11, 0x03, 0x11, 0x03, 0x11, 0x03, 0x11, 0x03, 0x11, 0x03, 0x11, 0x03, 0x11, 0x03, 0x11,
  0x03, 0x11, 0x03, 0x11, 0x03, 0x11, 0x03, 0x11, 0x03, 0x11, 0x03, 0x11, 0x03, 0x11, 0x03, 0x11,
  0x03, 0x11, 0x03, 0x11, 0x03, 0x11, 0x03, 0x11, 0x03, 0x11, 0x03, 0x11, 0x03, 0x11, 0x03, 0x11,
  0x03, 0x11, 0x03, 0x11, 0x03, 0x11, 0x03, 0x11, 0x03, 0x11, 0x03, 0x11, 0x03, 0x11, 0x03, 0x11,
  0x03, 0x11, 0x03, 0x11, 0x03, 0x11, 0x03, 0x11, 0x24, 0x11, 0xa6, 0x29, 0xaa, 0x4a, 0x4c, 0x5b,
  0x07, 0x32, 0x03, 0x11, 0x03, 0x11, 0x03, 0x11, 0x03, 0x11, 0x03, 0x11, 0x03, 0x11, 0x03, 0x11,
  0x03, 0x11, 0x03, 0x11, 0x03, 0x11, 0x03, 0x11, 0x03, 0x11, 0x03, 0x11, 0x03, 0x11, 0x03, 0x11,
  0x03, 0x11, 0x03, 0x11, 0x03, 0x11, 0x03, 0x11, 0x03, 0x11, 0x03, 0x11, 0x03, 0x11, 0x03, 0x11,
  0x03, 0x11, 0x03, 0x11, 0x03, 0x11, 0x03, 0x11, 0x03, 0x11, 0x03, 0x11, 0x03, 0x11, 0x03, 0x11,
  0x03, 0x11, 0x03, 0x11, 0x03, 0x11, 0x03, 0x11, 0x03, 0x11, 0x03, 0x11, 0x03, 0x11, 0x03, 0x11,
  0x03, 0x11, 0x03, 0x11, 0x03, 0x11, 0x44, 0x11, 0xe6, 0x21, 0x47, 0x2a, 0x4b, 0x43, 0x4b, 0x43,
  0x4b, 0x43, 0x4b, 0x43, 0x4b, 0x43, 0x4b, 0x43, 0x4b, 0x43, 0x2a, 0x43, 0xea, 0x3a, 0x88, 0x32,
  0xe3, 0x10, 0x24, 0x19, 0xc6, 0x29, 0x85, 0x21, 0xe3, 0x10, 0x03, 0x11, 0x03, 0x11, 0x03, 0x11,
  0x03, 0x11, 0x03, 0x11, 0x03, 0x11, 0x03, 0x11, 0x03, 0x11, 0x03, 0x11, 0x03, 0x11, 0x03, 0x11,
  0x03, 0x11, 0x03, 0x11, 0x03, 0x11, 0x03, 0x11, 0x03, 0x11, 0x03, 0x11, 0x03, 0x11, 0x03, 0x11,
  0x03, 0x11, 0x03, 0x11, 0x03, 0x11, 0x03, 0x11, 0x03, 0x11, 0x03, 0x11, 0x03, 0x11, 0x03, 0x11,
  0x03, 0x11, 0x03, 0x11, 0x03, 0x11, 0x03, 0x11, 0x03, 0x11, 0x03, 0x11, 0x03, 0x11, 0x03, 0x11,
  0x03, 0x11, 0x03, 0x11, 0x23, 0x11, 0x65, 0x19, 0x07, 0x32, 0xeb, 0x52, 0xca, 0x4a, 0x85, 0x21,
  0x03, 0x11, 0x03, 0x11, 0x03, 0x11, 0x03, 0x11, 0x03, 0x11, 0x03, 0x11, 0x03, 0x11, 0x03, 0x11,
  0x03, 0x11, 0x03, 0x11, 0x03, 0x11, 0x03, 0x11, 0x03, 0x11, 0x03, 0x11, 0x03, 0x11, 0x03, 0x11,
  0x03, 0x11, 0x03, 0x11, 0x03, 0x11, 0x03, 0x11, 0x03, 0x11, 0x03, 0x11, 0x03, 0x11, 0x03, 0x11,
  0x03, 0x11, 0x03, 0x11, 0x03, 0x11, 0x03, 0x11, 0x03, 0x11, 0x03, 0x11, 0x03, 0x11, 0x03, 0x11,
  0x03, 0x11, 0x03, 0x11, 0x03, 0x11, 0x03, 0x11, 0x03, 0x11, 0x03, 0x11, 0x03, 0x11, 0x03, 0x11,
  0x03, 0x11, 0x03, 0x11, 0x03, 0x11, 0x03, 0x11, 0x03, 0x11, 0x44, 0x19, 0x07, 0x22, 0x68, 0x32,
  0x4b, 0x43, 0x4b, 0x43, 0x4b, 0x43, 0x4b, 0x43, 0x4b, 0x43, 0x0a, 0x3b, 0xea, 0x3a, 0xa9, 0x3a,
  0xe3, 0x10, 0x03, 0x19, 0x86, 0x29, 0xc6, 0x29, 0x03, 0x11, 0x03, 0x11, 0x03, 0x11, 0x03, 0x11,
  0x03, 0x11, 0x03, 0x11, 0x03, 0x11, 0x03, 0x11, 0x03, 0x11, 0x03, 0x11, 0x03, 0x11, 0x03, 0x11,
  0x03, 0x11, 0x03, 0x11, 0x03, 0x11, 0x03, 0x11, 0x03, 0x11, 0x03, 0x11, 0x03, 0x11, 0x03, 0x11,
  0x03, 0x11, 0x03, 0x11, 0x03, 0x11, 0x03, 0x11, 0x03, 0x11, 0x03, 0x11, 0x03, 0x11, 0x03, 0x11,
  0x03, 0x11, 0x03, 0x11, 0x03, 0x11, 0x03, 0x11, 0x03, 0x11, 0x03, 0x11, 0x03, 0x11, 0x03, 0x11,
  0x03, 0x11, 0x44, 0x19, 0xe7, 0x29, 0xaa, 0x4a, 0x0b, 0x53, 0x07, 0x32, 0x24, 0x11, 0x03, 0x11,
  0x03, 0x11, 0x03, 0x11, 0x03, 0x11, 0x03, 0x11, 0x03, 0x11, 0x03, 0x11, 0x03, 0x11, 0x03, 0x11,
  0x03, 0x11, 0x03, 0x11, 0x03, 0x11, 0x03, 0x11, 0x03, 0x11, 0x03, 0x11, 0x03, 0x11, 0x03, 0x11,
  0x03, 0x11, 0x03, 0x11, 0x03, 0x11, 0x03, 0x11, 0x03, 0x11, 0x03, 0x11, 0x03, 0x11, 0x03, 0x11,
  0x03, 0x11, 0x03, 0x11, 0x03, 0x11, 0x03, 0x11, 0x03, 0x11, 0x03, 0x11, 0x03, 0x11, 0x03, 0x11,
  0x03, 0x11, 0x03, 0x11, 0x03, 0x11, 0x03, 0x11, 0x03, 0x11, 0x03, 0x11, 0x03, 0x11, 0x03, 0x11,
  0x03, 0x11, 0x03, 0x11, 0x03, 0x11, 0x03, 0x11, 0x03, 0x11, 0x03, 0x11, 0x03, 0x11, 0x64, 0x19,
  0x27, 0x2a, 0x88, 0x32, 0x4b, 0x43, 0x4b, 0x43, 0x4b, 0x43, 0x0a, 0x3b, 0xea, 0x42, 0x0a, 0x4b,
  0xe3, 0x10, 0xe3, 0x10, 0x44, 0x19, 0xe7, 0x29, 0x85, 0x21, 0xe3, 0x10, 0x03, 0x11, 0x03, 0x11,
  0x03, 0x11, 0x03, 0x11, 0x03, 0x11, 0x03, 0x11, 0x03, 0x11, 0x03, 0x11, 0x03, 0x11, 0x03, 0x11,
  0x03, 0x11, 0x03, 0x11, 0x03, 0x11, 0x03, 0x11, 0x03, 0x11, 0x03, 0x11, 0x03, 0x11, 0x03, 0x11,
  0x03, 0x11, 0x03, 0x11, 0x03, 0x11, 0x03, 0x11, 0x03, 0x11, 0x03, 0x11, 0x03, 0x11, 0x03, 0x11,
  0x03, 0x11, 0x03, 0x11, 0x03, 0x11, 0x03, 0x11, 0x03, 0x11, 0x03, 0x11, 0x03, 0x11, 0x24, 0x11,
  0x85, 0x21, 0x28, 0x3a, 0xeb, 0x52, 0xca, 0x4a, 0x85, 0x21, 0x03, 0x11, 0x03, 0x11, 0x03, 0x11,
  0x03, 0x11, 0x03, 0x11, 0x03, 0x11, 0x03, 0x11, 0x03, 0x11, 0x03, 0x11, 0x03, 0x11, 0x03, 0x11,
  0x03, 0x11, 0x03, 0x11, 0x03, 0x11, 0x03, 0x11, 0x03, 0x11, 0x03, 0x11, 0x03, 0x11, 0x03, 0x11,
  0x03, 0x11, 0x03, 0x11, 0x03, 0x11, 0x03, 0x11, 0x03, 0x11, 0x03, 0x11, 0x03, 0x11, 0x03, 0x11,
  0x03, 0x11, 0x03, 0x11, 0x03, 0x11, 0x03, 0x11, 0x03, 0x11, 0x03, 0x11, 0x03, 0x11, 0x03, 0x11,
  0x03, 0x11, 0x03, 0x11, 0x03, 0x11, 0x03, 0x11, 0x03, 0x11, 0x03, 0x11, 0x03, 0x11, 0x03, 0x11,
  0x03, 0x11, 0x03, 0x11, 0x03, 0x11, 0x03, 0x11, 0x03, 0x11, 0x03, 0x11, 0x03, 0x11, 0x03, 0x11,
  0x03, 0x11, 0x85, 0x19, 0x48, 0x2a, 0xa9, 0x32, 0x2b, 0x43, 0xea, 0x3a, 0x0a, 0x43, 0xea, 0x42,
  0xe3, 0x10, 0xe3, 0x10, 0x03, 0x19, 0x85, 0x21, 0xe7, 0x31, 0x65, 0x19, 0x03, 0x11, 0x03, 0x11,
  0x03, 0x11, 0x03, 0x11, 0x03, 0x11, 0x03, 0x11, 0x03, 0x11, 0x03, 0x11, 0x03, 0x11, 0x03, 0x11,
  0x03, 0x11, 0x03, 0x11, 0x03, 0x11, 0x03, 0x11, 0x03, 0x11, 0x03, 0x11, 0x03, 0x11, 0x03, 0x11,
  0x03, 0x11, 0x03, 0x11, 0x03, 0x11, 0x03, 0x11, 0x03, 0x11, 0x03, 0x11, 0x03, 0x11, 0x03, 0x11,
  0x03, 0x11, 0x03, 0x11, 0x03, 0x11, 0x03, 0x11, 0x03, 0x11, 0x03, 0x11, 0x44, 0x19, 0x07, 0x32,
  0xca, 0x4a, 0xca, 0x4a, 0x07, 0x32, 0x44, 0x19, 0x03, 0x11, 0x03, 0x11, 0x03, 0x11, 0x03, 0x11,
  0x03, 0x11, 0x03, 0x11, 0x03, 0x11, 0x03, 0x11, 0x03, 0x11, 0x03, 0x11, 0x03, 0x11, 0x03, 0x11,
  0x03, 0x11, 0x03, 0x11, 0x03, 0x11, 0x03, 0x11, 0x03, 0x11, 0x03, 0x11, 0x03, 0x11, 0x03, 0x11,
  0x03, 0x11, 0x03, 0x11, 0x03, 0x11, 0x03, 0x11, 0x03, 0x11, 0x03, 0x11, 0x03, 0x11, 0x03, 0x11,
  0x03, 0x11, 0x03, 0x11, 0x03, 0x11, 0x03, 0x11, 0x03, 0x11, 0x03, 0x11, 0x03, 0x11, 0x03, 0x11,
  0x03, 0x11, 0x03, 0x11, 0x03, 0x11, 0x03, 0x11, 0x03, 0x11, 0x03, 0x11, 0x03, 0x11, 0x03, 0x11,
  0x03, 0x11, 0x03, 0x11, 0x03, 0x11, 0x03, 0x11, 0x03, 0x11, 0x03, 0x11, 0x03, 0x11, 0x03, 0x11,
  0x03, 0x11, 0x03, 0x11, 0x03, 0x11, 0x85, 0x19, 0x68, 0x2a, 0x89, 0x32, 0x0b, 0x4b, 0x28, 0x32,
  0xe3, 0x10, 0xe3, 0x10, 0xe3, 0x10, 0x04, 0x19, 0xc6, 0x29, 0xc6, 0x29, 0x24, 0x11, 0x03, 0x11,
  0x03, 0x11, 0x03, 0x11, 0x03, 0x11, 0x03, 0x11, 0x03, 0x11, 0x03, 0x11, 0x03, 0x11, 0x03, 0x11,
  0x03, 0x11, 0x03, 0x11, 0x03, 0x11, 0x03, 0x11, 0x03, 0x11, 0x03, 0x11, 0x03, 0x11, 0x03, 0x11,
  0x03, 0x11, 0x03, 0x11, 0x03, 0x11, 0x03, 0x11, 0x03, 0x11, 0x03, 0x11, 0x03, 0x11, 0x03, 0x11,
  0x03, 0x11, 0x03, 0x11, 0x03, 0x11, 0x03, 0x11, 0x03, 0x11, 0x85, 0x21, 0x69, 0x3a, 0xeb, 0x52,
  0x89, 0x42, 0x85, 0x21, 0x03, 0x11, 0x03, 0x11, 0x03, 0x11, 0x03, 0x11, 0x03, 0x11, 0x03, 0x11,
  0x03, 0x11, 0x03, 0x11, 0x03, 0x11, 0x03, 0x11, 0x03, 0x11, 0x03, 0x11, 0x03, 0x11, 0x03, 0x11,
  0x03, 0x11, 0x03, 0x11, 0x03, 0x11, 0x03, 0x11, 0x03, 0x11, 0x03, 0x11, 0x03, 0x11, 0x03, 0x11,
  0x03, 0x11, 0x03, 0x11, 0x03, 0x11, 0x03, 0x11, 0x03, 0x11, 0x03, 0x11, 0x03, 0x11, 0x03, 0x11,
  0x03, 0x11, 0x03, 0x11, 0x03, 0x11, 0x03, 0x11, 0x03, 0x11, 0x03, 0x11, 0x03, 0x11, 0x03, 0x11,
  0x03, 0x11, 0x03, 0x11, 0x03, 0x11, 0x03, 0x11, 0x03, 0x11, 0x03, 0x11, 0x03, 0x11, 0x03, 0x11,
  0x03, 0x11, 0x03, 0x11, 0x03, 0x11, 0x03, 0x11, 0x03, 0x11, 0x03, 0x11, 0x03, 0x11, 0x03, 0x11,
  0x03, 0x11, 0x03, 0x11, 0x03, 0x11, 0x03, 0x11, 0x03, 0x11, 0xe7, 0x29, 0xa9, 0x42, 0x65, 0x21,
  0x03, 0x11, 0xe3, 0x10, 0xe3, 0x10, 0xe3, 0x10, 0x44, 0x19, 0xc6, 0x29, 0xa5, 0x21, 0x23, 0x11,
  0x03, 0x11, 0x03, 0x11, 0x03, 0x11, 0x03, 0x11, 0x03, 0x11, 0x03, 0x11, 0x03, 0x11, 0x03, 0x11,
  0x03, 0x11, 0x03, 0x11, 0x03, 0x11, 0x03, 0x11, 0x03, 0x11, 0x03, 0x11, 0x03, 0x11, 0x03, 0x11,
  0x03, 0x11, 0x03, 0x11, 0x03, 0x11, 0x03, 0x11, 0x03, 0x11, 0x03, 0x11, 0x03, 0x11, 0x03, 0x11,
  0x03, 0x11, 0x03, 0x11, 0x03, 0x11, 0x44, 0x19, 0x07, 0x32, 0xaa, 0x4a, 0xaa, 0x42, 0xe7, 0x31,
  0x44, 0x19, 0x03, 0x11, 0x03, 0x11, 0x03, 0x11, 0x03, 0x11, 0x03, 0x11, 0x03, 0x11, 0x03, 0x11,
  0x03, 0x11, 0x03, 0x11, 0x03, 0x11, 0x03, 0x11, 0x03, 0x11, 0x03, 0x11, 0x03, 0x11, 0x03, 0x11,
  0x03, 0x11, 0x03, 0x11, 0x03, 0x11, 0x03, 0x11, 0x03, 0x11, 0x03, 0x11, 0x03, 0x11, 0x03, 0x11,
  0x03, 0x11, 0x03, 0x11, 0x03, 0x11, 0x03, 0x11, 0x03, 0x11, 0x03, 0x11, 0x03, 0x11, 0x03, 0x11,
  0x03, 0x11, 0x03, 0x11, 0x03, 0x11, 0x03, 0x11, 0x03, 0x11, 0x03, 0x11, 0x03, 0x11, 0x03, 0x11,
  0x03, 0x11, 0x03, 0x11, 0x03, 0x11, 0x03, 0x11, 0x03, 0x11, 0x03, 0x11, 0x03, 0x11, 0x03, 0x11,
  0x03, 0x11, 0x03, 0x11, 0x03, 0x11, 0x03, 0x11, 0x03, 0x11, 0x03, 0x11, 0x03, 0x11, 0x03, 0x11,
  0x03, 0x11, 0x03, 0x11, 0x03, 0x11, 0x03, 0x11, 0x44, 0x19, 0xc6, 0x29, 0x85, 0x21, 0xe3, 0x10,
  0xe3, 0x10, 0xe3, 0x10, 0xe3, 0x10, 0xe3, 0x10, 0xe3, 0x10, 0x45, 0x19, 0xc6, 0x29, 0xc6, 0x29,
  0x44, 0x19, 0x03, 0x11, 0x03, 0x11, 0x03, 0x11, 0x03, 0x11, 0x03, 0x11, 0x03, 0x11, 0x03, 0x11,
  0x03, 0x11, 0x03, 0x11, 0x03, 0x11, 0x03, 0x11, 0x03, 0x11, 0x03, 0x11, 0x03, 0x11, 0x03, 0x11,
  0x03, 0x11, 0x03, 0x11, 0x03, 0x11, 0x03, 0x11, 0x03, 0x11, 0x03, 0x11, 0x03, 0x11, 0x03, 0x11,
  0x03, 0x11, 0x03, 0x11, 0xa5, 0x21, 0x89, 0x42, 0xeb, 0x52, 0x69, 0x3a, 0x85, 0x21, 0x03, 0x11,
  0x03, 0x11, 0x03, 0x11, 0x03, 0x11, 0x03, 0x11, 0x03, 0x11, 0x03, 0x11, 0x03, 0x11, 0x03, 0x11,
  0x03, 0x11, 0x03, 0x11, 0x03, 0x11, 0x03, 0x11, 0x03, 0x11, 0x03, 0x11, 0x03, 0x11, 0x03, 0x11,
  0x03, 0x11, 0x03, 0x11, 0x03, 0x11, 0x03, 0x11, 0x03, 0x11, 0x03, 0x11, 0x03, 0x11, 0x03, 0x11,
  0x03, 0x11, 0x03, 0x11, 0x03, 0x11, 0x03, 0x11, 0x03, 0x11, 0x03, 0x11, 0x03, 0x11, 0x03, 0x11,
  0x03, 0x11, 0x03, 0x11, 0x03, 0x11, 0x03, 0x11, 0x03, 0x11, 0x03, 0x11, 0x03, 0x11, 0x03, 0x11,
  0x03, 0x11, 0x03, 0x11, 0x03, 0x11, 0x03, 0x11, 0x03, 0x11, 0x03, 0x11, 0x03, 0x11, 0x03, 0x11,
  0x03, 0x11, 0x03, 0x11, 0x03, 0x11, 0x03, 0x11, 0x03, 0x11, 0x03, 0x11, 0x03, 0x11, 0x03, 0x11,
  0x03, 0x11, 0x03, 0x11, 0x03, 0x11, 0x24, 0x11, 0xc6, 0x29, 0xc6, 0x29, 0x04, 0x19, 0xe3, 0x10,
  0x03, 0x11, 0x03, 0x11, 0xe3, 0x10, 0xe3, 0x10, 0xe3, 0x10, 0x03, 0x11, 0x45, 0x19, 0xe7, 0x31,
  0xc6, 0x29, 0x65, 0x19, 0x03, 0x11, 0x03, 0x11, 0x03, 0x11, 0x03, 0x11, 0x03, 0x11, 0x03, 0x11,
  0x03, 0x11, 0x03, 0x11, 0x03, 0x11, 0x03, 0x11, 0x03, 0x11, 0x03, 0x11, 0x03, 0x11, 0x03, 0x11,
  0x03, 0x11, 0x03, 0x11, 0x03, 0x11, 0x03, 0x11, 0x03, 0x11, 0x03, 0x11, 0x03, 0x11, 0x03, 0x11,
  0x44, 0x19, 0x28, 0x32, 0xca, 0x4a, 0xa9, 0x42, 0xe7, 0x29, 0x44, 0x19, 0x03, 0x11, 0x03, 0x11,
  0x03, 0x11, 0x03, 0x11, 0x03, 0x11, 0x03, 0x11, 0x03, 0x11, 0x03, 0x11, 0x03, 0x11, 0x03, 0x11,
  0x03, 0x11, 0x03, 0x11, 0x03, 0x11, 0x03, 0x11, 0x03, 0x11, 0x03, 0x11, 0x03, 0x11, 0x03, 0x11,
  0x03, 0x11, 0x03, 0x11, 0x03, 0x11, 0x03, 0x11, 0x03, 0x11, 0x03, 0x11, 0x03, 0x11, 0x03, 0x11,
  0x03, 0x11, 0x03, 0x11, 0x03, 0x11, 0x03, 0x11, 0x03, 0x11, 0x03, 0x11, 0x03, 0x11, 0x03, 0x11,
  0x03, 0x11, 0x03, 0x11, 0x03, 0x11, 0x03, 0x11, 0x03, 0x11, 0x03, 0x11, 0x03, 0x11, 0x03, 0x11,
  0x03, 0x11, 0x03, 0x11, 0x03, 0x11, 0x03, 0x11, 0x03, 0x11, 0x03, 0x11, 0x03, 0x11, 0x03, 0x11,
  0x03, 0x11, 0x03, 0x11, 0x03, 0x11, 0x03, 0x11, 0x03, 0x11, 0x03, 0x11, 0x03, 0x11, 0x03, 0x11,
  0x03, 0x11, 0x03, 0x11, 0x03, 0x11, 0xa6, 0x29, 0xc6, 0x29, 0x24, 0x19, 0xe3, 0x10, 0xe3, 0x10,
  0xe3, 0x10, 0xe3, 0x10, 0xe3, 0x10, 0xe3, 0x10, 0xe3, 0x10, 0xe3, 0x10, 0xe3, 0x10, 0x44, 0x19,
  0xc6, 0x29, 0xe7, 0x31, 0xa6, 0x29, 0x44, 0x19, 0x03, 0x11, 0x03, 0x11, 0x03, 0x11, 0x03, 0x11,
  0x03, 0x11, 0x03, 0x11, 0x03, 0x11, 0x03, 0x11, 0x03, 0x11, 0x03, 0x11, 0x03, 0x11, 0x03, 0x11,
  0x03, 0x11, 0x03, 0x11, 0x03, 0x11, 0x03, 0x11, 0x03, 0x11, 0x03, 0x11, 0x03, 0x11, 0xa6, 0x21,
  0xca, 0x4a, 0xeb, 0x52, 0x48, 0x3a, 0x65, 0x19, 0x03, 0x11, 0x03, 0x11, 0x03, 0x11, 0x03, 0x11,
  0x03, 0x11, 0x03, 0x11, 0x03, 0x11, 0x03, 0x11, 0x03, 0x11, 0x03, 0x11, 0x03, 0x11, 0x03, 0x11,
  0x03, 0x11, 0x03, 0x11, 0x03, 0x11, 0x03, 0x11, 0x03, 0x11, 0x03, 0x11, 0x03, 0x11, 0x03, 0x11,
  0x03, 0x11, 0x03, 0x11, 0x03, 0x11, 0x03, 0x11, 0x03, 0x11, 0x03, 0x11, 0x03, 0x11, 0x03, 0x11,
  0x03, 0x11, 0x03, 0x11, 0x03, 0x11, 0x03, 0x11, 0x03, 0x11, 0x03, 0x11, 0x03, 0x11, 0x03, 0x11,
  0x03, 0x11, 0x03, 0x11, 0x03, 0x11, 0x03, 0x11, 0x03, 0x11, 0x03, 0x11, 0x03, 0x11, 0x03, 0x11,
  0x03, 0x11, 0x03, 0x11, 0x03, 0x11, 0x03, 0x11, 0x03, 0x11, 0x03, 0x11, 0x03, 0x11, 0x03, 0x11,
  0x03, 0x11, 0x03, 0x11, 0x03, 0x11, 0x03, 0x11, 0x03, 0x11, 0x03, 0x11, 0x03, 0x11, 0x03, 0x11,
  0x03, 0x11, 0x03, 0x11, 0x85, 0x21, 0xc6, 0x29, 0x44, 0x19, 0xc3, 0x10, 0xe3, 0x10, 0xe3, 0x10,
  0x03, 0x11, 0xe3, 0x10, 0xe3, 0x10, 0xe3, 0x10, 0xe3, 0x10, 0xe3, 0x10, 0xe3, 0x10, 0xe3, 0x10,
  0x04, 0x19, 0x85, 0x21, 0xe7, 0x31, 0xe7, 0x31, 0x85, 0x21, 0x24, 0x19, 0x24, 0x11, 0x03, 0x11,
  0x03, 0x11, 0x03, 0x11, 0x03, 0x11, 0x03, 0x11, 0x03, 0x11, 0x03, 0x11, 0x03, 0x11, 0x03, 0x11,
  0x03, 0x11, 0x03, 0x11, 0x03, 0x11, 0x03, 0x11, 0x03, 0x11, 0x44, 0x19, 0x28, 0x3a, 0xeb, 0x52,
  0xa9, 0x42, 0xc6, 0x29, 0x44, 0x19, 0x03, 0x11, 0x03, 0x11, 0x03, 0x11, 0x03, 0x11, 0x03, 0x11,
  0x03, 0x11, 0x03, 0x11, 0x03, 0x11, 0x03, 0x11, 0x03, 0x11, 0x03, 0x11, 0x03, 0x11, 0x03, 0x11,
  0x03, 0x11, 0x03, 0x11, 0x03, 0x11, 0x03, 0x11, 0x03, 0x11, 0x03, 0x11, 0x03, 0x11, 0x03, 0x11,
  0x03, 0x11, 0x03, 0x11, 0x03, 0x11, 0x03, 0x11, 0x03, 0x11, 0x03, 0x11, 0x03, 0x11, 0x03, 0x11,
  0x03, 0x11, 0x03, 0x11, 0x03, 0x11, 0x03, 0x11, 0x03, 0x11, 0x03, 0x11, 0x03, 0x11, 0x03, 0x11,
  0x03, 0x11, 0x03, 0x11, 0x03, 0x11, 0x03, 0x11, 0x03, 0x11, 0x03, 0x11, 0x03, 0x11, 0x03, 0x11,
  0x03, 0x11, 0x03, 0x11, 0x03, 0x11, 0x03, 0x11, 0x03, 0x11, 0x03, 0x11, 0x03, 0x11, 0x03, 0x11,
  0x03, 0x11, 0x03, 0x11, 0x03, 0x11, 0x03, 0x11, 0x03, 0x11, 0x03, 0x11, 0x03, 0x11, 0x03, 0x11,
  0x44, 0x19, 0xa6, 0x29, 0xc6, 0x29, 0x45, 0x19, 0xe3, 0x10, 0xc3, 0x10, 0xe3, 0x10, 0xe3, 0x10,
  0xe3, 0x10, 0xe3, 0x10, 0xe3, 0x10, 0xe3, 0x10, 0xe3, 0x10, 0xe3, 0x10, 0xe3, 0x10, 0xe3, 0x10,
  0xe3, 0x10, 0xe3, 0x10, 0x24, 0x19, 0x85, 0x21, 0x27, 0x32, 0x48, 0x3a, 0x69, 0x42, 0x69, 0x3a,
  0x48, 0x3a, 0xe7, 0x31, 0xa6, 0x29, 0x65, 0x21, 0x24, 0x19, 0x03, 0x11, 0xc2, 0x08, 0xc2, 0x08,
  0xc2, 0x08, 0xc3, 0x08, 0xc3, 0x08, 0xc3, 0x08, 0x85, 0x21, 0xeb, 0x52, 0xca, 0x4a, 0xe7, 0x31,
  0x44, 0x19, 0xe3, 0x10, 0xe3, 0x10, 0xe3, 0x10, 0xe3, 0x10, 0xe3, 0x10, 0xe3, 0x10, 0xe3, 0x10,
  0xe3, 0x10, 0xe3, 0x10, 0xe3, 0x10, 0x03, 0x11, 0x03, 0x11, 0x03, 0x11, 0x03, 0x11, 0x03, 0x11,
  0x03, 0x11, 0x03, 0x11, 0x03, 0x11, 0x03, 0x11, 0x03, 0x11, 0x03, 0x11, 0x03, 0x11, 0x03, 0x11,
  0x03, 0x11, 0x03, 0x11, 0x03, 0x11, 0x03, 0x11, 0x03, 0x11, 0x03, 0x11, 0x03, 0x11, 0x03, 0x11,
  0x03, 0x11, 0x03, 0x11, 0x03, 0x11, 0x03, 0x11, 0x03, 0x11, 0x03, 0x11, 0x03, 0x11, 0x03, 0x11,
  0x03, 0x11, 0x03, 0x11, 0x03, 0x11, 0x03, 0x11, 0x03, 0x11, 0x03, 0x11, 0x03, 0x11, 0x03, 0x11,
  0x03, 0x11, 0x03, 0x11, 0x03, 0x11, 0x03, 0x11, 0x03, 0x11, 0x03, 0x11, 0x03, 0x11, 0x03, 0x11,
  0x03, 0x11, 0x03, 0x11, 0x03, 0x11, 0x03, 0x11, 0x03, 0x11, 0xe3, 0x10, 0x24, 0x19, 0x85, 0x21,
  0xe6, 0x29, 0xa6, 0x29, 0x24, 0x19, 0xe3, 0x10, 0xc3, 0x10, 0xc3, 0x10, 0xe3, 0x10, 0xe3, 0x10,
  0x03, 0x11, 0x03, 0x11, 0x03, 0x11, 0xe3, 0x10, 0xe3, 0x10, 0xe3, 0x10, 0xe3, 0x10, 0xe3, 0x10,
  0xe3, 0x10, 0xe3, 0x10, 0xe3, 0x10, 0xe3, 0x10, 0x65, 0x21, 0x69, 0x42, 0x8e, 0x6b, 0x91, 0x8c,
  0x55, 0xa5, 0xf7, 0xb5, 0x38, 0xbe, 0x79, 0xc6, 0xba, 0xce, 0xfa, 0xd6, 0x1b, 0xdf, 0xda, 0xd6,
  0x99, 0xce, 0x79, 0xc6, 0x38, 0xbe, 0xf7, 0xb5, 0xf7, 0xb5, 0x38, 0xbe, 0xf7, 0xb5, 0x54, 0x9d,
  0xf3, 0x94, 0xca, 0x4a, 0x07, 0x32, 0xe7, 0x29, 0xe6, 0x29, 0xc6, 0x29, 0xa6, 0x29, 0xa6, 0x21,
  0x85, 0x21, 0x85, 0x21, 0x65, 0x21, 0x65, 0x19, 0x44, 0x19, 0x44, 0x19, 0x24, 0x19, 0x04, 0x11,
  0x03, 0x11, 0xe3, 0x10, 0xe3, 0x10, 0xc2, 0x08, 0xc2, 0x08, 0xc2, 0x08, 0xc3, 0x08, 0xc3, 0x08,
  0xc3, 0x08, 0xc3, 0x08, 0xe3, 0x08, 0xe3, 0x08, 0xe3, 0x08, 0xe3, 0x08, 0xe3, 0x08, 0xe3, 0x10,
  0xe3, 0x10, 0xe3, 0x10, 0xe3, 0x10, 0xe3, 0x10, 0xe3, 0x10, 0xe3, 0x10, 0xe3, 0x10, 0xe3, 0x10,
  0x03, 0x11, 0xe3, 0x10, 0x03, 0x11, 0x03, 0x11, 0x03, 0x11, 0x03, 0x11, 0x03, 0x11, 0x03, 0x11,
  0x03, 0x11, 0x03, 0x11, 0x03, 0x11, 0x03, 0x11, 0x03, 0x11, 0x03, 0x11, 0x03, 0x11, 0x03, 0x11,
  0x03, 0x11, 0x03, 0x11, 0x03, 0x11, 0xe3, 0x10, 0x03, 0x11, 0x65, 0x21, 0xc6, 0x29, 0xc6, 0x29,
  0x85, 0x21, 0x03, 0x11, 0xe3, 0x10, 0xc3, 0x10, 0xe3, 0x10, 0xe3, 0x10, 0xe3, 0x10, 0xe3, 0x10,
  0xe3, 0x10, 0xe3, 0x10, 0xe3, 0x10, 0xe3, 0x10, 0xe3, 0x10, 0xe3, 0x10, 0xe3, 0x10, 0xe3, 0x10,
  0xe3, 0x10, 0xe3, 0x10, 0xe3, 0x10, 0xe3, 0x10, 0xe3, 0x10, 0xe3, 0x10, 0xe3, 0x10, 0xe3, 0x10,
  0xe3, 0x10, 0xc3, 0x10, 0xe3, 0x10, 0xc3, 0x10, 0xc3, 0x10, 0xc3, 0x10, 0xe3, 0x10, 0x04, 0x19,
  0x45, 0x21, 0x85, 0x29, 0xa6, 0x29, 0xe7, 0x31, 0x28, 0x3a, 0x69, 0x42, 0x89, 0x4a, 0xca, 0x52,
  0x0b, 0x5b, 0xe7, 0x31, 0xa6, 0x29, 0xa6, 0x29, 0xc6, 0x29, 0xc6, 0x29, 0xe7, 0x31, 0x07, 0x32,
  0x07, 0x32, 0x27, 0x32, 0x28, 0x3a, 0x48, 0x3a, 0x48, 0x3a, 0x68, 0x3a, 0x89, 0x3a, 0x89, 0x42,
  0xa9, 0x42, 0xaa, 0x42, 0xca, 0x42, 0xca, 0x4a, 0xca, 0x42, 0xaa, 0x42, 0xa9, 0x42, 0x89, 0x42,
  0x89, 0x3a, 0x69, 0x3a, 0x68, 0x3a, 0x48, 0x3a, 0x48, 0x32, 0x28, 0x32, 0x07, 0x32, 0x07, 0x32,
  0xe7, 0x29, 0xe6, 0x29, 0xc6, 0x29, 0xc6, 0x29, 0xa6, 0x21, 0x85, 0x21, 0x85, 0x21, 0x65, 0x21,
  0x65, 0x19, 0x44, 0x19, 0x44, 0x19, 0x24, 0x19, 0x24, 0x11, 0x03, 0x11, 0x03, 0x11, 0xe3, 0x10,
  0xc3, 0x08, 0xc2, 0x08, 0xc2, 0x08, 0xc2, 0x08, 0xc3, 0x08, 0xc3, 0x08, 0x04, 0x11, 0x24, 0x19,
  0x24, 0x19, 0x65, 0x19, 0xa6, 0x21, 0xc6, 0x29, 0xc6, 0x29, 0xa6, 0x29, 0x85, 0x21, 0x44, 0x19,
  0xe3, 0x10, 0xc3, 0x10, 0xc3, 0x10, 0xc3, 0x10, 0xc3, 0x10, 0xe3, 0x10, 0xe3, 0x10, 0xe3, 0x10,
  0xff, 0xff, 0xff, 0xff, 0xff, 0xff, 0xff, 0xff, 0xff, 0xff, 0xff, 0xff, 0xff, 0xff, 0xff, 0xff,
  0xff, 0xff, 0xff, 0xff, 0xff, 0xff, 0xff, 0xff, 0xff, 0xff, 0xff, 0xff, 0xff, 0xff, 0xff, 0xff,
  0xff, 0xff, 0xff, 0xff, 0xff, 0xff, 0xff, 0xff, 0xff, 0xff, 0xff, 0xff, 0xff, 0xff, 0xff, 0xff,
  0xff, 0xff, 0xff, 0xff, 0xff, 0xff, 0xff, 0xff, 0xff, 0xff, 0xff, 0xff, 0xff, 0xff, 0xff, 0xff,
  0xff, 0xff, 0xff, 0xff, 0xff, 0xff, 0xff, 0xff, 0xff, 0xff, 0xff, 0xff, 0xff, 0xff, 0xff, 0xff,
  0xff, 0xff, 0xff, 0xff, 0xff, 0xff, 0xff, 0xff, 0xff, 0xff, 0xff, 0xff, 0xff, 0xff, 0xff, 0xff,
  0xff, 0xff, 0xff, 0xff, 0xff, 0xff, 0xff, 0xff, 0xff, 0xff, 0xff, 0xff, 0xff, 0xff, 0xff, 0xff,
  0xff, 0xff, 0xff, 0xff, 0xff, 0xff, 0xff, 0xff, 0xff, 0xff, 0xff, 0xff, 0xff, 0xff, 0xff, 0xff,
  0xff, 0xff, 0xff, 0xff, 0xff, 0xff, 0xff, 0xff, 0xff, 0xff, 0xff, 0xff, 0xff, 0xff, 0xff, 0xff,
  0xff, 0xff, 0xff, 0xff, 0xff, 0xff, 0xff, 0xff, 0xff, 0xff, 0xff, 0xff, 0xff, 0xff, 0xff, 0xff,
  0xff, 0xff, 0xff, 0xff, 0xff, 0xff, 0xff, 0xff, 0xff, 0xff, 0xff, 0xff, 0xff, 0xff, 0xff, 0xff,
  0xff, 0xff, 0xff, 0xff, 0xff, 0xff, 0xff, 0xff, 0xff, 0xff, 0xff, 0xff, 0xff, 0xff, 0xff, 0xff,
  0xff, 0xff, 0xff, 0xff, 0xff, 0xff, 0xff, 0xff, 0xff, 0xff, 0xff, 0xff, 0xff, 0xff, 0xff, 0xff,
  0xff, 0xff, 0xff, 0xff, 0xff, 0xff, 0xff, 0xff, 0xff, 0xff, 0xff, 0xff, 0xff, 0xff, 0xff, 0xff,
  0xff, 0xff, 0xff, 0xff, 0xff, 0xff, 0xff, 0xff, 0xff, 0xff, 0xff, 0xff, 0xff, 0xff, 0xff, 0xff,
  0xff, 0xff, 0xff, 0xff, 0xff, 0xff, 0xff, 0xff, 0xff, 0xff, 0xff, 0xff, 0xff, 0xff, 0xff, 0xff,
  0xff, 0xff, 0xff, 0xff, 0xff, 0xff, 0xff, 0xff, 0xff, 0xff, 0xff, 0xff, 0xff, 0xff, 0xff, 0xff,
  0xff, 0xff, 0xff, 0xff, 0xff, 0xff, 0xff, 0xff, 0xff, 0xff, 0xff, 0xff, 0xff, 0xff, 0xff, 0xff,
  0xff, 0xff, 0xff, 0xff, 0xff, 0xff, 0xff, 0xff, 0xff, 0xff, 0xff, 0xff, 0xff, 0xff, 0xff, 0xff,
  0xff, 0xff, 0xff, 0xff, 0xff, 0xff, 0xff, 0xff, 0xff, 0xff, 0xff, 0xff, 0xff, 0xff, 0xff, 0xff,
  0xff, 0xff, 0xff, 0xff, 0xff, 0xff, 0xff, 0xff, 0xff, 0xff, 0xff, 0xff, 0xff, 0xff, 0xff, 0xff,
  0xff, 0xff, 0xff, 0xff, 0xff, 0xff, 0xff, 0xff, 0xff, 0xff, 0xff, 0xff, 0xff, 0xff, 0xff, 0xff,
  0xff, 0xff, 0xff, 0xff, 0xff, 0xff, 0xff, 0xff, 0xff, 0xff, 0xff, 0xff, 0xff, 0xff, 0xff, 0xff,
  0xff, 0xff, 0xff, 0xff, 0xff, 0xff, 0xff, 0xff, 0xff, 0xff, 0xff, 0xff, 0xff, 0xff, 0xff, 0xff,
  0xff, 0xff, 0xff, 0xff, 0xff, 0xff, 0xff, 0xff, 0xff, 0xff, 0xff, 0xff, 0xff, 0xff, 0xff, 0xff,
  0xff, 0xff, 0xff, 0xff, 0xff, 0xff, 0xff, 0xff, 0xff, 0xff, 0xff, 0xff, 0xff, 0xff, 0xff, 0xff,
  0xff, 0xff, 0xff, 0xff, 0xff, 0xff, 0xff, 0xff, 0xff, 0xff, 0xff, 0xff, 0xff, 0xff, 0xff, 0xff,
  0xff, 0xff, 0xff, 0xff, 0xff, 0xff, 0xff, 0xff, 0xff, 0xff, 0xff, 0xff, 0xff, 0xff, 0xff, 0xff,
  0xff, 0xff, 0xff, 0xff, 0xff, 0xff, 0xff, 0xff, 0xff, 0xff, 0xff, 0xff, 0xff, 0xff, 0xff, 0xff,
  0xff, 0xff, 0xff, 0xff, 0xff, 0xff, 0xff, 0xff, 0xff, 0xff, 0xff, 0xff, 0xff, 0xff, 0xff, 0xff,
  0xff, 0xff, 0xff, 0xff, 0xff, 0xff, 0xff, 0xff, 0xff, 0xff, 0xff, 0xff, 0xff, 0xff, 0xff, 0xff,
  0xff, 0xff, 0xff, 0xff, 0xff, 0xff, 0xff, 0xff, 0xff, 0xff, 0xff, 0xff, 0xff, 0xff, 0xff, 0xff,
  0xff, 0xff, 0xff, 0xff, 0xff, 0xff, 0xff, 0xff, 0xff, 0xff, 0xff, 0xff, 0xff, 0xff, 0xff, 0xff,
  0xff, 0xff, 0xff, 0xff, 0xff, 0xff, 0xff, 0xff, 0xff, 0xff, 0xff, 0xff, 0xff, 0xff, 0xff, 0xff,
  0xff, 0xff, 0xff, 0xff, 0xff, 0xff, 0xff, 0xff, 0xff, 0xff, 0xff, 0xff, 0xff, 0xff, 0xff, 0xff,
  0xff, 0xff, 0xff, 0xff, 0xff, 0xff, 0xff, 0xff, 0xff, 0xff, 0xff, 0xff, 0xff, 0xff, 0xff, 0xff,
  0xff, 0xff, 0xff, 0xff, 0xff, 0xff, 0xff, 0xff, 0xff, 0xff, 0xff, 0xff, 0xff, 0xff, 0xff, 0xff,
  0xff, 0xff, 0xff, 0xff, 0xff, 0xff, 0xff, 0xff, 0xff, 0xff, 0xff, 0xff, 0xff, 0xff, 0xff, 0xff,
  0xff, 0xff, 0xff, 0xff, 0xff, 0xff, 0xff, 0xff, 0xff, 0xff, 0xff, 0xff, 0xff, 0xff, 0xff, 0xff,
  0xff, 0xff, 0xff, 0xff, 0xff, 0xff, 0xff, 0xff, 0xff, 0xff, 0xff, 0xff, 0xff, 0xff, 0xff, 0xff,
  0xff, 0xff, 0xff, 0xff, 0xff, 0xff, 0xff, 0xff, 0xff, 0xff, 0xff, 0xff, 0xff, 0xff, 0xff, 0xff,
  0xff, 0xff, 0xff, 0xff, 0xff, 0xff, 0xff, 0xff, 0xff, 0xff, 0xff, 0xff, 0xff, 0xff, 0xff, 0xff,
  0xff, 0xff, 0xff, 0xff, 0xff, 0xff, 0xff, 0xff, 0xff, 0xff, 0xff, 0xff, 0xff, 0xff, 0xff, 0xff,
  0xff, 0xff, 0xff, 0xff, 0xff, 0xff, 0xff, 0xff, 0xff, 0xff, 0xff, 0xff, 0xff, 0xff, 0xff, 0xff,
  0xff, 0xff, 0xff, 0xff, 0xff, 0xff, 0xff, 0xff, 0xff, 0xff, 0xff, 0xff, 0xff, 0xff, 0xff, 0xff,
  0xff, 0xff, 0xff, 0xff, 0xff, 0xff, 0xff, 0xff, 0xff, 0xff, 0xff, 0xff, 0xff, 0xff, 0xff, 0xff,
  0xff, 0xff, 0xff, 0xff, 0xff, 0xff, 0xff, 0xff, 0xff, 0xff, 0xff, 0xff, 0xff, 0xff, 0xff, 0xff,
  0xff, 0xff, 0xff, 0xff, 0xff, 0xff, 0xff, 0xff, 0xff, 0xff, 0xff, 0xff, 0xff, 0xff, 0xff, 0xff,
  0xff, 0xff, 0xff, 0xff, 0xff, 0xff, 0xff, 0xff, 0xff, 0xff, 0xff, 0xff, 0xff, 0xff, 0xff, 0xff,
  0xff, 0xff, 0xff, 0xff, 0xff, 0xff, 0xff, 0xff, 0xff, 0xff, 0xff, 0xff, 0xff, 0xff, 0xff, 0xff,
  0xff, 0xff, 0xff, 0xff, 0xff, 0xff, 0xff, 0xff, 0xff, 0xff, 0xff, 0xff, 0xff, 0xff, 0xff, 0xff,
  0xff, 0xff, 0xff, 0xff, 0xff, 0xff, 0xff, 0xff, 0xff, 0xff, 0xff, 0xff, 0xff, 0xff, 0xff, 0xff,
  0xff, 0xff, 0xff, 0xff, 0xff, 0xff, 0xff, 0xff, 0xff, 0xff, 0xff, 0xff, 0xff, 0xff, 0xff, 0xff,
  0xff, 0xff, 0xff, 0xff, 0xff, 0xff, 0xff, 0xff, 0xff, 0xff, 0xff, 0xff, 0xff, 0xff, 0xff, 0xff,
  0xff, 0xff, 0xff, 0xff, 0xff, 0xff, 0xff, 0xff, 0xff, 0xff, 0xff, 0xff, 0xff, 0xff, 0xff, 0xff,
  0xff, 0xff, 0xff, 0xff, 0xff, 0xff, 0xff, 0xff, 0xff, 0xff, 0xff, 0xff, 0xff, 0xff, 0xff, 0xff,
  0xff, 0xff, 0xff, 0xff, 0xff, 0xff, 0xff, 0xff, 0xff, 0xff, 0xff, 0xff, 0xff, 0xff, 0xff, 0xff,
  0xff, 0xff, 0xff, 0xff, 0xff, 0xff, 0xff, 0xff, 0xff, 0xff, 0xff, 0xff, 0xff, 0xff, 0xff, 0xff,
  0xff, 0xff, 0xff, 0xff, 0xff, 0xff, 0xff, 0xff, 0xff, 0xff, 0xff, 0xff, 0xff, 0xff, 0xff, 0xff,
  0xff, 0xff, 0xff, 0xff, 0xff, 0xff, 0xff, 0xff, 0xff, 0xff, 0xff, 0xff, 0xff, 0xff, 0xff, 0xff,
  0xff, 0xff, 0xff, 0xff, 0xff, 0xff, 0xff, 0xff, 0xff, 0xff, 0xff, 0xff, 0xff, 0xff, 0xff, 0xff,
  0xff, 0xff, 0xff, 0xff, 0xff, 0xff, 0xff, 0xff, 0xff, 0xff, 0xff, 0xff, 0xff, 0xff, 0xff, 0xff,
  0xff, 0xff, 0xff, 0xff, 0xff, 0xff, 0xff, 0xff, 0xff, 0xff, 0xff, 0xff, 0xff, 0xff, 0xff, 0xff,
  0xff, 0xff, 0xff, 0xff, 0xff, 0xff, 0xff, 0xff, 0xff, 0xff, 0xff, 0xff, 0xff, 0xff, 0xff, 0xff,
  0xff, 0xff, 0xff, 0xff, 0xff, 0xff, 0xff, 0xff, 0xff, 0xff, 0xff, 0xff, 0xff, 0xff, 0xff, 0xff,
  0xff, 0xff, 0xff, 0xff, 0xff, 0xff, 0xff, 0xff, 0xff, 0xff, 0xff, 0xff, 0xff, 0xff, 0xff, 0xff,
  0xff, 0xff, 0xff, 0xff, 0xff, 0xff, 0xff, 0xff, 0xff, 0xff, 0xff, 0xff, 0xff, 0xff, 0xff, 0xff,
  0xff, 0xff, 0xff, 0xff, 0xff, 0xff, 0xff, 0xff, 0xff, 0xff, 0xff, 0xff, 0xff, 0xff, 0xff, 0xff,
  0xff, 0xff, 0xff, 0xff, 0xff, 0xff, 0xff, 0xff, 0xff, 0xff, 0xff, 0xff, 0xff, 0xff, 0xff, 0xff,
  0xff, 0xff, 0xff, 0xff, 0xff, 0xff, 0xff, 0xff, 0xff, 0xff, 0xff, 0xff, 0xff, 0xff, 0xff, 0xff,
  0xff, 0xff, 0xff, 0xff, 0xff, 0xff, 0xff, 0xff, 0xff, 0xff, 0xff, 0xff, 0xff, 0xff, 0xff, 0xff,
  0xff, 0xff, 0xff, 0xff, 0xff, 0xff, 0xff, 0xff, 0xff, 0xff, 0xff, 0xff, 0xff, 0xff, 0xff, 0xff,
  0xff, 0xff, 0xff, 0xff, 0xff, 0xff, 0xff, 0xff, 0xff, 0xff, 0xff, 0xff, 0xff, 0xff, 0xff, 0xff,
  0xff, 0xff, 0xff, 0xff, 0xff, 0xff, 0xff, 0xff, 0xff, 0xff, 0xff, 0xff, 0xff, 0xff, 0xff, 0xff,
  0xff, 0xff, 0xff, 0xff, 0xff, 0xff, 0xff, 0xff, 0xff, 0xff, 0xff, 0xff, 0xff, 0xff, 0xff, 0xff,
  0xff, 0xff, 0xff, 0xff, 0xff, 0xff, 0xff, 0xff, 0xff, 0xff, 0xff, 0xff, 0xff, 0xff, 0xff, 0xff,
  0xff, 0xff, 0xff, 0xff, 0xff, 0xff, 0xff, 0xff, 0xff, 0xff, 0xff, 0xff, 0xff, 0xff, 0xff, 0xff,
  0xff, 0xff, 0xff, 0xff, 0xff, 0xff, 0xff, 0xff, 0xff, 0xff, 0xff, 0xff, 0xff, 0xff, 0xff, 0xff,
  0xff, 0xff, 0xff, 0xff, 0xff, 0xff, 0xff, 0xff, 0xff, 0xff, 0xff, 0xff, 0xff, 0xff, 0xff, 0xff,
  0xff, 0xff, 0xff, 0xff, 0xff, 0xff, 0xff, 0xff, 0xff, 0xff, 0xff, 0xff, 0xff, 0xff, 0xff, 0xff,
  0xff, 0xff, 0xff, 0xff, 0xff, 0xff, 0xff, 0xff, 0xff, 0xff, 0xff, 0xff, 0xff, 0xff, 0xff, 0xff,
  0xff, 0xff, 0xff, 0xff, 0xff, 0xff, 0xff, 0xff, 0xff, 0xff, 0xff, 0xff, 0xff, 0xff, 0xff, 0xff,
  0xff, 0xff, 0xff, 0xff, 0xff, 0xff, 0xff, 0xff, 0xff, 0xff, 0xff, 0xff, 0xff, 0xff, 0xff, 0xff,
  0xff, 0xff, 0xff, 0xff, 0xff, 0xff, 0xff, 0xff, 0xff, 0xff, 0xff, 0xff, 0xff, 0xff, 0xff, 0xff,
  0xff, 0xff, 0xff, 0xff, 0xff, 0xff, 0xff, 0xff, 0xff, 0xff, 0xff, 0xff, 0xff, 0xff, 0xff, 0xff,
  0xff, 0xff, 0xff, 0xff, 0xff, 0xff, 0xff, 0xff, 0xff, 0xff, 0xff, 0xff, 0xff, 0xff, 0xff, 0xff,
  0xff, 0xff, 0xff, 0xff, 0xff, 0xff, 0xff, 0xff, 0xff, 0xff, 0xff, 0xff, 0xff, 0xff, 0xff, 0xff,
  0xff, 0xff, 0xff, 0xff, 0xff, 0xff, 0xff, 0xff, 0xff, 0xff, 0xff, 0xff, 0xff, 0xff, 0xff, 0xff,
  0xff, 0xff, 0xff, 0xff, 0xff, 0xff, 0xff, 0xff, 0xff, 0xff, 0xff, 0xff, 0xff, 0xff, 0xff, 0xff,
  0xff, 0xff, 0xff, 0xff, 0xff, 0xff, 0xff, 0xff, 0xff, 0xff, 0xff, 0xff, 0xff, 0xff, 0xff, 0xff,
  0xff, 0xff, 0xff, 0xff, 0xff, 0xff, 0xff, 0xff, 0xff, 0xff, 0xff, 0xff, 0xff, 0xff, 0xff, 0xff,
  0xff, 0xff, 0xff, 0xff, 0xff, 0xff, 0xff, 0xff, 0xff, 0xff, 0xff, 0xff, 0xff, 0xff, 0xff, 0xff,
  0xff, 0xff, 0xff, 0xff, 0xff, 0xff, 0xff, 0xff, 0xff, 0xff, 0xff, 0xff, 0xff, 0xff, 0xff, 0xff,
  0xff, 0xff, 0xff, 0xff, 0xff, 0xff, 0xff, 0xff, 0xff, 0xff, 0xff, 0xff, 0xff, 0xff, 0xff, 0xff,
  0xff, 0xff, 0xff, 0xff, 0xff, 0xff, 0xff, 0xff, 0xff, 0xff, 0xff, 0xff, 0xff, 0xff, 0xff, 0xff,
  0xff, 0xff, 0xff, 0xff, 0xff, 0xff, 0xff, 0xff, 0xff, 0xff, 0xff, 0xff, 0xff, 0xff, 0xff, 0xff,
  0xff, 0xff, 0xff, 0xff, 0xff, 0xff, 0xff, 0xff, 0xff, 0xff, 0xff, 0xff, 0xff, 0xff, 0xff, 0xff,
  0xff, 0xff, 0xff, 0xff, 0xff, 0xff, 0xff, 0xff, 0xff, 0xff, 0xff, 0xff, 0xff, 0xff, 0xff, 0xff,
  0xff, 0xff, 0xff, 0xff, 0xff, 0xff, 0xff, 0xff, 0xff, 0xff, 0xff, 0xff, 0xff, 0xff, 0xff, 0xff,
  0xff, 0xff, 0xff, 0xff, 0xff, 0xff, 0xff, 0xff, 0xff, 0xff, 0xff, 0xff, 0xff, 0xff, 0xff, 0xff,
  0xff, 0xff, 0xff, 0xff, 0xff, 0xff, 0xff, 0xff, 0xff, 0xff, 0xff, 0xff, 0xff, 0xff, 0xff, 0xff,
  0xff, 0xff, 0xff, 0xff, 0xff, 0xff, 0xff, 0xff, 0xff, 0xff, 0xff, 0xff, 0xff, 0xff, 0xff, 0xff,
  0xff, 0xff, 0xff, 0xff, 0xff, 0xff, 0xff, 0xff, 0xff, 0xff, 0xff, 0xff, 0xff, 0xff, 0xff, 0xff,
  0xff, 0xff, 0xff, 0xff, 0xff, 0xff, 0xff, 0xff, 0xff, 0xff, 0xff, 0xff, 0xff, 0xff, 0xff, 0xff,
  0xff, 0xff, 0xff, 0xff, 0xff, 0xff, 0xff, 0xff, 0xff, 0xff, 0xff, 0xff, 0xff, 0xff, 0xff, 0xff,
  0xff, 0xff, 0xff, 0xff, 0xff, 0xff, 0xff, 0xff, 0xff, 0xff, 0xff, 0xff, 0xff, 0xff, 0xff, 0xff,
  0xff, 0xff, 0xff, 0xff, 0xff, 0xff, 0xff, 0xff, 0xff, 0xff, 0xff, 0xff, 0xff, 0xff, 0xff, 0xff,
  0xff, 0xff, 0xff, 0xff, 0xff, 0xff, 0xff, 0xff, 0xff, 0xff, 0xff, 0xff, 0xff, 0xff, 0xff, 0xff,
  0xff, 0xff, 0xff, 0xff, 0xff, 0xff, 0xff, 0xff, 0xff, 0xff, 0xff, 0xff, 0xff, 0xff, 0xff, 0xff,
  0xff, 0xff, 0xff, 0xff, 0xff, 0xff, 0xff, 0xff, 0xff, 0xff, 0xff, 0xff, 0xff, 0xff, 0xff, 0xff,
  0xff, 0xff, 0xff, 0xff, 0xff, 0xff, 0xff, 0xff, 0xff, 0xff, 0xff, 0xff, 0xff, 0xff, 0xff, 0xff,
  0xff, 0xff, 0xff, 0xff, 0xff, 0xff, 0xff, 0xff, 0xff, 0xff, 0xff, 0xff, 0xff, 0xff, 0xff, 0xff,
  0xff, 0xff, 0xff, 0xff, 0xff, 0xff, 0xff, 0xff, 0xff, 0xff, 0xff, 0xff, 0xff, 0xff, 0xff, 0xff,
  0xff, 0xff, 0xff, 0xff, 0xff, 0xff, 0xff, 0xff, 0xff, 0xff, 0xff, 0xff, 0xff, 0xff, 0xff, 0xff,
  0xff, 0xff, 0xff, 0xff, 0xff, 0xff, 0xff, 0xff, 0xff, 0xff, 0xff, 0xff, 0xff, 0xff, 0xff, 0xff,
  0xff, 0xff, 0xff, 0xff, 0xff, 0xff, 0xff, 0xff, 0xff, 0xff, 0xff, 0xff, 0xff, 0xff, 0xff, 0xff,
  0xff, 0xff, 0xff, 0xff, 0xff, 0xff, 0xff, 0xff, 0xff, 0xff, 0xff, 0xff, 0xff, 0xff, 0xff, 0xff,
  0xff, 0xff, 0xff, 0xff, 0xff, 0xff, 0xff, 0xff, 0xff, 0xff, 0xff, 0xff, 0xff, 0xff, 0xff, 0xff,
  0xff, 0xff, 0xff, 0xff, 0xff, 0xff, 0xff, 0xff, 0xff, 0xff, 0xff, 0xff, 0xff, 0xff, 0xff, 0xff,
  0xff, 0xff, 0xff, 0xff, 0xff, 0xff, 0xff, 0xff, 0xff, 0xff, 0xff, 0xff, 0xff, 0xff, 0xff, 0xff,
  0xff, 0xff, 0xff, 0xff, 0xff, 0xff, 0xff, 0xff, 0xff, 0xff, 0xff, 0xff, 0xff, 0xff, 0xff, 0xff,
  0xff, 0xff, 0xff, 0xff, 0xff, 0xff, 0xff, 0xff, 0xff, 0xff, 0xff, 0xff, 0xff, 0xff, 0xff, 0xff,
  0xff, 0xff, 0xff, 0xff, 0xff, 0xff, 0xff, 0xff, 0xff, 0xff, 0xff, 0xff, 0xff, 0xff, 0xff, 0xff,
  0xff, 0xff, 0xff, 0xff, 0xff, 0xff, 0xff, 0xff, 0xff, 0xff, 0xff, 0xff, 0xff, 0xff, 0xff, 0xff,
  0xff, 0xff, 0xff, 0xff, 0xff, 0xff, 0xff, 0xff, 0xff, 0xff, 0xff, 0xff, 0xff, 0xff, 0xff, 0xff,
  0xff, 0xff, 0xff, 0xff, 0xff, 0xff, 0xff, 0xff, 0xff, 0xff, 0xff, 0xff, 0xff, 0xff, 0xff, 0xff,
  0xff, 0xff, 0xff, 0xff, 0xff, 0xff, 0xff, 0xff, 0xff, 0xff, 0xff, 0xff, 0xff, 0xff, 0xff, 0xff,
  0xff, 0xff, 0xff, 0xff, 0xff, 0xff, 0xff, 0xff, 0xff, 0xff, 0xff, 0xff, 0xff, 0xff, 0xff, 0xff,
  0xff, 0xff, 0xff, 0xff, 0xff, 0xff, 0xff, 0xff, 0xff, 0xff, 0xff, 0xff, 0xff, 0xff, 0xff, 0xff,
  0xff, 0xff, 0xff, 0xff, 0xff, 0xff, 0xff, 0xff, 0xff, 0xff, 0xff, 0xff, 0xff, 0xff, 0xff, 0xff,
  0xff, 0xff, 0xff, 0xff, 0xff, 0xff, 0xff, 0xff, 0xff, 0xff, 0xff, 0xff, 0xff, 0xff, 0xff, 0xff,
  0xff, 0xff, 0xff, 0xff, 0xff, 0xff, 0xff, 0xff, 0xff, 0xff, 0xff, 0xff, 0xff, 0xff, 0xff, 0xff,
  0xff, 0xff, 0xff, 0xff, 0xff, 0xff, 0xff, 0xff, 0xff, 0xff, 0xff, 0xff, 0xff, 0xff, 0xff, 0xff,
  0xff, 0xff, 0xff, 0xff, 0xff, 0xff, 0xff, 0xff, 0xff, 0xff, 0xff, 0xff, 0xff, 0xff, 0xff, 0xff,
  0xff, 0xff, 0xff, 0xff, 0xff, 0xff, 0xff, 0xff, 0xff, 0xff, 0xff, 0xff, 0xff, 0xff, 0xff, 0xff,
  0xff, 0xff, 0xff, 0xff, 0xff, 0xff, 0xff, 0xff, 0xff, 0xff, 0xff, 0xff, 0xff, 0xff, 0xff, 0xff,
  0xff, 0xff, 0xff, 0xff, 0xff, 0xff, 0xff, 0xff, 0xff, 0xff, 0xff, 0xff, 0xff, 0xff, 0xff, 0xff,
  0xff, 0xff, 0xff, 0xff, 0xff, 0xff, 0xff, 0xff, 0xff, 0xff, 0xff, 0xff, 0xff, 0xff, 0xff, 0xff,
  0xff, 0xff, 0xff, 0xff, 0xff, 0xff, 0xff, 0xff, 0xff, 0xff, 0xff, 0xff, 0xff, 0xff, 0xff, 0xff,
  0xff, 0xff, 0xff, 0xff, 0xff, 0xff, 0xff, 0xff, 0xff, 0xff, 0xff, 0xff, 0xff, 0xff, 0xff, 0xff,
  0xff, 0xff, 0xff, 0xff, 0xff, 0xff, 0xff, 0xff, 0xff, 0xff, 0xff, 0xff, 0xff, 0xff, 0xff, 0xff,
  0xff, 0xff, 0xff, 0xff, 0xff, 0xff, 0xff, 0xff, 0xff, 0xff, 0xff, 0xff, 0xff, 0xff, 0xff, 0xff,
  0xff, 0xff, 0xff, 0xff, 0xff, 0xff, 0xff, 0xff, 0xff, 0xff, 0xff, 0xff, 0xff, 0xff, 0xff, 0xff,
  0xff, 0xff, 0xff, 0xff, 0xff, 0xff, 0xff, 0xff, 0xff, 0xff, 0xff, 0xff, 0xff, 0xff, 0xff, 0xff,
  0xff, 0xff, 0xff, 0xff, 0xff, 0xff, 0xff, 0xff, 0xff, 0xff, 0xff, 0xff, 0xff, 0xff, 0xff, 0xff,
  0xff, 0xff, 0xff, 0xff, 0xff, 0xff, 0xff, 0xff, 0xff, 0xff, 0xff, 0xff, 0xff, 0xff, 0xff, 0xff,
  0xff, 0xff, 0xff, 0xff, 0xff, 0xff, 0xff, 0xff, 0xff, 0xff, 0xff, 0xff, 0xff, 0xff, 0xff, 0xff,
  0xff, 0xff, 0xff, 0xff, 0xff, 0xff, 0xff, 0xff, 0xff, 0xff, 0xff, 0xff, 0xff, 0xff, 0xff, 0xff,
  0xff, 0xff, 0xff, 0xff, 0xff, 0xff, 0xff, 0xff, 0xff, 0xff, 0xff, 0xff, 0xff, 0xff, 0xff, 0xff,
  0xff, 0xff, 0xff, 0xff, 0xff, 0xff, 0xff, 0xff, 0xff, 0xff, 0xff, 0xff, 0xff, 0xff, 0xff, 0xff,
  0xff, 0xff, 0xff, 0xff, 0xff, 0xff, 0xff, 0xff, 0xff, 0xff, 0xff, 0xff, 0xff, 0xff, 0xff, 0xff,
  0xff, 0xff, 0xff, 0xff, 0xff, 0xff, 0xff, 0xff, 0xff, 0xff, 0xff, 0xff, 0xff, 0xff, 0xff, 0xff,
  0xff, 0xff, 0xff, 0xff, 0xff, 0xff, 0xff, 0xff, 0xff, 0xff, 0xff, 0xff, 0xff, 0xff, 0xff, 0xff,
  0xff, 0xff, 0xff, 0xff, 0xff, 0xff, 0xff, 0xff, 0xff, 0xff, 0xff, 0xff, 0xff, 0xff, 0xff, 0xff,
  0xff, 0xff, 0xff, 0xff, 0xff, 0xff, 0xff, 0xff, 0xff, 0xff, 0xff, 0xff, 0xff, 0xff, 0xff, 0xff,
  0xff, 0xff, 0xff, 0xff, 0xff, 0xff, 0xff, 0xff, 0xff, 0xff, 0xff, 0xff, 0xff, 0xff, 0xff, 0xff,
  0xff, 0xff, 0xff, 0xff, 0xff, 0xff, 0xff, 0xff, 0xff, 0xff, 0xff, 0xff, 0xff, 0xff, 0xff, 0xff,
  0xff, 0xff, 0xff, 0xff, 0xff, 0xff, 0xff, 0xff, 0xff, 0xff, 0xff, 0xff, 0xff, 0xff, 0xff, 0xff,
  0xff, 0xff, 0xff, 0xff, 0xff, 0xff, 0xff, 0xff, 0xff, 0xff, 0xff, 0xff, 0xff, 0xff, 0xff, 0xff,
  0xff, 0xff, 0xff, 0xff, 0xff, 0xff, 0xff, 0xff, 0xff, 0xff, 0xff, 0xff, 0xff, 0xff, 0xff, 0xff,
  0xff, 0xff, 0xff, 0xff, 0xff, 0xff, 0xff, 0xff, 0xff, 0xff, 0xff, 0xff, 0xff, 0xff, 0xff, 0xff,
  0xff, 0xff, 0xff, 0xff, 0xff, 0xff, 0xff, 0xff, 0xff, 0xff, 0xff, 0xff, 0xff, 0xff, 0xff, 0xff,
  0xff, 0xff, 0xff, 0xff, 0xff, 0xff, 0xff, 0xff, 0xff, 0xff, 0xff, 0xff, 0xff, 0xff, 0xff, 0xff,
  0xff, 0xff, 0xff, 0xff, 0xff, 0xff, 0xff, 0xff, 0xff, 0xff, 0xff, 0xff, 0xff, 0xff, 0xff, 0xff,
  0xff, 0xff, 0xff, 0xff, 0xff, 0xff, 0xff, 0xff, 0xff, 0xff, 0xff, 0xff, 0xff, 0xff, 0xff, 0xff,
  0xff, 0xff, 0xff, 0xff, 0xff, 0xff, 0xff, 0xff, 0xff, 0xff, 0xff, 0xff, 0xff, 0xff, 0xff, 0xff,
  0xff, 0xff, 0xff, 0xff, 0xff, 0xff, 0xff, 0xff, 0xff, 0xff, 0xff, 0xff, 0xff, 0xff, 0xff, 0xff,
  0xff, 0xff, 0xff, 0xff, 0xff, 0xff, 0xff, 0xff, 0xff, 0xff, 0xff, 0xff, 0xff, 0xff, 0xff, 0xff,
  0xff, 0xff, 0xff, 0xff, 0xff, 0xff, 0xff, 0xff, 0xff, 0xff, 0xff, 0xff, 0xff, 0xff, 0xff, 0xff,
  0xff, 0xff, 0xff, 0xff, 0xff, 0xff, 0xff, 0xff, 0xff, 0xff, 0xff, 0xff, 0xff, 0xff, 0xff, 0xff,
  0xff, 0xff, 0xff, 0xff, 0xff, 0xff, 0xff, 0xff, 0xff, 0xff, 0xff, 0xff, 0xff, 0xff, 0xff, 0xff,
  0xff, 0xff, 0xff, 0xff, 0xff, 0xff, 0xff, 0xff, 0xff, 0xff, 0xff, 0xff, 0xff, 0xff, 0xff, 0xff,
  0xff, 0xff, 0xff, 0xff, 0xff, 0xff, 0xff, 0xff, 0xff, 0xff, 0xff, 0xff, 0xff, 0xff, 0xff, 0xff,
  0xff, 0xff, 0xff, 0xff, 0xff, 0xff, 0xff, 0xff, 0xff, 0xff, 0xff, 0xff, 0xff, 0xff, 0xff, 0xff,
  0xff, 0xff, 0xff, 0xff, 0xff, 0xff, 0xff, 0xff, 0xff, 0xff, 0xff, 0xff, 0xff, 0xff, 0xff, 0xff,
  0xff, 0xff, 0xff, 0xff, 0xff, 0xff, 0xff, 0xff, 0xff, 0xff, 0xff, 0xff, 0xff, 0xff, 0xff, 0xff,
  0xff, 0xff, 0xff, 0xff, 0xff, 0xff, 0xff, 0xff, 0xff, 0xff, 0xff, 0xff, 0xff, 0xff, 0xff, 0xff,
  0xff, 0xff, 0xff, 0xff, 0xff, 0xff, 0xff, 0xff, 0xff, 0xff, 0xff, 0xff, 0xff, 0xff, 0xff, 0xff,
  0xff, 0xff, 0xff, 0xff, 0xff, 0xff, 0xff, 0xff, 0xff, 0xff, 0xff, 0xff, 0xff, 0xff, 0xff, 0xff,
  0xff, 0xff, 0xff, 0xff, 0xff, 0xff, 0xff, 0xff, 0xff, 0xff, 0xff, 0xff, 0xff, 0xff, 0xff, 0xff,
  0xff, 0xff, 0xff, 0xff, 0xff, 0xff, 0xff, 0xff, 0xff, 0xff, 0xff, 0xff, 0xff, 0xff, 0xff, 0xff,
  0xff, 0xff, 0xff, 0xff, 0xff, 0xff, 0xff, 0xff, 0xff, 0xff, 0xff, 0xff, 0xff, 0xff, 0xff, 0xff,
  0xff, 0xff, 0xff, 0xff, 0xff, 0xff, 0xff, 0xff, 0xff, 0xff, 0xff, 0xff, 0xff, 0xff, 0xff, 0xff,
  0xff, 0xff, 0xff, 0xff, 0xff, 0xff, 0xff, 0xff, 0xff, 0xff, 0xff, 0xff, 0xff, 0xff, 0xff, 0xff,
  0xff, 0xff, 0xff, 0xff, 0xff, 0xff, 0xff, 0xff, 0xff, 0xff, 0xff, 0xff, 0xff, 0xff, 0xff, 0xff,
  0xff, 0xff, 0xff, 0xff, 0xff, 0xff, 0xff, 0xff, 0xff, 0xff, 0xff, 0xff, 0xff, 0xff, 0xff, 0xff,
  0xff, 0xff, 0xff, 0xff, 0xff, 0xff, 0xff, 0xff, 0xff, 0xff, 0xff, 0xff, 0xff, 0xff, 0xff, 0xff,
  0xff, 0xff, 0xff, 0xff, 0xff, 0xff, 0xff, 0xff, 0xff, 0xff, 0xff, 0xff, 0xff, 0xff, 0xff, 0xff,
  0xff, 0xff, 0xff, 0xff, 0xff, 0xff, 0xff, 0xff, 0xff, 0xff, 0xff, 0xff, 0xff, 0xff, 0xff, 0xff,
  0xff, 0xff, 0xff, 0xff, 0xff, 0xff, 0xff, 0xff, 0xff, 0xff, 0xff, 0xff, 0xff, 0xff, 0xff, 0xff,
  0xff, 0xff, 0xff, 0xff, 0xff, 0xff, 0xff, 0xff, 0xff, 0xff, 0xff, 0xff, 0xff, 0xff, 0xff, 0xff,
  0xff, 0xff, 0xff, 0xff, 0xff, 0xff, 0xff, 0xff, 0xff, 0xff, 0xff, 0xff, 0xff, 0xff, 0xff, 0xff,
  0xff, 0xff, 0xff, 0xff, 0xff, 0xff, 0xff, 0xff, 0xff, 0xff, 0xff, 0xff, 0xff, 0xff, 0xff, 0xff,
  0xff, 0xff, 0xff, 0xff, 0xff, 0xff, 0xff, 0xff, 0xff, 0xff, 0xff, 0xff, 0xff, 0xff, 0xff, 0xff,
  0xff, 0xff, 0xff, 0xff, 0xff, 0xff, 0xff, 0xff, 0xff, 0xff, 0xff, 0xff, 0xff, 0xff, 0xff, 0xff,
  0xff, 0xff, 0xff, 0xff, 0xff, 0xff, 0xff, 0xff, 0xff, 0xff, 0xff, 0xff, 0xff, 0xff, 0xff, 0xff,
  0xff, 0xff, 0xff, 0xff, 0xff, 0xff, 0xff, 0xff, 0xff, 0xff, 0xff, 0xff, 0xff, 0xff, 0xff, 0xff,
  0xff, 0xff, 0xff, 0xff, 0xff, 0xff, 0xff, 0xff, 0xff, 0xff, 0xff, 0xff, 0xff, 0xff, 0xff, 0xff,
  0xff, 0xff, 0xff, 0xff, 0xff, 0xff, 0xff, 0xff, 0xff, 0xff, 0xff, 0xff, 0xff, 0xff, 0xff, 0xff,
  0xff, 0xff, 0xff, 0xff, 0xff, 0xff, 0xff, 0xff, 0xff, 0xff, 0xff, 0xff, 0xff, 0xff, 0xff, 0xff,
  0xff, 0xff, 0xff, 0xff, 0xff, 0xff, 0xff, 0xff, 0xff, 0xff, 0xff, 0xff, 0xff, 0xff, 0xff, 0xff,
  0xff, 0xff, 0xff, 0xff, 0xff, 0xff, 0xff, 0xff, 0xff, 0xff, 0xff, 0xff, 0xff, 0xff, 0xff, 0xff,
  0xff, 0xff, 0xff, 0xff, 0xff, 0xff, 0xff, 0xff, 0xff, 0xff, 0xff, 0xff, 0xff, 0xff, 0xff, 0xff,
  0xff, 0xff, 0xff, 0xff, 0xff, 0xff, 0xff, 0xff, 0xff, 0xff, 0xff, 0xff, 0xff, 0xff, 0xff, 0xff,
  0xff, 0xff, 0xff, 0xff, 0xff, 0xff, 0xff, 0xff, 0xff, 0xff, 0xff, 0xff, 0xff, 0xff, 0xff, 0xff,
  0xff, 0xff, 0xff, 0xff, 0xff, 0xff, 0xff, 0xff, 0xff, 0xff, 0xff, 0xff, 0xff, 0xff, 0xff, 0xff,
  0xff, 0xff, 0xff, 0xff, 0xff, 0xff, 0xff, 0xff, 0xff, 0xff, 0xff, 0xff, 0xff, 0xff, 0xff, 0xff,
  0xff, 0xff, 0xff, 0xff, 0xff, 0xff, 0xff, 0xff, 0xff, 0xff, 0xff, 0xff, 0xff, 0xff, 0xff, 0xff,
  0xff, 0xff, 0xff, 0xff, 0xff, 0xff, 0xff, 0xff, 0xff, 0xff, 0xff, 0xff, 0xff, 0xff, 0xff, 0xff,
  0xff, 0xff, 0xff, 0xff, 0xff, 0xff, 0xff, 0xff, 0xff, 0xff, 0xff, 0xff, 0xff, 0xff, 0xff, 0xff,
  0xff, 0xff, 0xff, 0xff, 0xff, 0xff, 0xff, 0xff, 0xff, 0xff, 0xff, 0xff, 0xff, 0xff, 0xff, 0xff,
  0xff, 0xff, 0xff, 0xff, 0xff, 0xff, 0xff, 0xff, 0xff, 0xff, 0xff, 0xff, 0xff, 0xff, 0xff, 0xff,
  0xff, 0xff, 0xff, 0xff, 0xff, 0xff, 0xff, 0xff, 0xff, 0xff, 0xff, 0xff, 0xff, 0xff, 0xff, 0xff,
  0xff, 0xff, 0xff, 0xff, 0xff, 0xff, 0xff, 0xff, 0xff, 0xff, 0xff, 0xff, 0xff, 0xff, 0xff, 0xff,
  0xff, 0xff, 0xff, 0xff, 0xff, 0xff, 0xff, 0xff, 0xff, 0xff, 0xff, 0xff, 0xff, 0xff, 0xff, 0xff,
  0xff, 0xff, 0xff, 0xff, 0xff, 0xff, 0xff, 0xff, 0xff, 0xff, 0xff, 0xff, 0xff, 0xff, 0xff, 0xff,
  0xff, 0xff, 0xff, 0xff, 0xff, 0xff, 0xff, 0xff, 0xff, 0xff, 0xff, 0xff, 0xff, 0xff, 0xff, 0xff,
  0xff, 0xff, 0xff, 0xff, 0xff, 0xff, 0xff, 0xff, 0xff, 0xff, 0xff, 0xff, 0xff, 0xff, 0xff, 0xff,
  0xff, 0xff, 0xff, 0xff, 0xff, 0xff, 0xff, 0xff, 0xff, 0xff, 0xff, 0xff, 0xff, 0xff, 0xff, 0xff,
  0xff, 0xff, 0xff, 0xff, 0xff, 0xff, 0xff, 0xff, 0xff, 0xff, 0xff, 0xff, 0xff, 0xff, 0xff, 0xff,
  0xff, 0xff, 0xff, 0xff, 0xff, 0xff, 0xff, 0xff, 0xff, 0xff, 0xff, 0xff, 0xff, 0xff, 0xff, 0xff,
  0xff, 0xff, 0xff, 0xff, 0xff, 0xff, 0xff, 0xff, 0xff, 0xff, 0xff, 0xff, 0xff, 0xff, 0xff, 0xff,
  0xff, 0xff, 0xff, 0xff, 0xff, 0xff, 0xff, 0xff, 0xff, 0xff, 0xff, 0xff, 0xff, 0xff, 0xff, 0xff,
  0xff, 0xff, 0xff, 0xff, 0xff, 0xff, 0xff, 0xff, 0xff, 0xff, 0xff, 0xff, 0xff, 0xff, 0xff, 0xff,
  0xff, 0xff, 0xff, 0xff, 0xff, 0xff, 0xff, 0xff, 0xff, 0xff, 0xff, 0xff, 0xff, 0xff, 0xff, 0xff,
  0xff, 0xff, 0xff, 0xff, 0xff, 0xff, 0xff, 0xff, 0xff, 0xff, 0xff, 0xff, 0xff, 0xff, 0xff, 0xff,
  0xff, 0xff, 0xff, 0xff, 0xff, 0xff, 0xff, 0xff, 0xff, 0xff, 0xff, 0xff, 0xff, 0xff, 0xff, 0xff,
  0xff, 0xff, 0xff, 0xff, 0xff, 0xff, 0xff, 0xff, 0xff, 0xff, 0xff, 0xff, 0xff, 0xff, 0xff, 0xff,
  0xff, 0xff, 0xff, 0xff, 0xff, 0xff, 0xff, 0xff, 0xff, 0xff, 0xff, 0xff, 0xff, 0xff, 0xff, 0xff,
  0xff, 0xff, 0xff, 0xff, 0xff, 0xff, 0xff, 0xff, 0xff, 0xff, 0xff, 0xff, 0xff, 0xff, 0xff, 0xff,
  0xff, 0xff, 0xff, 0xff, 0xff, 0xff, 0xff, 0xff, 0xff, 0xff, 0xff, 0xff, 0xff, 0xff, 0xff, 0xff,
  0xff, 0xff, 0xff, 0xff, 0xff, 0xff, 0xff, 0xff, 0xff, 0xff, 0xff, 0xff, 0xff, 0xff, 0xff, 0xff,
  0xff, 0xff, 0xff, 0xff, 0xff, 0xff, 0xff, 0xff, 0xff, 0xff, 0xff, 0xff, 0xff, 0xff, 0xff, 0xff,
  0xff, 0xff, 0xff, 0xff, 0xff, 0xff, 0xff, 0xff, 0xff, 0xff, 0xff, 0xff, 0xff, 0xff, 0xff, 0xff,
  0xff, 0xff, 0xff, 0xff, 0xff, 0xff, 0xff, 0xff, 0xff, 0xff, 0xff, 0xff, 0xff, 0xff, 0xff, 0xff,
  0xff, 0xff, 0xff, 0xff, 0xff, 0xff, 0xff, 0xff, 0xff, 0xff, 0xff, 0xff, 0xff, 0xff, 0xff, 0xff,
  0xff, 0xff, 0xff, 0xff, 0xff, 0xff, 0xff, 0xff, 0xff, 0xff, 0xff, 0xff, 0xff, 0xff, 0xff, 0xff,
  0xff, 0xff, 0xff, 0xff, 0xff, 0xff, 0xff, 0xff, 0xff, 0xff, 0xff, 0xff, 0xff, 0xff, 0xff, 0xff,
  0xff, 0xff, 0xff, 0xff, 0xff, 0xff, 0xff, 0xff, 0xff, 0xff, 0xff, 0xff, 0xff, 0xff, 0xff, 0xff,
  0xff, 0xff, 0xff, 0xff, 0xff, 0xff, 0xff, 0xff, 0xff, 0xff, 0xff, 0xff, 0xff, 0xff, 0xff, 0xff,
  0xff, 0xff, 0xff, 0xff, 0xff, 0xff, 0xff, 0xff, 0xff, 0xff, 0xff, 0xff, 0xff, 0xff, 0xff, 0xff,
  0xff, 0xff, 0xff, 0xff, 0xff, 0xff, 0xff, 0xff, 0xff, 0xff, 0xff, 0xff, 0xff, 0xff, 0xff, 0xff,
  0xff, 0xff, 0xff, 0xff, 0xff, 0xff, 0xff, 0xff, 0xff, 0xff, 0xff, 0xff, 0xff, 0xff, 0xff, 0xff,
  0xff, 0xff, 0xff, 0xff, 0xff, 0xff, 0xff, 0xff, 0xff, 0xff, 0xff, 0xff, 0xff, 0xff, 0xff, 0xff,
  0xff, 0xff, 0xff, 0xff, 0xff, 0xff, 0xff, 0xff, 0xff, 0xff, 0xff, 0xff, 0xff, 0xff, 0xff, 0xff,
  0xff, 0xff, 0xff, 0xff, 0xff, 0xff, 0xff, 0xff, 0xff, 0xff, 0xff, 0xff, 0xff, 0xff, 0xff, 0xff,
  0xff, 0xff, 0xff, 0xff, 0xff, 0xff, 0xff, 0xff, 0xff, 0xff, 0xff, 0xff, 0xff, 0xff, 0xff, 0xff,
  0xff, 0xff, 0xff, 0xff, 0xff, 0xff, 0xff, 0xff, 0xff, 0xff, 0xff, 0xff, 0xff, 0xff, 0xff, 0xff,
  0xff, 0xff, 0xff, 0xff, 0xff, 0xff, 0xff, 0xff, 0xff, 0xff, 0xff, 0xff, 0xff, 0xff, 0xff, 0xff,
  0xff, 0xff, 0xff, 0xff, 0xff, 0xff, 0xff, 0xff, 0xff, 0xff, 0xff, 0xff, 0xff, 0xff, 0xff, 0xff,
  0xff, 0xff, 0xff, 0xff, 0xff, 0xff, 0xff, 0xff, 0xff, 0xff, 0xff, 0xff, 0xff, 0xff, 0xff, 0xff,
  0xff, 0xff, 0xff, 0xff, 0xff, 0xff, 0xff, 0xff, 0xff, 0xff, 0xff, 0xff, 0xff, 0xff, 0xff, 0xff,
  0xff, 0xff, 0xff, 0xff, 0xff, 0xff, 0xff, 0xff, 0xff, 0xff, 0xff, 0xff, 0xff, 0xff, 0xff, 0xff,
  0xff, 0xff, 0xff, 0xff, 0xff, 0xff, 0xff, 0xff, 0xff, 0xff, 0xff, 0xff, 0xff, 0xff, 0xff, 0xff,
  0xff, 0xff, 0xff, 0xff, 0xff, 0xff, 0xff, 0xff, 0xff, 0xff, 0xff, 0xff, 0xff, 0xff, 0xff, 0xff,
  0xff, 0xff, 0xff, 0xff, 0xff, 0xff, 0xff, 0xff, 0xff, 0xff, 0xff, 0xff, 0xff, 0xff, 0xff, 0xff,
  0xff, 0xff, 0xff, 0xff, 0xff, 0xff, 0xff, 0xff, 0xff, 0xff, 0xff, 0xff, 0xff, 0xff, 0xff, 0xff,
  0xff, 0xff, 0xff, 0xff, 0xff, 0xff, 0xff, 0xff, 0xff, 0xff, 0xff, 0xff, 0xff, 0xff, 0xff, 0xff,
  0xff, 0xff, 0xff, 0xff, 0xff, 0xff, 0xff, 0xff, 0xff, 0xff, 0xff, 0xff, 0xff, 0xff, 0xff, 0xff,
  0xff, 0xff, 0xff, 0xff, 0xff, 0xff, 0xff, 0xff, 0xff, 0xff, 0xff, 0xff, 0xff, 0xff, 0xff, 0xff,
  0xff, 0xff, 0xff, 0xff, 0xff, 0xff, 0xff, 0xff, 0xff, 0xff, 0xff, 0xff, 0xff, 0xff, 0xff, 0xff,
  0xff, 0xff, 0xff, 0xff, 0xff, 0xff, 0xff, 0xff, 0xff, 0xff, 0xff, 0xff, 0xff, 0xff, 0xff, 0xff,
  0xff, 0xff, 0xff, 0xff, 0xff, 0xff, 0xff, 0xff, 0xff, 0xff, 0xff, 0xff, 0xff, 0xff, 0xff, 0xff,
  0xff, 0xff, 0xff, 0xff, 0xff, 0xff, 0xff, 0xff, 0xff, 0xff, 0xff, 0xff, 0xff, 0xff, 0xff, 0xff,
  0xff, 0xff, 0xff, 0xff, 0xff, 0xff, 0xff, 0xff, 0xff, 0xff, 0xff, 0xff, 0xff, 0xff, 0xff, 0xff,
  0xff, 0xff, 0xff, 0xff, 0xff, 0xff, 0xff, 0xff, 0xff, 0xff, 0xff, 0xff, 0xff, 0xff, 0xff, 0xff,
  0xff, 0xff, 0xff, 0xff, 0xff, 0xff, 0xff, 0xff, 0xff, 0xff, 0xff, 0xff, 0xff, 0xff, 0xff, 0xff,
  0xff, 0xff, 0xff, 0xff, 0xff, 0xff, 0xff, 0xff, 0xff, 0xff, 0xff, 0xff, 0xff, 0xff, 0xff, 0xff,
  0xff, 0xff, 0xff, 0xff, 0xff, 0xff, 0xff, 0xff, 0xff, 0xff, 0xff, 0xff, 0xff, 0xff, 0xff, 0xff,
  0xff, 0xff, 0xff, 0xff, 0xff, 0xff, 0xff, 0xff, 0xff, 0xff, 0xff, 0xff, 0xff, 0xff, 0xff, 0xff,
  0xff, 0xff, 0xff, 0xff, 0xff, 0xff, 0xff, 0xff, 0xff, 0xff, 0xff, 0xff, 0xff, 0xff, 0xff, 0xff,
  0xff, 0xff, 0xff, 0xff, 0xff, 0xff, 0xff, 0xff, 0xff, 0xff, 0xff, 0xff, 0xff, 0xff, 0xff, 0xff,
  0xff, 0xff, 0xff, 0xff, 0xff, 0xff, 0xff, 0xff, 0xff, 0xff, 0xff, 0xff, 0xff, 0xff, 0xff, 0xff,
  0xff, 0xff, 0xff, 0xff, 0xff, 0xff, 0xff, 0xff, 0xff, 0xff, 0xff, 0xff, 0xff, 0xff, 0xff, 0xff,
  0xff, 0xff, 0xff, 0xff, 0xff, 0xff, 0xff, 0xff, 0xff, 0xff, 0xff, 0xff, 0xff, 0xff, 0xff, 0xff,
  0xff, 0xff, 0xff, 0xff, 0xff, 0xff, 0xff, 0xff, 0xff, 0xff, 0xff, 0xff, 0xff, 0xff, 0xff, 0xff,
  0xff, 0xff, 0xff, 0xff, 0xff, 0xff, 0xff, 0xff, 0xff, 0xff, 0xff, 0xff, 0xff, 0xff, 0xff, 0xff,
  0xff, 0xff, 0xff, 0xff, 0xff, 0xff, 0xff, 0xff, 0xff, 0xff, 0xff, 0xff, 0xff, 0xff, 0xff, 0xff,
  0xff, 0xff, 0xff, 0xff, 0xff, 0xff, 0xff, 0xff, 0xff, 0xff, 0xff, 0xff, 0xff, 0xff, 0xff, 0xff,
  0xff, 0xff, 0xff, 0xff, 0xff, 0xff, 0xff, 0xff, 0xff, 0xff, 0xff, 0xff, 0xff, 0xff, 0xff, 0xff,
  0xff, 0xff, 0xff, 0xff, 0xff, 0xff, 0xff, 0xff, 0xff, 0xff, 0xff, 0xff, 0xff, 0xff, 0xff, 0xff,
  0xff, 0xff, 0xff, 0xff, 0xff, 0xff, 0xff, 0xff, 0xff, 0xff, 0xff, 0xff, 0xff, 0xff, 0xff, 0xff,
  0xff, 0xff, 0xff, 0xff, 0xff, 0xff, 0xff, 0xff, 0xff, 0xff, 0xff, 0xff, 0xff, 0xff, 0xff, 0xff,
  0xff, 0xff, 0xff, 0xff, 0xff, 0xff, 0xff, 0xff, 0xff, 0xff, 0xff, 0xff, 0xff, 0xff, 0xff, 0xff,
  0xff, 0xff, 0xff, 0xff, 0xff, 0xff, 0xff, 0xff, 0xff, 0xff, 0xff, 0xff, 0xff, 0xff, 0xff, 0xff,
  0xff, 0xff, 0xff, 0xff, 0xff, 0xff, 0xff, 0xff, 0xff, 0xff, 0xff, 0xff, 0xff, 0xff, 0xff, 0xff,
  0xff, 0xff, 0xff, 0xff, 0xff, 0xff, 0xff, 0xff, 0xff, 0xff, 0xff, 0xff, 0xff, 0xff, 0xff, 0xff,
  0xff, 0xff, 0xff, 0xff, 0xff, 0xff, 0xff, 0xff, 0xff, 0xff, 0xff, 0xff, 0xff, 0xff, 0xff, 0xff,
  0xff, 0xff, 0xff, 0xff, 0xff, 0xff, 0xff, 0xff, 0xff, 0xff, 0xff, 0xff, 0xff, 0xff, 0xff, 0xff,
  0xff, 0xff, 0xff, 0xff, 0xff, 0xff, 0xff, 0xff, 0xff, 0xff, 0xff, 0xff, 0xff, 0xff, 0xff, 0xff,
  0xff, 0xff, 0xff, 0xff, 0xff, 0xff, 0xff, 0xff, 0xff, 0xff, 0xff, 0xff, 0xff, 0xff, 0xff, 0xff,
  0xff, 0xff, 0xff, 0xff, 0xff, 0xff, 0xff, 0xff, 0xff, 0xff, 0xff, 0xff, 0xff, 0xff, 0xff, 0xff,
  0xff, 0xff, 0xff, 0xff, 0xff, 0xff, 0xff, 0xff, 0xff, 0xff, 0xff, 0xff, 0xff, 0xff, 0xff, 0xff,
  0xff, 0xff, 0xff, 0xff, 0xff, 0xff, 0xff, 0xff, 0xff, 0xff, 0xff, 0xff, 0xff, 0xff, 0xff, 0xff,
  0xff, 0xff, 0xff, 0xff, 0xff, 0xff, 0xff, 0xff, 0xff, 0xff, 0xff, 0xff, 0xff, 0xff, 0xff, 0xff,
  0xff, 0xff, 0xff, 0xff, 0xff, 0xff, 0xff, 0xff, 0xff, 0xff, 0xff, 0xff, 0xff, 0xff, 0xff, 0xff,
  0xff, 0xff, 0xff, 0xff, 0xff, 0xff, 0xff, 0xff, 0xff, 0xff, 0xff, 0xff, 0xff, 0xff, 0xff, 0xff,
  0xff, 0xff, 0xff, 0xff, 0xff, 0xff, 0xff, 0xff, 0xff, 0xff, 0xff, 0xff, 0xff, 0xff, 0xff, 0xff,
  0xff, 0xff, 0xff, 0xff, 0xff, 0xff, 0xff, 0xff, 0xff, 0xff, 0xff, 0xff, 0xff, 0xff, 0xff, 0xff,
  0xff, 0xff, 0xff, 0xff, 0xff, 0xff, 0xff, 0xff, 0xff, 0xff, 0xff, 0xff, 0xff, 0xff, 0xff, 0xff,
  0xff, 0xff, 0xff, 0xff, 0xff, 0xff, 0xff, 0xff, 0xff, 0xff, 0xff, 0xff, 0xff, 0xff, 0xff, 0xff,
  0xff, 0xff, 0xff, 0xff, 0xff, 0xff, 0xff, 0xff, 0xff, 0xff, 0xff, 0xff, 0xff, 0xff, 0xff, 0xff,
  0xff, 0xff, 0xff, 0xff, 0xff, 0xff, 0xff, 0xff, 0xff, 0xff, 0xff, 0xff, 0xff, 0xff, 0xff, 0xff,
  0xff, 0xff, 0xff, 0xff, 0xff, 0xff, 0xff, 0xff, 0xff, 0xff, 0xff, 0xff, 0xff, 0xff, 0xff, 0xff,
  0xff, 0xff, 0xff, 0xff, 0xff, 0xff, 0xff, 0xff, 0xff, 0xff, 0xff, 0xff, 0xff, 0xff, 0xff, 0xff,
  0xff, 0xff, 0xff, 0xff, 0xff, 0xff, 0xff, 0xff, 0xff, 0xff, 0xff, 0xff, 0xff, 0xff, 0xff, 0xff,
  0xff, 0xff, 0xff, 0xff, 0xff, 0xff, 0xff, 0xff, 0xff, 0xff, 0xff, 0xff, 0xff, 0xff, 0xff, 0xff,
  0xff, 0xff, 0xff, 0xff, 0xff, 0xff, 0xff, 0xff, 0xff, 0xff, 0xff, 0xff, 0xff, 0xff, 0xff, 0xff,
  0xff, 0xff, 0xff, 0xff, 0xff, 0xff, 0xff, 0xff, 0xff, 0xff, 0xff, 0xff, 0xff, 0xff, 0xff, 0xff,
  0xff, 0xff, 0xff, 0xff, 0xff, 0xff, 0xff, 0xff, 0xff, 0xff, 0xff, 0xff, 0xff, 0xff, 0xff, 0xff,
  0xff, 0xff, 0xff, 0xff, 0xff, 0xff, 0xff, 0xff, 0xff, 0xff, 0xff, 0xff, 0xff, 0xff, 0xff, 0xff,
  0xff, 0xff, 0xff, 0xff, 0xff, 0xff, 0xff, 0xff, 0xff, 0xff, 0xff, 0xff, 0xff, 0xff, 0xff, 0xff,
  0xff, 0xff, 0xff, 0xff, 0xff, 0xff, 0xff, 0xff, 0xff, 0xff, 0xff, 0xff, 0xff, 0xff, 0xff, 0xff,
  0xff, 0xff, 0xff, 0xff, 0xff, 0xff, 0xff, 0xff, 0xff, 0xff, 0xff, 0xff, 0xff, 0xff, 0xff, 0xff,
  0xff, 0xff, 0xff, 0xff, 0xff, 0xff, 0xff, 0xff, 0xff, 0xff, 0xff, 0xff, 0xff, 0xff, 0xff, 0xff,
  0xff, 0xff, 0xff, 0xff, 0xff, 0xff, 0xff, 0xff, 0xff, 0xff, 0xff, 0xff, 0xff, 0xff, 0xff, 0xff,
  0xff, 0xff, 0xff, 0xff, 0xff, 0xff, 0xff, 0xff, 0xff, 0xff, 0xff, 0xff, 0xff, 0xff, 0xff, 0xff,
  0xff, 0xff, 0xff, 0xff, 0xff, 0xff, 0xff, 0xff, 0xff, 0xff, 0xff, 0xff, 0xff, 0xff, 0xff, 0xff,
  0xff, 0xff, 0xff, 0xff, 0xff, 0xff, 0xff, 0xff, 0xff, 0xff, 0xff, 0xff, 0xff, 0xff, 0xff, 0xff,
  0xff, 0xff, 0xff, 0xff, 0xff, 0xff, 0xff, 0xff, 0xff, 0xff, 0xff, 0xff, 0xff, 0xff, 0xff, 0xff,
  0xff, 0xff, 0xff, 0xff, 0xff, 0xff, 0xff, 0xff, 0xff, 0xff, 0xff, 0xff, 0xff, 0xff, 0xff, 0xff,
  0xff, 0xff, 0xff, 0xff, 0xff, 0xff, 0xff, 0xff, 0xff, 0xff, 0xff, 0xff, 0xff, 0xff, 0xff, 0xff,
  0xff, 0xff, 0xff, 0xff, 0xff, 0xff, 0xff, 0xff, 0xff, 0xff, 0xff, 0xff, 0xff, 0xff, 0xff, 0xff,
  0xff, 0xff, 0xff, 0xff, 0xff, 0xff, 0xff, 0xff, 0xff, 0xff, 0xff, 0xff, 0xff, 0xff, 0xff, 0xff,
  0xff, 0xff, 0xff, 0xff, 0xff, 0xff, 0xff, 0xff, 0xff, 0xff, 0xff, 0xff, 0xff, 0xff, 0xff, 0xff,
  0xff, 0xff, 0xff, 0xff, 0xff, 0xff, 0xff, 0xff, 0xff, 0xff, 0xff, 0xff, 0xff, 0xff, 0xff, 0xff,
  0xff, 0xff, 0xff, 0xff, 0xff, 0xff, 0xff, 0xff, 0xff, 0xff, 0xff, 0xff, 0xff, 0xff, 0xff, 0xff,
  0xff, 0xff, 0xff, 0xff, 0xff, 0xff, 0xff, 0xff, 0xff, 0xff, 0xff, 0xff, 0xff, 0xff, 0xff, 0xff,
  0xff, 0xff, 0xff, 0xff, 0xff, 0xff, 0xff, 0xff, 0xff, 0xff, 0xff, 0xff, 0xff, 0xff, 0xff, 0xff,
  0xff, 0xff, 0xff, 0xff, 0xff, 0xff, 0xff, 0xff, 0xff, 0xff, 0xff, 0xff, 0xff, 0xff, 0xff, 0xff,
  0xff, 0xff, 0xff, 0xff, 0xff, 0xff, 0xff, 0xff, 0xff, 0xff, 0xff, 0xff, 0xff, 0xff, 0xff, 0xff,
  0xff, 0xff, 0xff, 0xff, 0xff, 0xff, 0xff, 0xff, 0xff, 0xff, 0xff, 0xff, 0xff, 0xff, 0xff, 0xff,
  0xff, 0xff, 0xff, 0xff, 0xff, 0xff, 0xff, 0xff, 0xff, 0xff, 0xff, 0xff, 0xff, 0xff, 0xff, 0xff,
  0xff, 0xff, 0xff, 0xff, 0xff, 0xff, 0xff, 0xff, 0xff, 0xff, 0xff, 0xff, 0xff, 0xff, 0xff, 0xff,
  0xff, 0xff, 0xff, 0xff, 0xff, 0xff, 0xff, 0xff, 0xff, 0xff, 0xff, 0xff, 0xff, 0xff, 0xff, 0xff,
  0xff, 0xff, 0xff, 0xff, 0xff, 0xff, 0xff, 0xff, 0xff, 0xff, 0xff, 0xff, 0xff, 0xff, 0xff, 0xff,
  0xff, 0xff, 0xff, 0xff, 0xff, 0xff, 0xff, 0xff, 0xff, 0xff, 0xff, 0xff, 0xff, 0xff, 0xff, 0xff,
  0xff, 0xff, 0xff, 0xff, 0xff, 0xff, 0xff, 0xff, 0xff, 0xff, 0xff, 0xff, 0xff, 0xff, 0xff, 0xff,
  0xff, 0xff, 0xff, 0xff, 0xff, 0xff, 0xff, 0xff, 0xff, 0xff, 0xff, 0xff, 0xff, 0xff, 0xff, 0xff,
  0xff, 0xff, 0xff, 0xff, 0xff, 0xff, 0xff, 0xff, 0xff, 0xff, 0xff, 0xff, 0xff, 0xff, 0xff, 0xff,
  0xff, 0xff, 0xff, 0xff, 0xff, 0xff, 0xff, 0xff, 0xff, 0xff, 0xff, 0xff, 0xff, 0xff, 0xff, 0xff,
  0xff, 0xff, 0xff, 0xff, 0xff, 0xff, 0xff, 0xff, 0xff, 0xff, 0xff, 0xff, 0xff, 0xff, 0xff, 0xff,
  0xff, 0xff, 0xff, 0xff, 0xff, 0xff, 0xff, 0xff, 0xff, 0xff, 0xff, 0xff, 0xff, 0xff, 0xff, 0xff,
  0xff, 0xff, 0xff, 0xff, 0xff, 0xff, 0xff, 0xff, 0xff, 0xff, 0xff, 0xff, 0xff, 0xff, 0xff, 0xff,
  0xff, 0xff, 0xff, 0xff, 0xff, 0xff, 0xff, 0xff, 0xff, 0xff, 0xff, 0xff, 0xff, 0xff, 0xff, 0xff,
  0xff, 0xff, 0xff, 0xff, 0xff, 0xff, 0xff, 0xff, 0xff, 0xff, 0xff, 0xff, 0xff, 0xff, 0xff, 0xff,
  0xff, 0xff, 0xff, 0xff, 0xff, 0xff, 0xff, 0xff, 0xff, 0xff, 0xff, 0xff, 0xff, 0xff, 0xff, 0xff,
  0xff, 0xff, 0xff, 0xff, 0xff, 0xff, 0xff, 0xff, 0xff, 0xff, 0xff, 0xff, 0xff, 0xff, 0xff, 0xff,
  0xff, 0xff, 0xff, 0xff, 0xff, 0xff, 0xff, 0xff, 0xff, 0xff, 0xff, 0xff, 0xff, 0xff, 0xff, 0xff,
  0xff, 0xff, 0xff, 0xff, 0xff, 0xff, 0xff, 0xff, 0xff, 0xff, 0xff, 0xff, 0xff, 0xff, 0xff, 0xff,
  0xff, 0xff, 0xff, 0xff, 0xff, 0xff, 0xff, 0xff, 0xff, 0xff, 0xff, 0xff, 0xff, 0xff, 0xff, 0xff,
  0xff, 0xff, 0xff, 0xff, 0xff, 0xff, 0xff, 0xff, 0xff, 0xff, 0xff, 0xff, 0xff, 0xff, 0xff, 0xff,
  0xff, 0xff, 0xff, 0xff, 0xff, 0xff, 0xff, 0xff, 0xff, 0xff, 0xff, 0xff, 0xff, 0xff, 0xff, 0xff,
  0xff, 0xff, 0xff, 0xff, 0xff, 0xff, 0xff, 0xff, 0xff, 0xff, 0xff, 0xff, 0xff, 0xff, 0xff, 0xff,
  0xff, 0xff, 0xff, 0xff, 0xff, 0xff, 0xff, 0xff, 0xff, 0xff, 0xff, 0xff, 0xff, 0xff, 0xff, 0xff,
  0xff, 0xff, 0xff, 0xff, 0xff, 0xff, 0xff, 0xff, 0xff, 0xff, 0xff, 0xff, 0xff, 0xff, 0xff, 0xff,
  0xff, 0xff, 0xff, 0xff, 0xff, 0xff, 0xff, 0xff, 0xff, 0xff, 0xff, 0xff, 0xff, 0xff, 0xff, 0xff,
  0xff, 0xff, 0xff, 0xff, 0xff, 0xff, 0xff, 0xff, 0xff, 0xff, 0xff, 0xff, 0xff, 0xff, 0xff, 0xff,
  0xff, 0xff, 0xff, 0xff, 0xff, 0xff, 0xff, 0xff, 0xff, 0xff, 0xff, 0xff, 0xff, 0xff, 0xff, 0xff,
  0xff, 0xff, 0xff, 0xff, 0xff, 0xff, 0xff, 0xff, 0xff, 0xff, 0xff, 0xff, 0xff, 0xff, 0xff, 0xff,
  0xff, 0xff, 0xff, 0xff, 0xff, 0xff, 0xff, 0xff, 0xff, 0xff, 0xff, 0xff, 0xff, 0xff, 0xff, 0xff,
  0xff, 0xff, 0xff, 0xff, 0xff, 0xff, 0xff, 0xff, 0xff, 0xff, 0xff, 0xff, 0xff, 0xff, 0xff, 0xff,
  0xff, 0xff, 0xff, 0xff, 0xff, 0xff, 0xff, 0xff, 0xff, 0xff, 0xff, 0xff, 0xff, 0xff, 0xff, 0xff,
  0xff, 0xff, 0xff, 0xff, 0xff, 0xff, 0xff, 0xff, 0xff, 0xff, 0xff, 0xff, 0xff, 0xff, 0xff, 0xff,
  0xff, 0xff, 0xff, 0xff, 0xff, 0xff, 0xff, 0xff, 0xff, 0xff, 0xff, 0xff, 0xff, 0xff, 0xff, 0xff,
  0xff, 0xff, 0xff, 0xff, 0xff, 0xff, 0xff, 0xff, 0xff, 0xff, 0xff, 0xff, 0xff, 0xff, 0xff, 0xff,
  0xff, 0xff, 0xff, 0xff, 0xff, 0xff, 0xff, 0xff, 0xff, 0xff, 0xff, 0xff, 0xff, 0xff, 0xff, 0xff,
  0xff, 0xff, 0xff, 0xff, 0xff, 0xff, 0xff, 0xff, 0xff, 0xff, 0xff, 0xff, 0xff, 0xff, 0xff, 0xff,
  0xff, 0xff, 0xff, 0xff, 0xff, 0xff, 0xff, 0xff, 0xff, 0xff, 0xff, 0xff, 0xff, 0xff, 0xff, 0xff,
  0xff, 0xff, 0xff, 0xff, 0xff, 0xff, 0xff, 0xff, 0xff, 0xff, 0xff, 0xff, 0xff, 0xff, 0xff, 0xff,
  0xff, 0xff, 0xff, 0xff, 0xff, 0xff, 0xff, 0xff, 0xff, 0xff, 0xff, 0xff, 0xff, 0xff, 0xff, 0xff,
  0xff, 0xff, 0xff, 0xff, 0xff, 0xff, 0xff, 0xff, 0xff, 0xff, 0xff, 0xff, 0xff, 0xff, 0xff, 0xff,
  0xff, 0xff, 0xff, 0xff, 0xff, 0xff, 0xff, 0xff, 0xff, 0xff, 0xff, 0xff, 0xff, 0xff, 0xff, 0xff,
  0xff, 0xff, 0xff, 0xff, 0xff, 0xff, 0xff, 0xff, 0xff, 0xff, 0xff, 0xff, 0xff, 0xff, 0xff, 0xff,
  0xff, 0xff, 0xff, 0xff, 0xff, 0xff, 0xff, 0xff, 0xff, 0xff, 0xff, 0xff, 0xff, 0xff, 0xff, 0xff,
  0xff, 0xff, 0xff, 0xff, 0xff, 0xff, 0xff, 0xff, 0xff, 0xff, 0xff, 0xff, 0xff, 0xff, 0xff, 0xff,
  0xff, 0xff, 0xff, 0xff, 0xff, 0xff, 0xff, 0xff, 0xff, 0xff, 0xff, 0xff, 0xff, 0xff, 0xff, 0xff,
  0xff, 0xff, 0xff, 0xff, 0xff, 0xff, 0xff, 0xff, 0xff, 0xff, 0xff, 0xff, 0xff, 0xff, 0xff, 0xff,
  0xff, 0xff, 0xff, 0xff, 0xff, 0xff, 0xff, 0xff, 0xff, 0xff, 0xff, 0xff, 0xff, 0xff, 0xff, 0xff,
  0xff, 0xff, 0xff, 0xff, 0xff, 0xff, 0xff, 0xff, 0xff, 0xff, 0xff, 0xff, 0xff, 0xff, 0xff, 0xff,
  0xff, 0xff, 0xff, 0xff, 0xff, 0xff, 0xff, 0xff, 0xff, 0xff, 0xff, 0xff, 0xff, 0xff, 0xff, 0xff,
  0xff, 0xff, 0xff, 0xff, 0xff, 0xff, 0xff, 0xff, 0xff, 0xff, 0xff, 0xff, 0xff, 0xff, 0xff, 0xff,
  0xff, 0xff, 0xff, 0xff, 0xff, 0xff, 0xff, 0xff, 0xff, 0xff, 0xff, 0xff, 0xff, 0xff, 0xff, 0xff,
  0xff, 0xff, 0xff, 0xff, 0xff, 0xff, 0xff, 0xff, 0xff, 0xff, 0xff, 0xff, 0xff, 0xff, 0xff, 0xff,
  0xff, 0xff, 0xff, 0xff, 0xff, 0xff, 0xff, 0xff, 0xff, 0xff, 0xff, 0xff, 0xff, 0xff, 0xff, 0xff,
  0xff, 0xff, 0xff, 0xff, 0xff, 0xff, 0xff, 0xff, 0xff, 0xff, 0xff, 0xff, 0xff, 0xff, 0xff, 0xff,
  0xff, 0xff, 0xff, 0xff, 0xff, 0xff, 0xff, 0xff, 0xff, 0xff, 0xff, 0xff, 0xff, 0xff, 0xff, 0xff,
  0xff, 0xff, 0xff, 0xff, 0xff, 0xff, 0xff, 0xff, 0xff, 0xff, 0xff, 0xff, 0xff, 0xff, 0xff, 0xff,
  0xff, 0xff, 0xff, 0xff, 0xff, 0xff, 0xff, 0xff, 0xff, 0xff, 0xff, 0xff, 0xff, 0xff, 0xff, 0xff,
  0xff, 0xff, 0xff, 0xff, 0xff, 0xff, 0xff, 0xff, 0xff, 0xff, 0xff, 0xff, 0xff, 0xff, 0xff, 0xff,
  0xff, 0xff, 0xff, 0xff, 0xff, 0xff, 0xff, 0xff, 0xff, 0xff, 0xff, 0xff, 0xff, 0xff, 0xff, 0xff,
  0xff, 0xff, 0xff, 0xff, 0xff, 0xff, 0xff, 0xff, 0xff, 0xff, 0xff, 0xff, 0xff, 0xff, 0xff, 0xff,
  0xff, 0xff, 0xff, 0xff, 0xff, 0xff, 0xff, 0xff, 0xff, 0xff, 0xff, 0xff, 0xff, 0xff, 0xff, 0xff,
  0xff, 0xff, 0xff, 0xff, 0xff, 0xff, 0xff, 0xff, 0xff, 0xff, 0xff, 0xff, 0xff, 0xff, 0xff, 0xff,
  0xff, 0xff, 0xff, 0xff, 0xff, 0xff, 0xff, 0xff, 0xff, 0xff, 0xff, 0xff, 0xff, 0xff, 0xff, 0xff,
  0xff, 0xff, 0xff, 0xff, 0xff, 0xff, 0xff, 0xff, 0xff, 0xff, 0xff, 0xff, 0xff, 0xff, 0xff, 0xff,
  0xff, 0xff, 0xff, 0xff, 0xff, 0xff, 0xff, 0xff, 0xff, 0xff, 0xff, 0xff, 0xff, 0xff, 0xff, 0xff,
  0xff, 0xff, 0xff, 0xff, 0xff, 0xff, 0xff, 0xff, 0xff, 0xff, 0xff, 0xff, 0xff, 0xff, 0xff, 0xff,
  0xff, 0xff, 0xff, 0xff, 0xff, 0xff, 0xff, 0xff, 0xff, 0xff, 0xff, 0xff, 0xff, 0xff, 0xff, 0xff,
  0xff, 0xff, 0xff, 0xff, 0xff, 0xff, 0xff, 0xff, 0xff, 0xff, 0xff, 0xff, 0xff, 0xff, 0xff, 0xff,
  0xff, 0xff, 0xff, 0xff, 0xff, 0xff, 0xff, 0xff, 0xff, 0xff, 0xff, 0xff, 0xff, 0xff, 0xff, 0xff,
  0xff, 0xff, 0xff, 0xff, 0xff, 0xff, 0xff, 0xff, 0xff, 0xff, 0xff, 0xff, 0xff, 0xff, 0xff, 0xff,
  0xff, 0xff, 0xff, 0xff, 0xff, 0xff, 0xff, 0xff, 0xff, 0xff, 0xff, 0xff, 0xff, 0xff, 0xff, 0xff,
  0xff, 0xff, 0xff, 0xff, 0xff, 0xff, 0xff, 0xff, 0xff, 0xff, 0xff, 0xff, 0xff, 0xff, 0xff, 0xff,
  0xff, 0xff, 0xff, 0xff, 0xff, 0xff, 0xff, 0xff, 0xff, 0xff, 0xff, 0xff, 0xff, 0xff, 0xff, 0xff,
  0xff, 0xff, 0xff, 0xff, 0xff, 0xff, 0xff, 0xff, 0xff, 0xff, 0xff, 0xff, 0xff, 0xff, 0xff, 0xff,
  0xff, 0xff, 0xff, 0xff, 0xff, 0xff, 0xff, 0xff, 0xff, 0xff, 0xff, 0xff, 0xff, 0xff, 0xff, 0xff,
  0xff, 0xff, 0xff, 0xff, 0xff, 0xff, 0xff, 0xff, 0xff, 0xff, 0xff, 0xff, 0xff, 0xff, 0xff, 0xff,
  0xff, 0xff, 0xff, 0xff, 0xff, 0xff, 0xff, 0xff, 0xff, 0xff, 0xff, 0xff, 0xff, 0xff, 0xff, 0xff,
  0xff, 0xff, 0xff, 0xff, 0xff, 0xff, 0xff, 0xff, 0xff, 0xff, 0xff, 0xff, 0xff, 0xff, 0xff, 0xff,
  0xff, 0xff, 0xff, 0xff, 0xff, 0xff, 0xff, 0xff, 0xff, 0xff, 0xff, 0xff, 0xff, 0xff, 0xff, 0xff,
  0xff, 0xff, 0xff, 0xff, 0xff, 0xff, 0xff, 0xff, 0xff, 0xff, 0xff, 0xff, 0xff, 0xff, 0xff, 0xff,
  0xff, 0xff, 0xff, 0xff, 0xff, 0xff, 0xff, 0xff, 0xff, 0xff, 0xff, 0xff, 0xff, 0xff, 0xff, 0xff,
  0xff, 0xff, 0xff, 0xff, 0xff, 0xff, 0xff, 0xff, 0xff, 0xff, 0xff, 0xff, 0xff, 0xff, 0xff, 0xff,
  0xff, 0xff, 0xff, 0xff, 0xff, 0xff, 0xff, 0xff, 0xff, 0xff, 0xff, 0xff, 0xff, 0xff, 0xff, 0xff,
  0xff, 0xff, 0xff, 0xff, 0xff, 0xff, 0xff, 0xff, 0xff, 0xff, 0xff, 0xff, 0xff, 0xff, 0xff, 0xff,
  0xff, 0xff, 0xff, 0xff, 0xff, 0xff, 0xff, 0xff, 0xff, 0xff, 0xff, 0xff, 0xff, 0xff, 0xff, 0xff,
  0xff, 0xff, 0xff, 0xff, 0xff, 0xff, 0xff, 0xff, 0xff, 0xff, 0xff, 0xff, 0xff, 0xff, 0xff, 0xff,
  0xff, 0xff, 0xff, 0xff, 0xff, 0xff, 0xff, 0xff, 0xff, 0xff, 0xff, 0xff, 0xff, 0xff, 0xff, 0xff,
  0xff, 0xff, 0xff, 0xff, 0xff, 0xff, 0xff, 0xff, 0xff, 0xff, 0xff, 0xff, 0xff, 0xff, 0xff, 0xff,
  0xff, 0xff, 0xff, 0xff, 0xff, 0xff, 0xff, 0xff, 0xff, 0xff, 0xff, 0xff, 0xff, 0xff, 0xff, 0xff,
  0xff, 0xff, 0xff, 0xff, 0xff, 0xff, 0xff, 0xff, 0xff, 0xff, 0xff, 0xff, 0xff, 0xff, 0xff, 0xff,
  0xff, 0xff, 0xff, 0xff, 0xff, 0xff, 0xff, 0xff, 0xff, 0xff, 0xff, 0xff, 0xff, 0xff, 0xff, 0xff,
  0xff, 0xff, 0xff, 0xff, 0xff, 0xff, 0xff, 0xff, 0xff, 0xff, 0xff, 0xff, 0xff, 0xff, 0xff, 0xff,
  0xff, 0xff, 0xff, 0xff, 0xff, 0xff, 0xff, 0xff, 0xff, 0xff, 0xff, 0xff, 0xff, 0xff, 0xff, 0xff,
  0xff, 0xff, 0xff, 0xff, 0xff, 0xff, 0xff, 0xff, 0xff, 0xff, 0xff, 0xff, 0xff, 0xff, 0xff, 0xff,
  0xff, 0xff, 0xff, 0xff, 0xff, 0xff, 0xff, 0xff, 0xff, 0xff, 0xff, 0xff, 0xff, 0xff, 0xff, 0xff,
  0xff, 0xff, 0xff, 0xff, 0xff, 0xff, 0xff, 0xff, 0xff, 0xff, 0xff, 0xff, 0xff, 0xff, 0xff, 0xff,
  0xff, 0xff, 0xff, 0xff, 0xff, 0xff, 0xff, 0xff, 0xff, 0xff, 0xff, 0xff, 0xff, 0xff, 0xff, 0xff,
  0xff, 0xff, 0xff, 0xff, 0xff, 0xff, 0xff, 0xff, 0xff, 0xff, 0xff, 0xff, 0xff, 0xff, 0xff, 0xff,
  0xff, 0xff, 0xff, 0xff, 0xff, 0xff, 0xff, 0xff, 0xff, 0xff, 0xff, 0xff, 0xff, 0xff, 0xff, 0xff,
  0xff, 0xff, 0xff, 0xff, 0xff, 0xff, 0xff, 0xff, 0xff, 0xff, 0xff, 0xff, 0xff, 0xff, 0xff, 0xff,
  0xff, 0xff, 0xff, 0xff, 0xff, 0xff, 0xff, 0xff, 0xff, 0xff, 0xff, 0xff, 0xff, 0xff, 0xff, 0xff,
  0xff, 0xff, 0xff, 0xff, 0xff, 0xff, 0xff, 0xff, 0xff, 0xff, 0xff, 0xff, 0xff, 0xff, 0xff, 0xff,
  0xff, 0xff, 0xff, 0xff, 0xff, 0xff, 0xff, 0xff, 0xff, 0xff, 0xff, 0xff, 0xff, 0xff, 0xff, 0xff,
  0xff, 0xff, 0xff, 0xff, 0xff, 0xff, 0xff, 0xff, 0xff, 0xff, 0xff, 0xff, 0xff, 0xff, 0xff, 0xff,
  0xff, 0xff, 0xff, 0xff, 0xff, 0xff, 0xff, 0xff, 0xff, 0xff, 0xff, 0xff, 0xff, 0xff, 0xff, 0xff,
  0xff, 0xff, 0xff, 0xff, 0xff, 0xff, 0xff, 0xff, 0xff, 0xff, 0xff, 0xff, 0xff, 0xff, 0xff, 0xff,
  0xff, 0xff, 0xff, 0xff, 0xff, 0xff, 0xff, 0xff, 0xff, 0xff, 0xff, 0xff, 0xff, 0xff, 0xff, 0xff,
  0xff, 0xff, 0xff, 0xff, 0xff, 0xff, 0xff, 0xff, 0xff, 0xff, 0xff, 0xff, 0xff, 0xff, 0xff, 0xff,
  0xff, 0xff, 0xff, 0xff, 0xff, 0xff, 0xff, 0xff, 0xff, 0xff, 0xff, 0xff, 0xff, 0xff, 0xff, 0xff,
  0xff, 0xff, 0xff, 0xff, 0xff, 0xff, 0xff, 0xff, 0xff, 0xff, 0xff, 0xff, 0xff, 0xff, 0xff, 0xff,
  0xff, 0xff, 0xff, 0xff, 0xff, 0xff, 0xff, 0xff, 0xff, 0xff, 0xff, 0xff, 0xff, 0xff, 0xff, 0xff,
  0xff, 0xff, 0xff, 0xff, 0xff, 0xff, 0xff, 0xff, 0xff, 0xff, 0xff, 0xff, 0xff, 0xff, 0xff, 0xff,
  0xff, 0xff, 0xff, 0xff, 0xff, 0xff, 0xff, 0xff, 0xff, 0xff, 0xff, 0xff, 0xff, 0xff, 0xff, 0xff,
  0xff, 0xff, 0xff, 0xff, 0xff, 0xff, 0xff, 0xff, 0xff, 0xff, 0xff, 0xff, 0xff, 0xff, 0xff, 0xff,
  0xff, 0xff, 0xff, 0xff, 0xff, 0xff, 0xff, 0xff, 0xff, 0xff, 0xff, 0xff, 0xff, 0xff, 0xff, 0xff,
  0xff, 0xff, 0xff, 0xff, 0xff, 0xff, 0xff, 0xff, 0xff, 0xff, 0xff, 0xff, 0xff, 0xff, 0xff, 0xff,
  0xff, 0xff, 0xff, 0xff, 0xff, 0xff, 0xff, 0xff, 0xff, 0xff, 0xff, 0xff, 0xff, 0xff, 0xff, 0xff,
  0xff, 0xff, 0xff, 0xff, 0xff, 0xff, 0xff, 0xff, 0xff, 0xff, 0xff, 0xff, 0xff, 0xff, 0xff, 0xff,
  0xff, 0xff, 0xff, 0xff, 0xff, 0xff, 0xff, 0xff, 0xff, 0xff, 0xff, 0xff, 0xff, 0xff, 0xff, 0xff,
  0xff, 0xff, 0xff, 0xff, 0xff, 0xff, 0xff, 0xff, 0xff, 0xff, 0xff, 0xff, 0xff, 0xff, 0xff, 0xff,
  0xff, 0xff, 0xff, 0xff, 0xff, 0xff, 0xff, 0xff, 0xff, 0xff, 0xff, 0xff, 0xff, 0xff, 0xff, 0xff,
  0xff, 0xff, 0xff, 0xff, 0xff, 0xff, 0xff, 0xff, 0xff, 0xff, 0xff, 0xff, 0xff, 0xff, 0xff, 0xff,
  0xff, 0xff, 0xff, 0xff, 0xff, 0xff, 0xff, 0xff, 0xff, 0xff, 0xff, 0xff, 0xff, 0xff, 0xff, 0xff,
  0xff, 0xff, 0xff, 0xff, 0xff, 0xff, 0xff, 0xff, 0xff, 0xff, 0xff, 0xff, 0xff, 0xff, 0xff, 0xff,
  0xff, 0xff, 0xff, 0xff, 0xff, 0xff, 0xff, 0xff, 0xff, 0xff, 0xff, 0xff, 0xff, 0xff, 0xff, 0xff,
  0xff, 0xff, 0xff, 0xff, 0xff, 0xff, 0xff, 0xff, 0xff, 0xff, 0xff, 0xff, 0xff, 0xff, 0xff, 0xff,
  0xff, 0xff, 0xff, 0xff, 0xff, 0xff, 0xff, 0xff, 0xff, 0xff, 0xff, 0xff, 0xff, 0xff, 0xff, 0xff,
  0xff, 0xff, 0xff, 0xff, 0xff, 0xff, 0xff, 0xff, 0xff, 0xff, 0xff, 0xff, 0xff, 0xff, 0xff, 0xff,
  0xff, 0xff, 0xff, 0xff, 0xff, 0xff, 0xff, 0xff, 0xff, 0xff, 0xff, 0xff, 0xff, 0xff, 0xff, 0xff,
  0xff, 0xff, 0xff, 0xff, 0xff, 0xff, 0xff, 0xff, 0xff, 0xff, 0xff, 0xff, 0xff, 0xff, 0xff, 0xff,
  0xff, 0xff, 0xff, 0xff, 0xff, 0xff, 0xff, 0xff, 0xff, 0xff, 0xff, 0xff, 0xff, 0xff, 0xff, 0xff,
  0xff, 0xff, 0xff, 0xff, 0xff, 0xff, 0xff, 0xff, 0xff, 0xff, 0xff, 0xff, 0xff, 0xff, 0xff, 0xff,
  0xff, 0xff, 0xff, 0xff, 0xff, 0xff, 0xff, 0xff, 0xff, 0xff, 0xff, 0xff, 0xff, 0xff, 0xff, 0xff,
  0xff, 0xff, 0xff, 0xff, 0xff, 0xff, 0xff, 0xff, 0xff, 0xff, 0xff, 0xff, 0xff, 0xff, 0xff, 0xff,
  0xff, 0xff, 0xff, 0xff, 0xff, 0xff, 0xff, 0xff, 0xff, 0xff, 0xff, 0xff, 0xff, 0xff, 0xff, 0xff,
  0xff, 0xff, 0xff, 0xff, 0xff, 0xff, 0xff, 0xff, 0xff, 0xff, 0xff, 0xff, 0xff, 0xff, 0xff, 0xff,
  0xff, 0xff, 0xff, 0xff, 0xff, 0xff, 0xff, 0xff, 0xff, 0xff, 0xff, 0xff, 0xff, 0xff, 0xff, 0xff,
  0xff, 0xff, 0xff, 0xff, 0xff, 0xff, 0xff, 0xff, 0xff, 0xff, 0xff, 0xff, 0xff, 0xff, 0xff, 0xff,
  0xff, 0xff, 0xff, 0xff, 0xff, 0xff, 0xff, 0xff, 0xff, 0xff, 0xff, 0xff, 0xff, 0xff, 0xff, 0xff,
  0xff, 0xff, 0xff, 0xff, 0xff, 0xff, 0xff, 0xff, 0xff, 0xff, 0xff, 0xff, 0xff, 0xff, 0xff, 0xff,
  0xff, 0xff, 0xff, 0xff, 0xff, 0xff, 0xff, 0xff, 0xff, 0xff, 0xff, 0xff, 0xff, 0xff, 0xff, 0xff,
  0xff, 0xff, 0xff, 0xff, 0xff, 0xff, 0xff, 0xff, 0xff, 0xff, 0xff, 0xff, 0xff, 0xff, 0xff, 0xff,
  0xff, 0xff, 0xff, 0xff, 0xff, 0xff, 0xff, 0xff, 0xff, 0xff, 0xff, 0xff, 0xff, 0xff, 0xff, 0xff,
  0xff, 0xff, 0xff, 0xff, 0xff, 0xff, 0xff, 0xff, 0xff, 0xff, 0xff, 0xff, 0xff, 0xff, 0xff, 0xff,
  0xff, 0xff, 0xff, 0xff, 0xff, 0xff, 0xff, 0xff, 0xff, 0xff, 0xff, 0xff, 0xff, 0xff, 0xff, 0xff,
  0xff, 0xff, 0xff, 0xff, 0xff, 0xff, 0xff, 0xff, 0xff, 0xff, 0xff, 0xff, 0xff, 0xff, 0xff, 0xff,
  0xff, 0xff, 0xff, 0xff, 0xff, 0xff, 0xff, 0xff, 0xff, 0xff, 0xff, 0xff, 0xff, 0xff, 0xff, 0xff,
  0xff, 0xff, 0xff, 0xff, 0xff, 0xff, 0xff, 0xff, 0xff, 0xff, 0xff, 0xff, 0xff, 0xff, 0xff, 0xff,
  0xff, 0xff, 0xff, 0xff, 0xff, 0xff, 0xff, 0xff, 0xff, 0xff, 0xff, 0xff, 0xff, 0xff, 0xff, 0xff,
  0xff, 0xff, 0xff, 0xff, 0xff, 0xff, 0xff, 0xff, 0xff, 0xff, 0xff, 0xff, 0xff, 0xff, 0xff, 0xff,
  0xff, 0xff, 0xff, 0xff, 0xff, 0xff, 0xff, 0xff, 0xff, 0xff, 0xff, 0xff, 0xff, 0xff, 0xff, 0xff,
  0xff, 0xff, 0xff, 0xff, 0xff, 0xff, 0xff, 0xff, 0xff, 0xff, 0xff, 0xff, 0xff, 0xff, 0xff, 0xff,
  0xff, 0xff, 0xff, 0xff, 0xff, 0xff, 0xff, 0xff, 0xff, 0xff, 0xff, 0xff, 0xff, 0xff, 0xff, 0xff,
  0xff, 0xff, 0xff, 0xff, 0xff, 0xff, 0xff, 0xff, 0xff, 0xff, 0xff, 0xff, 0xff, 0xff, 0xff, 0xff,
  0xff, 0xff, 0xff, 0xff, 0xff, 0xff, 0xff, 0xff, 0xff, 0xff, 0xff, 0xff, 0xff, 0xff, 0xff, 0xff,
  0xff, 0xff, 0xff, 0xff, 0xff, 0xff, 0xff, 0xff, 0xff, 0xff, 0xff, 0xff, 0xff, 0xff, 0xff, 0xff,
  0xff, 0xff, 0xff, 0xff, 0xff, 0xff, 0xff, 0xff, 0xff, 0xff, 0xff, 0xff, 0xff, 0xff, 0xff, 0xff,
  0xff, 0xff, 0xff, 0xff, 0xff, 0xff, 0xff, 0xff, 0xff, 0xff, 0xff, 0xff, 0xff, 0xff, 0xff, 0xff,
  0xff, 0xff, 0xff, 0xff, 0xff, 0xff, 0xff, 0xff, 0xff, 0xff, 0xff, 0xff, 0xff, 0xff, 0xff, 0xff,
  0xff, 0xff, 0xff, 0xff, 0xff, 0xff, 0xff, 0xff, 0xff, 0xff, 0xff, 0xff, 0xff, 0xff, 0xff, 0xff,
  0xff, 0xff, 0xff, 0xff, 0xff, 0xff, 0xff, 0xff, 0xff, 0xff, 0xff, 0xff, 0xff, 0xff, 0xff, 0xff,
  0xff, 0xff, 0xff, 0xff, 0xff, 0xff, 0xff, 0xff, 0xff, 0xff, 0xff, 0xff, 0xff, 0xff, 0xff, 0xff,
  0xff, 0xff, 0xff, 0xff, 0xff, 0xff, 0xff, 0xff, 0xff, 0xff, 0xff, 0xff, 0xff, 0xff, 0xff, 0xff,
  0xff, 0xff, 0xff, 0xff, 0xff, 0xff, 0xff, 0xff, 0xff, 0xff, 0xff, 0xff, 0xff, 0xff, 0xff, 0xff,
  0xff, 0xff, 0xff, 0xff, 0xff, 0xff, 0xff, 0xff, 0xff, 0xff, 0xff, 0xff, 0xff, 0xff, 0xff, 0xff,
  0xff, 0xff, 0xff, 0xff, 0xff, 0xff, 0xff, 0xff, 0xff, 0xff, 0xff, 0xff, 0xff, 0xff, 0xff, 0xff,
  0xff, 0xff, 0xff, 0xff, 0xff, 0xff, 0xff, 0xff, 0xff, 0xff, 0xff, 0xff, 0xff, 0xff, 0xff, 0xff,
  0xff, 0xff, 0xff, 0xff, 0xff, 0xff, 0xff, 0xff, 0xff, 0xff, 0xff, 0xff, 0xff, 0xff, 0xff, 0xff,
  0xff, 0xff, 0xff, 0xff, 0xff, 0xff, 0xff, 0xff, 0xff, 0xff, 0xff, 0xff, 0xff, 0xff, 0xff, 0xff,
  0xff, 0xff, 0xff, 0xff, 0xff, 0xff, 0xff, 0xff, 0xff, 0xff, 0xff, 0xff, 0xff, 0xff, 0xff, 0xff,
  0xff, 0xff, 0xff, 0xff, 0xff, 0xff, 0xff, 0xff, 0xff, 0xff, 0xff, 0xff, 0xff, 0xff, 0xff, 0xff,
  0xff, 0xff, 0xff, 0xff, 0xff, 0xff, 0xff, 0xff, 0xff, 0xff, 0xff, 0xff, 0xff, 0xff, 0xff, 0xff,
  0xff, 0xff, 0xff, 0xff, 0xff, 0xff, 0xff, 0xff, 0xff, 0xff, 0xff, 0xff, 0xff, 0xff, 0xff, 0xff,
  0xff, 0xff, 0xff, 0xff, 0xff, 0xff, 0xff, 0xff, 0xff, 0xff, 0xff, 0xff, 0xff, 0xff, 0xff, 0xff,
  0xff, 0xff, 0xff, 0xff, 0xff, 0xff, 0xff, 0xff, 0xff, 0xff, 0xff, 0xff, 0xff, 0xff, 0xff, 0xff,
  0xff, 0xff, 0xff, 0xff, 0xff, 0xff, 0xff, 0xff, 0xff, 0xff, 0xff, 0xff, 0xff, 0xff, 0xff, 0xff,
  0xff, 0xff, 0xff, 0xff, 0xff, 0xff, 0xff, 0xff, 0xff, 0xff, 0xff, 0xff, 0xff, 0xff, 0xff, 0xff,
  0xff, 0xff, 0xff, 0xff, 0xff, 0xff, 0xff, 0xff, 0xff, 0xff, 0xff, 0xff, 0xff, 0xff, 0xff, 0xff,
  0xff, 0xff, 0xff, 0xff, 0xff, 0xff, 0xff, 0xff, 0xff, 0xff, 0xff, 0xff, 0xff, 0xff, 0xff, 0xff,
  0xff, 0xff, 0xff, 0xff, 0xff, 0xff, 0xff, 0xff, 0xff, 0xff, 0xff, 0xff, 0xff, 0xff, 0xff, 0xff,
  0xff, 0xff, 0xff, 0xff, 0xff, 0xff, 0xff, 0xff, 0xff, 0xff, 0xff, 0xff, 0xff, 0xff, 0xff, 0xff,
  0xff, 0xff, 0xff, 0xff, 0xff, 0xff, 0xff, 0xff, 0xff, 0xff, 0xff, 0xff, 0xff, 0xff, 0xff, 0xff,
  0xff, 0xff, 0xff, 0xff, 0xff, 0xff, 0xff, 0xff, 0xff, 0xff, 0xff, 0xff, 0xff, 0xff, 0xff, 0xff,
  0xff, 0xff, 0xff, 0xff, 0xff, 0xff, 0xff, 0xff, 0xff, 0xff, 0xff, 0xff, 0xff, 0xff, 0xff, 0xff,
  0xff, 0xff, 0xff, 0xff, 0xff, 0xff, 0xff, 0xff, 0xff, 0xff, 0xff, 0xff, 0xff, 0xff, 0xff, 0xff,
  0xff, 0xff, 0xff, 0xff, 0xff, 0xff, 0xff, 0xff, 0xff, 0xff, 0xff, 0xff, 0xff, 0xff, 0xff, 0xff,
  0xff, 0xff, 0xff, 0xff, 0xff, 0xff, 0xff, 0xff, 0xff, 0xff, 0xff, 0xff, 0xff, 0xff, 0xff, 0xff,
  0xff, 0xff, 0xff, 0xff, 0xff, 0xff, 0xff, 0xff, 0xff, 0xff, 0xff, 0xff, 0xff, 0xff, 0xff, 0xff,
  0xff, 0xff, 0xff, 0xff, 0xff, 0xff, 0xff, 0xff, 0xff, 0xff, 0xff, 0xff, 0xff, 0xff, 0xff, 0xff,
  0xff, 0xff, 0xff, 0xff, 0xff, 0xff, 0xff, 0xff, 0xff, 0xff, 0xff, 0xff, 0xff, 0xff, 0xff, 0xff,
  0xff, 0xff, 0xff, 0xff, 0xff, 0xff, 0xff, 0xff, 0xff, 0xff, 0xff, 0xff, 0xff, 0xff, 0xff, 0xff,
  0xff, 0xff, 0xff, 0xff, 0xff, 0xff, 0xff, 0xff, 0xff, 0xff, 0xff, 0xff, 0xff, 0xff, 0xff, 0xff,
  0xff, 0xff, 0xff, 0xff, 0xff, 0xff, 0xff, 0xff, 0xff, 0xff, 0xff, 0xff, 0xff, 0xff, 0xff, 0xff,
  0xff, 0xff, 0xff, 0xff, 0xff, 0xff, 0xff, 0xff, 0xff, 0xff, 0xff, 0xff, 0xff, 0xff, 0xff, 0xff,
  0xff, 0xff, 0xff, 0xff, 0xff, 0xff, 0xff, 0xff, 0xff, 0xff, 0xff, 0xff, 0xff, 0xff, 0xff, 0xff,
  0xff, 0xff, 0xff, 0xff, 0xff, 0xff, 0xff, 0xff, 0xff, 0xff, 0xff, 0xff, 0xff, 0xff, 0xff, 0xff,
  0xff, 0xff, 0xff, 0xff, 0xff, 0xff, 0xff, 0xff, 0xff, 0xff, 0xff, 0xff, 0xff, 0xff, 0xff, 0xff,
  0xff, 0xff, 0xff, 0xff, 0xff, 0xff, 0xff, 0xff, 0xff, 0xff, 0xff, 0xff, 0xff, 0xff, 0xff, 0xff,
  0xff, 0xff, 0xff, 0xff, 0xff, 0xff, 0xff, 0xff, 0xff, 0xff, 0xff, 0xff, 0xff, 0xff, 0xff, 0xff,
  0xff, 0xff, 0xff, 0xff, 0xff, 0xff, 0xff, 0xff, 0xff, 0xff, 0xff, 0xff, 0xff, 0xff, 0xff, 0xff,
  0xff, 0xff, 0xff, 0xff, 0xff, 0xff, 0xff, 0xff, 0xff, 0xff, 0xff, 0xff, 0xff, 0xff, 0xff, 0xff,
  0xff, 0xff, 0xff, 0xff, 0xff, 0xff, 0xff, 0xff, 0xff, 0xff, 0xff, 0xff, 0xff, 0xff, 0xff, 0xff,
  0xff, 0xff, 0xff, 0xff, 0xff, 0xff, 0xff, 0xff, 0xff, 0xff, 0xff, 0xff, 0xff, 0xff, 0xff, 0xff,
  0xff, 0xff, 0xff, 0xff, 0xff, 0xff, 0xff, 0xff, 0xff, 0xff, 0xff, 0xff, 0xff, 0xff, 0xff, 0xff,
  0xff, 0xff, 0xff, 0xff, 0xff, 0xff, 0xff, 0xff, 0xff, 0xff, 0xff, 0xff, 0xff, 0xff, 0xff, 0xff,
  0xff, 0xff, 0xff, 0xff, 0xff, 0xff, 0xff, 0xff, 0xff, 0xff, 0xff, 0xff, 0xff, 0xff, 0xff, 0xff,
  0xff, 0xff, 0xff, 0xff, 0xff, 0xff, 0xff, 0xff, 0xff, 0xff, 0xff, 0xff, 0xff, 0xff, 0xff, 0xff,
  0xff, 0xff, 0xff, 0xff, 0xff, 0xff, 0xff, 0xff, 0xff, 0xff, 0xff, 0xff, 0xff, 0xff, 0xff, 0xff,
  0xff, 0xff, 0xff, 0xff, 0xff, 0xff, 0xff, 0xff, 0xff, 0xff, 0xff, 0xff, 0xff, 0xff, 0xff, 0xff,
  0xff, 0xff, 0xff, 0xff, 0xff, 0xff, 0xff, 0xff, 0xff, 0xff, 0xff, 0xff, 0xff, 0xff, 0xff, 0xff,
  0xff, 0xff, 0xff, 0xff, 0xff, 0xff, 0xff, 0xff, 0xff, 0xff, 0xff, 0xff, 0xff, 0xff, 0xff, 0xff,
  0xff, 0xff, 0xff, 0xff, 0xff, 0xff, 0xff, 0xff, 0xff, 0xff, 0xff, 0xff, 0xff, 0xff, 0xff, 0xff,
  0xff, 0xff, 0xff, 0xff, 0xff, 0xff, 0xff, 0xff, 0xff, 0xff, 0xff, 0xff, 0xff, 0xff, 0xff, 0xff,
  0xff, 0xff, 0xff, 0xff, 0xff, 0xff, 0xff, 0xff, 0xff, 0xff, 0xff, 0xff, 0xff, 0xff, 0xff, 0xff,
  0xff, 0xff, 0xff, 0xff, 0xff, 0xff, 0xff, 0xff, 0xff, 0xff, 0xff, 0xff, 0xff, 0xff, 0xff, 0xff,
  0xff, 0xff, 0xff, 0xff, 0xff, 0xff, 0xff, 0xff, 0xff, 0xff, 0xff, 0xff, 0xff, 0xff, 0xff, 0xff,
  0xff, 0xff, 0xff, 0xff, 0xff, 0xff, 0xff, 0xff, 0xff, 0xff, 0xff, 0xff, 0xff, 0xff, 0xff, 0xff,
  0xff, 0xff, 0xff, 0xff, 0xff, 0xff, 0xff, 0xff, 0xff, 0xff, 0xff, 0xff, 0xff, 0xff, 0xff, 0xff,
  0xff, 0xff, 0xff, 0xff, 0xff, 0xff, 0xff, 0xff, 0xff, 0xff, 0xff, 0xff, 0xff, 0xff, 0xff, 0xff,
  0xff, 0xff, 0xff, 0xff, 0xff, 0xff, 0xff, 0xff, 0xff, 0xff, 0xff, 0xff, 0xff, 0xff, 0xff, 0xff,
  0xff, 0xff, 0xff, 0xff, 0xff, 0xff, 0xff, 0xff, 0xff, 0xff, 0xff, 0xff, 0xff, 0xff, 0xff, 0xff,
  0xff, 0xff, 0xff, 0xff, 0xff, 0xff, 0xff, 0xff, 0xff, 0xff, 0xff, 0xff, 0xff, 0xff, 0xff, 0xff,
  0xff, 0xff, 0xff, 0xff, 0xff, 0xff, 0xff, 0xff, 0xff, 0xff, 0xff, 0xff, 0xff, 0xff, 0xff, 0xff,
  0xff, 0xff, 0xff, 0xff, 0xff, 0xff, 0xff, 0xff, 0xff, 0xff, 0xff, 0xff, 0xff, 0xff, 0xff, 0xff,
  0xff, 0xff, 0xff, 0xff, 0xff, 0xff, 0xff, 0xff, 0xff, 0xff, 0xff, 0xff, 0xff, 0xff, 0xff, 0xff,
  0xff, 0xff, 0xff, 0xff, 0xff, 0xff, 0xff, 0xff, 0xff, 0xff, 0xff, 0xff, 0xff, 0xff, 0xff, 0xff,
  0xff, 0xff, 0xff, 0xff, 0xff, 0xff, 0xff, 0xff, 0xff, 0xff, 0xff, 0xff, 0xff, 0xff, 0xff, 0xff,
  0xff, 0xff, 0xff, 0xff, 0xff, 0xff, 0xff, 0xff, 0xff, 0xff, 0xff, 0xff, 0xff, 0xff, 0xff, 0xff,
  0xff, 0xff, 0xff, 0xff, 0xff, 0xff, 0xff, 0xff, 0xff, 0xff, 0xff, 0xff, 0xff, 0xff, 0xff, 0xff,
  0xff, 0xff, 0xff, 0xff, 0xff, 0xff, 0xff, 0xff, 0xff, 0xff, 0xff, 0xff, 0xff, 0xff, 0xff, 0xff,
  0xff, 0xff, 0xff, 0xff, 0xff, 0xff, 0xff, 0xff, 0xff, 0xff, 0xff, 0xff, 0xff, 0xff, 0xff, 0xff,
  0xff, 0xff, 0xff, 0xff, 0xff, 0xff, 0xff, 0xff, 0xff, 0xff, 0xff, 0xff, 0xff, 0xff, 0xff, 0xff,
  0xff, 0xff, 0xff, 0xff, 0xff, 0xff, 0xff, 0xff, 0xff, 0xff, 0xff, 0xff, 0xff, 0xff, 0xff, 0xff,
  0xff, 0xff, 0xff, 0xff, 0xff, 0xff, 0xff, 0xff, 0xff, 0xff, 0xff, 0xff, 0xff, 0xff, 0xff, 0xff,
  0xff, 0xff, 0xff, 0xff, 0xff, 0xff, 0xff, 0xff, 0xff, 0xff, 0xff, 0xff, 0xff, 0xff, 0xff, 0xff,
  0xff, 0xff, 0xff, 0xff, 0xff, 0xff, 0xff, 0xff, 0xff, 0xff, 0xff, 0xff, 0xff, 0xff, 0xff, 0xff,
  0xff, 0xff, 0xff, 0xff, 0xff, 0xff, 0xff, 0xff, 0xff, 0xff, 0xff, 0xff, 0xff, 0xff, 0xff, 0xff,
  0xff, 0xff, 0xff, 0xff, 0xff, 0xff, 0xff, 0xff, 0xff, 0xff, 0xff, 0xff, 0xff, 0xff, 0xff, 0xff,
  0xff, 0xff, 0xff, 0xff, 0xff, 0xff, 0xff, 0xff, 0xff, 0xff, 0xff, 0xff, 0xff, 0xff, 0xff, 0xff,
  0xff, 0xff, 0xff, 0xff, 0xff, 0xff, 0xff, 0xff, 0xff, 0xff, 0xff, 0xff, 0xff, 0xff, 0xff, 0xff,
  0xff, 0xff, 0xff, 0xff, 0xff, 0xff, 0xff, 0xff, 0xff, 0xff, 0xff, 0xff, 0xff, 0xff, 0xff, 0xff,
  0xff, 0xff, 0xff, 0xff, 0xff, 0xff, 0xff, 0xff, 0xff, 0xff, 0xff, 0xff, 0xff, 0xff, 0xff, 0xff,
  0xff, 0xff, 0xff, 0xff, 0xff, 0xff, 0xff, 0xff, 0xff, 0xff, 0xff, 0xff, 0xff, 0xff, 0xff, 0xff,
  0xff, 0xff, 0xff, 0xff, 0xff, 0xff, 0xff, 0xff, 0xff, 0xff, 0xff, 0xff, 0xff, 0xff, 0xff, 0xff,
  0xff, 0xff, 0xff, 0xff, 0xff, 0xff, 0xff, 0xff, 0xff, 0xff, 0xff, 0xff, 0xff, 0xff, 0xff, 0xff,
  0xff, 0xff, 0xff, 0xff, 0xff, 0xff, 0xff, 0xff, 0xff, 0xff, 0xff, 0xff, 0xff, 0xff, 0xff, 0xff,
  0xff, 0xff, 0xff, 0xff, 0xff, 0xff, 0xff, 0xff, 0xff, 0xff, 0xff, 0xff, 0xff, 0xff, 0xff, 0xff,
  0xff, 0xff, 0xff, 0xff, 0xff, 0xff, 0xff, 0xff, 0xff, 0xff, 0xff, 0xff, 0xff, 0xff, 0xff, 0xff,
  0xff, 0xff, 0xff, 0xff, 0xff, 0xff, 0xff, 0xff, 0xff, 0xff, 0xff, 0xff, 0xff, 0xff, 0xff, 0xff,
  0xff, 0xff, 0xff, 0xff, 0xff, 0xff, 0xff, 0xff, 0xff, 0xff, 0xff, 0xff, 0xff, 0xff, 0xff, 0xff,
  0xff, 0xff, 0xff, 0xff, 0xff, 0xff, 0xff, 0xff, 0xff, 0xff, 0xff, 0xff, 0xff, 0xff, 0xff, 0xff,
  0xff, 0xff, 0xff, 0xff, 0xff, 0xff, 0xff, 0xff, 0xff, 0xff, 0xff, 0xff, 0xff, 0xff, 0xff, 0xff,
  0xff, 0xff, 0xff, 0xff, 0xff, 0xff, 0xff, 0xff, 0xff, 0xff, 0xff, 0xff, 0xff, 0xff, 0xff, 0xff,
  0xff, 0xff, 0xff, 0xff, 0xff, 0xff, 0xff, 0xff, 0xff, 0xff, 0xff, 0xff, 0xff, 0xff, 0xff, 0xff,
  0xff, 0xff, 0xff, 0xff, 0xff, 0xff, 0xff, 0xff, 0xff, 0xff, 0xff, 0xff, 0xff, 0xff, 0xff, 0xff,
  0xff, 0xff, 0xff, 0xff, 0xff, 0xff, 0xff, 0xff, 0xff, 0xff, 0xff, 0xff, 0xff, 0xff, 0xff, 0xff,
  0xff, 0xff, 0xff, 0xff, 0xff, 0xff, 0xff, 0xff, 0xff, 0xff, 0xff, 0xff, 0xff, 0xff, 0xff, 0xff,
  0xff, 0xff, 0xff, 0xff, 0xff, 0xff, 0xff, 0xff, 0xff, 0xff, 0xff, 0xff, 0xff, 0xff, 0xff, 0xff,
  0xff, 0xff, 0xff, 0xff, 0xff, 0xff, 0xff, 0xff, 0xff, 0xff, 0xff, 0xff, 0xff, 0xff, 0xff, 0xff,
  0xff, 0xff, 0xff, 0xff, 0xff, 0xff, 0xff, 0xff, 0xff, 0xff, 0xff, 0xff, 0xff, 0xff, 0xff, 0xff,
  0xff, 0xff, 0xff, 0xff, 0xff, 0xff, 0xff, 0xff, 0xff, 0xff, 0xff, 0xff, 0xff, 0xff, 0xff, 0xff,
  0xff, 0xff, 0xff, 0xff, 0xff, 0xff, 0xff, 0xff, 0xff, 0xff, 0xff, 0xff, 0xff, 0xff, 0xff, 0xff,
  0xff, 0xff, 0xff, 0xff, 0xff, 0xff, 0xff, 0xff, 0xff, 0xff, 0xff, 0xff, 0xff, 0xff, 0xff, 0xff,
  0xff, 0xff, 0xff, 0xff, 0xff, 0xff, 0xff, 0xff, 0xff, 0xff, 0xff, 0xff, 0xff, 0xff, 0xff, 0xff,
  0xff, 0xff, 0xff, 0xff, 0xff, 0xff, 0xff, 0xff, 0xff, 0xff, 0xff, 0xff, 0xff, 0xff, 0xff, 0xff,
  0xff, 0xff, 0xff, 0xff, 0xff, 0xff, 0xff, 0xff, 0xff, 0xff, 0xff, 0xff, 0xff, 0xff, 0xff, 0xff,
  0xff, 0xff, 0xff, 0xff, 0xff, 0xff, 0xff, 0xff, 0xff, 0xff, 0xff, 0xff, 0xff, 0xff, 0xff, 0xff,
  0xff, 0xff, 0xff, 0xff, 0xff, 0xff, 0xff, 0xff, 0xff, 0xff, 0xff, 0xff, 0xff, 0xff, 0xff, 0xff,
  0xff, 0xff, 0xff, 0xff, 0xff, 0xff, 0xff, 0xff, 0xff, 0xff, 0xff, 0xff, 0xff, 0xff, 0xff, 0xff,
  0xff, 0xff, 0xff, 0xff, 0xff, 0xff, 0xff, 0xff, 0xff, 0xff, 0xff, 0xff, 0xff, 0xff, 0xff, 0xff,
  0xff, 0xff, 0xff, 0xff, 0xff, 0xff, 0xff, 0xff, 0xff, 0xff, 0xff, 0xff, 0xff, 0xff, 0xff, 0xff,
  0xff, 0xff, 0xff, 0xff, 0xff, 0xff, 0xff, 0xff, 0xff, 0xff, 0xff, 0xff, 0xff, 0xff, 0xff, 0xff,
  0xff, 0xff, 0xff, 0xff, 0xff, 0xff, 0xff, 0xff, 0xff, 0xff, 0xff, 0xff, 0xff, 0xff, 0xff, 0xff,
  0xff, 0xff, 0xff, 0xff, 0xff, 0xff, 0xff, 0xff, 0xff, 0xff, 0xff, 0xff, 0xff, 0xff, 0xff, 0xff,
  0xff, 0xff, 0xff, 0xff, 0xff, 0xff, 0xff, 0xff, 0xff, 0xff, 0xff, 0xff, 0xff, 0xff, 0xff, 0xff,
  0xff, 0xff, 0xff, 0xff, 0xff, 0xff, 0xff, 0xff, 0xff, 0xff, 0xff, 0xff, 0xff, 0xff, 0xff, 0xff,
  0xff, 0xff, 0xff, 0xff, 0xff, 0xff, 0xff, 0xff, 0xff, 0xff, 0xff, 0xff, 0xff, 0xff, 0xff, 0xff,
  0xff, 0xff, 0xff, 0xff, 0xff, 0xff, 0xff, 0xff, 0xff, 0xff, 0xff, 0xff, 0xff, 0xff, 0xff, 0xff,
  0xff, 0xff, 0xff, 0xff, 0xff, 0xff, 0xff, 0xff, 0xff, 0xff, 0xff, 0xff, 0xff, 0xff, 0xff, 0xff,
  0xff, 0xff, 0xff, 0xff, 0xff, 0xff, 0xff, 0xff, 0xff, 0xff, 0xff, 0xff, 0xff, 0xff, 0xff, 0xff,
  0xff, 0xff, 0xff, 0xff, 0xff, 0xff, 0xff, 0xff, 0xff, 0xff, 0xff, 0xff, 0xff, 0xff, 0xff, 0xff,
  0xff, 0xff, 0xff, 0xff, 0xff, 0xff, 0xff, 0xff, 0xff, 0xff, 0xff, 0xff, 0xff, 0xff, 0xff, 0xff,
  0xff, 0xff, 0xff, 0xff, 0xff, 0xff, 0xff, 0xff, 0xff, 0xff, 0xff, 0xff, 0xff, 0xff, 0xff, 0xff,
  0xff, 0xff, 0xff, 0xff, 0xff, 0xff, 0xff, 0xff, 0xff, 0xff, 0xff, 0xff, 0xff, 0xff, 0xff, 0xff,
  0xff, 0xff, 0xff, 0xff, 0xff, 0xff, 0xff, 0xff, 0xff, 0xff, 0xff, 0xff, 0xff, 0xff, 0xff, 0xff,
  0xff, 0xff, 0xff, 0xff, 0xff, 0xff, 0xff, 0xff, 0xff, 0xff, 0xff, 0xff, 0xff, 0xff, 0xff, 0xff,
  0xff, 0xff, 0xff, 0xff, 0xff, 0xff, 0xff, 0xff, 0xff, 0xff, 0xff, 0xff, 0xff, 0xff, 0xff, 0xff,
  0xff, 0xff, 0xff, 0xff, 0xff, 0xff, 0xff, 0xff, 0xff, 0xff, 0xff, 0xff, 0xff, 0xff, 0xff, 0xff,
  0xff, 0xff, 0xff, 0xff, 0xff, 0xff, 0xff, 0xff, 0xff, 0xff, 0xff, 0xff, 0xff, 0xff, 0xff, 0xff,
  0xff, 0xff, 0xff, 0xff, 0xff, 0xff, 0xff, 0xff, 0xff, 0xff, 0xff, 0xff, 0xff, 0xff, 0xff, 0xff,
  0xff, 0xff, 0xff, 0xff, 0xff, 0xff, 0xff, 0xff, 0xff, 0xff, 0xff, 0xff, 0xff, 0xff, 0xff, 0xff,
  0xff, 0xff, 0xff, 0xff, 0xff, 0xff, 0xff, 0xff, 0xff, 0xff, 0xff, 0xff, 0xff, 0xff, 0xff, 0xff,
  0xff, 0xff, 0xff, 0xff, 0xff, 0xff, 0xff, 0xff, 0xff, 0xff, 0xff, 0xff, 0xff, 0xff, 0xff, 0xff,
  0xff, 0xff, 0xff, 0xff, 0xff, 0xff, 0xff, 0xff, 0xff, 0xff, 0xff, 0xff, 0xff, 0xff, 0xff, 0xff,
  0xff, 0xff, 0xff, 0xff, 0xff, 0xff, 0xff, 0xff, 0xff, 0xff, 0xff, 0xff, 0xff, 0xff, 0xff, 0xff,
  0xff, 0xff, 0xff, 0xff, 0xff, 0xff, 0xff, 0xff, 0xff, 0xff, 0xff, 0xff, 0xff, 0xff, 0xff, 0xff,
  0xff, 0xff, 0xff, 0xff, 0xff, 0xff, 0xff, 0xff, 0xff, 0xff, 0xff, 0xff, 0xff, 0xff, 0xff, 0xff,
  0xff, 0xff, 0xff, 0xff, 0xff, 0xff, 0xff, 0xff, 0xff, 0xff, 0xff, 0xff, 0xff, 0xff, 0xff, 0xff,
  0xff, 0xff, 0xff, 0xff, 0xff, 0xff, 0xff, 0xff, 0xff, 0xff, 0xff, 0xff, 0xff, 0xff, 0xff, 0xff,
  0xff, 0xff, 0xff, 0xff, 0xff, 0xff, 0xff, 0xff, 0xff, 0xff, 0xff, 0xff, 0xff, 0xff, 0xff, 0xff,
  0xff, 0xff, 0xff, 0xff, 0xff, 0xff, 0xff, 0xff, 0xff, 0xff, 0xff, 0xff, 0xff, 0xff, 0xff, 0xff,
  0xff, 0xff, 0xff, 0xff, 0xff, 0xff, 0xff, 0xff, 0xff, 0xff, 0xff, 0xff, 0xff, 0xff, 0xff, 0xff,
  0xff, 0xff, 0xff, 0xff, 0xff, 0xff, 0xff, 0xff, 0xff, 0xff, 0xff, 0xff, 0xff, 0xff, 0xff, 0xff,
  0xff, 0xff, 0xff, 0xff, 0xff, 0xff, 0xff, 0xff, 0xff, 0xff, 0xff, 0xff, 0xff, 0xff, 0xff, 0xff,
  0xff, 0xff, 0xff, 0xff, 0xff, 0xff, 0xff, 0xff, 0xff, 0xff, 0xff, 0xff, 0xff, 0xff, 0xff, 0xff,
  0xff, 0xff, 0xff, 0xff, 0xff, 0xff, 0xff, 0xff, 0xff, 0xff, 0xff, 0xff, 0xff, 0xff, 0xff, 0xff,
  0xff, 0xff, 0xff, 0xff, 0xff, 0xff, 0xff, 0xff, 0xff, 0xff, 0xff, 0xff, 0xff, 0xff, 0xff, 0xff,
  0xff, 0xff, 0xff, 0xff, 0xff, 0xff, 0xff, 0xff, 0xff, 0xff, 0xff, 0xff, 0xff, 0xff, 0xff, 0xff,
  0xff, 0xff, 0xff, 0xff, 0xff, 0xff, 0xff, 0xff, 0xff, 0xff, 0xff, 0xff, 0xff, 0xff, 0xff, 0xff,
  0xff, 0xff, 0xff, 0xff, 0xff, 0xff, 0xff, 0xff, 0xff, 0xff, 0xff, 0xff, 0xff, 0xff, 0xff, 0xff,
  0xff, 0xff, 0xff, 0xff, 0xff, 0xff, 0xff, 0xff, 0xff, 0xff, 0xff, 0xff, 0xff, 0xff, 0xff, 0xff,
  0xff, 0xff, 0xff, 0xff, 0xff, 0xff, 0xff, 0xff, 0xff, 0xff, 0xff, 0xff, 0xff, 0xff, 0xff, 0xff,
  0xff, 0xff, 0xff, 0xff, 0xff, 0xff, 0xff, 0xff, 0xff, 0xff, 0xff, 0xff, 0xff, 0xff, 0xff, 0xff,
  0xff, 0xff, 0xff, 0xff, 0xff, 0xff, 0xff, 0xff, 0xff, 0xff, 0xff, 0xff, 0xff, 0xff, 0xff, 0xff,
  0xff, 0xff, 0xff, 0xff, 0xff, 0xff, 0xff, 0xff, 0xff, 0xff, 0xff, 0xff, 0xff, 0xff, 0xff, 0xff,
  0xff, 0xff, 0xff, 0xff, 0xff, 0xff, 0xff, 0xff, 0xff, 0xff, 0xff, 0xff, 0xff, 0xff, 0xff, 0xff,
  0xff, 0xff, 0xff, 0xff, 0xff, 0xff, 0xff, 0xff, 0xff, 0xff, 0xff, 0xff, 0xff, 0xff, 0xff, 0xff,
  0xff, 0xff, 0xff, 0xff, 0xff, 0xff, 0xff, 0xff, 0xff, 0xff, 0xff, 0xff, 0xff, 0xff, 0xff, 0xff,
  0xff, 0xff, 0xff, 0xff, 0xff, 0xff, 0xff, 0xff, 0xff, 0xff, 0xff, 0xff, 0xff, 0xff, 0xff, 0xff,
  0xff, 0xff, 0xff, 0xff, 0xff, 0xff, 0xff, 0xff, 0xff, 0xff, 0xff, 0xff, 0xff, 0xff, 0xff, 0xff,
  0xff, 0xff, 0xff, 0xff, 0xff, 0xff, 0xff, 0xff, 0xff, 0xff, 0xff, 0xff, 0xff, 0xff, 0xff, 0xff,
  0xff, 0xff, 0xff, 0xff, 0xff, 0xff, 0xff, 0xff, 0xff, 0xff, 0xff, 0xff, 0xff, 0xff, 0xff, 0xff,
  0xff, 0xff, 0xff, 0xff, 0xff, 0xff, 0xff, 0xff, 0xff, 0xff, 0xff, 0xff, 0xff, 0xff, 0xff, 0xff,
  0xff, 0xff, 0xff, 0xff, 0xff, 0xff, 0xff, 0xff, 0xff, 0xff, 0xff, 0xff, 0xff, 0xff, 0xff, 0xff,
  0xff, 0xff, 0xff, 0xff, 0xff, 0xff, 0xff, 0xff, 0xff, 0xff, 0xff, 0xff, 0xff, 0xff, 0xff, 0xff,
  0xff, 0xff, 0xff, 0xff, 0xff, 0xff, 0xff, 0xff, 0xff, 0xff, 0xff, 0xff, 0xff, 0xff, 0xff, 0xff,
  0xff, 0xff, 0xff, 0xff, 0xff, 0xff, 0xff, 0xff, 0xff, 0xff, 0xff, 0xff, 0xff, 0xff, 0xff, 0xff,
  0xff, 0xff, 0xff, 0xff, 0xff, 0xff, 0xff, 0xff, 0xff, 0xff, 0xff, 0xff, 0xff, 0xff, 0xff, 0xff,
  0xff, 0xff, 0xff, 0xff, 0xff, 0xff, 0xff, 0xff, 0xff, 0xff, 0xff, 0xff, 0xff, 0xff, 0xff, 0xff,
  0xff, 0xff, 0xff, 0xff, 0xff, 0xff, 0xff, 0xff, 0xff, 0xff, 0xff, 0xff, 0xff, 0xff, 0xff, 0xff,
  0xff, 0xff, 0xff, 0xff, 0xff, 0xff, 0xff, 0xff, 0xff, 0xff, 0xff, 0xff, 0xff, 0xff, 0xff, 0xff,
  0xff, 0xff, 0xff, 0xff, 0xff, 0xff, 0xff, 0xff, 0xff, 0xff, 0xff, 0xff, 0xff, 0xff, 0xff, 0xff,
  0xff, 0xff, 0xff, 0xff, 0xff, 0xff, 0xff, 0xff, 0xff, 0xff, 0xff, 0xff, 0xff, 0xff, 0xff, 0xff,
  0xff, 0xff, 0xff, 0xff, 0xff, 0xff, 0xff, 0xff, 0xff, 0xff, 0xff, 0xff, 0xff, 0xff, 0xff, 0xff,
  0xff, 0xff, 0xff, 0xff, 0xff, 0xff, 0xff, 0xff, 0xff, 0xff, 0xff, 0xff, 0xff, 0xff, 0xff, 0xff,
  0xff, 0xff, 0xff, 0xff, 0xff, 0xff, 0xff, 0xff, 0xff, 0xff, 0xff, 0xff, 0xff, 0xff, 0xff, 0xff,
  0xff, 0xff, 0xff, 0xff, 0xff, 0xff, 0xff, 0xff, 0xff, 0xff, 0xff, 0xff, 0xff, 0xff, 0xff, 0xff,
  0xff, 0xff, 0xff, 0xff, 0xff, 0xff, 0xff, 0xff, 0xff, 0xff, 0xff, 0xff, 0xff, 0xff, 0xff, 0xff,
  0xff, 0xff, 0xff, 0xff, 0xff, 0xff, 0xff, 0xff, 0xff, 0xff, 0xff, 0xff, 0xff, 0xff, 0xff, 0xff,
  0xff, 0xff, 0xff, 0xff, 0xff, 0xff, 0xff, 0xff, 0xff, 0xff, 0xff, 0xff, 0xff, 0xff, 0xff, 0xff,
  0xff, 0xff, 0xff, 0xff, 0xff, 0xff, 0xff, 0xff, 0xff, 0xff, 0xff, 0xff, 0xff, 0xff, 0xff, 0xff,
  0xff, 0xff, 0xff, 0xff, 0xff, 0xff, 0xff, 0xff, 0xff, 0xff, 0xff, 0xff, 0xff, 0xff, 0xff, 0xff,
  0xff, 0xff, 0xff, 0xff, 0xff, 0xff, 0xff, 0xff, 0xff, 0xff, 0xff, 0xff, 0xff, 0xff, 0xff, 0xff,
  0xff, 0xff, 0xff, 0xff, 0xff, 0xff, 0xff, 0xff, 0xff, 0xff, 0xff, 0xff, 0xff, 0xff, 0xff, 0xff,
};

const lv_image_dsc_t _music_artwork_RGB565A8_104x104 = {
  .header.magic = LV_IMAGE_HEADER_MAGIC,
  .header.cf = LV_COLOR_FORMAT_RGB565A8,
  .header.stride = 208,
  .header.w = 104,
  .header.h = 104,
  .data_size = sizeof(_music_artwork_RGB565A8_104x104_map),
  .data = _music_artwork_RGB565A8_104x104_map,
};
