#ifdef __has_include
    #if __has_include("lvgl.h")
        #ifndef LV_LVGL_H_INCLUDE_SIMPLE
            #define LV_LVGL_H_INCLUDE_SIMPLE
        #endif
    #endif
#endif

#if defined(LV_LVGL_H_INCLUDE_SIMPLE)
    #include "lvgl.h"
#else
    #include "lvgl/lvgl.h"
#endif

#ifndef LV_ATTRIBUTE_MEM_ALIGN
#define LV_ATTRIBUTE_MEM_ALIGN
#endif

#ifndef LV_ATTRIBUTE_IMAGE__WEATHER_RAIN_RGB565A8_96X96
#define LV_ATTRIBUTE_IMAGE__WEATHER_RAIN_RGB565A8_96X96
#endif

const LV_ATTRIBUTE_MEM_ALIGN LV_ATTRIBUTE_LARGE_CONST LV_ATTRIBUTE_IMAGE__WEATHER_RAIN_RGB565A8_96X96 uint8_t _weather_rain_RGB565A8_96x96_map[] = {
  0x00, 0x00, 0x00, 0x00, 0x00, 0x00, 0x00, 0x00, 0x00, 0x00, 0x00, 0x00, 0x00, 0x00, 0x00, 0x00,
  0x00, 0x00, 0x00, 0x00, 0x00, 0x00, 0x00, 0x00, 0x00, 0x00, 0x00, 0x00, 0x00, 0x00, 0x00, 0x00,
  0x00, 0x00, 0x00, 0x00, 0x00, 0x00, 0x00, 0x00, 0x00, 0x00, 0x00, 0x00, 0x00, 0x00, 0x00, 0x00,
  0x00, 0x00, 0x00, 0x00, 0x00, 0x00, 0x00, 0x00, 0x00, 0x00, 0x00, 0x00, 0x00, 0x00, 0x00, 0x00,
  0x00, 0x00, 0x00, 0x00, 0x00, 0x00, 0x00, 0x00, 0x00, 0x00, 0x00, 0x00, 0x00, 0x00, 0x00, 0x00,
  0x00, 0x00, 0x00, 0x00, 0x00, 0x00, 0x00, 0x00, 0x00, 0x00, 0x00, 0x00, 0x00, 0x00, 0x00, 0x00,
  0x00, 0x00, 0x00, 0x00, 0x00, 0x00, 0x00, 0x00, 0x00, 0x00, 0x00, 0x00, 0x00, 0x00, 0x00, 0x00,
  0x00, 0x00, 0x00, 0x00, 0x00, 0x00, 0x00, 0x00, 0x00, 0x00, 0x00, 0x00, 0x00, 0x00, 0x00, 0x00,
  0x00, 0x00, 0x00, 0x00, 0x00, 0x00, 0x00, 0x00, 0x00, 0x00, 0x00, 0x00, 0x00, 0x00, 0x00, 0x00,
  0x00, 0x00, 0x00, 0x00, 0x00, 0x00, 0x00, 0x00, 0x00, 0x00, 0x00, 0x00, 0x00, 0x00, 0x00, 0x00,
  0x00, 0x00, 0x00, 0x00, 0x00, 0x00, 0x00, 0x00, 0x00, 0x00, 0x00, 0x00, 0x00, 0x00, 0x00, 0x00,
  0x00, 0x00, 0x00, 0x00, 0x00, 0x00, 0x00, 0x00, 0x00, 0x00, 0x00, 0x00, 0x00, 0x00, 0x00, 0x00,
  0x00, 0x00, 0x00, 0x00, 0x00, 0x00, 0x00, 0x00, 0x00, 0x00, 0x00, 0x00, 0x00, 0x00, 0x00, 0x00,
  0x00, 0x00, 0x00, 0x00, 0x00, 0x00, 0x00, 0x00, 0x00, 0x00, 0x00, 0x00, 0x00, 0x00, 0x00, 0x00,
  0x00, 0x00, 0x00, 0x00, 0x00, 0x00, 0x00, 0x00, 0x00, 0x00, 0x00, 0x00, 0x00, 0x00, 0x00, 0x00,
  0x00, 0x00, 0x00, 0x00, 0x00, 0x00, 0x00, 0x00, 0x00, 0x00, 0x00, 0x00, 0x00, 0x00, 0x00, 0x00,
  0x00, 0x00, 0x00, 0x00, 0x00, 0x00, 0x00, 0x00, 0x00, 0x00, 0x00, 0x00, 0x00, 0x00, 0x00, 0x00,
  0x00, 0x00, 0x00, 0x00, 0x00, 0x00, 0x00, 0x00, 0x00, 0x00, 0x00, 0x00, 0x00, 0x00, 0x00, 0x00,
  0x00, 0x00, 0x00, 0x00, 0x00, 0x00, 0x00, 0x00, 0x00, 0x00, 0x00, 0x00, 0x00, 0x00, 0x00, 0x00,
  0x00, 0x00, 0x00, 0x00, 0x00, 0x00, 0x00, 0x00, 0x00, 0x00, 0x00, 0x00, 0x00, 0x00, 0x00, 0x00,
  0x00, 0x00, 0x00, 0x00, 0x00, 0x00, 0x00, 0x00, 0x00, 0x00, 0x00, 0x00, 0x00, 0x00, 0x00, 0x00,
  0x00, 0x00, 0x00, 0x00, 0x00, 0x00, 0x00, 0x00, 0x00, 0x00, 0x00, 0x00, 0x00, 0x00, 0x00, 0x00,
  0x00, 0x00, 0x00, 0x00, 0x00, 0x00, 0x00, 0x00, 0x00, 0x00, 0x00, 0x00, 0x00, 0x00, 0x00, 0x00,
  0x00, 0x00, 0x00, 0x00, 0x00, 0x00, 0x00, 0x00, 0x00, 0x00, 0x00, 0x00, 0x00, 0x00, 0x00, 0x00,
  0x00, 0x00, 0x00, 0x00, 0x00, 0x00, 0x00, 0x00, 0x00, 0x00, 0x00, 0x00, 0x00, 0x00, 0x00, 0x00,
  0x00, 0x00, 0x00, 0x00, 0x00, 0x00, 0x00, 0x00, 0x00, 0x00, 0x00, 0x00, 0x00, 0x00, 0x00, 0x00,
  0x00, 0x00, 0x00, 0x00, 0x00, 0x00, 0x00, 0x00, 0x00, 0x00, 0x00, 0x00, 0x00, 0x00, 0x00, 0x00,
  0x00, 0x00, 0x00, 0x00, 0x00, 0x00, 0x00, 0x00, 0x00, 0x00, 0x00, 0x00, 0x00, 0x00, 0x00, 0x00,
  0x00, 0x00, 0x00, 0x00, 0x00, 0x00, 0x00, 0x00, 0x00, 0x00, 0x00, 0x00, 0x00, 0x00, 0x00, 0x00,
  0x00, 0x00, 0x00, 0x00, 0x00, 0x00, 0x00, 0x00, 0x00, 0x00, 0x00, 0x00, 0x00, 0x00, 0x00, 0x00,
  0x00, 0x00, 0x00, 0x00, 0x00, 0x00, 0x00, 0x00, 0x00, 0x00, 0x00, 0x00, 0x00, 0x00, 0x00, 0x00,
  0x00, 0x00, 0x00, 0x00, 0x00, 0x00, 0x00, 0x00, 0x00, 0x00, 0x00, 0x00, 0x00, 0x00, 0x00, 0x00,
  0x00, 0x00, 0x00, 0x00, 0x00, 0x00, 0x00, 0x00, 0x00, 0x00, 0x00, 0x00, 0x00, 0x00, 0x00, 0x00,
  0x00, 0x00, 0x00, 0x00, 0x00, 0x00, 0x00, 0x00, 0x00, 0x00, 0x00, 0x00, 0x00, 0x00, 0x00, 0x00,
  0x00, 0x00, 0x00, 0x00, 0x00, 0x00, 0x00, 0x00, 0x00, 0x00, 0x00, 0x00, 0x00, 0x00, 0x00, 0x00,
  0x00, 0x00, 0x00, 0x00, 0x00, 0x00, 0x00, 0x00, 0x00, 0x00, 0x00, 0x00, 0x00, 0x00, 0x00, 0x00,
  0x00, 0x00, 0x00, 0x00, 0x00, 0x00, 0x00, 0x00, 0x00, 0x00, 0x00, 0x00, 0x00, 0x00, 0x00, 0x00,
  0x00, 0x00, 0x00, 0x00, 0x00, 0x00, 0x00, 0x00, 0x00, 0x00, 0x00, 0x00, 0x00, 0x00, 0x00, 0x00,
  0x00, 0x00, 0x00, 0x00, 0x00, 0x00, 0x00, 0x00, 0x00, 0x00, 0x00, 0x00, 0x00, 0x00, 0x00, 0x00,
  0x00, 0x00, 0x00, 0x00, 0x00, 0x00, 0x00, 0x00, 0x00, 0x00, 0x00, 0x00, 0x00, 0x00, 0x00, 0x00,
  0x00, 0x00, 0x00, 0x00, 0x00, 0x00, 0x00, 0x00, 0x00, 0x00, 0x00, 0x00, 0x00, 0x00, 0x00, 0x00,
  0x00, 0x00, 0x00, 0x00, 0x00, 0x00, 0x00, 0x00, 0x00, 0x00, 0x00, 0x00, 0x00, 0x00, 0x00, 0x00,
  0x00, 0x00, 0x00, 0x00, 0x00, 0x00, 0x00, 0x00, 0x00, 0x00, 0x00, 0x00, 0x00, 0x00, 0x00, 0x00,
  0x00, 0x00, 0x00, 0x00, 0x00, 0x00, 0x00, 0x00, 0x00, 0x00, 0x00, 0x00, 0x00, 0x00, 0x00, 0x00,
  0x00, 0x00, 0x00, 0x00, 0x00, 0x00, 0x00, 0x00, 0x00, 0x00, 0x00, 0x00, 0x00, 0x00, 0x00, 0x00,
  0x00, 0x00, 0x00, 0x00, 0x00, 0x00, 0x00, 0x00, 0x00, 0x00, 0x00, 0x00, 0x00, 0x00, 0x00, 0x00,
  0x00, 0x00, 0x00, 0x00, 0x00, 0x00, 0x00, 0x00, 0x00, 0x00, 0x00, 0x00, 0x00, 0x00, 0x00, 0x00,
  0x00, 0x00, 0x00, 0x00, 0x00, 0x00, 0x00, 0x00, 0x00, 0x00, 0x00, 0x00, 0x00, 0x00, 0x00, 0x00,
  0x00, 0x00, 0x00, 0x00, 0x00, 0x00, 0x00, 0x00, 0x00, 0x00, 0x00, 0x00, 0x00, 0x00, 0x00, 0x00,
  0x00, 0x00, 0x00, 0x00, 0x00, 0x00, 0x00, 0x00, 0x00, 0x00, 0x00, 0x00, 0x00, 0x00, 0x00, 0x00,
  0x00, 0x00, 0x00, 0x00, 0x00, 0x00, 0x00, 0x00, 0x00, 0x00, 0x00, 0x00, 0x00, 0x00, 0x00, 0x00,
  0x00, 0x00, 0x00, 0x00, 0x00, 0x00, 0x00, 0x00, 0x00, 0x00, 0x00, 0x00, 0x00, 0x00, 0x00, 0x00,
  0x00, 0x00, 0x00, 0x00, 0x00, 0x00, 0x00, 0x00, 0x00, 0x00, 0x00, 0x00, 0x00, 0x00, 0x00, 0x00,
  0x00, 0x00, 0x00, 0x00, 0x00, 0x00, 0x00, 0x00, 0x00, 0x00, 0x00, 0x00, 0x00, 0x00, 0x00, 0x00,
  0x00, 0x00, 0x00, 0x00, 0x00, 0x00, 0x00, 0x00, 0x00, 0x00, 0x00, 0x00, 0x00, 0x00, 0x00, 0x00,
  0x00, 0x00, 0x00, 0x00, 0x00, 0x00, 0x00, 0x00, 0x00, 0x00, 0x00, 0x00, 0x00, 0x00, 0x00, 0x00,
  0x00, 0x00, 0x00, 0x00, 0x00, 0x00, 0x00, 0x00, 0x00, 0x00, 0x00, 0x00, 0x00, 0x00, 0x00, 0x00,
  0x00, 0x00, 0x00, 0x00, 0x00, 0x00, 0x00, 0x00, 0x00, 0x00, 0x00, 0x00, 0x00, 0x00, 0x00, 0x00,
  0x00, 0x00, 0x00, 0x00, 0x00, 0x00, 0x00, 0x00, 0x00, 0x00, 0x00, 0x00, 0x00, 0x00, 0x00, 0x00,
  0x00, 0x00, 0x00, 0x00, 0x00, 0x00, 0x00, 0x00, 0x00, 0x00, 0x00, 0x00, 0x00, 0x00, 0x00, 0x00,
  0x00, 0x00, 0x00, 0x00, 0x00, 0x00, 0x00, 0x00, 0x00, 0x00, 0x00, 0x00, 0x00, 0x00, 0x00, 0x00,
  0x00, 0x00, 0x00, 0x00, 0x00, 0x00, 0x00, 0x00, 0x00, 0x00, 0x00, 0x00, 0x00, 0x00, 0x00, 0x00,
  0x00, 0x00, 0x00, 0x00, 0x00, 0x00, 0x00, 0x00, 0x00, 0x00, 0x00, 0x00, 0x00, 0x00, 0x00, 0x00,
  0x00, 0x00, 0x00, 0x00, 0x00, 0x00, 0x00, 0x00, 0x00, 0x00, 0x00, 0x00, 0x00, 0x00, 0x00, 0x00,
  0x00, 0x00, 0x00, 0x00, 0x00, 0x00, 0x00, 0x00, 0x00, 0x00, 0x00, 0x00, 0x00, 0x00, 0x00, 0x00,
  0x00, 0x00, 0x00, 0x00, 0x00, 0x00, 0x00, 0x00, 0x00, 0x00, 0x00, 0x00, 0x00, 0x00, 0x00, 0x00,
  0x00, 0x00, 0x00, 0x00, 0x00, 0x00, 0x00, 0x00, 0x00, 0x00, 0x00, 0x00, 0x00, 0x00, 0x00, 0x00,
  0x00, 0x00, 0x00, 0x00, 0x00, 0x00, 0x00, 0x00, 0x00, 0x00, 0x00, 0x00, 0x00, 0x00, 0x00, 0x00,
  0x00, 0x00, 0x00, 0x00, 0x00, 0x00, 0x00, 0x00, 0x00, 0x00, 0x00, 0x00, 0x00, 0x00, 0x00, 0x00,
  0x00, 0x00, 0x00, 0x00, 0x00, 0x00, 0x00, 0x00, 0x00, 0x00, 0x00, 0x00, 0x00, 0x00, 0x00, 0x00,
  0x00, 0x00, 0x00, 0x00, 0x00, 0x00, 0x00, 0x00, 0x00, 0x00, 0x00, 0x00, 0x00, 0x00, 0x00, 0x00,
  0x00, 0x00, 0x00, 0x00, 0x00, 0x00, 0x00, 0x00, 0x00, 0x00, 0x00, 0x00, 0x00, 0x00, 0x00, 0x00,
  0x00, 0x00, 0x00, 0x00, 0x00, 0x00, 0x00, 0x00, 0x00, 0x00, 0x00, 0x00, 0x00, 0x00, 0x00, 0x00,
  0x00, 0x00, 0x00, 0x00, 0x00, 0x00, 0x00, 0x00, 0x00, 0x00, 0x00, 0x00, 0x00, 0x00, 0x00, 0x00,
  0x00, 0x00, 0x00, 0x00, 0x00, 0x00, 0x00, 0x00, 0x00, 0x00, 0x00, 0x00, 0x00, 0x00, 0x00, 0x00,
  0x00, 0x00, 0x00, 0x00, 0x00, 0x00, 0x00, 0x00, 0x00, 0x00, 0x00, 0x00, 0x00, 0x00, 0x00, 0x00,
  0x00, 0x00, 0x00, 0x00, 0x00, 0x00, 0x00, 0x00, 0x00, 0x00, 0x00, 0x00, 0x00, 0x00, 0x00, 0x00,
  0x00, 0x00, 0x00, 0x00, 0x00, 0x00, 0x00, 0x00, 0x00, 0x00, 0x00, 0x00, 0x00, 0x00, 0x00, 0x00,
  0x00, 0x00, 0x00, 0x00, 0x00, 0x00, 0x00, 0x00, 0x00, 0x00, 0x00, 0x00, 0x00, 0x00, 0x00, 0x00,
  0x00, 0x00, 0x00, 0x00, 0x00, 0x00, 0x00, 0x00, 0x00, 0x00, 0x00, 0x00, 0x00, 0x00, 0x00, 0x00,
  0x00, 0x00, 0x00, 0x00, 0x00, 0x00, 0x00, 0x00, 0x00, 0x00, 0x00, 0x00, 0x00, 0x00, 0x00, 0x00,
  0x00, 0x00, 0x00, 0x00, 0x00, 0x00, 0x00, 0x00, 0x00, 0x00, 0x00, 0x00, 0x00, 0x00, 0x00, 0x00,
  0x00, 0x00, 0x00, 0x00, 0x00, 0x00, 0x00, 0x00, 0x00, 0x00, 0x00, 0x00, 0x00, 0x00, 0x00, 0x00,
  0x00, 0x00, 0x00, 0x00, 0x00, 0x00, 0x00, 0x00, 0x00, 0x00, 0x00, 0x00, 0x00, 0x00, 0x00, 0x00,
  0x00, 0x00, 0x00, 0x00, 0x00, 0x00, 0x00, 0x00, 0x00, 0x00, 0x00, 0x00, 0x00, 0x00, 0x00, 0x00,
  0x00, 0x00, 0x00, 0x00, 0x00, 0x00, 0x00, 0x00, 0x00, 0x00, 0x00, 0x00, 0x00, 0x00, 0x00, 0x00,
  0x00, 0x00, 0x00, 0x00, 0x00, 0x00, 0x00, 0x00, 0x00, 0x00, 0x00, 0x00, 0x00, 0x00, 0x00, 0x00,
  0x00, 0x00, 0x00, 0x00, 0x00, 0x00, 0x00, 0x00, 0x00, 0x00, 0x00, 0x00, 0x00, 0x00, 0x00, 0x00,
  0x00, 0x00, 0x00, 0x00, 0x00, 0x00, 0x00, 0x00, 0x00, 0x00, 0x00, 0x00, 0x00, 0x00, 0x00, 0x00,
  0x00, 0x00, 0x00, 0x00, 0x00, 0x00, 0x00, 0x00, 0x00, 0x00, 0x00, 0x00, 0x00, 0x00, 0x00, 0x00,
  0x00, 0x00, 0x00, 0x00, 0x00, 0x00, 0x00, 0x00, 0x00, 0x00, 0x00, 0x00, 0x00, 0x00, 0x00, 0x00,
  0x00, 0x00, 0x00, 0x00, 0x00, 0x00, 0x00, 0x00, 0x00, 0x00, 0x00, 0x00, 0x00, 0x00, 0x00, 0x00,
  0x00, 0x00, 0x00, 0x00, 0x00, 0x00, 0x00, 0x00, 0x00, 0x00, 0x00, 0x00, 0x00, 0x00, 0x00, 0x00,
  0x00, 0x00, 0x00, 0x00, 0x00, 0x00, 0x00, 0x00, 0x00, 0x00, 0x00, 0x00, 0x00, 0x00, 0x00, 0x00,
  0x00, 0x00, 0x00, 0x00, 0x00, 0x00, 0x00, 0x00, 0x00, 0x00, 0x00, 0x00, 0x00, 0x00, 0x00, 0x00,
  0x00, 0x00, 0x00, 0x00, 0x00, 0x00, 0x00, 0x00, 0x00, 0x00, 0x00, 0x00, 0x00, 0x00, 0x00, 0x00,
  0x00, 0x00, 0x00, 0x00, 0x00, 0x00, 0x00, 0x00, 0x00, 0x00, 0x00, 0x00, 0x00, 0x00, 0x00, 0x00,
  0x00, 0x00, 0x00, 0x00, 0x00, 0x00, 0x00, 0x00, 0x00, 0x00, 0x00, 0x00, 0x00, 0x00, 0x00, 0x00,
  0x00, 0x00, 0x00, 0x00, 0x00, 0x00, 0x00, 0x00, 0x00, 0x00, 0x00, 0x00, 0x00, 0x00, 0x00, 0x00,
  0x00, 0x00, 0x00, 0x00, 0x00, 0x00, 0x00, 0x00, 0x00, 0x00, 0x00, 0x00, 0x00, 0x00, 0x00, 0x00,
  0x00, 0x00, 0x00, 0x00, 0x00, 0x00, 0x00, 0x00, 0x00, 0x00, 0x00, 0x00, 0x00, 0x00, 0x00, 0x00,
  0x00, 0x00, 0x00, 0x00, 0x00, 0x00, 0x00, 0x00, 0x00, 0x00, 0x00, 0x00, 0x00, 0x00, 0x00, 0x00,
  0x00, 0x00, 0x00, 0x00, 0x00, 0x00, 0x00, 0x00, 0x00, 0x00, 0x00, 0x00, 0x00, 0x00, 0x00, 0x00,
  0x00, 0x00, 0x00, 0x00, 0x00, 0x00, 0x00, 0x00, 0x00, 0x00, 0x00, 0x00, 0x00, 0x00, 0x00, 0x00,
  0x00, 0x00, 0x00, 0x00, 0x00, 0x00, 0x00, 0x00, 0x00, 0x00, 0x00, 0x00, 0x00, 0x00, 0x00, 0x00,
  0x00, 0x00, 0x00, 0x00, 0x00, 0x00, 0x00, 0x00, 0x00, 0x00, 0x00, 0x00, 0x00, 0x00, 0x00, 0x00,
  0x00, 0x00, 0x00, 0x00, 0x00, 0x00, 0x00, 0x00, 0x00, 0x00, 0x00, 0x00, 0x00, 0x00, 0x00, 0x00,
  0x00, 0x00, 0x00, 0x00, 0x00, 0x00, 0x00, 0x00, 0x00, 0x00, 0x00, 0x00, 0x00, 0x00, 0x00, 0x00,
  0x00, 0x00, 0x00, 0x00, 0x00, 0x00, 0x00, 0x00, 0x00, 0x00, 0x00, 0x00, 0x00, 0x00, 0x00, 0x00,
  0x00, 0x00, 0x00, 0x00, 0x00, 0x00, 0x00, 0x00, 0x00, 0x00, 0x00, 0x00, 0x00, 0x00, 0x00, 0x00,
  0x00, 0x00, 0x00, 0x00, 0x00, 0x00, 0x00, 0x00, 0x00, 0x00, 0x00, 0x00, 0x00, 0x00, 0x00, 0x00,
  0x00, 0x00, 0x00, 0x00, 0x00, 0x00, 0x00, 0x00, 0x00, 0x00, 0x00, 0x00, 0x00, 0x00, 0x00, 0x00,
  0x00, 0x00, 0x00, 0x00, 0x00, 0x00, 0x00, 0x00, 0x00, 0x00, 0x00, 0x00, 0x00, 0x00, 0x00, 0x00,
  0x00, 0x00, 0x00, 0x00, 0x00, 0x00, 0x00, 0x00, 0x00, 0x00, 0x00, 0x00, 0x00, 0x00, 0x00, 0x00,
  0x00, 0x00, 0x00, 0x00, 0x00, 0x00, 0x00, 0x00, 0x00, 0x00, 0x00, 0x00, 0x00, 0x00, 0x00, 0x00,
  0x00, 0x00, 0x00, 0x00, 0x00, 0x00, 0x00, 0x00, 0x00, 0x00, 0x00, 0x00, 0x00, 0x00, 0x00, 0x00,
  0x00, 0x00, 0x00, 0x00, 0x00, 0x00, 0x00, 0x00, 0x00, 0x00, 0x00, 0x00, 0x00, 0x00, 0x00, 0x00,
  0x00, 0x00, 0x00, 0x00, 0x00, 0x00, 0x00, 0x00, 0x00, 0x00, 0x00, 0x00, 0x00, 0x00, 0x00, 0x00,
  0x00, 0x00, 0x00, 0x00, 0x00, 0x00, 0x00, 0x00, 0x00, 0x00, 0x00, 0x00, 0x00, 0x00, 0x00, 0x00,
  0x00, 0x00, 0x00, 0x00, 0x00, 0x00, 0x00, 0x00, 0x00, 0x00, 0x00, 0x00, 0x00, 0x00, 0x00, 0x00,
  0x00, 0x00, 0x00, 0x00, 0x00, 0x00, 0x00, 0x00, 0x00, 0x00, 0x00, 0x00, 0x00, 0x00, 0x00, 0x00,
  0x00, 0x00, 0x00, 0x00, 0x00, 0x00, 0x00, 0x00, 0x00, 0x00, 0x00, 0x00, 0x00, 0x00, 0x00, 0x00,
  0x00, 0x00, 0x00, 0x00, 0x00, 0x00, 0x00, 0x00, 0x00, 0x00, 0x00, 0x00, 0x00, 0x00, 0x00, 0x00,
  0x00, 0x00, 0x00, 0x00, 0x00, 0x00, 0x00, 0x00, 0x00, 0x00, 0x00, 0x00, 0x00, 0x00, 0x00, 0x00,
  0x00, 0x00, 0x00, 0x00, 0x00, 0x00, 0x00, 0x00, 0x00, 0x00, 0x00, 0x00, 0x00, 0x00, 0x00, 0x00,
  0x00, 0x00, 0x00, 0x00, 0x00, 0x00, 0x00, 0x00, 0x00, 0x00, 0x00, 0x00, 0x00, 0x00, 0x00, 0x00,
  0x00, 0x00, 0x00, 0x00, 0x00, 0x00, 0x00, 0x00, 0x00, 0x00, 0x00, 0x00, 0x00, 0x00, 0x00, 0x00,
  0x00, 0x00, 0x00, 0x00, 0x00, 0x00, 0x00, 0x00, 0x00, 0x00, 0x00, 0x00, 0x00, 0x00, 0x00, 0x00,
  0x00, 0x00, 0x00, 0x00, 0x00, 0x00, 0x00, 0x00, 0x00, 0x00, 0x00, 0x00, 0x00, 0x00, 0x00, 0x00,
  0x00, 0x00, 0x00, 0x00, 0x00, 0x00, 0x00, 0x00, 0x00, 0x00, 0x00, 0x00, 0x00, 0x00, 0x00, 0x00,
  0x00, 0x00, 0x00, 0x00, 0x00, 0x00, 0x00, 0x00, 0x00, 0x00, 0x00, 0x00, 0x00, 0x00, 0x00, 0x00,
  0x00, 0x00, 0x00, 0x00, 0x00, 0x00, 0x00, 0x00, 0x00, 0x00, 0x00, 0x00, 0x00, 0x00, 0x00, 0x00,
  0x00, 0x00, 0x00, 0x00, 0x00, 0x00, 0x00, 0x00, 0x00, 0x00, 0x00, 0x00, 0x00, 0x00, 0x00, 0x00,
  0x00, 0x00, 0x00, 0x00, 0x00, 0x00, 0x00, 0x00, 0x00, 0x00, 0x00, 0x00, 0x00, 0x00, 0x00, 0x00,
  0x00, 0x00, 0x00, 0x00, 0x00, 0x00, 0x00, 0x00, 0x00, 0x00, 0x00, 0x00, 0x00, 0x00, 0x00, 0x00,
  0x00, 0x00, 0x00, 0x00, 0x00, 0x00, 0x00, 0x00, 0x00, 0x00, 0x00, 0x00, 0x00, 0x00, 0x00, 0x00,
  0x00, 0x00, 0x00, 0x00, 0x00, 0x00, 0x00, 0x00, 0x00, 0x00, 0x00, 0x00, 0x00, 0x00, 0x00, 0x00,
  0x00, 0x00, 0x00, 0x00, 0x00, 0x00, 0x00, 0x00, 0x00, 0x00, 0x00, 0x00, 0x00, 0x00, 0x00, 0x00,
  0x00, 0x00, 0x00, 0x00, 0x00, 0x00, 0x00, 0x00, 0x00, 0x00, 0x00, 0x00, 0x00, 0x00, 0x00, 0x00,
  0x00, 0x00, 0x00, 0x00, 0x00, 0x00, 0x00, 0x00, 0x00, 0x00, 0x00, 0x00, 0x00, 0x00, 0x00, 0x00,
  0x00, 0x00, 0x00, 0x00, 0x00, 0x00, 0x00, 0x00, 0x00, 0x00, 0x00, 0x00, 0x00, 0x00, 0x00, 0x00,
  0x00, 0x00, 0x00, 0x00, 0x00, 0x00, 0x00, 0x00, 0x00, 0x00, 0x00, 0x00, 0x00, 0x00, 0x00, 0x00,
  0x00, 0x00, 0x00, 0x00, 0x00, 0x00, 0x00, 0x00, 0x00, 0x00, 0x00, 0x00, 0x00, 0x00, 0x00, 0x00,
  0x00, 0x00, 0x00, 0x00, 0x00, 0x00, 0x00, 0x00, 0x00, 0x00, 0x00, 0x00, 0x00, 0x00, 0x00, 0x00,
  0x00, 0x00, 0x00, 0x00, 0x00, 0x00, 0x00, 0x00, 0x00, 0x00, 0x00, 0x00, 0x00, 0x00, 0x00, 0x00,
  0x00, 0x00, 0x00, 0x00, 0x00, 0x00, 0x00, 0x00, 0x00, 0x00, 0x00, 0x00, 0x00, 0x00, 0x00, 0x00,
  0x00, 0x00, 0x00, 0x00, 0x00, 0x00, 0x00, 0x00, 0x00, 0x00, 0x00, 0x00, 0x00, 0x00, 0x00, 0x00,
  0x00, 0x00, 0x00, 0x00, 0x00, 0x00, 0x00, 0x00, 0x00, 0x00, 0x00, 0x00, 0x00, 0x00, 0x00, 0x00,
  0x00, 0x00, 0x00, 0x00, 0x00, 0x00, 0x00, 0x00, 0x00, 0x00, 0x00, 0x00, 0x00, 0x00, 0x00, 0x00,
  0x00, 0x00, 0x00, 0x00, 0x00, 0x00, 0x00, 0x00, 0x00, 0x00, 0x00, 0x00, 0x00, 0x00, 0x00, 0x00,
  0x00, 0x00, 0x00, 0x00, 0x00, 0x00, 0x00, 0x00, 0x00, 0x00, 0x00, 0x00, 0x00, 0x00, 0x00, 0x00,
  0x00, 0x00, 0x00, 0x00, 0x00, 0x00, 0x00, 0x00, 0x00, 0x00, 0x00, 0x00, 0x00, 0x00, 0x00, 0x00,
  0x00, 0x00, 0x00, 0x00, 0x00, 0x00, 0x00, 0x00, 0x00, 0x00, 0x00, 0x00, 0x00, 0x00, 0x00, 0x00,
  0x00, 0x00, 0x00, 0x00, 0x00, 0x00, 0x00, 0x00, 0x00, 0x00, 0x00, 0x00, 0x00, 0x00, 0x00, 0x00,
  0x00, 0x00, 0x00, 0x00, 0x00, 0x00, 0x00, 0x00, 0x00, 0x00, 0x00, 0x00, 0x00, 0x00, 0x00, 0x00,
  0x00, 0x00, 0x00, 0x00, 0x00, 0x00, 0x00, 0x00, 0x00, 0x00, 0x00, 0x00, 0x00, 0x00, 0x00, 0x00,
  0x00, 0x00, 0x00, 0x00, 0x00, 0x00, 0x00, 0x00, 0x00, 0x00, 0x00, 0x00, 0x00, 0x00, 0x00, 0x00,
  0x00, 0x00, 0x00, 0x00, 0x00, 0x00, 0x00, 0x00, 0x00, 0x00, 0x00, 0x00, 0x00, 0x00, 0x00, 0x00,
  0x00, 0x00, 0x00, 0x00, 0x00, 0x00, 0x00, 0x00, 0x00, 0x00, 0x00, 0x00, 0x00, 0x00, 0x00, 0x00,
  0x00, 0x00, 0x00, 0x00, 0x00, 0x00, 0x00, 0x00, 0x00, 0x00, 0x00, 0x00, 0x00, 0x00, 0x00, 0x00,
  0x00, 0x00, 0x00, 0x00, 0x00, 0x00, 0x00, 0x00, 0x00, 0x00, 0x00, 0x00, 0x00, 0x00, 0x00, 0x00,
  0x00, 0x00, 0x00, 0x00, 0x00, 0x00, 0x00, 0x00, 0x00, 0x00, 0x00, 0x00, 0x00, 0x00, 0x00, 0x00,
  0x00, 0x00, 0x00, 0x00, 0x00, 0x00, 0x00, 0x38, 0x00, 0x38, 0x00, 0x00, 0x00, 0x00, 0x00, 0x00,
  0x00, 0x00, 0x00, 0x00, 0x00, 0x00, 0x00, 0x00, 0x00, 0x38, 0x00, 0x00, 0x00, 0x00, 0x00, 0x00,
  0x00, 0x00, 0x00, 0x00, 0x00, 0x00, 0x00, 0x00, 0x00, 0x00, 0x00, 0x00, 0x00, 0x00, 0x00, 0x00,
  0x00, 0x00, 0x00, 0x00, 0x00, 0x00, 0x00, 0x00, 0x00, 0x00, 0x00, 0x00, 0x00, 0x00, 0x00, 0x00,
  0x00, 0x00, 0x00, 0x00, 0x00, 0x00, 0x00, 0x00, 0x00, 0x00, 0x00, 0x00, 0x00, 0x00, 0x00, 0x00,
  0x00, 0x00, 0x00, 0x00, 0x00, 0x00, 0x00, 0x00, 0x00, 0x00, 0x00, 0x00, 0x00, 0x00, 0x00, 0x00,
  0x00, 0x00, 0x00, 0x00, 0x00, 0x00, 0x00, 0x00, 0x00, 0x00, 0x00, 0x00, 0x00, 0x00, 0x00, 0x00,
  0x00, 0x00, 0x00, 0x00, 0x00, 0x00, 0x00, 0x00, 0x00, 0x00, 0x00, 0x00, 0x00, 0x00, 0x00, 0x00,
  0x00, 0x00, 0x00, 0x00, 0x00, 0x00, 0x00, 0x00, 0x00, 0x00, 0x00, 0x00, 0x00, 0x00, 0x00, 0x00,
  0x00, 0x00, 0x00, 0x00, 0x00, 0x00, 0x00, 0x00, 0x00, 0x00, 0x00, 0x00, 0x00, 0x00, 0x00, 0x00,
  0x00, 0x00, 0x00, 0x00, 0x00, 0x00, 0x00, 0x00, 0x00, 0x00, 0x00, 0x00, 0x00, 0x00, 0x00, 0x00,
  0x00, 0x00, 0x00, 0x00, 0x00, 0x00, 0x00, 0x00, 0x00, 0x00, 0x00, 0x00, 0x00, 0x00, 0x00, 0x00,
  0x00, 0x38, 0x00, 0x00, 0x00, 0x00, 0x00, 0x00, 0x00, 0x00, 0x00, 0x00, 0x00, 0x00, 0x00, 0x50,
  0x00, 0x50, 0x00, 0x00, 0x00, 0x00, 0x00, 0x00, 0x00, 0x00, 0x00, 0x00, 0x00, 0x00, 0x00, 0x00,
  0x00, 0x00, 0x00, 0x00, 0x00, 0x00, 0x00, 0x00, 0x00, 0x00, 0x00, 0x00, 0x00, 0x00, 0x00, 0x00,
  0x00, 0x00, 0x00, 0x00, 0x00, 0x00, 0x00, 0x00, 0x00, 0x00, 0x00, 0x00, 0x00, 0x00, 0x00, 0x00,
  0x00, 0x00, 0x00, 0x00, 0x00, 0x00, 0x00, 0x00, 0x00, 0x00, 0x00, 0x00, 0x00, 0x00, 0x00, 0x00,
  0x00, 0x00, 0x00, 0x00, 0x00, 0x00, 0x00, 0x00, 0x00, 0x00, 0x00, 0x00, 0x00, 0x00, 0x00, 0x00,
  0x00, 0x00, 0x00, 0x00, 0x00, 0x00, 0x00, 0x00, 0x00, 0x00, 0x00, 0x00, 0x00, 0x00, 0x00, 0x00,
  0x00, 0x00, 0x00, 0x00, 0x00, 0x00, 0x00, 0x00, 0x00, 0x00, 0x00, 0x00, 0x00, 0x00, 0x00, 0x00,
  0x00, 0x00, 0x00, 0x00, 0x00, 0x00, 0x00, 0x00, 0x00, 0x00, 0x00, 0x00, 0x00, 0x00, 0x00, 0x00,
  0x00, 0x00, 0x00, 0x00, 0x00, 0x00, 0x00, 0x00, 0x00, 0x00, 0x00, 0x00, 0x00, 0x00, 0x00, 0x00,
  0x00, 0x00, 0x00, 0x00, 0x00, 0x00, 0x00, 0x00, 0x00, 0x00, 0x00, 0x00, 0x00, 0x00, 0x00, 0x00,
  0x00, 0x00, 0x00, 0x00, 0x00, 0x00, 0x00, 0x00, 0x00, 0x00, 0x00, 0x00, 0x00, 0x00, 0x00, 0x00,
  0x00, 0x00, 0x00, 0x00, 0x04, 0x21, 0x04, 0x21, 0xe3, 0x20, 0x04, 0x21, 0x04, 0x21, 0xe4, 0x20,
  0xe4, 0x20, 0x04, 0x21, 0x04, 0x21, 0xe3, 0x20, 0xe3, 0x20, 0x04, 0x21, 0xe3, 0x28, 0x00, 0x00,
  0x00, 0x00, 0x00, 0x00, 0x00, 0x00, 0x00, 0x00, 0x00, 0x00, 0x00, 0x00, 0x00, 0x00, 0x00, 0x00,
  0x00, 0x00, 0x00, 0x00, 0x00, 0x00, 0x00, 0x00, 0x00, 0x00, 0x00, 0x00, 0x00, 0x00, 0x00, 0x00,
  0x00, 0x00, 0x00, 0x00, 0x00, 0x00, 0x00, 0x00, 0x00, 0x00, 0x00, 0x00, 0x00, 0x00, 0x00, 0x00,
  0x00, 0x00, 0x00, 0x00, 0x00, 0x00, 0x00, 0x00, 0x00, 0x00, 0x00, 0x00, 0x00, 0x00, 0x00, 0x00,
  0x00, 0x00, 0x00, 0x00, 0x00, 0x00, 0x00, 0x00, 0x00, 0x00, 0x00, 0x00, 0x00, 0x00, 0x00, 0x00,
  0x00, 0x00, 0x00, 0x00, 0x00, 0x00, 0x00, 0x00, 0x00, 0x00, 0x00, 0x00, 0x00, 0x00, 0x00, 0x00,
  0x00, 0x00, 0x00, 0x00, 0x00, 0x00, 0x00, 0x00, 0x00, 0x00, 0x00, 0x00, 0x00, 0x00, 0x00, 0x00,
  0x00, 0x00, 0x00, 0x00, 0x00, 0x00, 0x00, 0x00, 0x00, 0x00, 0x00, 0x00, 0x00, 0x00, 0x00, 0x00,
  0x00, 0x00, 0x00, 0x00, 0x00, 0x00, 0x00, 0x00, 0x00, 0x00, 0x00, 0x00, 0x00, 0x00, 0x00, 0x00,
  0x00, 0x00, 0x00, 0x00, 0x00, 0x00, 0x00, 0x00, 0x00, 0x00, 0x00, 0x00, 0x00, 0x00, 0xe3, 0x20,
  0xe3, 0x20, 0xe3, 0x20, 0x04, 0x21, 0x24, 0x21, 0x04, 0x21, 0x04, 0x21, 0xe3, 0x20, 0xe3, 0x20,
  0xe3, 0x20, 0xe3, 0x20, 0xe3, 0x20, 0x04, 0x21, 0x04, 0x21, 0x04, 0x21, 0x04, 0x21, 0x04, 0x21,
  0x04, 0x21, 0x24, 0x21, 0x00, 0x00, 0x00, 0x00, 0x00, 0x00, 0x00, 0x00, 0x00, 0x00, 0x00, 0x00,
  0x00, 0x00, 0x00, 0x00, 0x00, 0x00, 0x00, 0x00, 0x00, 0x00, 0x00, 0x00, 0x00, 0x00, 0x00, 0x00,
  0x00, 0x00, 0x00, 0x00, 0x00, 0x00, 0x00, 0x00, 0x00, 0x00, 0x00, 0x00, 0x00, 0x00, 0x00, 0x00,
  0x00, 0x00, 0x00, 0x00, 0x00, 0x00, 0x00, 0x00, 0x00, 0x00, 0x00, 0x00, 0x00, 0x00, 0x00, 0x00,
  0x00, 0x00, 0x00, 0x00, 0x00, 0x00, 0x00, 0x00, 0x00, 0x00, 0x00, 0x00, 0x00, 0x00, 0x00, 0x00,
  0x00, 0x00, 0x00, 0x00, 0x00, 0x00, 0x00, 0x00, 0x00, 0x00, 0x00, 0x00, 0x00, 0x00, 0x00, 0x00,
  0x00, 0x00, 0x00, 0x00, 0x00, 0x00, 0x00, 0x00, 0x00, 0x00, 0x00, 0x00, 0x00, 0x00, 0x00, 0x00,
  0x00, 0x00, 0x00, 0x00, 0x00, 0x00, 0x00, 0x00, 0x00, 0x00, 0x00, 0x00, 0x00, 0x00, 0x00, 0x00,
  0x00, 0x00, 0x00, 0x00, 0x00, 0x00, 0x00, 0x00, 0x00, 0x00, 0x00, 0x00, 0x00, 0x00, 0x00, 0x00,
  0x00, 0x00, 0x00, 0x00, 0x00, 0x00, 0x00, 0x00, 0x00, 0x00, 0x04, 0x21, 0xe3, 0x20, 0x04, 0x21,
  0x24, 0x29, 0x04, 0x21, 0xa2, 0x18, 0x82, 0x18, 0xa2, 0x18, 0x04, 0x21, 0x45, 0x29, 0x46, 0x21,
  0x66, 0x21, 0x66, 0x29, 0x45, 0x29, 0xe3, 0x20, 0xa2, 0x18, 0xa2, 0x18, 0xc3, 0x20, 0x04, 0x21,
  0x04, 0x21, 0x04, 0x21, 0xe3, 0x20, 0x24, 0x21, 0x00, 0x00, 0x00, 0x00, 0x00, 0x00, 0x00, 0x00,
  0x00, 0x00, 0x00, 0x00, 0x00, 0x00, 0x00, 0x00, 0x00, 0x00, 0x00, 0x00, 0x00, 0x00, 0x00, 0x00,
  0x00, 0x00, 0x00, 0x00, 0x00, 0x00, 0x00, 0x00, 0x00, 0x00, 0x00, 0x00, 0x00, 0x00, 0x00, 0x00,
  0x00, 0x00, 0x00, 0x00, 0x00, 0x00, 0x00, 0x00, 0x00, 0x00, 0x00, 0x00, 0x00, 0x00, 0x00, 0x00,
  0x00, 0x00, 0x00, 0x00, 0x00, 0x00, 0x00, 0x00, 0x00, 0x00, 0x00, 0x00, 0x00, 0x00, 0x00, 0x00,
  0x00, 0x00, 0x00, 0x00, 0x00, 0x00, 0x00, 0x00, 0x00, 0x00, 0x00, 0x00, 0x00, 0x00, 0x00, 0x00,
  0x00, 0x00, 0x00, 0x00, 0x00, 0x00, 0x00, 0x00, 0x00, 0x00, 0x00, 0x00, 0x00, 0x00, 0x00, 0x00,
  0x00, 0x00, 0x00, 0x00, 0x00, 0x00, 0x00, 0x00, 0x00, 0x00, 0x00, 0x00, 0x00, 0x00, 0x00, 0x00,
  0x00, 0x00, 0x00, 0x00, 0x00, 0x00, 0x00, 0x00, 0x00, 0x00, 0x00, 0x00, 0x00, 0x00, 0x00, 0x00,
  0x00, 0x00, 0x00, 0x00, 0x00, 0x00, 0x00, 0x30, 0xe3, 0x20, 0x04, 0x21, 0x24, 0x29, 0xe3, 0x20,
  0x82, 0x18, 0xe3, 0x20, 0x29, 0x42, 0xb0, 0x6b, 0x16, 0x8d, 0xda, 0x9d, 0x3c, 0xa6, 0xfc, 0x8d,
  0x7b, 0x75, 0x1a, 0x5d, 0xd8, 0x5c, 0x76, 0x5c, 0xd2, 0x4b, 0xcd, 0x3a, 0xa7, 0x29, 0xc3, 0x20,
  0xa2, 0x18, 0x04, 0x21, 0x04, 0x21, 0xe3, 0x20, 0xe3, 0x20, 0x00, 0x00, 0x00, 0x00, 0x00, 0x00,
  0x00, 0x00, 0x00, 0x00, 0x00, 0x00, 0x00, 0x00, 0x00, 0x00, 0x00, 0x00, 0x00, 0x00, 0x00, 0x00,
  0x00, 0x00, 0x00, 0x00, 0x00, 0x00, 0x00, 0x00, 0x00, 0x00, 0x00, 0x00, 0x00, 0x00, 0x00, 0x00,
  0x00, 0x00, 0x00, 0x00, 0x00, 0x00, 0x00, 0x00, 0x00, 0x00, 0x00, 0x00, 0x00, 0x00, 0x00, 0x00,
  0x00, 0x00, 0x00, 0x00, 0x00, 0x00, 0x00, 0x00, 0x00, 0x00, 0x00, 0x00, 0x00, 0x00, 0x00, 0x00,
  0x00, 0x00, 0x00, 0x00, 0x00, 0x00, 0x00, 0x00, 0x00, 0x00, 0x00, 0x00, 0x00, 0x00, 0x00, 0x00,
  0x00, 0x00, 0x00, 0x00, 0x00, 0x00, 0x00, 0x00, 0x00, 0x00, 0x00, 0x00, 0x00, 0x00, 0x00, 0x00,
  0x00, 0x00, 0x00, 0x00, 0x00, 0x00, 0x00, 0x00, 0x00, 0x00, 0x00, 0x00, 0x00, 0x00, 0x00, 0x00,
  0x00, 0x00, 0x00, 0x00, 0x00, 0x00, 0x00, 0x00, 0x00, 0x00, 0x00, 0x00, 0x00, 0x00, 0x00, 0x00,
  0x00, 0x00, 0x00, 0x00, 0xe3, 0x20, 0xe3, 0x20, 0x04, 0x21, 0x04, 0x21, 0x82, 0x18, 0x25, 0x29,
  0x6f, 0x63, 0xb9, 0x9d, 0xde, 0xb6, 0x1f, 0xbf, 0x1f, 0xbf, 0xff, 0xbe, 0xde, 0xbe, 0xde, 0xbe,
  0xbe, 0xb6, 0x5d, 0x9e, 0xdc, 0x7d, 0x7b, 0x65, 0x7c, 0x65, 0x9c, 0x6d, 0x3a, 0x65, 0x35, 0x54,
  0x6b, 0x3a, 0xe3, 0x20, 0xa2, 0x18, 0x04, 0x21, 0x04, 0x21, 0xe3, 0x20, 0xc3, 0x18, 0x00, 0x00,
  0x00, 0x00, 0x00, 0x00, 0x00, 0x00, 0x00, 0x00, 0x00, 0x00, 0x00, 0x00, 0x00, 0x00, 0x00, 0x00,
  0x00, 0x00, 0x00, 0x00, 0x00, 0x00, 0x00, 0x00, 0x00, 0x00, 0x00, 0x00, 0x00, 0x00, 0x00, 0x00,
  0x00, 0x00, 0x00, 0x00, 0x00, 0x00, 0x00, 0x00, 0x00, 0x00, 0x00, 0x00, 0x00, 0x00, 0x00, 0x00,
  0x00, 0x00, 0x00, 0x00, 0x00, 0x00, 0x00, 0x00, 0x00, 0x00, 0x00, 0x00, 0x00, 0x00, 0x00, 0x00,
  0x00, 0x00, 0x00, 0x00, 0x00, 0x00, 0x00, 0x00, 0x00, 0x00, 0x00, 0x00, 0x00, 0x00, 0x00, 0x00,
  0x00, 0x00, 0x00, 0x00, 0x00, 0x00, 0x00, 0x00, 0x00, 0x00, 0x00, 0x00, 0x00, 0x00, 0x00, 0x00,
  0x00, 0x00, 0x00, 0x00, 0x00, 0x00, 0x00, 0x00, 0x00, 0x00, 0x00, 0x00, 0x00, 0x00, 0x00, 0x00,
  0x00, 0x00, 0x00, 0x00, 0x00, 0x00, 0x00, 0x00, 0x00, 0x00, 0x00, 0x00, 0x00, 0x00, 0x00, 0x00,
  0x00, 0x00, 0xe3, 0x20, 0x04, 0x21, 0x24, 0x21, 0xc2, 0x18, 0xc3, 0x20, 0x4e, 0x5b, 0x1b, 0xa6,
  0x1f, 0xbf, 0xff, 0xbe, 0xbe, 0xb6, 0x9d, 0xb6, 0xbd, 0xb6, 0xbe, 0xb6, 0xbe, 0xb6, 0xbe, 0xb6,
  0xbe, 0xb6, 0xde, 0xbe, 0xbe, 0xb6, 0x5d, 0xa6, 0x9b, 0x7d, 0x3a, 0x5d, 0x5b, 0x65, 0x9c, 0x6d,
  0x9c, 0x65, 0x76, 0x5c, 0x2a, 0x32, 0xa2, 0x18, 0xe3, 0x20, 0x04, 0x21, 0xe3, 0x20, 0x04, 0x21,
  0x00, 0x00, 0x00, 0x00, 0x00, 0x00, 0x00, 0x00, 0x00, 0x00, 0x00, 0x00, 0x00, 0x00, 0x00, 0x00,
  0x00, 0x00, 0x00, 0x00, 0x00, 0x00, 0x00, 0x00, 0x00, 0x00, 0x00, 0x00, 0x00, 0x00, 0x00, 0x00,
  0x00, 0x00, 0x00, 0x00, 0x00, 0x00, 0x00, 0x00, 0x00, 0x00, 0x00, 0x00, 0x00, 0x00, 0x00, 0x00,
  0x00, 0x00, 0x00, 0x00, 0x00, 0x00, 0x00, 0x00, 0x00, 0x00, 0x00, 0x00, 0x00, 0x00, 0x00, 0x00,
  0x00, 0x00, 0x00, 0x00, 0x00, 0x00, 0x00, 0x00, 0x00, 0x00, 0x00, 0x00, 0x00, 0x00, 0x00, 0x00,
  0x00, 0x00, 0x00, 0x00, 0x00, 0x00, 0x00, 0x00, 0x00, 0x00, 0x00, 0x00, 0x00, 0x00, 0x00, 0x00,
  0x00, 0x00, 0x00, 0x00, 0x00, 0x00, 0x00, 0x00, 0x00, 0x00, 0x00, 0x00, 0x00, 0x00, 0x00, 0x00,
  0x00, 0x00, 0x00, 0x00, 0x00, 0x00, 0x00, 0x00, 0x00, 0x00, 0x00, 0x00, 0x00, 0x38, 0x00, 0x00,
  0x04, 0x21, 0x04, 0x21, 0x04, 0x21, 0xa2, 0x18, 0xa7, 0x31, 0x58, 0x95, 0x1f, 0xbf, 0xde, 0xb6,
  0x9d, 0xb6, 0xbe, 0xb6, 0xbe, 0xb6, 0xbe, 0xb6, 0xbe, 0xb6, 0xbe, 0xb6, 0xbe, 0xb6, 0xbe, 0xb6,
  0xbe, 0xb6, 0xbe, 0xb6, 0xbe, 0xb6, 0xde, 0xbe, 0xbe, 0xb6, 0x3d, 0x9e, 0x7b, 0x6d, 0x3a, 0x5d,
  0x5a, 0x65, 0x7c, 0x65, 0x7c, 0x65, 0xb2, 0x4b, 0x04, 0x21, 0xc3, 0x20, 0x04, 0x21, 0x03, 0x21,
  0x04, 0x21, 0x00, 0x00, 0x00, 0x00, 0x00, 0x00, 0x00, 0x00, 0x00, 0x00, 0x00, 0x00, 0x00, 0x00,
  0x00, 0x00, 0x00, 0x00, 0x00, 0x00, 0x00, 0x00, 0x00, 0x00, 0x00, 0x00, 0x00, 0x00, 0x00, 0x00,
  0x00, 0x00, 0x00, 0x00, 0x00, 0x00, 0x00, 0x00, 0x00, 0x00, 0x00, 0x00, 0x00, 0x00, 0x00, 0x00,
  0x00, 0x00, 0x00, 0x00, 0x00, 0x00, 0x00, 0x00, 0x00, 0x00, 0x00, 0x00, 0x00, 0x00, 0x00, 0x00,
  0x00, 0x00, 0x00, 0x00, 0x00, 0x00, 0x00, 0x00, 0x00, 0x00, 0x00, 0x00, 0x00, 0x00, 0x00, 0x00,
  0x00, 0x00, 0x00, 0x00, 0x00, 0x00, 0x00, 0x00, 0x00, 0x00, 0x00, 0x00, 0x00, 0x00, 0x00, 0x00,
  0x00, 0x00, 0x00, 0x00, 0x00, 0x00, 0x00, 0x00, 0x00, 0x00, 0x00, 0x00, 0x00, 0x00, 0x00, 0x00,
  0x00, 0x00, 0x00, 0x00, 0x00, 0x00, 0x00, 0x00, 0x00, 0x00, 0x00, 0x00, 0x00, 0x00, 0x04, 0x21,
  0xe3, 0x20, 0x04, 0x21, 0x82, 0x18, 0x8b, 0x4a, 0x7d, 0xae, 0x1f, 0xbf, 0x9d, 0xb6, 0xbe, 0xb6,
  0xbe, 0xb6, 0xbe, 0xb6, 0xbe, 0xb6, 0xbe, 0xb6, 0xbe, 0xb6, 0xbe, 0xb6, 0xbe, 0xb6, 0xbe, 0xb6,
  0xbe, 0xb6, 0xbe, 0xb6, 0xbe, 0xb6, 0xbe, 0xb6, 0xbe, 0xb6, 0xde, 0xbe, 0xbe, 0xb6, 0xdc, 0x85,
  0x3a, 0x65, 0x3a, 0x65, 0x5a, 0x65, 0x9c, 0x6d, 0x97, 0x5c, 0x66, 0x29, 0xa2, 0x18, 0x04, 0x21,
  0xe3, 0x20, 0xe3, 0x20, 0x00, 0x00, 0x00, 0x00, 0x00, 0x00, 0x00, 0x00, 0x00, 0x00, 0x00, 0x00,
  0x00, 0x00, 0x00, 0x00, 0x00, 0x00, 0x00, 0x00, 0x00, 0x00, 0x00, 0x00, 0x00, 0x00, 0x00, 0x00,
  0x00, 0x00, 0x00, 0x00, 0x00, 0x00, 0x00, 0x00, 0x00, 0x00, 0x00, 0x00, 0x00, 0x00, 0x00, 0x00,
  0x00, 0x00, 0x00, 0x00, 0x00, 0x00, 0x00, 0x00, 0x00, 0x00, 0x00, 0x00, 0x00, 0x00, 0x00, 0x00,
  0x00, 0x00, 0x00, 0x00, 0x00, 0x00, 0x00, 0x00, 0x00, 0x00, 0x00, 0x00, 0x00, 0x00, 0x00, 0x00,
  0x00, 0x00, 0x00, 0x00, 0x00, 0x00, 0x00, 0x00, 0x00, 0x00, 0x00, 0x00, 0x00, 0x00, 0x00, 0x00,
  0x00, 0x00, 0x00, 0x00, 0x00, 0x00, 0x00, 0x00, 0x00, 0x00, 0x00, 0x00, 0x00, 0x00, 0x00, 0x00,
  0x00, 0x00, 0x00, 0x00, 0x00, 0x00, 0x00, 0x00, 0x00, 0x00, 0x00, 0x00, 0xe3, 0x18, 0xe3, 0x20,
  0x04, 0x21, 0x82, 0x18, 0xcc, 0x52, 0xdf, 0xbe, 0xde, 0xb6, 0x9d, 0xb6, 0xbe, 0xb6, 0xbe, 0xb6,
  0xbe, 0xb6, 0xbe, 0xb6, 0xbe, 0xb6, 0xbe, 0xb6, 0xbe, 0xb6, 0xbe, 0xb6, 0xbe, 0xb6, 0xbe, 0xb6,
  0xbe, 0xb6, 0xbe, 0xb6, 0xbe, 0xb6, 0xbe, 0xb6, 0xbe, 0xb6, 0xbe, 0xb6, 0xbe, 0xb6, 0xde, 0xbe,
  0x3d, 0x96, 0x5b, 0x65, 0x3a, 0x65, 0x3a, 0x65, 0x9c, 0x65, 0xf9, 0x5c, 0xa7, 0x29, 0xa2, 0x18,
  0x04, 0x21, 0xe3, 0x20, 0x24, 0x21, 0x00, 0x00, 0x00, 0x00, 0x00, 0x00, 0x00, 0x00, 0x00, 0x00,
  0x00, 0x00, 0x00, 0x00, 0x00, 0x00, 0x00, 0x00, 0x00, 0x00, 0x00, 0x00, 0x00, 0x00, 0x00, 0x00,
  0x00, 0x00, 0x00, 0x00, 0x00, 0x00, 0x00, 0x00, 0x00, 0x00, 0x00, 0x00, 0x00, 0x00, 0x00, 0x00,
  0x00, 0x00, 0x00, 0x00, 0x00, 0x00, 0x00, 0x00, 0x00, 0x00, 0x00, 0x00, 0x00, 0x00, 0x00, 0x00,
  0x00, 0x00, 0x00, 0x00, 0x00, 0x00, 0x00, 0x00, 0x00, 0x00, 0x00, 0x00, 0x00, 0x00, 0x00, 0x00,
  0x00, 0x00, 0x00, 0x00, 0x00, 0x00, 0x00, 0x00, 0x00, 0x00, 0x00, 0x00, 0x00, 0x00, 0x00, 0x00,
  0x00, 0x00, 0x00, 0x38, 0x00, 0x00, 0x00, 0x00, 0x00, 0x00, 0x00, 0x00, 0x00, 0x00, 0xe7, 0x39,
  0x00, 0x00, 0x00, 0x00, 0x00, 0x00, 0x00, 0x00, 0x00, 0x00, 0xc3, 0x18, 0xe3, 0x20, 0x24, 0x29,
  0xa2, 0x18, 0xab, 0x4a, 0xdf, 0xbe, 0xbe, 0xb6, 0xbe, 0xb6, 0xbe, 0xb6, 0xbe, 0xb6, 0xbe, 0xb6,
  0xbe, 0xb6, 0xbe, 0xb6, 0xbe, 0xb6, 0xbe, 0xb6, 0xbe, 0xb6, 0xbe, 0xb6, 0xbe, 0xb6, 0xbe, 0xb6,
  0xbe, 0xb6, 0xbe, 0xb6, 0xbe, 0xb6, 0xbe, 0xb6, 0xbe, 0xb6, 0xbe, 0xb6, 0xbe, 0xb6, 0xbe, 0xb6,
  0xde, 0xbe, 0x7d, 0xa6, 0x7b, 0x6d, 0x5a, 0x65, 0x3a, 0x65, 0x7c, 0x65, 0xf8, 0x5c, 0x66, 0x29,
  0xc3, 0x20, 0x04, 0x21, 0xe3, 0x20, 0x00, 0x00, 0x00, 0x00, 0x00, 0x00, 0x00, 0x00, 0x00, 0x00,
  0x00, 0x00, 0x00, 0x00, 0x00, 0x00, 0x00, 0x00, 0x00, 0x00, 0x00, 0x00, 0x00, 0x00, 0x00, 0x00,
  0x00, 0x00, 0x00, 0x00, 0x00, 0x00, 0x00, 0x00, 0x00, 0x00, 0x00, 0x00, 0x00, 0x00, 0x00, 0x00,
  0x00, 0x00, 0x00, 0x00, 0x00, 0x00, 0x00, 0x00, 0x00, 0x00, 0x00, 0x00, 0x00, 0x00, 0x00, 0x00,
  0x00, 0x00, 0x00, 0x00, 0x00, 0x00, 0x00, 0x00, 0x00, 0x00, 0x00, 0x00, 0x00, 0x00, 0x00, 0x00,
  0x00, 0x00, 0x00, 0x00, 0x00, 0x00, 0x00, 0x00, 0x00, 0x00, 0x00, 0x00, 0x00, 0x00, 0x00, 0x00,
  0x00, 0x00, 0x00, 0x00, 0x00, 0x00, 0x00, 0x00, 0x00, 0x00, 0x00, 0x00, 0x00, 0x00, 0x00, 0x00,
  0x00, 0x00, 0x00, 0x00, 0x00, 0x00, 0x00, 0x28, 0x00, 0x00, 0xe3, 0x20, 0x24, 0x29, 0xa2, 0x18,
  0xc7, 0x39, 0x9d, 0xb6, 0xde, 0xb6, 0xbe, 0xb6, 0xbe, 0xb6, 0xbe, 0xb6, 0xbe, 0xb6, 0xbe, 0xb6,
  0xbe, 0xb6, 0xbe, 0xb6, 0xbe, 0xb6, 0xbe, 0xb6, 0xbe, 0xb6, 0xbe, 0xb6, 0xbe, 0xb6, 0xbe, 0xb6,
  0xbe, 0xb6, 0xbe, 0xb6, 0xbe, 0xb6, 0xbe, 0xb6, 0xbe, 0xb6, 0xbe, 0xb6, 0xbe, 0xb6, 0xbe, 0xb6,
  0xbe, 0xb6, 0xde, 0xbe, 0x9d, 0xae, 0x7b, 0x6d, 0x5a, 0x65, 0x3a, 0x65, 0x9c, 0x65, 0x76, 0x54,
  0x04, 0x21, 0xe3, 0x20, 0x04, 0x21, 0xe3, 0x20, 0x00, 0x00, 0x00, 0x00, 0x00, 0x00, 0x00, 0x00,
  0x00, 0x00, 0x00, 0x00, 0x00, 0x00, 0x00, 0x00, 0x00, 0x00, 0x00, 0x00, 0x00, 0x00, 0x00, 0x00,
  0x00, 0x00, 0x00, 0x00, 0x00, 0x00, 0x00, 0x00, 0x00, 0x00, 0x00, 0x00, 0x00, 0x00, 0x00, 0x00,
  0x00, 0x00, 0x00, 0x00, 0x00, 0x00, 0x00, 0x00, 0x00, 0x00, 0x00, 0x00, 0x00, 0x00, 0x00, 0x00,
  0x00, 0x00, 0x00, 0x00, 0x00, 0x00, 0x00, 0x00, 0x00, 0x00, 0x00, 0x00, 0x00, 0x00, 0x00, 0x00,
  0x00, 0x00, 0x00, 0x00, 0x00, 0x00, 0x00, 0x00, 0x00, 0x00, 0x00, 0x00, 0x00, 0x00, 0x04, 0x21,
  0x04, 0x21, 0xe3, 0x20, 0xe3, 0x20, 0xe3, 0x20, 0x04, 0x21, 0x04, 0x21, 0x04, 0x21, 0xe3, 0x20,
  0x04, 0x21, 0xe3, 0x18, 0x00, 0x00, 0x00, 0x00, 0x00, 0x00, 0x04, 0x21, 0xc3, 0x20, 0x24, 0x29,
  0xb9, 0x9d, 0xff, 0xbe, 0x9d, 0xb6, 0xbe, 0xb6, 0xbe, 0xb6, 0xbe, 0xb6, 0xbe, 0xb6, 0xbe, 0xb6,
  0xbe, 0xb6, 0xbe, 0xb6, 0xbe, 0xb6, 0xbe, 0xb6, 0xbe, 0xb6, 0xbe, 0xb6, 0xbe, 0xb6, 0xbe, 0xb6,
  0xbe, 0xb6, 0xbe, 0xb6, 0xbe, 0xb6, 0xbe, 0xb6, 0xbe, 0xb6, 0xbe, 0xb6, 0xbe, 0xb6, 0xbe, 0xb6,
  0xbe, 0xb6, 0xbe, 0xb6, 0xde, 0xbe, 0x9d, 0xae, 0x7b, 0x6d, 0x5b, 0x65, 0x3a, 0x65, 0x9c, 0x6d,
  0x71, 0x4b, 0xa2, 0x18, 0x04, 0x21, 0xe3, 0x20, 0xe3, 0x18, 0x00, 0x00, 0x00, 0x00, 0x00, 0x00,
  0x00, 0x00, 0x00, 0x00, 0x00, 0x00, 0x00, 0x00, 0x00, 0x00, 0x00, 0x00, 0x00, 0x00, 0x00, 0x00,
  0x00, 0x00, 0x00, 0x00, 0x00, 0x00, 0x00, 0x00, 0x00, 0x00, 0x00, 0x00, 0x00, 0x00, 0x00, 0x00,
  0x00, 0x00, 0x00, 0x00, 0x00, 0x00, 0x00, 0x00, 0x00, 0x00, 0x00, 0x00, 0x00, 0x00, 0x00, 0x00,
  0x00, 0x00, 0x00, 0x00, 0x00, 0x00, 0x00, 0x00, 0x00, 0x00, 0x00, 0x00, 0x00, 0x00, 0x00, 0x00,
  0x00, 0x00, 0x00, 0x00, 0x00, 0x00, 0x00, 0x00, 0x00, 0x00, 0x04, 0x21, 0x04, 0x21, 0x04, 0x21,
  0x04, 0x21, 0x24, 0x29, 0x04, 0x21, 0x04, 0x21, 0x04, 0x21, 0x04, 0x21, 0x04, 0x21, 0x24, 0x29,
  0x04, 0x21, 0xe4, 0x20, 0x04, 0x21, 0x04, 0x21, 0x00, 0x00, 0x21, 0x00, 0x78, 0x95, 0x3b, 0xae,
  0xff, 0xbe, 0xbe, 0xb6, 0xbe, 0xb6, 0xbe, 0xb6, 0xbe, 0xb6, 0xbe, 0xb6, 0xbe, 0xb6, 0xbe, 0xb6,
  0xbe, 0xb6, 0xbe, 0xb6, 0xbe, 0xb6, 0xbe, 0xb6, 0xbe, 0xb6, 0xbe, 0xb6, 0xbe, 0xb6, 0xbe, 0xb6,
  0xbe, 0xb6, 0xbe, 0xb6, 0xbe, 0xb6, 0xbe, 0xb6, 0xbe, 0xb6, 0xbe, 0xb6, 0xbe, 0xb6, 0xbe, 0xb6,
  0xbe, 0xb6, 0xbe, 0xb6, 0xbe, 0xb6, 0xde, 0xbe, 0x5d, 0xa6, 0x5b, 0x65, 0x5b, 0x65, 0x5a, 0x65,
  0x7b, 0x65, 0xe9, 0x31, 0xc2, 0x18, 0x04, 0x21, 0xe3, 0x20, 0x00, 0x00, 0x00, 0x00, 0x00, 0x00,
  0x00, 0x00, 0x00, 0x00, 0x00, 0x00, 0x00, 0x00, 0x00, 0x00, 0x00, 0x00, 0x00, 0x00, 0x00, 0x00,
  0x00, 0x00, 0x00, 0x00, 0x00, 0x00, 0x00, 0x00, 0x00, 0x00, 0x00, 0x00, 0x00, 0x00, 0x00, 0x00,
  0x00, 0x00, 0x00, 0x00, 0x00, 0x00, 0x00, 0x00, 0x00, 0x00, 0x00, 0x00, 0x00, 0x00, 0x00, 0x00,
  0x00, 0x00, 0x00, 0x00, 0x00, 0x00, 0x00, 0x00, 0x00, 0x00, 0x00, 0x00, 0x00, 0x00, 0x00, 0x00,
  0x00, 0x00, 0x00, 0x00, 0x00, 0x00, 0xe3, 0x20, 0xe3, 0x20, 0x04, 0x21, 0x24, 0x21, 0xe3, 0x20,
  0x82, 0x18, 0x82, 0x18, 0xc3, 0x18, 0xe3, 0x20, 0xe3, 0x20, 0xe3, 0x20, 0xc3, 0x18, 0x82, 0x18,
  0xa2, 0x18, 0xe3, 0x20, 0x24, 0x29, 0x04, 0x21, 0xa2, 0x18, 0xd5, 0x84, 0x5f, 0xc7, 0xde, 0xb6,
  0xbd, 0xb6, 0xbe, 0xb6, 0xbe, 0xb6, 0xbe, 0xb6, 0xbe, 0xb6, 0xbe, 0xb6, 0xbe, 0xb6, 0xbe, 0xb6,
  0xbe, 0xb6, 0xbe, 0xb6, 0xbe, 0xb6, 0xbe, 0xb6, 0xbe, 0xb6, 0xbe, 0xb6, 0xbe, 0xb6, 0xbe, 0xb6,
  0xbe, 0xb6, 0xbe, 0xb6, 0xbe, 0xb6, 0xbe, 0xb6, 0xbe, 0xb6, 0xbe, 0xb6, 0xbe, 0xb6, 0xbe, 0xb6,
  0xbe, 0xb6, 0xbe, 0xb6, 0xbe, 0xb6, 0xbe, 0xb6, 0xde, 0xbe, 0x1c, 0x96, 0x3a, 0x5d, 0x5a, 0x65,
  0x9c, 0x6d, 0x55, 0x54, 0xc3, 0x20, 0x04, 0x21, 0xe3, 0x20, 0xe3, 0x18, 0x00, 0x00, 0x00, 0x00,
  0x00, 0x00, 0x00, 0x00, 0x00, 0x00, 0x00, 0x00, 0x00, 0x00, 0x00, 0x00, 0x00, 0x00, 0x00, 0x00,
  0x00, 0x00, 0x00, 0x00, 0x00, 0x00, 0x00, 0x00, 0x00, 0x00, 0x00, 0x00, 0x00, 0x00, 0x00, 0x00,
  0x00, 0x00, 0x00, 0x00, 0x00, 0x00, 0x00, 0x00, 0x00, 0x00, 0x00, 0x00, 0x00, 0x00, 0x00, 0x00,
  0x00, 0x00, 0x00, 0x00, 0x00, 0x00, 0x00, 0x00, 0x00, 0x00, 0x00, 0x00, 0x00, 0x00, 0x00, 0x00,
  0x00, 0x00, 0x00, 0x00, 0x04, 0x21, 0xe3, 0x20, 0x24, 0x21, 0xc3, 0x18, 0x82, 0x18, 0x66, 0x31,
  0x0d, 0x5b, 0x73, 0x7c, 0x58, 0x95, 0xfa, 0x9d, 0xda, 0x9d, 0xda, 0x9d, 0x37, 0x8d, 0x32, 0x74,
  0xcc, 0x52, 0x25, 0x29, 0x82, 0x18, 0xe3, 0x20, 0x04, 0x21, 0x24, 0x21, 0xd5, 0x84, 0x1f, 0xbf,
  0xbe, 0xb6, 0xbe, 0xb6, 0xbe, 0xb6, 0xbe, 0xb6, 0xbe, 0xb6, 0xbe, 0xb6, 0xbe, 0xb6, 0xbe, 0xb6,
  0xbe, 0xb6, 0xbe, 0xb6, 0xbe, 0xb6, 0xbe, 0xb6, 0xbe, 0xb6, 0xbe, 0xb6, 0xbe, 0xb6, 0xbe, 0xb6,
  0xbe, 0xb6, 0xbe, 0xb6, 0xbe, 0xb6, 0xbe, 0xb6, 0xbe, 0xb6, 0xbe, 0xb6, 0xbe, 0xb6, 0xbe, 0xb6,
  0xbe, 0xb6, 0xbe, 0xb6, 0xbe, 0xb6, 0xbe, 0xb6, 0xbe, 0xb6, 0xde, 0xbe, 0xbc, 0x7d, 0x3a, 0x65,
  0x5a, 0x65, 0x7c, 0x65, 0x2a, 0x32, 0xa2, 0x18, 0x04, 0x21, 0xe3, 0x20, 0x00, 0x00, 0x00, 0x00,
  0x00, 0x00, 0x00, 0x00, 0x00, 0x00, 0x00, 0x00, 0x00, 0x00, 0x00, 0x00, 0x00, 0x00, 0x00, 0x00,
  0x00, 0x00, 0x00, 0x00, 0x00, 0x00, 0x00, 0x00, 0x00, 0x00, 0x00, 0x00, 0x00, 0x00, 0x00, 0x00,
  0x00, 0x00, 0x00, 0x00, 0x00, 0x00, 0x00, 0x00, 0x00, 0x00, 0x00, 0x00, 0x00, 0x00, 0x00, 0x00,
  0x00, 0x00, 0x00, 0x00, 0x00, 0x00, 0x00, 0x00, 0x00, 0x00, 0x00, 0x00, 0x00, 0x00, 0x00, 0x00,
  0x45, 0x29, 0xe3, 0x20, 0x04, 0x21, 0x04, 0x21, 0x82, 0x18, 0xa7, 0x31, 0x73, 0x7c, 0x7c, 0xae,
  0x1f, 0xbf, 0x1f, 0xbf, 0xff, 0xbe, 0xff, 0xbe, 0xff, 0xbe, 0xff, 0xbe, 0xff, 0xbe, 0x1f, 0xbf,
  0xff, 0xbe, 0x3b, 0xa6, 0xf1, 0x6b, 0x45, 0x29, 0xa2, 0x18, 0xe3, 0x20, 0xa2, 0x18, 0xf1, 0x6b,
  0x1f, 0xbf, 0xbe, 0xb6, 0xbe, 0xb6, 0xbe, 0xb6, 0xbe, 0xb6, 0xbe, 0xb6, 0xbe, 0xb6, 0xbe, 0xb6,
  0xbe, 0xb6, 0xbe, 0xb6, 0xbe, 0xb6, 0xbe, 0xb6, 0xbe, 0xb6, 0xbe, 0xb6, 0xbe, 0xb6, 0xbe, 0xb6,
  0xbe, 0xb6, 0xbe, 0xb6, 0xbe, 0xb6, 0xbe, 0xb6, 0xbe, 0xb6, 0xbe, 0xb6, 0xbe, 0xb6, 0xbe, 0xb6,
  0xbe, 0xb6, 0xbe, 0xb6, 0xbe, 0xb6, 0xbe, 0xb6, 0xbe, 0xb6, 0xbe, 0xb6, 0x9d, 0xae, 0x5b, 0x65,
  0x3a, 0x65, 0x9c, 0x6d, 0xd3, 0x4b, 0xa2, 0x18, 0x04, 0x21, 0xe3, 0x20, 0x00, 0x00, 0x00, 0x00,
  0x00, 0x00, 0x00, 0x00, 0x00, 0x00, 0x00, 0x00, 0x00, 0x00, 0x00, 0x00, 0x00, 0x00, 0x00, 0x00,
  0x00, 0x00, 0x00, 0x00, 0x00, 0x00, 0x00, 0x00, 0x00, 0x00, 0x00, 0x00, 0x00, 0x00, 0x00, 0x00,
  0x00, 0x00, 0x00, 0x00, 0x00, 0x00, 0x00, 0x00, 0x00, 0x00, 0x00, 0x00, 0x00, 0x00, 0x00, 0x00,
  0x00, 0x00, 0x00, 0x00, 0x00, 0x00, 0x00, 0x00, 0x00, 0x00, 0x00, 0x00, 0x00, 0x00, 0x00, 0x38,
  0xe3, 0x20, 0x04, 0x21, 0xe3, 0x20, 0xc2, 0x18, 0x8f, 0x63, 0x9d, 0xb6, 0x1f, 0xbf, 0xde, 0xb6,
  0x9d, 0xb6, 0x9d, 0xb6, 0xbe, 0xb6, 0xbe, 0xb6, 0xbe, 0xb6, 0xbe, 0xb6, 0xbe, 0xb6, 0x9d, 0xb6,
  0xbe, 0xb6, 0xde, 0xb6, 0x1f, 0xbf, 0x3c, 0xae, 0xec, 0x52, 0xa2, 0x18, 0x04, 0x21, 0xa2, 0x18,
  0xf1, 0x6b, 0xff, 0xbe, 0xbe, 0xb6, 0xbe, 0xb6, 0xbe, 0xb6, 0xbe, 0xb6, 0xbe, 0xb6, 0xbe, 0xb6,
  0xbe, 0xb6, 0xbe, 0xb6, 0xbe, 0xb6, 0xbe, 0xb6, 0xbe, 0xb6, 0xbe, 0xb6, 0xbe, 0xb6, 0xbe, 0xb6,
  0xbe, 0xb6, 0xbe, 0xb6, 0xbe, 0xb6, 0xbe, 0xb6, 0xbe, 0xb6, 0xbe, 0xb6, 0xbe, 0xb6, 0xbe, 0xb6,
  0xbe, 0xb6, 0xbe, 0xb6, 0xbe, 0xb6, 0xbe, 0xb6, 0xbe, 0xb6, 0xbe, 0xb6, 0xde, 0xbe, 0xfc, 0x8d,
  0x3a, 0x5d, 0x7b, 0x65, 0x19, 0x65, 0x45, 0x29, 0xe3, 0x20, 0xe4, 0x20, 0xe3, 0x18, 0x00, 0x00,
  0x00, 0x00, 0x00, 0x00, 0x00, 0x00, 0x00, 0x00, 0x00, 0x00, 0x00, 0x00, 0x00, 0x00, 0x00, 0x00,
  0x00, 0x00, 0x00, 0x00, 0x00, 0x00, 0x00, 0x00, 0x00, 0x00, 0x00, 0x00, 0x00, 0x00, 0x00, 0x00,
  0x00, 0x00, 0x00, 0x00, 0x00, 0x00, 0x00, 0x00, 0x00, 0x00, 0x00, 0x00, 0x00, 0x00, 0x00, 0x00,
  0x00, 0x00, 0x00, 0x00, 0x00, 0x00, 0x00, 0x00, 0x00, 0x00, 0x00, 0x00, 0x00, 0x00, 0xe3, 0x20,
  0x04, 0x21, 0xc3, 0x20, 0x04, 0x21, 0xf5, 0x84, 0x3f, 0xbf, 0xbe, 0xb6, 0x9d, 0xb6, 0xbe, 0xb6,
  0xbe, 0xb6, 0xbe, 0xb6, 0xbe, 0xb6, 0xbe, 0xb6, 0xbe, 0xb6, 0xbe, 0xb6, 0xbe, 0xb6, 0xbe, 0xb6,
  0xbe, 0xb6, 0xbe, 0xb6, 0x9d, 0xb6, 0xde, 0xbe, 0x1f, 0xbf, 0x11, 0x74, 0xc2, 0x18, 0x61, 0x10,
  0xa7, 0x31, 0xde, 0xb6, 0xbe, 0xb6, 0xbe, 0xb6, 0xbe, 0xb6, 0xbe, 0xb6, 0xbe, 0xb6, 0xbe, 0xb6,
  0xbe, 0xb6, 0xbe, 0xb6, 0xbe, 0xb6, 0xbe, 0xb6, 0xbe, 0xb6, 0xbe, 0xb6, 0xbe, 0xb6, 0xbe, 0xb6,
  0xbe, 0xb6, 0xbe, 0xb6, 0xbe, 0xb6, 0xbe, 0xb6, 0xbe, 0xb6, 0xbe, 0xb6, 0xbe, 0xb6, 0xbe, 0xb6,
  0xbe, 0xb6, 0xbe, 0xb6, 0xbe, 0xb6, 0xbe, 0xb6, 0xbe, 0xb6, 0xbe, 0xb6, 0xbe, 0xb6, 0x9d, 0xae,
  0x5b, 0x65, 0x3a, 0x65, 0x9c, 0x65, 0x4b, 0x3a, 0xa2, 0x18, 0x04, 0x21, 0xe3, 0x20, 0x00, 0x00,
  0x00, 0x00, 0x00, 0x00, 0x00, 0x00, 0x00, 0x00, 0x00, 0x00, 0x00, 0x00, 0x00, 0x00, 0x00, 0x00,
  0x00, 0x00, 0x00, 0x00, 0x00, 0x00, 0x00, 0x00, 0x00, 0x00, 0x00, 0x00, 0x00, 0x00, 0x00, 0x00,
  0x00, 0x00, 0x00, 0x00, 0x00, 0x00, 0x00, 0x00, 0x00, 0x00, 0x00, 0x00, 0x00, 0x00, 0x00, 0x00,
  0x00, 0x00, 0x00, 0x00, 0x00, 0x00, 0x00, 0x00, 0x00, 0x00, 0x00, 0x00, 0xe3, 0x20, 0x04, 0x21,
  0xe3, 0x20, 0xe3, 0x20, 0x37, 0x8d, 0x3f, 0xc7, 0x9d, 0xb6, 0xbe, 0xb6, 0xbe, 0xb6, 0xbe, 0xb6,
  0xbe, 0xb6, 0xbe, 0xb6, 0xbe, 0xb6, 0xbe, 0xb6, 0xbe, 0xb6, 0xbe, 0xb6, 0xbe, 0xb6, 0xbe, 0xb6,
  0xbe, 0xb6, 0xbe, 0xb6, 0xbe, 0xb6, 0xbe, 0xb6, 0xbe, 0xb6, 0x1f, 0xbf, 0x94, 0x7c, 0x09, 0x3a,
  0xd5, 0x84, 0xff, 0xbe, 0xbe, 0xb6, 0xbe, 0xb6, 0xbe, 0xb6, 0xbe, 0xb6, 0xbe, 0xb6, 0xbe, 0xb6,
  0xbe, 0xb6, 0xbe, 0xb6, 0xbe, 0xb6, 0xbe, 0xb6, 0xbe, 0xb6, 0xbe, 0xb6, 0xbe, 0xb6, 0xbe, 0xb6,
  0xbe, 0xb6, 0xbe, 0xb6, 0xbe, 0xb6, 0xbe, 0xb6, 0xbe, 0xb6, 0xbe, 0xb6, 0xbe, 0xb6, 0xbe, 0xb6,
  0xbe, 0xb6, 0xbe, 0xb6, 0xbe, 0xb6, 0xbe, 0xb6, 0xbe, 0xb6, 0xbe, 0xb6, 0xbe, 0xb6, 0xde, 0xbe,
  0xdc, 0x85, 0x3a, 0x5d, 0x9c, 0x6d, 0x50, 0x43, 0xa2, 0x18, 0x04, 0x21, 0xe3, 0x20, 0x00, 0x00,
  0x00, 0x38, 0x00, 0x00, 0x00, 0x00, 0x00, 0x00, 0x00, 0x00, 0x00, 0x00, 0x00, 0x00, 0x00, 0x00,
  0x00, 0x00, 0x00, 0x00, 0x00, 0x00, 0x00, 0x00, 0x00, 0x00, 0x00, 0x00, 0x00, 0x00, 0x00, 0x00,
  0x00, 0x00, 0x00, 0x00, 0x00, 0x00, 0x00, 0x00, 0x00, 0x00, 0x00, 0x00, 0x00, 0x00, 0x00, 0x00,
  0x00, 0x00, 0x00, 0x00, 0x00, 0x00, 0x00, 0x00, 0x00, 0x00, 0xe3, 0x20, 0x03, 0x21, 0x04, 0x21,
  0xa2, 0x18, 0x94, 0x7c, 0x3f, 0xc7, 0x9d, 0xb6, 0xbe, 0xb6, 0xbe, 0xb6, 0xbe, 0xb6, 0xbe, 0xb6,
  0xbe, 0xb6, 0xbe, 0xb6, 0xbe, 0xb6, 0xbe, 0xb6, 0xbe, 0xb6, 0xbe, 0xb6, 0xbe, 0xb6, 0xbe, 0xb6,
  0xbe, 0xb6, 0xbe, 0xb6, 0xbe, 0xb6, 0xbe, 0xb6, 0xbe, 0xb6, 0xbe, 0xb6, 0xff, 0xbe, 0xff, 0xbe,
  0xff, 0xbe, 0xbe, 0xb6, 0xbe, 0xb6, 0xbe, 0xb6, 0xbe, 0xb6, 0xbe, 0xb6, 0xbe, 0xb6, 0xbe, 0xb6,
  0xbe, 0xb6, 0xbe, 0xb6, 0xbe, 0xb6, 0xbe, 0xb6, 0xbe, 0xb6, 0xbe, 0xb6, 0xbe, 0xb6, 0xbe, 0xb6,
  0xbe, 0xb6, 0xbe, 0xb6, 0xbe, 0xb6, 0xbe, 0xb6, 0xbe, 0xb6, 0xbe, 0xb6, 0xbe, 0xb6, 0xbe, 0xb6,
  0xbe, 0xb6, 0xbe, 0xb6, 0xbe, 0xb6, 0xbe, 0xb6, 0xbe, 0xb6, 0xbe, 0xb6, 0xbe, 0xb6, 0xde, 0xbe,
  0x5d, 0x9e, 0x3a, 0x65, 0x9c, 0x6d, 0x14, 0x54, 0xc2, 0x20, 0x04, 0x21, 0xe3, 0x20, 0x00, 0x00,
  0x00, 0x00, 0x00, 0x00, 0x00, 0x00, 0x00, 0x00, 0x00, 0x00, 0x00, 0x00, 0x00, 0x00, 0x00, 0x00,
  0x00, 0x00, 0x00, 0x00, 0x00, 0x00, 0x00, 0x00, 0x00, 0x00, 0x00, 0x00, 0x00, 0x00, 0x00, 0x00,
  0x00, 0x00, 0x00, 0x00, 0x00, 0x00, 0x00, 0x00, 0x00, 0x00, 0x00, 0x00, 0x00, 0x00, 0x00, 0x00,
  0x00, 0x00, 0x00, 0x00, 0x00, 0x00, 0x00, 0x00, 0x00, 0x00, 0xe3, 0x20, 0x24, 0x21, 0x82, 0x18,
  0xed, 0x52, 0x1f, 0xbf, 0x9d, 0xb6, 0xbe, 0xb6, 0xbe, 0xb6, 0xbe, 0xb6, 0xbe, 0xb6, 0xbe, 0xb6,
  0xbe, 0xb6, 0xbe, 0xb6, 0xbe, 0xb6, 0xbe, 0xb6, 0xbe, 0xb6, 0xbe, 0xb6, 0xbe, 0xb6, 0xbe, 0xb6,
  0xbe, 0xb6, 0xbe, 0xb6, 0xbe, 0xb6, 0xbe, 0xb6, 0xbe, 0xb6, 0xbe, 0xb6, 0xbe, 0xb6, 0xbe, 0xb6,
  0xbe, 0xb6, 0xbe, 0xb6, 0xbe, 0xb6, 0xbe, 0xb6, 0xbe, 0xb6, 0xbe, 0xb6, 0xbe, 0xb6, 0xbe, 0xb6,
  0xbe, 0xb6, 0xbe, 0xb6, 0xbe, 0xb6, 0xbe, 0xb6, 0xbe, 0xb6, 0xbe, 0xb6, 0xbe, 0xb6, 0xbe, 0xb6,
  0xbe, 0xb6, 0xbe, 0xb6, 0xbe, 0xb6, 0xbe, 0xb6, 0xbe, 0xb6, 0xbe, 0xb6, 0xbe, 0xb6, 0xbe, 0xb6,
  0xbe, 0xb6, 0xbe, 0xb6, 0xbe, 0xb6, 0xbe, 0xb6, 0xbe, 0xb6, 0xbe, 0xb6, 0xbe, 0xb6, 0xbe, 0xb6,
  0xbe, 0xb6, 0x7b, 0x6d, 0x7b, 0x65, 0x97, 0x5c, 0xe3, 0x20, 0x04, 0x21, 0xe3, 0x20, 0x00, 0x00,
  0x00, 0x00, 0x00, 0x00, 0x00, 0x00, 0x00, 0x00, 0x00, 0x00, 0x00, 0x00, 0x00, 0x00, 0x00, 0x00,
  0x00, 0x00, 0x00, 0x00, 0x00, 0x00, 0x00, 0x00, 0x00, 0x00, 0x00, 0x00, 0x00, 0x00, 0x00, 0x00,
  0x00, 0x00, 0x00, 0x00, 0x00, 0x00, 0x00, 0x00, 0x00, 0x00, 0x00, 0x00, 0x00, 0x00, 0x00, 0x00,
  0x00, 0x00, 0x00, 0x00, 0x00, 0x00, 0x00, 0x00, 0xe3, 0x28, 0xe3, 0x20, 0xe3, 0x20, 0x24, 0x29,
  0x1b, 0xa6, 0xdf, 0xbe, 0xbe, 0xb6, 0xbe, 0xb6, 0xbe, 0xb6, 0xbe, 0xb6, 0xbe, 0xb6, 0xbe, 0xb6,
  0xbe, 0xb6, 0xbe, 0xb6, 0xbe, 0xb6, 0xbe, 0xb6, 0xbe, 0xb6, 0xbe, 0xb6, 0xbe, 0xb6, 0xbe, 0xb6,
  0xbe, 0xb6, 0xbe, 0xb6, 0xbe, 0xb6, 0xbe, 0xb6, 0xbe, 0xb6, 0xbe, 0xb6, 0xbe, 0xb6, 0xbe, 0xb6,
  0xbe, 0xb6, 0xbe, 0xb6, 0xbe, 0xb6, 0xbe, 0xb6, 0xbe, 0xb6, 0xbe, 0xb6, 0xbe, 0xb6, 0xbe, 0xb6,
  0xbe, 0xb6, 0xbe, 0xb6, 0xbe, 0xb6, 0xbe, 0xb6, 0xbe, 0xb6, 0xbe, 0xb6, 0xbe, 0xb6, 0xbe, 0xb6,
  0xbe, 0xb6, 0xbe, 0xb6, 0xbe, 0xb6, 0xbe, 0xb6, 0xbe, 0xb6, 0xbe, 0xb6, 0xbe, 0xb6, 0xbe, 0xb6,
  0xbe, 0xb6, 0xbe, 0xb6, 0xbe, 0xb6, 0xbe, 0xb6, 0xbe, 0xb6, 0xbe, 0xb6, 0xbe, 0xb6, 0xbe, 0xb6,
  0xde, 0xbe, 0xdc, 0x85, 0x5b, 0x65, 0xd8, 0x5c, 0x04, 0x21, 0x03, 0x21, 0xe3, 0x20, 0x00, 0x00,
  0x00, 0x00, 0x00, 0x00, 0x00, 0x00, 0x00, 0x00, 0x00, 0x00, 0x00, 0x00, 0x00, 0x00, 0x00, 0x00,
  0x00, 0x00, 0x00, 0x00, 0x00, 0x00, 0x00, 0x00, 0x00, 0x00, 0x00, 0x00, 0x00, 0x00, 0x00, 0x00,
  0x00, 0x00, 0x00, 0x00, 0x00, 0x00, 0x00, 0x00, 0x00, 0x00, 0x00, 0x00, 0x00, 0x00, 0x00, 0x00,
  0x00, 0x00, 0x00, 0x00, 0x00, 0x38, 0x00, 0x00, 0x04, 0x21, 0x24, 0x29, 0x82, 0x18, 0x6f, 0x63,
  0x1f, 0xbf, 0x9d, 0xb6, 0xbe, 0xb6, 0xbe, 0xb6, 0xbe, 0xb6, 0xbe, 0xb6, 0xbe, 0xb6, 0xbe, 0xb6,
  0xbe, 0xb6, 0xbe, 0xb6, 0xbe, 0xb6, 0xbe, 0xb6, 0xbe, 0xb6, 0xbe, 0xb6, 0xbe, 0xb6, 0xbe, 0xb6,
  0xbe, 0xb6, 0xbe, 0xb6, 0xbe, 0xb6, 0xbe, 0xb6, 0xbe, 0xb6, 0xbe, 0xb6, 0xbe, 0xb6, 0xbe, 0xb6,
  0xbe, 0xb6, 0xbe, 0xb6, 0xbe, 0xb6, 0xbe, 0xb6, 0xbe, 0xb6, 0xbe, 0xb6, 0xbe, 0xb6, 0xbe, 0xb6,
  0xbe, 0xb6, 0xbe, 0xb6, 0xbe, 0xb6, 0xbe, 0xb6, 0xbe, 0xb6, 0xbe, 0xb6, 0xbe, 0xb6, 0xbe, 0xb6,
  0xbe, 0xb6, 0xbe, 0xb6, 0xbe, 0xb6, 0xbe, 0xb6, 0xbe, 0xb6, 0xbe, 0xb6, 0xbe, 0xb6, 0xbe, 0xb6,
  0xbe, 0xb6, 0xbe, 0xb6, 0xbe, 0xb6, 0xbe, 0xb6, 0xbe, 0xb6, 0xbe, 0xb6, 0xbe, 0xb6, 0xbe, 0xb6,
  0xde, 0xbe, 0x1c, 0x96, 0x5b, 0x65, 0xf8, 0x5c, 0x25, 0x21, 0xe3, 0x20, 0x04, 0x21, 0x5f, 0x55,
  0x00, 0x00, 0x00, 0x00, 0x00, 0x00, 0x00, 0x00, 0x00, 0x00, 0x00, 0x00, 0x00, 0x00, 0x00, 0x00,
  0x00, 0x00, 0x00, 0x00, 0x00, 0x00, 0x00, 0x00, 0x00, 0x00, 0x00, 0x00, 0x00, 0x00, 0x00, 0x00,
  0x00, 0x00, 0x00, 0x00, 0x00, 0x00, 0x00, 0x00, 0x00, 0x00, 0x00, 0x00, 0x00, 0x00, 0x00, 0x00,
  0x00, 0x00, 0x00, 0x00, 0x00, 0x00, 0x00, 0x00, 0xe4, 0x20, 0x04, 0x21, 0xe3, 0x20, 0x98, 0x95,
  0xff, 0xbe, 0xbe, 0xb6, 0xbe, 0xb6, 0xbe, 0xb6, 0xbe, 0xb6, 0xbe, 0xb6, 0xbe, 0xb6, 0xbe, 0xb6,
  0xbe, 0xb6, 0xbe, 0xb6, 0xbe, 0xb6, 0xbe, 0xb6, 0xbe, 0xb6, 0xbe, 0xb6, 0xbe, 0xb6, 0xbe, 0xb6,
  0xbe, 0xb6, 0x9d, 0xb6, 0xbe, 0xb6, 0xbe, 0xb6, 0xbd, 0xb6, 0xbe, 0xb6, 0xff, 0xbe, 0xbe, 0xb6,
  0xbe, 0xb6, 0xbe, 0xb6, 0xbe, 0xb6, 0xbe, 0xb6, 0xbe, 0xb6, 0xbe, 0xb6, 0xbe, 0xb6, 0xbe, 0xb6,
  0xbe, 0xb6, 0xbe, 0xb6, 0xbe, 0xb6, 0xbe, 0xb6, 0xbe, 0xb6, 0xbe, 0xb6, 0xbe, 0xb6, 0xbe, 0xb6,
  0xbe, 0xb6, 0xff, 0xbe, 0xbe, 0xb6, 0xbd, 0xb6, 0xbe, 0xb6, 0xbe, 0xb6, 0x9d, 0xb6, 0xbe, 0xb6,
  0xbe, 0xb6, 0xbe, 0xb6, 0xbe, 0xb6, 0xbe, 0xb6, 0xbe, 0xb6, 0xbe, 0xb6, 0xbe, 0xb6, 0xbe, 0xb6,
  0xde, 0xbe, 0x5d, 0xa6, 0x7b, 0x65, 0xd8, 0x5c, 0x24, 0x21, 0x04, 0x21, 0xc3, 0x20, 0x00, 0x00,
  0x07, 0x00, 0xe7, 0x39, 0x00, 0x00, 0x00, 0x00, 0x00, 0x00, 0x00, 0x00, 0x00, 0x00, 0x00, 0x00,
  0x00, 0x00, 0x00, 0x00, 0x00, 0x00, 0x00, 0x00, 0x00, 0x00, 0x00, 0x00, 0x00, 0x00, 0x00, 0x00,
  0x00, 0x00, 0x00, 0x00, 0x00, 0x00, 0x00, 0x00, 0x00, 0x00, 0x00, 0x00, 0x00, 0x00, 0x00, 0x00,
  0x00, 0x00, 0x00, 0x00, 0x00, 0x00, 0xc3, 0x20, 0x04, 0x21, 0xc3, 0x18, 0xc8, 0x39, 0xbe, 0xb6,
  0xbe, 0xb6, 0xbe, 0xb6, 0xbe, 0xb6, 0xbe, 0xb6, 0xbe, 0xb6, 0xbe, 0xb6, 0xbe, 0xb6, 0xbe, 0xb6,
  0xbe, 0xb6, 0xbe, 0xb6, 0xbe, 0xb6, 0xbe, 0xb6, 0xbe, 0xb6, 0xbe, 0xb6, 0xbe, 0xb6, 0xbe, 0xb6,
  0xde, 0xb6, 0x3f, 0xbf, 0x1f, 0xbf, 0xff, 0xbe, 0x1f, 0xbf, 0x3f, 0xc7, 0x8f, 0x63, 0x94, 0x7c,
  0x1f, 0xbf, 0xbe, 0xb6, 0xbe, 0xb6, 0xbe, 0xb6, 0xbe, 0xb6, 0xbe, 0xb6, 0xbe, 0xb6, 0xbe, 0xb6,
  0xbe, 0xb6, 0xbe, 0xb6, 0xbe, 0xb6, 0xbe, 0xb6, 0xbe, 0xb6, 0xbe, 0xb6, 0xbe, 0xb6, 0x1f, 0xbf,
  0x94, 0x7c, 0xb0, 0x6b, 0x3f, 0xc7, 0x1f, 0xbf, 0xff, 0xbe, 0x1f, 0xbf, 0x3f, 0xbf, 0xde, 0xb6,
  0xbe, 0xb6, 0xbe, 0xb6, 0xbe, 0xb6, 0xbe, 0xb6, 0xbe, 0xb6, 0xbe, 0xb6, 0xbe, 0xb6, 0xbe, 0xb6,
  0xbe, 0xb6, 0x7d, 0xae, 0x7b, 0x6d, 0x97, 0x5c, 0xe4, 0x20, 0xc2, 0x20, 0x2a, 0x32, 0xfe, 0x7d,
  0x00, 0x00, 0x00, 0x00, 0x00, 0x00, 0x00, 0x00, 0x00, 0x00, 0x00, 0x00, 0x00, 0x00, 0x00, 0x00,
  0x00, 0x00, 0x00, 0x00, 0x00, 0x00, 0x00, 0x00, 0x00, 0x00, 0x00, 0x00, 0x00, 0x00, 0x00, 0x00,
  0x00, 0x00, 0x00, 0x00, 0x00, 0x00, 0x00, 0x00, 0x00, 0x00, 0x00, 0x00, 0x00, 0x00, 0x00, 0x00,
  0x00, 0x00, 0x00, 0x00, 0x00, 0x00, 0xe3, 0x20, 0x04, 0x21, 0xa2, 0x18, 0x0d, 0x53, 0x1f, 0xbf,
  0xbd, 0xb6, 0xbe, 0xb6, 0xbe, 0xb6, 0xbe, 0xb6, 0xbe, 0xb6, 0xbe, 0xb6, 0xbe, 0xb6, 0xbe, 0xb6,
  0xbe, 0xb6, 0xbe, 0xb6, 0xbe, 0xb6, 0xbe, 0xb6, 0xbe, 0xb6, 0xbe, 0xb6, 0xbe, 0xb6, 0xff, 0xbe,
  0xf1, 0x6b, 0x6f, 0x63, 0x16, 0x8d, 0xb9, 0x9d, 0x16, 0x8d, 0xac, 0x52, 0x2e, 0x5b, 0x9d, 0xb6,
  0xbe, 0xb6, 0xbe, 0xb6, 0xbe, 0xb6, 0xbe, 0xb6, 0xbe, 0xb6, 0xbe, 0xb6, 0xbe, 0xb6, 0xbe, 0xb6,
  0xbe, 0xb6, 0xbe, 0xb6, 0xbe, 0xb6, 0xbe, 0xb6, 0xbe, 0xb6, 0xbe, 0xb6, 0xbe, 0xb6, 0xbe, 0xb6,
  0x9d, 0xb6, 0x2d, 0x5b, 0xcc, 0x52, 0x16, 0x8d, 0x99, 0x9d, 0x16, 0x8d, 0x6f, 0x63, 0xf1, 0x6b,
  0xff, 0xbe, 0xbe, 0xb6, 0xbe, 0xb6, 0xbe, 0xb6, 0xbe, 0xb6, 0xbe, 0xb6, 0xbe, 0xb6, 0xbe, 0xb6,
  0xbe, 0xb6, 0x9d, 0xae, 0xbc, 0x6d, 0x14, 0x54, 0xe3, 0x20, 0xa2, 0x18, 0xee, 0x42, 0xfe, 0x75,
  0x3a, 0x6d, 0x24, 0x21, 0xe3, 0x20, 0x45, 0x29, 0x00, 0x00, 0x00, 0x00, 0x00, 0x00, 0x00, 0x00,
  0x00, 0x00, 0x00, 0x00, 0x00, 0x00, 0x00, 0x00, 0x00, 0x00, 0x00, 0x00, 0x00, 0x00, 0x00, 0x00,
  0x00, 0x00, 0x00, 0x00, 0x00, 0x00, 0x00, 0x00, 0x00, 0x00, 0x00, 0x00, 0x00, 0x00, 0x00, 0x00,
  0x00, 0x00, 0x00, 0x00, 0x00, 0x00, 0xe3, 0x20, 0x04, 0x21, 0x82, 0x18, 0xd0, 0x6b, 0x1f, 0xbf,
  0x9d, 0xb6, 0xbe, 0xb6, 0xbe, 0xb6, 0xbe, 0xb6, 0xbe, 0xb6, 0xbe, 0xb6, 0xbe, 0xb6, 0xbe, 0xb6,
  0xbe, 0xb6, 0xbe, 0xb6, 0xbe, 0xb6, 0xbe, 0xb6, 0xbe, 0xb6, 0xbd, 0xb6, 0xbe, 0xb6, 0xde, 0xb6,
  0x1b, 0xa6, 0x53, 0x7c, 0x4e, 0x5b, 0xed, 0x52, 0x2e, 0x5b, 0x16, 0x8d, 0x1f, 0xbf, 0xde, 0xb6,
  0xbe, 0xb6, 0xbe, 0xb6, 0xbe, 0xb6, 0xbe, 0xb6, 0xbe, 0xb6, 0xbe, 0xb6, 0xbe, 0xb6, 0xbe, 0xb6,
  0xbe, 0xb6, 0xbe, 0xb6, 0xbe, 0xb6, 0xbe, 0xb6, 0xbe, 0xb6, 0xbe, 0xb6, 0xbe, 0xb6, 0xbe, 0xb6,
  0xde, 0xb6, 0x1f, 0xbf, 0x16, 0x8d, 0x2e, 0x5b, 0xec, 0x52, 0x4e, 0x5b, 0x73, 0x7c, 0x1b, 0xa6,
  0xde, 0xb6, 0xbe, 0xb6, 0x9d, 0xb6, 0xbe, 0xb6, 0xbe, 0xb6, 0xbe, 0xb6, 0xbe, 0xb6, 0xbe, 0xb6,
  0xbe, 0xb6, 0x9d, 0xb6, 0xdd, 0x75, 0x50, 0x43, 0xc2, 0x20, 0xc2, 0x20, 0x71, 0x4b, 0xdd, 0x6d,
  0x14, 0x54, 0xc2, 0x20, 0x24, 0x21, 0x04, 0x21, 0x04, 0x21, 0x00, 0x00, 0x00, 0x00, 0x00, 0x00,
  0x00, 0x00, 0x00, 0x00, 0x00, 0x00, 0x00, 0x00, 0x00, 0x00, 0x00, 0x00, 0x00, 0x00, 0x00, 0x00,
  0x00, 0x00, 0x00, 0x00, 0x00, 0x00, 0x00, 0x00, 0x00, 0x00, 0x00, 0x00, 0x00, 0x00, 0x00, 0x00,
  0x00, 0x00, 0x00, 0x38, 0x00, 0x00, 0x04, 0x21, 0x24, 0x29, 0x81, 0x18, 0x53, 0x7c, 0x1f, 0xbf,
  0x9d, 0xb6, 0xbe, 0xb6, 0xbe, 0xb6, 0xbe, 0xb6, 0xbe, 0xb6, 0xbe, 0xb6, 0xbe, 0xb6, 0xbe, 0xb6,
  0xbe, 0xb6, 0xbe, 0xb6, 0xbe, 0xb6, 0xbe, 0xb6, 0x1f, 0xbf, 0x1f, 0xbf, 0xbe, 0xb6, 0x9d, 0xb6,
  0xde, 0xb6, 0x3f, 0xbf, 0x1f, 0xbf, 0xff, 0xbe, 0x1f, 0xbf, 0x1f, 0xbf, 0xbe, 0xb6, 0xbe, 0xb6,
  0xbe, 0xb6, 0xbe, 0xb6, 0xbe, 0xb6, 0xbe, 0xb6, 0xbe, 0xb6, 0xbe, 0xb6, 0xbe, 0xb6, 0xbe, 0xb6,
  0xbe, 0xb6, 0xbe, 0xb6, 0xbe, 0xb6, 0xbe, 0xb6, 0xbe, 0xb6, 0xbe, 0xb6, 0xbe, 0xb6, 0xbe, 0xb6,
  0xbe, 0xb6, 0xbe, 0xb6, 0x1f, 0xbf, 0x1f, 0xbf, 0xff, 0xbe, 0x1f, 0xbf, 0x3f, 0xbf, 0xde, 0xb6,
  0x9d, 0xb6, 0xbe, 0xb6, 0x1f, 0xbf, 0x1f, 0xbf, 0xbe, 0xb6, 0xbe, 0xb6, 0xbe, 0xb6, 0xbe, 0xb6,
  0xbe, 0xb6, 0xbe, 0xb6, 0xbc, 0x75, 0x2b, 0x32, 0xc3, 0x20, 0xe3, 0x20, 0x55, 0x54, 0x9c, 0x6d,
  0xb7, 0x5c, 0x45, 0x29, 0xa2, 0x18, 0x04, 0x21, 0xe3, 0x20, 0xe3, 0x20, 0x00, 0x00, 0x00, 0x00,
  0x00, 0x00, 0x00, 0x00, 0x00, 0x00, 0x00, 0x00, 0x00, 0x00, 0x00, 0x00, 0x00, 0x00, 0x00, 0x00,
  0x00, 0x00, 0x00, 0x00, 0x00, 0x00, 0x00, 0x00, 0x00, 0x00, 0x00, 0x00, 0x00, 0x00, 0x00, 0x00,
  0x00, 0x00, 0x00, 0x38, 0x00, 0x00, 0x04, 0x21, 0x24, 0x29, 0x81, 0x18, 0x73, 0x7c, 0x1f, 0xbf,
  0x9d, 0xb6, 0xbe, 0xb6, 0xbe, 0xb6, 0xbe, 0xb6, 0xbe, 0xb6, 0xbe, 0xb6, 0xbe, 0xb6, 0xbe, 0xb6,
  0xbe, 0xb6, 0xbe, 0xb6, 0xbe, 0xb6, 0xff, 0xbe, 0xd5, 0x84, 0xb5, 0x84, 0xde, 0xb6, 0x3f, 0xbf,
  0xde, 0xb6, 0x9d, 0xb6, 0x9d, 0xb6, 0xbe, 0xb6, 0xbd, 0xb6, 0xbe, 0xb6, 0xbe, 0xb6, 0xbe, 0xb6,
  0xbe, 0xb6, 0xbe, 0xb6, 0xbe, 0xb6, 0xbe, 0xb6, 0xbe, 0xb6, 0xbe, 0xb6, 0xbe, 0xb6, 0xbe, 0xb6,
  0xbe, 0xb6, 0xbe, 0xb6, 0xbe, 0xb6, 0xbe, 0xb6, 0xbe, 0xb6, 0xbe, 0xb6, 0xbe, 0xb6, 0xbe, 0xb6,
  0xbe, 0xb6, 0xbe, 0xb6, 0xbe, 0xb6, 0xbd, 0xb6, 0xbe, 0xb6, 0x9d, 0xb6, 0x9d, 0xb6, 0xde, 0xb6,
  0x3f, 0xbf, 0xde, 0xb6, 0x94, 0x7c, 0xf6, 0x84, 0xff, 0xbe, 0xbe, 0xb6, 0xbe, 0xb6, 0xbe, 0xb6,
  0xbe, 0xb6, 0xbe, 0xb6, 0x9e, 0xa6, 0xcc, 0x4a, 0x20, 0x10, 0x66, 0x29, 0x1a, 0x5d, 0x5b, 0x65,
  0x7b, 0x65, 0xd8, 0x5c, 0xc8, 0x29, 0xa2, 0x18, 0x04, 0x21, 0xe3, 0x20, 0x04, 0x21, 0x00, 0x00,
  0x00, 0x00, 0x00, 0x00, 0x00, 0x00, 0x00, 0x00, 0x00, 0x00, 0x00, 0x00, 0x00, 0x00, 0x00, 0x00,
  0x00, 0x00, 0x00, 0x00, 0x00, 0x00, 0x00, 0x00, 0x00, 0x00, 0x00, 0x00, 0x00, 0x00, 0x00, 0x00,
  0x00, 0x00, 0x00, 0x00, 0x00, 0x00, 0xe3, 0x20, 0x04, 0x21, 0x82, 0x18, 0xf1, 0x6b, 0x1f, 0xbf,
  0x9d, 0xb6, 0xbe, 0xb6, 0xbe, 0xb6, 0xbe, 0xb6, 0xbe, 0xb6, 0xbe, 0xb6, 0xbe, 0xb6, 0xbe, 0xb6,
  0xbe, 0xb6, 0xbe, 0xb6, 0xbe, 0xb6, 0xff, 0xbe, 0xf1, 0x6b, 0xc3, 0x18, 0x86, 0x31, 0xd1, 0x6b,
  0x3b, 0xa6, 0x1f, 0xbf, 0x1f, 0xbf, 0xbe, 0xb6, 0x9d, 0xb6, 0xbe, 0xb6, 0xbe, 0xb6, 0xbe, 0xb6,
  0xbe, 0xb6, 0xbe, 0xb6, 0xbe, 0xb6, 0xbe, 0xb6, 0xbe, 0xb6, 0xbe, 0xb6, 0xbe, 0xb6, 0xbe, 0xb6,
  0xbe, 0xb6, 0xbe, 0xb6, 0xbe, 0xb6, 0xbe, 0xb6, 0xbe, 0xb6, 0xbe, 0xb6, 0xbe, 0xb6, 0xbe, 0xb6,
  0xbe, 0xb6, 0xbe, 0xb6, 0xbe, 0xb6, 0x9d, 0xb6, 0xbe, 0xb6, 0x1f, 0xbf, 0x1f, 0xbf, 0x1b, 0xa6,
  0xd0, 0x6b, 0x66, 0x31, 0xc3, 0x20, 0x12, 0x74, 0xff, 0xbe, 0xbe, 0xb6, 0xbe, 0xb6, 0xbe, 0xb6,
  0xbe, 0xb6, 0xbe, 0xb6, 0xfe, 0xbe, 0x3c, 0xae, 0x11, 0x74, 0x99, 0x95, 0x1d, 0x86, 0x5a, 0x65,
  0x3a, 0x5d, 0x7c, 0x6d, 0x3a, 0x65, 0xe8, 0x31, 0xa2, 0x18, 0x04, 0x21, 0xe3, 0x20, 0x86, 0x31,
  0x00, 0x00, 0x00, 0x00, 0x00, 0x00, 0x00, 0x00, 0x00, 0x00, 0x00, 0x00, 0x00, 0x00, 0x00, 0x00,
  0x00, 0x00, 0x00, 0x00, 0x00, 0x00, 0x00, 0x00, 0x00, 0x00, 0x00, 0x00, 0x00, 0x00, 0x00, 0x00,
  0x00, 0x00, 0x00, 0x00, 0x00, 0x00, 0xe3, 0x20, 0x04, 0x21, 0x81, 0x18, 0x0d, 0x53, 0x1f, 0xbf,
  0x9d, 0xb6, 0xbe, 0xb6, 0xbe, 0xb6, 0xbe, 0xb6, 0xbe, 0xb6, 0xbe, 0xb6, 0xbe, 0xb6, 0xbe, 0xb6,
  0xbe, 0xb6, 0xbe, 0xb6, 0xbe, 0xb6, 0xbe, 0xb6, 0xff, 0xbe, 0x5c, 0xae, 0xf1, 0x6b, 0x86, 0x31,
  0xe3, 0x20, 0xab, 0x4a, 0x57, 0x95, 0xde, 0xb6, 0x1f, 0xbf, 0xde, 0xb6, 0xbe, 0xb6, 0xbe, 0xb6,
  0xbe, 0xb6, 0xbe, 0xb6, 0xbe, 0xb6, 0xbe, 0xb6, 0xbe, 0xb6, 0xbe, 0xb6, 0xbe, 0xb6, 0xbe, 0xb6,
  0xbe, 0xb6, 0xbe, 0xb6, 0xbe, 0xb6, 0xbe, 0xb6, 0xbe, 0xb6, 0xbe, 0xb6, 0xbe, 0xb6, 0xbe, 0xb6,
  0xbe, 0xb6, 0xbe, 0xb6, 0xde, 0xb6, 0x1f, 0xbf, 0xde, 0xb6, 0x37, 0x8d, 0xab, 0x4a, 0xe3, 0x20,
  0x86, 0x31, 0xf1, 0x6b, 0x5c, 0xae, 0xff, 0xbe, 0xbe, 0xb6, 0xbe, 0xb6, 0xbe, 0xb6, 0xbe, 0xb6,
  0xbe, 0xb6, 0xbe, 0xb6, 0xbe, 0xb6, 0xde, 0xb6, 0x3f, 0xbf, 0xff, 0xbe, 0xde, 0xbe, 0x7d, 0xa6,
  0x9b, 0x75, 0x3a, 0x5d, 0x7b, 0x65, 0x19, 0x65, 0x66, 0x29, 0xc3, 0x20, 0x04, 0x21, 0xe3, 0x20,
  0x00, 0x00, 0x00, 0x00, 0x00, 0x00, 0x00, 0x00, 0x00, 0x00, 0x00, 0x00, 0x00, 0x00, 0x00, 0x00,
  0x00, 0x00, 0x00, 0x00, 0x00, 0x00, 0x00, 0x00, 0x00, 0x00, 0x00, 0x00, 0x00, 0x00, 0x00, 0x00,
  0x00, 0x00, 0x00, 0x00, 0x00, 0x00, 0xe3, 0x18, 0x04, 0x21, 0xc3, 0x20, 0x53, 0x74, 0xff, 0xbe,
  0x9d, 0xb6, 0xbe, 0xb6, 0xbe, 0xb6, 0xbe, 0xb6, 0xbe, 0xb6, 0xbe, 0xb6, 0xbe, 0xb6, 0xbe, 0xb6,
  0xbe, 0xb6, 0xbe, 0xb6, 0xbe, 0xb6, 0xbe, 0xb6, 0xbe, 0xb6, 0xde, 0xb6, 0x3f, 0xc7, 0xde, 0xb6,
  0xf6, 0x8c, 0x4a, 0x42, 0xc3, 0x20, 0x08, 0x3a, 0x73, 0x7c, 0x5c, 0xae, 0xde, 0xb6, 0xbe, 0xb6,
  0xbe, 0xb6, 0xbe, 0xb6, 0xbe, 0xb6, 0xbe, 0xb6, 0xbe, 0xb6, 0xbe, 0xb6, 0xbe, 0xb6, 0xde, 0xb6,
  0xbe, 0xb6, 0xbd, 0xb6, 0xbe, 0xb6, 0xbe, 0xb6, 0xbe, 0xb6, 0xbe, 0xb6, 0xbe, 0xb6, 0xbe, 0xb6,
  0xbe, 0xb6, 0xde, 0xb6, 0x5c, 0xae, 0x53, 0x7c, 0xe8, 0x39, 0xc3, 0x20, 0x6a, 0x42, 0x16, 0x8d,
  0xde, 0xb6, 0x3f, 0xbf, 0xde, 0xb6, 0xbe, 0xb6, 0xbe, 0xb6, 0xbe, 0xb6, 0xbe, 0xb6, 0xbe, 0xb6,
  0xbe, 0xb6, 0xbe, 0xb6, 0xbe, 0xb6, 0xbe, 0xb6, 0x9d, 0xb6, 0xbe, 0xb6, 0xbe, 0xb6, 0xde, 0xbe,
  0xbe, 0xb6, 0xfc, 0x85, 0x3a, 0x5d, 0x9c, 0x6d, 0x55, 0x54, 0xe3, 0x20, 0x03, 0x21, 0xe3, 0x20,
  0xe3, 0x20, 0x00, 0x00, 0x00, 0x00, 0x00, 0x00, 0x00, 0x00, 0x00, 0x00, 0x00, 0x00, 0x00, 0x00,
  0x00, 0x00, 0x00, 0x00, 0x00, 0x00, 0x00, 0x00, 0x00, 0x00, 0x00, 0x00, 0x00, 0x00, 0x00, 0x00,
  0x00, 0x00, 0x00, 0x00, 0x00, 0x00, 0xff, 0xff, 0x61, 0x08, 0x16, 0x8d, 0x5f, 0xc7, 0xff, 0xbe,
  0x1f, 0xbf, 0xff, 0xbe, 0xbe, 0xb6, 0xbe, 0xb6, 0xbe, 0xb6, 0xbe, 0xb6, 0xbe, 0xb6, 0xbe, 0xb6,
  0xbe, 0xb6, 0xbe, 0xb6, 0xbe, 0xb6, 0xbe, 0xb6, 0xbe, 0xb6, 0xbe, 0xb6, 0x9d, 0xb6, 0xbd, 0xb6,
  0x1f, 0xbf, 0x7f, 0xcf, 0x1b, 0xa6, 0x08, 0x3a, 0x00, 0x08, 0xc7, 0x39, 0x9d, 0xb6, 0xde, 0xb6,
  0xbe, 0xb6, 0xbe, 0xb6, 0xbe, 0xb6, 0xbe, 0xb6, 0xbe, 0xb6, 0xbe, 0xb6, 0xde, 0xb6, 0x9d, 0xb6,
  0xbe, 0xb6, 0x1f, 0xbf, 0xbe, 0xb6, 0xbe, 0xb6, 0xbe, 0xb6, 0xbe, 0xb6, 0xbe, 0xb6, 0xbe, 0xb6,
  0xde, 0xb6, 0x9d, 0xae, 0xa7, 0x31, 0x00, 0x08, 0x29, 0x42, 0x3b, 0xa6, 0x9f, 0xcf, 0x1f, 0xbf,
  0x9d, 0xb6, 0x9d, 0xb6, 0xbe, 0xb6, 0xbe, 0xb6, 0xbe, 0xb6, 0xbe, 0xb6, 0xbe, 0xb6, 0xbe, 0xb6,
  0xbe, 0xb6, 0xbe, 0xb6, 0xbe, 0xb6, 0xbe, 0xb6, 0xbe, 0xb6, 0xbe, 0xb6, 0xbe, 0xb6, 0xbe, 0xb6,
  0xbe, 0xb6, 0xde, 0xbe, 0xfc, 0x85, 0x3a, 0x5d, 0x9c, 0x6d, 0xac, 0x3a, 0xa2, 0x18, 0x04, 0x21,
  0xe3, 0x20, 0x00, 0x00, 0x00, 0x38, 0x00, 0x00, 0x00, 0x00, 0x00, 0x00, 0x00, 0x00, 0x00, 0x00,
  0x00, 0x00, 0x00, 0x00, 0x00, 0x00, 0x00, 0x00, 0x00, 0x00, 0x00, 0x00, 0x00, 0x00, 0x00, 0x00,
  0x00, 0x00, 0x00, 0x00, 0x00, 0x00, 0xef, 0x7b, 0x00, 0x00, 0xff, 0xff, 0x7d, 0xae, 0x99, 0x9d,
  0xf6, 0x8c, 0x58, 0x95, 0xde, 0xb6, 0xbe, 0xb6, 0xbe, 0xb6, 0xbe, 0xb6, 0xbe, 0xb6, 0xbe, 0xb6,
  0xbe, 0xb6, 0xbe, 0xb6, 0xbe, 0xb6, 0xbe, 0xb6, 0xbe, 0xb6, 0xbe, 0xb6, 0xff, 0xbe, 0x3f, 0xbf,
  0x7d, 0xae, 0x53, 0x74, 0xe8, 0x39, 0x45, 0x29, 0xec, 0x52, 0x37, 0x8d, 0xbe, 0xb6, 0xbe, 0xb6,
  0xbe, 0xb6, 0xbe, 0xb6, 0xbe, 0xb6, 0xbe, 0xb6, 0xbe, 0xb6, 0x9d, 0xb6, 0x6a, 0x42, 0x25, 0x29,
  0x66, 0x29, 0xd1, 0x6b, 0xde, 0xb6, 0xbe, 0xb6, 0xbe, 0xb6, 0xbe, 0xb6, 0xbe, 0xb6, 0xbe, 0xb6,
  0xbe, 0xb6, 0xbe, 0xb6, 0x37, 0x8d, 0xcc, 0x52, 0x45, 0x29, 0x08, 0x3a, 0x73, 0x7c, 0x7d, 0xae,
  0x3f, 0xbf, 0xff, 0xbe, 0xbd, 0xb6, 0xbe, 0xb6, 0xbe, 0xb6, 0xbe, 0xb6, 0xbe, 0xb6, 0xbe, 0xb6,
  0xbe, 0xb6, 0xbe, 0xb6, 0xbe, 0xb6, 0xbe, 0xb6, 0xbe, 0xb6, 0xbe, 0xb6, 0xbe, 0xb6, 0xbe, 0xb6,
  0xbe, 0xb6, 0xbe, 0xb6, 0xde, 0xb6, 0x9b, 0x75, 0x5b, 0x65, 0xb7, 0x5c, 0x04, 0x21, 0xe3, 0x20,
  0xe3, 0x20, 0xe3, 0x18, 0x00, 0x00, 0x00, 0x00, 0x00, 0x00, 0x00, 0x00, 0x00, 0x00, 0x00, 0x00,
  0x00, 0x00, 0x00, 0x00, 0x00, 0x00, 0x00, 0x00, 0x00, 0x00, 0x00, 0x00, 0x00, 0x00, 0x00, 0x00,
  0x00, 0x00, 0x00, 0x00, 0x00, 0x00, 0x00, 0x00, 0xe3, 0x20, 0xc3, 0x18, 0x25, 0x29, 0x04, 0x21,
  0xc3, 0x20, 0xa2, 0x18, 0x73, 0x7c, 0x1f, 0xbf, 0x9d, 0xb6, 0xbe, 0xb6, 0xbe, 0xb6, 0xbe, 0xb6,
  0xbe, 0xb6, 0xbe, 0xb6, 0xbe, 0xb6, 0xbe, 0xb6, 0x1f, 0xbf, 0x1f, 0xbf, 0xfa, 0xa5, 0x6f, 0x63,
  0x24, 0x29, 0x25, 0x29, 0x6e, 0x5b, 0xda, 0x9d, 0x1f, 0xbf, 0x1f, 0xbf, 0xbe, 0xb6, 0xbe, 0xb6,
  0xbe, 0xb6, 0xbe, 0xb6, 0xbe, 0xb6, 0xbe, 0xb6, 0xbe, 0xb6, 0xbe, 0xb6, 0xd5, 0x84, 0xd5, 0x84,
  0x53, 0x74, 0xc3, 0x18, 0xb5, 0x84, 0x1f, 0xbf, 0xbd, 0xb6, 0xbe, 0xb6, 0xbe, 0xb6, 0xbe, 0xb6,
  0xbe, 0xb6, 0xbe, 0xb6, 0x1f, 0xbf, 0x1f, 0xbf, 0xd9, 0x9d, 0x4e, 0x5b, 0x24, 0x29, 0x25, 0x29,
  0x6f, 0x63, 0xfa, 0xa5, 0x1f, 0xbf, 0xff, 0xbe, 0xbe, 0xb6, 0xbe, 0xb6, 0xbe, 0xb6, 0xbe, 0xb6,
  0xbe, 0xb6, 0xbe, 0xb6, 0xbe, 0xb6, 0xbe, 0xb6, 0xbe, 0xb6, 0xbe, 0xb6, 0xbe, 0xb6, 0xbe, 0xb6,
  0xbe, 0xb6, 0xbe, 0xb6, 0xde, 0xbe, 0x7d, 0xa6, 0x3a, 0x65, 0x9c, 0x65, 0x4b, 0x32, 0xa2, 0x18,
  0x04, 0x21, 0xe3, 0x20, 0x00, 0x00, 0x00, 0x00, 0x00, 0x00, 0x00, 0x00, 0x00, 0x00, 0x00, 0x00,
  0x00, 0x00, 0x00, 0x00, 0x00, 0x00, 0x00, 0x00, 0x00, 0x00, 0x00, 0x00, 0x00, 0x00, 0x00, 0x00,
  0x00, 0x00, 0x00, 0x00, 0x04, 0x21, 0x04, 0x21, 0x04, 0x21, 0x24, 0x29, 0xc2, 0x18, 0x82, 0x18,
  0xa2, 0x18, 0x40, 0x10, 0xf1, 0x6b, 0x1f, 0xbf, 0x9d, 0xb6, 0xbe, 0xb6, 0xbe, 0xb6, 0xbe, 0xb6,
  0xbe, 0xb6, 0xbe, 0xb6, 0xbe, 0xb6, 0xde, 0xb6, 0x37, 0x8d, 0x6a, 0x42, 0xe3, 0x20, 0xc7, 0x39,
  0x73, 0x7c, 0x9d, 0xb6, 0x3f, 0xc7, 0xff, 0xbe, 0xbd, 0xb6, 0xbe, 0xb6, 0xbe, 0xb6, 0xbe, 0xb6,
  0xbe, 0xb6, 0xbe, 0xb6, 0xbe, 0xb6, 0xbe, 0xb6, 0xbe, 0xb6, 0xbe, 0xb6, 0x1f, 0xbf, 0x9f, 0xcf,
  0xff, 0xbe, 0x45, 0x29, 0xd1, 0x6b, 0x3f, 0xc7, 0x9d, 0xb6, 0xbe, 0xb6, 0xbe, 0xb6, 0xbe, 0xb6,
  0xbe, 0xb6, 0xbe, 0xb6, 0xbe, 0xb6, 0xbe, 0xb6, 0xff, 0xbe, 0x3f, 0xc7, 0x7c, 0xae, 0x53, 0x7c,
  0xc7, 0x31, 0xe3, 0x20, 0x6a, 0x4a, 0x57, 0x8d, 0xde, 0xb6, 0xbe, 0xb6, 0xbe, 0xb6, 0xbe, 0xb6,
  0xbe, 0xb6, 0xbe, 0xb6, 0xbe, 0xb6, 0xbe, 0xb6, 0xbe, 0xb6, 0xbe, 0xb6, 0xbe, 0xb6, 0xbe, 0xb6,
  0xbe, 0xb6, 0xbe, 0xb6, 0xbe, 0xb6, 0xde, 0xbe, 0xbb, 0x7d, 0x7c, 0x65, 0xb2, 0x4b, 0xa2, 0x18,
  0x04, 0x21, 0xe3, 0x20, 0x00, 0x00, 0x00, 0x38, 0x00, 0x00, 0x00, 0x00, 0x00, 0x00, 0x00, 0x00,
  0x00, 0x00, 0x00, 0x00, 0x00, 0x00, 0x00, 0x00, 0x00, 0x00, 0x00, 0x00, 0x00, 0x00, 0x00, 0x00,
  0x00, 0x00, 0x04, 0x21, 0x04, 0x21, 0x04, 0x21, 0xc3, 0x18, 0xa2, 0x18, 0xa7, 0x31, 0x0d, 0x53,
  0xb0, 0x63, 0x73, 0x7c, 0x9d, 0xb6, 0xbe, 0xb6, 0xbe, 0xb6, 0xbe, 0xb6, 0xbe, 0xb6, 0xbe, 0xb6,
  0xbe, 0xb6, 0xbe, 0xb6, 0xbe, 0xb6, 0xde, 0xb6, 0x8b, 0x4a, 0x6a, 0x42, 0x78, 0x95, 0xfe, 0xbe,
  0x3f, 0xbf, 0xdf, 0xb6, 0xbf, 0xae, 0xbe, 0xb6, 0xbe, 0xb6, 0xbe, 0xb6, 0xbe, 0xb6, 0xbe, 0xb6,
  0xbe, 0xb6, 0xbe, 0xb6, 0xbe, 0xb6, 0xbe, 0xb6, 0xbe, 0xb6, 0xbe, 0xb6, 0xde, 0xb6, 0x52, 0x74,
  0x24, 0x29, 0xa7, 0x31, 0x5c, 0xae, 0xde, 0xb6, 0xbe, 0xb6, 0xbe, 0xb6, 0xbe, 0xb6, 0xbe, 0xb6,
  0xbe, 0xb6, 0xbe, 0xb6, 0xbe, 0xb6, 0xbe, 0xb6, 0xbe, 0xb6, 0xbf, 0xae, 0xdf, 0xb6, 0x3f, 0xbf,
  0xde, 0xbe, 0x57, 0x95, 0x49, 0x42, 0xab, 0x4a, 0xff, 0xbe, 0xbe, 0xb6, 0xbe, 0xb6, 0xbe, 0xb6,
  0xbe, 0xb6, 0xbe, 0xb6, 0xbe, 0xb6, 0xbe, 0xb6, 0xbe, 0xb6, 0xbe, 0xb6, 0xbe, 0xb6, 0xbe, 0xb6,
  0xbe, 0xb6, 0xbe, 0xb6, 0xbe, 0xb6, 0xde, 0xbe, 0x3c, 0x9e, 0x5b, 0x65, 0x97, 0x5c, 0x04, 0x21,
  0x04, 0x21, 0xe3, 0x20, 0x00, 0x00, 0x00, 0x00, 0x00, 0x00, 0x00, 0x00, 0x00, 0x00, 0x00, 0x00,
  0x00, 0x00, 0x00, 0x00, 0x00, 0x00, 0x00, 0x00, 0x00, 0x00, 0x00, 0x00, 0x00, 0x00, 0x00, 0x00,
  0xe3, 0x20, 0xe3, 0x20, 0x04, 0x21, 0xa2, 0x18, 0xa7, 0x31, 0xd5, 0x84, 0x9d, 0xb6, 0x1f, 0xbf,
  0x3f, 0xbf, 0x1f, 0xbf, 0xbe, 0xb6, 0xbe, 0xb6, 0xbe, 0xb6, 0xbe, 0xb6, 0xbe, 0xb6, 0xbe, 0xb6,
  0xbe, 0xb6, 0xbe, 0xb6, 0xbe, 0xb6, 0xbe, 0xb6, 0xbe, 0xb6, 0x1f, 0xbf, 0x1f, 0xbf, 0xdf, 0xb6,
  0x7a, 0xbe, 0x35, 0xc6, 0x56, 0xc6, 0xbd, 0xb6, 0xdf, 0xb6, 0xbe, 0xb6, 0xbe, 0xb6, 0xbe, 0xb6,
  0xbe, 0xb6, 0xbe, 0xb6, 0xbe, 0xb6, 0xbe, 0xb6, 0xbe, 0xb6, 0xbe, 0xb6, 0xff, 0xbe, 0x32, 0x74,
  0xc7, 0x31, 0xe8, 0x39, 0x9d, 0xb6, 0xbe, 0xb6, 0xbe, 0xb6, 0xbe, 0xb6, 0xbe, 0xb6, 0xbe, 0xb6,
  0xbe, 0xb6, 0xbe, 0xb6, 0xbe, 0xb6, 0xdf, 0xb6, 0xbd, 0xb6, 0x56, 0xc6, 0x35, 0xc6, 0x7a, 0xbe,
  0xdf, 0xb6, 0x1f, 0xbf, 0x1f, 0xbf, 0xbe, 0xb6, 0xbe, 0xb6, 0xbe, 0xb6, 0xbe, 0xb6, 0xbe, 0xb6,
  0xbe, 0xb6, 0xbe, 0xb6, 0xbe, 0xb6, 0xbe, 0xb6, 0xbe, 0xb6, 0xbe, 0xb6, 0xbe, 0xb6, 0xbe, 0xb6,
  0xbe, 0xb6, 0xbe, 0xb6, 0xbe, 0xb6, 0xbe, 0xb6, 0x7d, 0xae, 0x7b, 0x65, 0x1a, 0x65, 0x66, 0x29,
  0xe3, 0x20, 0xe4, 0x20, 0x00, 0x00, 0x00, 0x00, 0x00, 0x00, 0x00, 0x00, 0x00, 0x00, 0x00, 0x00,
  0x00, 0x00, 0x00, 0x00, 0x00, 0x00, 0x00, 0x00, 0x00, 0x00, 0x00, 0x00, 0x00, 0x00, 0x24, 0x21,
  0xe3, 0x20, 0x04, 0x21, 0x82, 0x18, 0xab, 0x4a, 0x9d, 0xb6, 0x1f, 0xbf, 0xbe, 0xb6, 0xbd, 0xb6,
  0x9d, 0xb6, 0x9d, 0xb6, 0xbe, 0xb6, 0xbe, 0xb6, 0xbe, 0xb6, 0xbe, 0xb6, 0xbe, 0xb6, 0xbe, 0xb6,
  0xbe, 0xb6, 0xbe, 0xb6, 0xbe, 0xb6, 0xbe, 0xb6, 0xbe, 0xb6, 0xbd, 0xb6, 0xbf, 0xb6, 0xf0, 0xd5,
  0x01, 0xf5, 0x00, 0xf5, 0x00, 0xf5, 0x44, 0xed, 0x78, 0xbe, 0xbf, 0xb6, 0xbe, 0xb6, 0xbe, 0xb6,
  0xbe, 0xb6, 0xbe, 0xb6, 0xbe, 0xb6, 0xbe, 0xb6, 0xbe, 0xb6, 0x7d, 0xae, 0x1b, 0xa6, 0x5f, 0xc7,
  0xb9, 0x9d, 0xa2, 0x18, 0xb9, 0x9d, 0xff, 0xbe, 0xbe, 0xb6, 0xbe, 0xb6, 0xbe, 0xb6, 0xbe, 0xb6,
  0xbe, 0xb6, 0xbe, 0xb6, 0xdf, 0xb6, 0x78, 0xc6, 0x44, 0xed, 0x00, 0xf5, 0x00, 0xf5, 0x21, 0xf5,
  0xf0, 0xcd, 0xbf, 0xb6, 0xbd, 0xb6, 0xbe, 0xb6, 0xbe, 0xb6, 0xbe, 0xb6, 0xbe, 0xb6, 0xbe, 0xb6,
  0xbe, 0xb6, 0xbe, 0xb6, 0xbe, 0xb6, 0xbe, 0xb6, 0xbe, 0xb6, 0xbe, 0xb6, 0xbe, 0xb6, 0xbe, 0xb6,
  0xbe, 0xb6, 0xbe, 0xb6, 0xbe, 0xb6, 0xbe, 0xb6, 0xbe, 0xb6, 0x7b, 0x6d, 0x3a, 0x65, 0xa7, 0x29,
  0xc3, 0x20, 0xe4, 0x20, 0x45, 0x29, 0x00, 0x00, 0x00, 0x00, 0x00, 0x00, 0x00, 0x00, 0x00, 0x00,
  0x00, 0x00, 0x00, 0x00, 0x00, 0x00, 0x00, 0x00, 0x00, 0x00, 0x00, 0x00, 0x00, 0x00, 0xe3, 0x20,
  0x24, 0x29, 0xa2, 0x18, 0x6a, 0x4a, 0xde, 0xb6, 0xde, 0xb6, 0x9d, 0xb6, 0xbe, 0xb6, 0xbe, 0xb6,
  0xbe, 0xb6, 0xbe, 0xb6, 0xbe, 0xb6, 0xbe, 0xb6, 0xbe, 0xb6, 0xbe, 0xb6, 0xbe, 0xb6, 0xbe, 0xb6,
  0xbe, 0xb6, 0xbe, 0xb6, 0xbe, 0xb6, 0xbe, 0xb6, 0xbd, 0xb6, 0xbf, 0xb6, 0x79, 0xbe, 0x00, 0xf5,
  0x00, 0xf5, 0x20, 0xf5, 0x20, 0xf5, 0xe0, 0xf4, 0x67, 0xe5, 0xdf, 0xb6, 0xbd, 0xb6, 0xbe, 0xb6,
  0xbe, 0xb6, 0xbe, 0xb6, 0xbe, 0xb6, 0x9d, 0xb6, 0x1f, 0xbf, 0x94, 0x7c, 0xe3, 0x20, 0x66, 0x31,
  0x04, 0x21, 0x6a, 0x4a, 0xbd, 0xb6, 0xbe, 0xb6, 0xbe, 0xb6, 0xbe, 0xb6, 0xbe, 0xb6, 0xbe, 0xb6,
  0xbe, 0xb6, 0xbe, 0xb6, 0xdf, 0xb6, 0x67, 0xe5, 0xe0, 0xf4, 0x20, 0xf5, 0x20, 0xf5, 0x00, 0xf5,
  0x00, 0xf5, 0x79, 0xbe, 0xbf, 0xb6, 0xbe, 0xb6, 0xbe, 0xb6, 0xbe, 0xb6, 0xbe, 0xb6, 0xbe, 0xb6,
  0xbe, 0xb6, 0xbe, 0xb6, 0xbe, 0xb6, 0xbe, 0xb6, 0xbe, 0xb6, 0xbe, 0xb6, 0xbe, 0xb6, 0xbe, 0xb6,
  0xbe, 0xb6, 0xbe, 0xb6, 0xbe, 0xb6, 0xbe, 0xb6, 0xbe, 0xb6, 0x9b, 0x75, 0x3a, 0x65, 0xa7, 0x29,
  0xc3, 0x20, 0x04, 0x21, 0xc3, 0x30, 0x00, 0x00, 0x00, 0x00, 0x00, 0x00, 0x00, 0x00, 0x00, 0x00,
  0x00, 0x00, 0x00, 0x00, 0x00, 0x00, 0x00, 0x00, 0x00, 0x00, 0x00, 0x00, 0xe3, 0x20, 0xe4, 0x20,
  0xe3, 0x20, 0x45, 0x29, 0x3b, 0xa6, 0xff, 0xbe, 0x9d, 0xb6, 0xbe, 0xb6, 0xbe, 0xb6, 0xbe, 0xb6,
  0xbe, 0xb6, 0xbe, 0xb6, 0xbe, 0xb6, 0xbe, 0xb6, 0xbe, 0xb6, 0xbe, 0xb6, 0xbe, 0xb6, 0xbe, 0xb6,
  0xbe, 0xb6, 0xbe, 0xb6, 0xbe, 0xb6, 0xbe, 0xb6, 0xbe, 0xb6, 0xbf, 0xb6, 0x7a, 0xbe, 0x20, 0xf5,
  0x00, 0xf5, 0x00, 0xf5, 0x20, 0xf5, 0xe0, 0xfc, 0x89, 0xdd, 0xdf, 0xb6, 0xbd, 0xb6, 0xbe, 0xb6,
  0xbe, 0xb6, 0xbe, 0xb6, 0xbe, 0xb6, 0xbe, 0xb6, 0xbe, 0xb6, 0x7d, 0xae, 0x57, 0x95, 0xd5, 0x84,
  0x37, 0x8d, 0xbe, 0xb6, 0xde, 0xb6, 0xbe, 0xb6, 0xbe, 0xb6, 0xbe, 0xb6, 0xbe, 0xb6, 0xbe, 0xb6,
  0xbe, 0xb6, 0xbe, 0xb6, 0xdf, 0xb6, 0x88, 0xe5, 0xe0, 0xfc, 0x20, 0xf5, 0x00, 0xf5, 0x00, 0xf5,
  0x20, 0xf5, 0x9a, 0xbe, 0xbf, 0xb6, 0xbe, 0xb6, 0xbe, 0xb6, 0xbe, 0xb6, 0xbe, 0xb6, 0xbe, 0xb6,
  0xbe, 0xb6, 0xbe, 0xb6, 0xbe, 0xb6, 0xbe, 0xb6, 0xbe, 0xb6, 0xbe, 0xb6, 0xbe, 0xb6, 0xbe, 0xb6,
  0xbe, 0xb6, 0xbe, 0xb6, 0xbe, 0xb6, 0xbe, 0xb6, 0xbe, 0xb6, 0x9b, 0x75, 0x3a, 0x65, 0x87, 0x29,
  0xc3, 0x20, 0xe4, 0x20, 0xe7, 0x39, 0x00, 0x00, 0x00, 0x00, 0x00, 0x00, 0x00, 0x00, 0x00, 0x00,
  0x00, 0x00, 0x00, 0x00, 0x00, 0x00, 0x00, 0x00, 0x00, 0x38, 0x00, 0x00, 0xe3, 0x20, 0x24, 0x21,
  0x82, 0x18, 0xd0, 0x6b, 0x3f, 0xbf, 0x9d, 0xb6, 0xbe, 0xb6, 0xbe, 0xb6, 0xbe, 0xb6, 0xbe, 0xb6,
  0xbe, 0xb6, 0xbe, 0xb6, 0xbe, 0xb6, 0xbe, 0xb6, 0xbe, 0xb6, 0xbe, 0xb6, 0xbe, 0xb6, 0xbe, 0xb6,
  0xbe, 0xb6, 0xbe, 0xb6, 0xbe, 0xb6, 0xbe, 0xb6, 0xbe, 0xb6, 0xbe, 0xb6, 0xdf, 0xb6, 0x34, 0xce,
  0x44, 0xed, 0x00, 0xf5, 0x21, 0xf5, 0x88, 0xe5, 0x9b, 0xbe, 0xbe, 0xb6, 0xbe, 0xb6, 0xbe, 0xb6,
  0xbe, 0xb6, 0xbe, 0xb6, 0xbe, 0xb6, 0xbe, 0xb6, 0xbe, 0xb6, 0xde, 0xb6, 0xff, 0xbe, 0x1f, 0xbf,
  0x1f, 0xbf, 0xbe, 0xb6, 0xbe, 0xb6, 0xbe, 0xb6, 0xbe, 0xb6, 0xbe, 0xb6, 0xbe, 0xb6, 0xbe, 0xb6,
  0xbe, 0xb6, 0xbe, 0xb6, 0xbe, 0xb6, 0x9a, 0xbe, 0x88, 0xe5, 0x20, 0xf5, 0x00, 0xf5, 0x44, 0xed,
  0x34, 0xce, 0xdf, 0xb6, 0xbe, 0xb6, 0xbe, 0xb6, 0xbe, 0xb6, 0xbe, 0xb6, 0xbe, 0xb6, 0xbe, 0xb6,
  0xbe, 0xb6, 0xbe, 0xb6, 0xbe, 0xb6, 0xbe, 0xb6, 0xbe, 0xb6, 0xbe, 0xb6, 0xbe, 0xb6, 0xbe, 0xb6,
  0xbe, 0xb6, 0xbe, 0xb6, 0xbe, 0xb6, 0xbe, 0xb6, 0x9d, 0xae, 0x9b, 0x6d, 0xf9, 0x5c, 0x45, 0x21,
  0xe3, 0x20, 0xe4, 0x20, 0x00, 0x00, 0x00, 0x00, 0x00, 0x00, 0x00, 0x00, 0x00, 0x00, 0x00, 0x00,
  0x00, 0x00, 0x00, 0x00, 0x00, 0x00, 0x00, 0x00, 0x00, 0x00, 0x00, 0x00, 0xe3, 0x20, 0x04, 0x21,
  0xe3, 0x20, 0xb9, 0x9d, 0xff, 0xbe, 0xbe, 0xb6, 0xbe, 0xb6, 0xbe, 0xb6, 0xbe, 0xb6, 0xbe, 0xb6,
  0xbe, 0xb6, 0xbe, 0xb6, 0xbe, 0xb6, 0xbe, 0xb6, 0xbe, 0xb6, 0xbe, 0xb6, 0xbe, 0xb6, 0xbe, 0xb6,
  0xbe, 0xb6, 0xbe, 0xb6, 0xbe, 0xb6, 0xbe, 0xb6, 0xbe, 0xb6, 0xbe, 0xb6, 0xbe, 0xb6, 0xdf, 0xb6,
  0xbd, 0xb6, 0x78, 0xc6, 0x7a, 0xbe, 0xbe, 0xb6, 0xbf, 0xb6, 0xbe, 0xb6, 0xbe, 0xb6, 0xbe, 0xb6,
  0xbe, 0xb6, 0xbe, 0xb6, 0xbe, 0xb6, 0xbe, 0xb6, 0xbe, 0xb6, 0xbe, 0xb6, 0xbe, 0xb6, 0xbd, 0xb6,
  0xbe, 0xb6, 0xbe, 0xb6, 0xbe, 0xb6, 0xbe, 0xb6, 0xbe, 0xb6, 0xbe, 0xb6, 0xbe, 0xb6, 0xbe, 0xb6,
  0xbe, 0xb6, 0xbe, 0xb6, 0xbe, 0xb6, 0xdf, 0xb6, 0xbe, 0xb6, 0x79, 0xbe, 0x78, 0xc6, 0xbd, 0xb6,
  0xdf, 0xb6, 0xbe, 0xb6, 0xbe, 0xb6, 0xbe, 0xb6, 0xbe, 0xb6, 0xbe, 0xb6, 0xbe, 0xb6, 0xbe, 0xb6,
  0xbe, 0xb6, 0xbe, 0xb6, 0xbe, 0xb6, 0xbe, 0xb6, 0xbe, 0xb6, 0xbe, 0xb6, 0xbe, 0xb6, 0xbe, 0xb6,
  0xbe, 0xb6, 0xbe, 0xb6, 0xbe, 0xb6, 0xbe, 0xb6, 0x7d, 0xae, 0x9c, 0x6d, 0x55, 0x54, 0xc3, 0x20,
  0x04, 0x21, 0xe3, 0x20, 0x00, 0x00, 0x00, 0x00, 0x00, 0x00, 0x00, 0x00, 0x00, 0x00, 0x00, 0x00,
  0x00, 0x00, 0x00, 0x00, 0x00, 0x00, 0x00, 0x00, 0x00, 0x00, 0x00, 0x38, 0x04, 0x21, 0xc3, 0x20,
  0xa7, 0x31, 0x9d, 0xb6, 0xbe, 0xb6, 0xbe, 0xb6, 0xbe, 0xb6, 0xbe, 0xb6, 0xbe, 0xb6, 0xbe, 0xb6,
  0xbe, 0xb6, 0xbe, 0xb6, 0xbe, 0xb6, 0xbe, 0xb6, 0xbe, 0xb6, 0xbe, 0xb6, 0xbe, 0xb6, 0xbe, 0xb6,
  0xbe, 0xb6, 0xbe, 0xb6, 0xbe, 0xb6, 0xbe, 0xb6, 0xbe, 0xb6, 0xbe, 0xb6, 0xbe, 0xb6, 0xbd, 0xb6,
  0xbe, 0xb6, 0xdf, 0xb6, 0xdf, 0xb6, 0xbe, 0xb6, 0xbe, 0xb6, 0xbe, 0xb6, 0xbe, 0xb6, 0xbe, 0xb6,
  0xbe, 0xb6, 0xbe, 0xb6, 0xbe, 0xb6, 0xbe, 0xb6, 0xbe, 0xb6, 0xbe, 0xb6, 0xbe, 0xb6, 0xbe, 0xb6,
  0xbe, 0xb6, 0xbe, 0xb6, 0xbe, 0xb6, 0xbe, 0xb6, 0xbe, 0xb6, 0xbe, 0xb6, 0xbe, 0xb6, 0xbe, 0xb6,
  0xbe, 0xb6, 0xbe, 0xb6, 0xbe, 0xb6, 0xbe, 0xb6, 0xbe, 0xb6, 0xdf, 0xb6, 0xdf, 0xb6, 0xbe, 0xb6,
  0xbd, 0xb6, 0xbe, 0xb6, 0xbe, 0xb6, 0xbe, 0xb6, 0xbe, 0xb6, 0xbe, 0xb6, 0xbe, 0xb6, 0xbe, 0xb6,
  0xbe, 0xb6, 0xbe, 0xb6, 0xbe, 0xb6, 0xbe, 0xb6, 0xbe, 0xb6, 0xbe, 0xb6, 0xbe, 0xb6, 0xbe, 0xb6,
  0xbe, 0xb6, 0xbe, 0xb6, 0xbe, 0xb6, 0xde, 0xbe, 0x3c, 0x9e, 0x9c, 0x65, 0x2f, 0x43, 0xa2, 0x18,
  0x04, 0x21, 0xe3, 0x20, 0x00, 0x00, 0x00, 0x38, 0x00, 0x00, 0x00, 0x00, 0x00, 0x00, 0x00, 0x00,
  0x00, 0x00, 0x00, 0x00, 0x00, 0x00, 0x00, 0x00, 0x00, 0x00, 0xc3, 0x28, 0x04, 0x21, 0xa2, 0x18,
  0x49, 0x42, 0xde, 0xb6, 0xbe, 0xb6, 0xbe, 0xb6, 0xbe, 0xb6, 0xbe, 0xb6, 0xbe, 0xb6, 0xbe, 0xb6,
  0xbe, 0xb6, 0xbe, 0xb6, 0xbe, 0xb6, 0xbe, 0xb6, 0xbe, 0xb6, 0xbe, 0xb6, 0xbe, 0xb6, 0xbe, 0xb6,
  0xbe, 0xb6, 0xbe, 0xb6, 0xbe, 0xb6, 0xbe, 0xb6, 0xbe, 0xb6, 0xbe, 0xb6, 0xbe, 0xb6, 0xbe, 0xb6,
  0xbe, 0xb6, 0xbe, 0xb6, 0xbe, 0xb6, 0xbe, 0xb6, 0xbe, 0xb6, 0xbe, 0xb6, 0xbe, 0xb6, 0xbe, 0xb6,
  0xbe, 0xb6, 0xbe, 0xb6, 0xbe, 0xb6, 0xbe, 0xb6, 0xbe, 0xb6, 0xbe, 0xb6, 0xbe, 0xb6, 0xbe, 0xb6,
  0xbe, 0xb6, 0xbe, 0xb6, 0xbe, 0xb6, 0xbe, 0xb6, 0xbe, 0xb6, 0xbe, 0xb6, 0xbe, 0xb6, 0xbe, 0xb6,
  0xbe, 0xb6, 0xbe, 0xb6, 0xbe, 0xb6, 0xbe, 0xb6, 0xbe, 0xb6, 0xbe, 0xb6, 0xbe, 0xb6, 0xbe, 0xb6,
  0xbe, 0xb6, 0xbe, 0xb6, 0xbe, 0xb6, 0xbe, 0xb6, 0xbe, 0xb6, 0xbe, 0xb6, 0xbe, 0xb6, 0xbe, 0xb6,
  0xbe, 0xb6, 0xbe, 0xb6, 0xbe, 0xb6, 0xbe, 0xb6, 0xbe, 0xb6, 0xbe, 0xb6, 0xbe, 0xb6, 0xbe, 0xb6,
  0xbe, 0xb6, 0xbe, 0xb6, 0xbe, 0xb6, 0xde, 0xbe, 0xfc, 0x8d, 0x3a, 0x5d, 0xc8, 0x29, 0xc3, 0x20,
  0x04, 0x21, 0xe3, 0x18, 0x00, 0x00, 0x00, 0x00, 0x00, 0x00, 0x00, 0x00, 0x00, 0x00, 0x00, 0x00,
  0x00, 0x00, 0x00, 0x00, 0x00, 0x00, 0x00, 0x00, 0x00, 0x00, 0x04, 0x21, 0x04, 0x21, 0xc2, 0x18,
  0x29, 0x42, 0xde, 0xb6, 0xbe, 0xb6, 0xbe, 0xb6, 0xbe, 0xb6, 0xbe, 0xb6, 0xbe, 0xb6, 0xbe, 0xb6,
  0xbe, 0xb6, 0xbe, 0xb6, 0xbe, 0xb6, 0xbe, 0xb6, 0xbe, 0xb6, 0xbe, 0xb6, 0xbe, 0xb6, 0xbe, 0xb6,
  0xbe, 0xb6, 0xbe, 0xb6, 0xbe, 0xb6, 0xbe, 0xb6, 0xbe, 0xb6, 0xbe, 0xb6, 0xbe, 0xb6, 0xbe, 0xb6,
  0xbe, 0xb6, 0xbe, 0xb6, 0xbe, 0xb6, 0xbe, 0xb6, 0xbe, 0xb6, 0xbe, 0xb6, 0xbe, 0xb6, 0xbe, 0xb6,
  0xbe, 0xb6, 0xbe, 0xb6, 0xbe, 0xb6, 0xbe, 0xb6, 0xbe, 0xb6, 0xbe, 0xb6, 0xbe, 0xb6, 0xbe, 0xb6,
  0xbe, 0xb6, 0xbe, 0xb6, 0xbe, 0xb6, 0xbe, 0xb6, 0xbe, 0xb6, 0xbe, 0xb6, 0xbe, 0xb6, 0xbe, 0xb6,
  0xbe, 0xb6, 0xbe, 0xb6, 0xbe, 0xb6, 0xbe, 0xb6, 0xbe, 0xb6, 0xbe, 0xb6, 0xbe, 0xb6, 0xbe, 0xb6,
  0xbe, 0xb6, 0xbe, 0xb6, 0xbe, 0xb6, 0xbe, 0xb6, 0xbe, 0xb6, 0xbe, 0xb6, 0xbe, 0xb6, 0xbe, 0xb6,
  0xbe, 0xb6, 0xbe, 0xb6, 0xbe, 0xb6, 0xbe, 0xb6, 0xbe, 0xb6, 0xbe, 0xb6, 0xbe, 0xb6, 0xbe, 0xb6,
  0xbe, 0xb6, 0xbe, 0xb6, 0xbe, 0xb6, 0xbe, 0xb6, 0xdd, 0x7d, 0xf3, 0x4b, 0xc2, 0x20, 0x04, 0x21,
  0xe4, 0x20, 0x00, 0x00, 0x00, 0x00, 0x00, 0x00, 0x00, 0x00, 0x00, 0x00, 0x00, 0x00, 0x00, 0x00,
  0x00, 0x00, 0x00, 0x00, 0x00, 0x00, 0x00, 0x00, 0x00, 0x00, 0x00, 0x00, 0x04, 0x21, 0xe3, 0x20,
  0x86, 0x31, 0x7d, 0xae, 0xde, 0xb6, 0xbe, 0xb6, 0xbe, 0xb6, 0xbe, 0xb6, 0xbe, 0xb6, 0xbe, 0xb6,
  0xbe, 0xb6, 0xbe, 0xb6, 0xbe, 0xb6, 0xbe, 0xb6, 0xbe, 0xb6, 0xbe, 0xb6, 0xbe, 0xb6, 0xbe, 0xb6,
  0xbe, 0xb6, 0xbe, 0xb6, 0xbe, 0xb6, 0xbe, 0xb6, 0xbe, 0xb6, 0xbe, 0xb6, 0xbe, 0xb6, 0xbe, 0xb6,
  0xbe, 0xb6, 0xbe, 0xb6, 0xbe, 0xb6, 0xbe, 0xb6, 0xbe, 0xb6, 0xbe, 0xb6, 0xbe, 0xb6, 0xbe, 0xb6,
  0xbe, 0xb6, 0xbe, 0xb6, 0xbe, 0xb6, 0xbe, 0xb6, 0xbe, 0xb6, 0xbe, 0xb6, 0xbe, 0xb6, 0xbe, 0xb6,
  0xbe, 0xb6, 0xbe, 0xb6, 0xbe, 0xb6, 0xbe, 0xb6, 0xbe, 0xb6, 0xbe, 0xb6, 0xbe, 0xb6, 0xbe, 0xb6,
  0xbe, 0xb6, 0xbe, 0xb6, 0xbe, 0xb6, 0xbe, 0xb6, 0xbe, 0xb6, 0xbe, 0xb6, 0xbe, 0xb6, 0xbe, 0xb6,
  0xbe, 0xb6, 0xbe, 0xb6, 0xbe, 0xb6, 0xbe, 0xb6, 0xbe, 0xb6, 0xbe, 0xb6, 0xbe, 0xb6, 0xbe, 0xb6,
  0xbe, 0xb6, 0xbe, 0xb6, 0xbe, 0xb6, 0xbe, 0xb6, 0xbe, 0xb6, 0xbe, 0xb6, 0xbe, 0xb6, 0xbe, 0xb6,
  0xbe, 0xb6, 0xbe, 0xb6, 0xbe, 0xb6, 0x9d, 0xae, 0x5b, 0x65, 0xa8, 0x29, 0xc3, 0x20, 0x04, 0x21,
  0xe3, 0x20, 0x00, 0x00, 0x00, 0x00, 0x00, 0x00, 0x00, 0x00, 0x00, 0x00, 0x00, 0x00, 0x00, 0x00,
  0x00, 0x00, 0x00, 0x00, 0x00, 0x00, 0x00, 0x00, 0x00, 0x00, 0x00, 0x00, 0xe3, 0x20, 0x04, 0x21,
  0xc3, 0x18, 0x58, 0x95, 0xff, 0xbe, 0xbe, 0xb6, 0xbe, 0xb6, 0xbe, 0xb6, 0xbe, 0xb6, 0xbe, 0xb6,
  0xbe, 0xb6, 0xbe, 0xb6, 0xbe, 0xb6, 0xbe, 0xb6, 0xbe, 0xb6, 0xbe, 0xb6, 0xbe, 0xb6, 0xbe, 0xb6,
  0xbe, 0xb6, 0xbe, 0xb6, 0xbe, 0xb6, 0xbe, 0xb6, 0xbe, 0xb6, 0xbe, 0xb6, 0xbe, 0xb6, 0xbe, 0xb6,
  0xbe, 0xb6, 0xbe, 0xb6, 0xbe, 0xb6, 0xbe, 0xb6, 0xbe, 0xb6, 0xbe, 0xb6, 0xbe, 0xb6, 0xde, 0xb6,
  0xff, 0xbe, 0xff, 0xbe, 0xde, 0xb6, 0xbe, 0xb6, 0xbe, 0xb6, 0xbe, 0xb6, 0xbe, 0xb6, 0xbe, 0xb6,
  0xbe, 0xb6, 0xbe, 0xb6, 0xbe, 0xb6, 0xbe, 0xb6, 0xbe, 0xb6, 0xbe, 0xb6, 0xbe, 0xb6, 0xbe, 0xb6,
  0xbe, 0xb6, 0xbe, 0xb6, 0xbe, 0xb6, 0xbe, 0xb6, 0xbe, 0xb6, 0xbe, 0xb6, 0xbe, 0xb6, 0xbe, 0xb6,
  0xbe, 0xb6, 0xbe, 0xb6, 0xbe, 0xb6, 0xbe, 0xb6, 0xbe, 0xb6, 0xbe, 0xb6, 0xbe, 0xb6, 0xbe, 0xb6,
  0xbe, 0xb6, 0xbe, 0xb6, 0xbe, 0xb6, 0xbe, 0xb6, 0xbe, 0xb6, 0xbe, 0xb6, 0xbe, 0xb6, 0xbe, 0xb6,
  0xbe, 0xb6, 0xbe, 0xb6, 0xbe, 0xbe, 0x5e, 0x96, 0xee, 0x3a, 0xa2, 0x18, 0x04, 0x21, 0xe3, 0x20,
  0xe7, 0x39, 0x00, 0x00, 0x00, 0x00, 0x00, 0x00, 0x00, 0x00, 0x00, 0x00, 0x00, 0x00, 0x00, 0x00,
  0x00, 0x00, 0x00, 0x00, 0x00, 0x00, 0x00, 0x00, 0x00, 0x00, 0x00, 0x00, 0x04, 0x21, 0x24, 0x21,
  0x82, 0x18, 0x0d, 0x5b, 0x1f, 0xbf, 0x9d, 0xb6, 0xbe, 0xb6, 0xbe, 0xb6, 0xbe, 0xb6, 0xbe, 0xb6,
  0xbe, 0xb6, 0xbe, 0xb6, 0xbe, 0xb6, 0xbe, 0xb6, 0xbe, 0xb6, 0xbe, 0xb6, 0xbe, 0xb6, 0xbe, 0xb6,
  0xbe, 0xb6, 0xbe, 0xb6, 0xbe, 0xb6, 0xbe, 0xb6, 0xbe, 0xb6, 0xbe, 0xb6, 0xbe, 0xb6, 0xbe, 0xb6,
  0xbe, 0xb6, 0xbe, 0xb6, 0xbe, 0xb6, 0xbe, 0xb6, 0xbe, 0xb6, 0xbe, 0xb6, 0xde, 0xb6, 0x5c, 0xae,
  0xab, 0x4a, 0xcc, 0x52, 0x5c, 0xae, 0xde, 0xb6, 0xbe, 0xb6, 0xbe, 0xb6, 0xbe, 0xb6, 0xbe, 0xb6,
  0xbe, 0xb6, 0xbe, 0xb6, 0xbe, 0xb6, 0xbe, 0xb6, 0xbe, 0xb6, 0xbe, 0xb6, 0xbe, 0xb6, 0xbe, 0xb6,
  0xbe, 0xb6, 0xbe, 0xb6, 0xbe, 0xb6, 0xbe, 0xb6, 0xbe, 0xb6, 0xbe, 0xb6, 0xbe, 0xb6, 0xbe, 0xb6,
  0xbe, 0xb6, 0xbe, 0xb6, 0xbe, 0xb6, 0xbe, 0xb6, 0xbe, 0xb6, 0xbe, 0xb6, 0xbe, 0xb6, 0xbe, 0xb6,
  0xbe, 0xb6, 0xbe, 0xb6, 0xbe, 0xb6, 0xbe, 0xb6, 0xbe, 0xb6, 0xbe, 0xb6, 0xbe, 0xb6, 0xbe, 0xb6,
  0xbe, 0xb6, 0x9d, 0xb6, 0x1f, 0xbf, 0xf3, 0x5b, 0xc2, 0x18, 0x04, 0x21, 0x04, 0x21, 0x04, 0x21,
  0x00, 0x00, 0x00, 0x00, 0x00, 0x00, 0x00, 0x00, 0x00, 0x00, 0x00, 0x00, 0x00, 0x00, 0x00, 0x00,
  0x00, 0x00, 0x00, 0x00, 0x00, 0x00, 0x00, 0x00, 0x00, 0x00, 0x00, 0x00, 0xe3, 0x28, 0xe3, 0x20,
  0x04, 0x21, 0xe3, 0x20, 0x78, 0x95, 0x1f, 0xbf, 0x9d, 0xb6, 0xbe, 0xb6, 0xbe, 0xb6, 0xbe, 0xb6,
  0xbe, 0xb6, 0xbe, 0xb6, 0xbe, 0xb6, 0xbe, 0xb6, 0xbe, 0xb6, 0xbe, 0xb6, 0xbe, 0xb6, 0xbe, 0xb6,
  0xbe, 0xb6, 0xbe, 0xb6, 0xbe, 0xb6, 0xbe, 0xb6, 0xbe, 0xb6, 0xbe, 0xb6, 0xbe, 0xb6, 0xbe, 0xb6,
  0xbe, 0xb6, 0xbe, 0xb6, 0xbe, 0xb6, 0xbe, 0xb6, 0xbe, 0xb6, 0x9d, 0xb6, 0x1f, 0xbf, 0x94, 0x7c,
  0x61, 0x10, 0x61, 0x10, 0x94, 0x7c, 0x1f, 0xbf, 0x9d, 0xb6, 0xbe, 0xb6, 0xbe, 0xb6, 0xbe, 0xb6,
  0xbe, 0xb6, 0xbe, 0xb6, 0xbe, 0xb6, 0xbe, 0xb6, 0xbe, 0xb6, 0xbe, 0xb6, 0xbe, 0xb6, 0xbe, 0xb6,
  0xbe, 0xb6, 0xbe, 0xb6, 0xbe, 0xb6, 0xbe, 0xb6, 0xbe, 0xb6, 0xbe, 0xb6, 0xbe, 0xb6, 0xbe, 0xb6,
  0xbe, 0xb6, 0xbe, 0xb6, 0xbe, 0xb6, 0xbe, 0xb6, 0xbe, 0xb6, 0xbe, 0xb6, 0xbe, 0xb6, 0xbe, 0xb6,
  0xbe, 0xb6, 0xbe, 0xb6, 0xbe, 0xb6, 0xbe, 0xb6, 0xbe, 0xb6, 0xbe, 0xb6, 0xbe, 0xb6, 0x9d, 0xb6,
  0xbe, 0xb6, 0x3f, 0xc7, 0x94, 0x7c, 0xc3, 0x18, 0xe3, 0x20, 0x04, 0x21, 0xe3, 0x20, 0x00, 0x00,
  0x00, 0x00, 0x00, 0x00, 0x00, 0x00, 0x00, 0x00, 0x00, 0x00, 0x00, 0x00, 0x00, 0x00, 0x00, 0x00,
  0x00, 0x00, 0x00, 0x00, 0x00, 0x00, 0x00, 0x00, 0x00, 0x00, 0x00, 0x00, 0x00, 0x00, 0xe3, 0x20,
  0x04, 0x21, 0xc3, 0x18, 0x86, 0x31, 0x1b, 0xa6, 0x1f, 0xbf, 0x9d, 0xb6, 0xbe, 0xb6, 0xbe, 0xb6,
  0xbe, 0xb6, 0xbe, 0xb6, 0xbe, 0xb6, 0xbe, 0xb6, 0xbe, 0xb6, 0xbe, 0xb6, 0xbe, 0xb6, 0xbe, 0xb6,
  0xbe, 0xb6, 0xbe, 0xb6, 0xbe, 0xb6, 0xbe, 0xb6, 0xbe, 0xb6, 0xbe, 0xb6, 0xbe, 0xb6, 0xbe, 0xb6,
  0xbe, 0xb6, 0xbe, 0xb6, 0xbe, 0xb6, 0xbe, 0xb6, 0xbe, 0xb6, 0x9d, 0xb6, 0x1f, 0xbf, 0x73, 0x7c,
  0xc2, 0x18, 0xc2, 0x18, 0x73, 0x7c, 0x1f, 0xbf, 0x9d, 0xb6, 0xbe, 0xb6, 0xbe, 0xb6, 0xbe, 0xb6,
  0xbe, 0xb6, 0xbe, 0xb6, 0xbe, 0xb6, 0xbe, 0xb6, 0xbe, 0xb6, 0xbe, 0xb6, 0xbe, 0xb6, 0xbe, 0xb6,
  0xbe, 0xb6, 0xbe, 0xb6, 0xbe, 0xb6, 0xbe, 0xb6, 0xbe, 0xb6, 0xbe, 0xb6, 0xbe, 0xb6, 0xbe, 0xb6,
  0xbe, 0xb6, 0xbe, 0xb6, 0xbe, 0xb6, 0xbe, 0xb6, 0xbe, 0xb6, 0xbe, 0xb6, 0xbe, 0xb6, 0xbe, 0xb6,
  0xbe, 0xb6, 0xbe, 0xb6, 0xbe, 0xb6, 0xbe, 0xb6, 0xbe, 0xb6, 0x9d, 0xb6, 0xbe, 0xb6, 0x1f, 0xbf,
  0xde, 0xb6, 0xd0, 0x6b, 0xc3, 0x18, 0xe3, 0x20, 0x04, 0x21, 0xe3, 0x20, 0x00, 0x00, 0x00, 0x00,
  0x00, 0x00, 0x00, 0x00, 0x00, 0x00, 0x00, 0x00, 0x00, 0x00, 0x00, 0x00, 0x00, 0x00, 0x00, 0x00,
  0x00, 0x00, 0x00, 0x00, 0x00, 0x00, 0x00, 0x00, 0x00, 0x00, 0x00, 0x00, 0x00, 0x00, 0x86, 0x31,
  0xe3, 0x20, 0x04, 0x21, 0xa2, 0x18, 0xa6, 0x31, 0x98, 0x95, 0x1f, 0xbf, 0xff, 0xbe, 0xbe, 0xb6,
  0xbe, 0xb6, 0xbe, 0xb6, 0xbe, 0xb6, 0xbe, 0xb6, 0xbe, 0xb6, 0xbe, 0xb6, 0xbe, 0xb6, 0xbe, 0xb6,
  0xbe, 0xb6, 0xbe, 0xb6, 0xbe, 0xb6, 0xbe, 0xb6, 0x9d, 0xb6, 0xbd, 0xb6, 0xbe, 0xb6, 0xbe, 0xb6,
  0xbe, 0xb6, 0xbe, 0xb6, 0xbe, 0xb6, 0xbe, 0xb6, 0xbe, 0xb6, 0x9d, 0xb6, 0x1f, 0xbf, 0x73, 0x7c,
  0xc2, 0x18, 0xc3, 0x18, 0x53, 0x7c, 0x1f, 0xbf, 0x9d, 0xb6, 0xbe, 0xb6, 0xbe, 0xb6, 0xbe, 0xb6,
  0xbe, 0xb6, 0xbd, 0xb6, 0xbe, 0xb6, 0xbe, 0xb6, 0xbe, 0xb6, 0xbe, 0xb6, 0xbe, 0xb6, 0xbe, 0xb6,
  0xbe, 0xb6, 0xbe, 0xb6, 0xbe, 0xb6, 0xbe, 0xb6, 0xbe, 0xb6, 0x9d, 0xb6, 0xbe, 0xb6, 0xbe, 0xb6,
  0xbe, 0xb6, 0xbe, 0xb6, 0xbe, 0xb6, 0xbe, 0xb6, 0xbe, 0xb6, 0xbe, 0xb6, 0xbe, 0xb6, 0xbe, 0xb6,
  0xbe, 0xb6, 0xbe, 0xb6, 0xbe, 0xb6, 0xde, 0xb6, 0xff, 0xbe, 0x1f, 0xbf, 0xde, 0xbe, 0x37, 0x8d,
  0x29, 0x42, 0x82, 0x18, 0xe4, 0x20, 0x04, 0x21, 0xe3, 0x20, 0x00, 0x00, 0x00, 0x00, 0x00, 0x00,
  0x00, 0x00, 0x00, 0x00, 0x00, 0x00, 0x00, 0x00, 0x00, 0x00, 0x00, 0x00, 0x00, 0x00, 0x00, 0x00,
  0x00, 0x00, 0x00, 0x00, 0x00, 0x00, 0x00, 0x00, 0x00, 0x00, 0x00, 0x00, 0x00, 0x00, 0x00, 0x00,
  0xe3, 0x20, 0xe3, 0x20, 0x04, 0x21, 0xc3, 0x18, 0xe3, 0x20, 0x4e, 0x5b, 0x99, 0x95, 0x9d, 0xb6,
  0xff, 0xbe, 0xff, 0xbe, 0xff, 0xbe, 0xff, 0xbe, 0xff, 0xbe, 0xff, 0xbe, 0xff, 0xbe, 0xff, 0xbe,
  0xff, 0xbe, 0xff, 0xbe, 0xff, 0xbe, 0xff, 0xbe, 0x1f, 0xbf, 0x1f, 0xbf, 0xbe, 0xb6, 0xbe, 0xb6,
  0xbe, 0xb6, 0xbe, 0xb6, 0xbe, 0xb6, 0xbe, 0xb6, 0xbe, 0xb6, 0x9d, 0xb6, 0x1f, 0xbf, 0x94, 0x7c,
  0x61, 0x10, 0x61, 0x10, 0xb5, 0x84, 0x1f, 0xbf, 0x9d, 0xb6, 0xbe, 0xb6, 0xbe, 0xb6, 0xbe, 0xb6,
  0xff, 0xbe, 0x1f, 0xbf, 0xff, 0xbe, 0xbe, 0xb6, 0xbe, 0xb6, 0xbe, 0xb6, 0xbe, 0xb6, 0xbe, 0xb6,
  0xbe, 0xb6, 0xbe, 0xb6, 0xbe, 0xb6, 0xbe, 0xb6, 0xff, 0xbe, 0x1f, 0xbf, 0x1f, 0xbf, 0xff, 0xbe,
  0xff, 0xbe, 0xff, 0xbe, 0xff, 0xbe, 0xff, 0xbe, 0xff, 0xbe, 0xff, 0xbe, 0xff, 0xbe, 0xff, 0xbe,
  0xff, 0xbe, 0xff, 0xbe, 0xdf, 0xbe, 0x7d, 0xae, 0xb9, 0x9d, 0x53, 0x74, 0x49, 0x42, 0xc2, 0x18,
  0xa2, 0x18, 0x04, 0x21, 0x04, 0x21, 0xe3, 0x20, 0x00, 0x00, 0x00, 0x00, 0x00, 0x00, 0x00, 0x00,
  0x00, 0x00, 0x00, 0x00, 0x00, 0x00, 0x00, 0x00, 0x00, 0x00, 0x00, 0x00, 0x00, 0x00, 0x00, 0x00,
  0x00, 0x00, 0x00, 0x00, 0x00, 0x00, 0x00, 0x00, 0x00, 0x00, 0x00, 0x00, 0x00, 0x00, 0x00, 0x00,
  0x00, 0x00, 0xc3, 0x20, 0x04, 0x21, 0x04, 0x21, 0xe3, 0x20, 0x82, 0x18, 0xe3, 0x20, 0xc7, 0x31,
  0x6a, 0x42, 0x6a, 0x4a, 0x6a, 0x4a, 0x6a, 0x4a, 0x6a, 0x4a, 0x6a, 0x4a, 0x6a, 0x4a, 0x6a, 0x4a,
  0x6a, 0x4a, 0x6a, 0x4a, 0x6a, 0x4a, 0xcc, 0x52, 0x8f, 0x63, 0x16, 0x8d, 0xbe, 0xb6, 0xff, 0xbe,
  0xbe, 0xb6, 0xbe, 0xb6, 0xbe, 0xb6, 0xbe, 0xb6, 0xbe, 0xb6, 0xbe, 0xb6, 0xde, 0xb6, 0x7d, 0xae,
  0x2e, 0x5b, 0x4e, 0x5b, 0x9d, 0xb6, 0xde, 0xb6, 0xbe, 0xb6, 0xbe, 0xb6, 0xbe, 0xb6, 0xff, 0xbe,
  0xd5, 0x84, 0xab, 0x4a, 0x98, 0x95, 0xff, 0xbe, 0xbe, 0xb6, 0xbe, 0xb6, 0xbe, 0xb6, 0xbe, 0xb6,
  0xbe, 0xb6, 0xbe, 0xb6, 0xde, 0xb6, 0x1f, 0xbf, 0xda, 0x9d, 0x11, 0x74, 0xed, 0x52, 0x8b, 0x4a,
  0x6a, 0x42, 0x6a, 0x4a, 0x6a, 0x4a, 0x6a, 0x4a, 0x6a, 0x4a, 0x6a, 0x4a, 0x6a, 0x4a, 0x6a, 0x4a,
  0x6a, 0x42, 0x6a, 0x4a, 0x49, 0x42, 0xa7, 0x31, 0xe3, 0x20, 0x82, 0x18, 0xa2, 0x18, 0x04, 0x21,
  0x04, 0x21, 0x04, 0x21, 0xe3, 0x20, 0x00, 0x00, 0x00, 0x00, 0x00, 0x00, 0x00, 0x00, 0x00, 0x00,
  0x00, 0x00, 0x00, 0x00, 0x00, 0x00, 0x00, 0x00, 0x00, 0x00, 0x00, 0x00, 0x00, 0x00, 0x00, 0x00,
  0x00, 0x00, 0x00, 0x00, 0x00, 0x00, 0x00, 0x00, 0x00, 0x00, 0x00, 0x00, 0x00, 0x00, 0x00, 0x00,
  0x00, 0x00, 0x00, 0x00, 0x24, 0x21, 0x04, 0x21, 0x04, 0x21, 0x24, 0x29, 0x04, 0x21, 0xc3, 0x18,
  0xa2, 0x18, 0xa2, 0x18, 0xa2, 0x18, 0xa2, 0x18, 0xa2, 0x18, 0xa2, 0x18, 0xa2, 0x18, 0xa2, 0x18,
  0xa2, 0x18, 0xa2, 0x18, 0xa2, 0x18, 0xa2, 0x18, 0x82, 0x18, 0xa2, 0x18, 0x08, 0x3a, 0x58, 0x95,
  0x1f, 0xbf, 0xbe, 0xb6, 0xbe, 0xb6, 0xbe, 0xb6, 0xbe, 0xb6, 0xbe, 0xb6, 0xbe, 0xb6, 0xde, 0xb6,
  0x1f, 0xbf, 0x1f, 0xbf, 0xde, 0xb6, 0xbe, 0xb6, 0xbe, 0xb6, 0xbe, 0xb6, 0xde, 0xb6, 0x9d, 0xae,
  0x65, 0x29, 0x20, 0x08, 0x8a, 0x4a, 0xff, 0xbe, 0xbe, 0xb6, 0xbe, 0xb6, 0xbe, 0xb6, 0xbe, 0xb6,
  0xbe, 0xb6, 0xde, 0xbe, 0x7c, 0xae, 0x2d, 0x5b, 0xe3, 0x20, 0x82, 0x18, 0xa2, 0x18, 0xa2, 0x18,
  0xa2, 0x18, 0xa2, 0x18, 0xa2, 0x18, 0xa2, 0x18, 0xa2, 0x18, 0xa2, 0x18, 0xa2, 0x18, 0xa2, 0x18,
  0xa2, 0x18, 0xa2, 0x18, 0xa2, 0x18, 0xc3, 0x20, 0x04, 0x21, 0x24, 0x29, 0x04, 0x21, 0xe3, 0x20,
  0x04, 0x21, 0x86, 0x31, 0x00, 0x00, 0x00, 0x00, 0x00, 0x00, 0x00, 0x00, 0x00, 0x00, 0x00, 0x00,
  0x00, 0x00, 0x00, 0x00, 0x00, 0x00, 0x00, 0x00, 0x00, 0x00, 0x00, 0x00, 0x00, 0x00, 0x00, 0x00,
  0x00, 0x00, 0x00, 0x00, 0x00, 0x00, 0x00, 0x00, 0x00, 0x00, 0x00, 0x00, 0x00, 0x00, 0x00, 0x00,
  0x00, 0x00, 0x00, 0x00, 0x00, 0x00, 0x00, 0x00, 0xe3, 0x18, 0x04, 0x21, 0x04, 0x21, 0x04, 0x21,
  0x04, 0x21, 0x04, 0x21, 0x04, 0x21, 0x04, 0x21, 0x04, 0x21, 0x04, 0x21, 0x04, 0x21, 0x04, 0x21,
  0x04, 0x21, 0x04, 0x21, 0x04, 0x21, 0x04, 0x21, 0x04, 0x21, 0x04, 0x21, 0xa2, 0x18, 0x04, 0x21,
  0x2e, 0x5b, 0x7f, 0xc7, 0x7c, 0xae, 0xbd, 0xb6, 0xbd, 0xb6, 0xbd, 0xb6, 0xbd, 0xb6, 0x7d, 0xae,
  0xff, 0xe7, 0xff, 0xe7, 0xbd, 0xae, 0xbd, 0xb6, 0xbd, 0xb6, 0x9d, 0xae, 0xff, 0xbe, 0x16, 0x8d,
  0x04, 0x21, 0x04, 0x21, 0x25, 0x29, 0xde, 0xb6, 0x9d, 0xb6, 0xbd, 0xb6, 0xbd, 0xb6, 0x9d, 0xb6,
  0x9d, 0xae, 0x98, 0x95, 0x86, 0x31, 0x82, 0x18, 0xe3, 0x20, 0x24, 0x29, 0x04, 0x21, 0x04, 0x21,
  0x04, 0x21, 0x04, 0x21, 0x04, 0x21, 0x04, 0x21, 0x04, 0x21, 0x04, 0x21, 0x04, 0x21, 0x04, 0x21,
  0x04, 0x21, 0x04, 0x21, 0x04, 0x21, 0x04, 0x21, 0x04, 0x21, 0x04, 0x21, 0xe3, 0x20, 0x00, 0x00,
  0x00, 0x00, 0x00, 0x00, 0x00, 0x00, 0x00, 0x00, 0x00, 0x00, 0x00, 0x00, 0x00, 0x00, 0x00, 0x00,
  0x00, 0x00, 0x00, 0x00, 0x00, 0x00, 0x00, 0x00, 0x00, 0x00, 0x00, 0x00, 0x00, 0x00, 0x00, 0x00,
  0x00, 0x00, 0x00, 0x00, 0x00, 0x00, 0x00, 0x00, 0x00, 0x00, 0x00, 0x00, 0x00, 0x00, 0x00, 0x00,
  0x00, 0x00, 0x00, 0x00, 0x00, 0x00, 0x00, 0x00, 0x00, 0x00, 0x00, 0x00, 0x00, 0x00, 0xc3, 0x30,
  0x04, 0x21, 0x04, 0x21, 0x04, 0x21, 0x04, 0x21, 0x04, 0x21, 0x04, 0x21, 0x04, 0x21, 0x04, 0x21,
  0x04, 0x21, 0x04, 0x21, 0x04, 0x21, 0x04, 0x21, 0x04, 0x21, 0xe3, 0x20, 0x04, 0x21, 0xe3, 0x20,
  0xa2, 0x18, 0x00, 0x00, 0x00, 0x00, 0x00, 0x00, 0x00, 0x00, 0x00, 0x00, 0x00, 0x00, 0x00, 0x00,
  0x20, 0x10, 0x20, 0x10, 0x00, 0x00, 0x00, 0x00, 0x00, 0x00, 0x00, 0x00, 0x00, 0x00, 0x00, 0x00,
  0xe3, 0x20, 0x04, 0x21, 0xe3, 0x20, 0x00, 0x00, 0x00, 0x00, 0x00, 0x00, 0x00, 0x00, 0x00, 0x00,
  0x00, 0x00, 0x82, 0x18, 0xe3, 0x20, 0x04, 0x21, 0x04, 0x21, 0xe3, 0x20, 0x04, 0x21, 0xe3, 0x18,
  0x04, 0x21, 0x04, 0x21, 0x04, 0x21, 0x04, 0x21, 0x04, 0x21, 0x04, 0x21, 0x04, 0x21, 0x04, 0x21,
  0x04, 0x21, 0x04, 0x21, 0xc3, 0x28, 0x86, 0x31, 0x00, 0x00, 0x00, 0x00, 0x00, 0x00, 0x00, 0x00,
  0x00, 0x00, 0x00, 0x00, 0x00, 0x00, 0x00, 0x00, 0x00, 0x00, 0x00, 0x00, 0x00, 0x00, 0x00, 0x00,
  0x00, 0x00, 0x00, 0x00, 0x00, 0x00, 0x00, 0x00, 0x00, 0x00, 0x00, 0x00, 0x00, 0x00, 0x00, 0x00,
  0x00, 0x00, 0x00, 0x00, 0x00, 0x00, 0x00, 0x00, 0x00, 0x00, 0x00, 0x00, 0x00, 0x00, 0x00, 0x00,
  0x00, 0x00, 0x00, 0x00, 0x00, 0x00, 0x00, 0x00, 0x00, 0x00, 0x00, 0x38, 0x00, 0x00, 0x00, 0x00,
  0x00, 0x00, 0x00, 0x00, 0x00, 0x00, 0x00, 0x00, 0x00, 0x00, 0x00, 0x00, 0x00, 0x00, 0x00, 0x00,
  0x00, 0x00, 0x00, 0x00, 0x00, 0x00, 0x00, 0x00, 0x00, 0x00, 0x86, 0x31, 0xe3, 0x20, 0x04, 0x21,
  0x04, 0x21, 0x04, 0x21, 0xff, 0xff, 0xaa, 0x52, 0xff, 0xff, 0x2c, 0x63, 0xff, 0xff, 0x04, 0x21,
  0x04, 0x29, 0x04, 0x21, 0x24, 0x21, 0xff, 0xff, 0x2c, 0x63, 0x55, 0xad, 0xff, 0xff, 0x88, 0x31,
  0xe3, 0x20, 0x04, 0x21, 0xe4, 0x20, 0xff, 0xff, 0xef, 0x7b, 0xff, 0xff, 0xef, 0x7b, 0xff, 0xff,
  0x24, 0x29, 0x04, 0x21, 0x04, 0x21, 0xe3, 0x20, 0xe3, 0x20, 0x00, 0x00, 0x00, 0x00, 0x00, 0x00,
  0x00, 0x00, 0x00, 0x00, 0x00, 0x00, 0x00, 0x00, 0x00, 0x00, 0x00, 0x00, 0x00, 0x00, 0x00, 0x00,
  0x00, 0x00, 0x00, 0x00, 0x00, 0x00, 0x00, 0x00, 0x00, 0x00, 0x00, 0x38, 0x00, 0x00, 0x00, 0x00,
  0x00, 0x00, 0x00, 0x00, 0x00, 0x00, 0x00, 0x00, 0x00, 0x00, 0x00, 0x00, 0x00, 0x00, 0x00, 0x00,
  0x00, 0x00, 0x00, 0x00, 0x00, 0x00, 0x00, 0x00, 0x00, 0x00, 0x00, 0x00, 0x00, 0x00, 0x00, 0x00,
  0x00, 0x00, 0x00, 0x00, 0x00, 0x00, 0x00, 0x00, 0x00, 0x00, 0x00, 0x00, 0x00, 0x00, 0x00, 0x00,
  0x00, 0x00, 0x00, 0x00, 0x00, 0x00, 0x00, 0x00, 0x00, 0x00, 0x00, 0x00, 0x00, 0x00, 0x00, 0x00,
  0x00, 0x00, 0x00, 0x00, 0x00, 0x00, 0x00, 0x00, 0x00, 0x00, 0x00, 0x00, 0x00, 0x00, 0x00, 0x00,
  0x00, 0x00, 0x00, 0x00, 0x00, 0x00, 0x00, 0x00, 0x00, 0x28, 0x00, 0x00, 0x04, 0x21, 0x04, 0x21,
  0x04, 0x21, 0xe3, 0x20, 0x00, 0x00, 0x00, 0x00, 0x00, 0x00, 0x00, 0x38, 0x00, 0x00, 0xe3, 0x20,
  0x04, 0x21, 0x04, 0x21, 0xe3, 0x20, 0x00, 0x00, 0x00, 0x38, 0x00, 0x00, 0x00, 0x00, 0x00, 0x00,
  0xe3, 0x20, 0x04, 0x21, 0xe3, 0x20, 0x00, 0x00, 0x00, 0x00, 0x00, 0x00, 0x00, 0x38, 0x00, 0x00,
  0xe3, 0x20, 0x04, 0x21, 0x04, 0x21, 0xe3, 0x20, 0x00, 0x00, 0x24, 0x21, 0x00, 0x00, 0x00, 0x00,
  0x00, 0x00, 0x00, 0x00, 0x00, 0x00, 0x00, 0x00, 0x00, 0x00, 0x00, 0x00, 0x00, 0x00, 0x00, 0x00,
  0x00, 0x00, 0x00, 0x00, 0x00, 0x00, 0x00, 0x00, 0x00, 0x00, 0x00, 0x00, 0x00, 0x00, 0x00, 0x00,
  0x00, 0x00, 0x00, 0x00, 0x00, 0x00, 0x00, 0x00, 0x00, 0x00, 0x00, 0x00, 0x00, 0x00, 0x00, 0x00,
  0x00, 0x00, 0x00, 0x00, 0x00, 0x00, 0x00, 0x00, 0x00, 0x00, 0x00, 0x00, 0x00, 0x00, 0x00, 0x00,
  0x00, 0x00, 0x00, 0x00, 0x00, 0x00, 0x00, 0x00, 0x00, 0x00, 0x00, 0x00, 0x00, 0x00, 0x00, 0x00,
  0x00, 0x00, 0x00, 0x00, 0x00, 0x00, 0x00, 0x00, 0x00, 0x00, 0x00, 0x00, 0x00, 0x00, 0x00, 0x00,
  0x00, 0x00, 0x00, 0x00, 0x00, 0x00, 0x00, 0x00, 0x00, 0x00, 0x00, 0x00, 0x00, 0x00, 0x00, 0x00,
  0x00, 0x00, 0x00, 0x00, 0x00, 0x00, 0x00, 0x00, 0x00, 0x00, 0x00, 0x00, 0x00, 0x00, 0xe3, 0x20,
  0x04, 0x21, 0xe3, 0x20, 0x24, 0x21, 0x00, 0x00, 0x00, 0x00, 0x00, 0x38, 0x00, 0x00, 0xe3, 0x20,
  0x04, 0x21, 0x04, 0x21, 0x04, 0x21, 0x00, 0x00, 0x00, 0x38, 0x00, 0x00, 0x00, 0x00, 0x00, 0x00,
  0x00, 0x00, 0x00, 0x00, 0x00, 0x00, 0x00, 0x00, 0x00, 0x00, 0x00, 0x00, 0x00, 0x00, 0x00, 0x00,
  0xe3, 0x20, 0x04, 0x21, 0x04, 0x21, 0xe3, 0x20, 0x00, 0x00, 0x00, 0x00, 0x00, 0x00, 0x00, 0x00,
  0x00, 0x00, 0x00, 0x00, 0x00, 0x00, 0x00, 0x00, 0x00, 0x00, 0x00, 0x00, 0x00, 0x00, 0x00, 0x00,
  0x00, 0x00, 0x00, 0x00, 0x00, 0x00, 0x00, 0x00, 0x00, 0x00, 0x00, 0x00, 0x00, 0x00, 0x00, 0x00,
  0x00, 0x00, 0x00, 0x00, 0x00, 0x00, 0x00, 0x00, 0x00, 0x00, 0x00, 0x00, 0x00, 0x00, 0x00, 0x00,
  0x00, 0x00, 0x00, 0x00, 0x00, 0x00, 0x00, 0x00, 0x00, 0x00, 0x00, 0x00, 0x00, 0x00, 0x00, 0x00,
  0x00, 0x00, 0x00, 0x00, 0x00, 0x00, 0x00, 0x00, 0x00, 0x00, 0x00, 0x00, 0x00, 0x00, 0x00, 0x00,
  0x00, 0x00, 0x00, 0x00, 0x00, 0x00, 0x00, 0x00, 0x00, 0x00, 0x00, 0x00, 0x00, 0x00, 0x00, 0x00,
  0x00, 0x00, 0x00, 0x00, 0x00, 0x00, 0x00, 0x00, 0x00, 0x00, 0x00, 0x00, 0x00, 0x00, 0x00, 0x00,
  0x00, 0x00, 0x00, 0x00, 0x00, 0x00, 0x00, 0x00, 0x00, 0x00, 0x00, 0x00, 0x00, 0x00, 0xe3, 0x20,
  0x04, 0x21, 0xe3, 0x20, 0xc3, 0x28, 0x00, 0x00, 0x00, 0x00, 0x00, 0x38, 0x00, 0x00, 0xe3, 0x20,
  0x04, 0x21, 0x04, 0x21, 0xe3, 0x20, 0x00, 0x00, 0x00, 0x38, 0x00, 0x00, 0x00, 0x00, 0x00, 0x00,
  0x00, 0x00, 0x00, 0x00, 0x00, 0x00, 0x00, 0x00, 0x00, 0x00, 0x00, 0x00, 0x00, 0x00, 0x00, 0x00,
  0xe3, 0x20, 0x04, 0x29, 0x04, 0x21, 0x04, 0x21, 0x00, 0x00, 0x00, 0x00, 0x00, 0x00, 0x00, 0x00,
  0x00, 0x00, 0x00, 0x00, 0x00, 0x00, 0x00, 0x00, 0x00, 0x00, 0x00, 0x00, 0x00, 0x00, 0x00, 0x00,
  0x00, 0x00, 0x00, 0x00, 0x00, 0x00, 0x00, 0x00, 0x00, 0x00, 0x00, 0x00, 0x00, 0x00, 0x00, 0x00,
  0x00, 0x00, 0x00, 0x00, 0x00, 0x00, 0x00, 0x00, 0x00, 0x00, 0x00, 0x00, 0x00, 0x00, 0x00, 0x00,
  0x00, 0x00, 0x00, 0x00, 0x00, 0x00, 0x00, 0x00, 0x00, 0x00, 0x00, 0x00, 0x00, 0x00, 0x00, 0x00,
  0x00, 0x00, 0x00, 0x00, 0x00, 0x00, 0x00, 0x00, 0x00, 0x00, 0x00, 0x00, 0x00, 0x00, 0x00, 0x00,
  0x00, 0x00, 0x00, 0x00, 0x00, 0x00, 0x00, 0x00, 0x00, 0x00, 0x00, 0x00, 0x00, 0x00, 0x00, 0x00,
  0x00, 0x00, 0x00, 0x00, 0x00, 0x00, 0x00, 0x00, 0x00, 0x00, 0x00, 0x00, 0x00, 0x00, 0x00, 0x00,
  0x00, 0x00, 0x00, 0x00, 0x00, 0x00, 0x00, 0x00, 0x00, 0x00, 0x00, 0x00, 0x00, 0x00, 0xe3, 0x20,
  0x04, 0x21, 0xe3, 0x20, 0xc3, 0x28, 0x00, 0x00, 0x00, 0x00, 0x00, 0x00, 0x00, 0x00, 0x04, 0x21,
  0xe3, 0x20, 0xe3, 0x20, 0xe3, 0x20, 0x00, 0x00, 0x00, 0x00, 0x00, 0x00, 0x00, 0x00, 0x00, 0x00,
  0x04, 0x21, 0x04, 0x21, 0x24, 0x21, 0x00, 0x00, 0x00, 0x00, 0x00, 0x00, 0x00, 0x00, 0x00, 0x00,
  0xe3, 0x18, 0x04, 0x21, 0x04, 0x21, 0x00, 0x00, 0x00, 0x00, 0x00, 0x00, 0x00, 0x00, 0x00, 0x00,
  0x00, 0x00, 0x00, 0x00, 0x00, 0x00, 0x00, 0x00, 0x00, 0x00, 0x00, 0x00, 0x00, 0x00, 0x00, 0x00,
  0x00, 0x00, 0x00, 0x00, 0x00, 0x00, 0x00, 0x00, 0x00, 0x00, 0x00, 0x00, 0x00, 0x00, 0x00, 0x00,
  0x00, 0x00, 0x00, 0x00, 0x00, 0x00, 0x00, 0x00, 0x00, 0x00, 0x00, 0x00, 0x00, 0x00, 0x00, 0x00,
  0x00, 0x00, 0x00, 0x00, 0x00, 0x00, 0x00, 0x00, 0x00, 0x00, 0x00, 0x00, 0x00, 0x00, 0x00, 0x00,
  0x00, 0x00, 0x00, 0x00, 0x00, 0x00, 0x00, 0x00, 0x00, 0x00, 0x00, 0x00, 0x00, 0x00, 0x00, 0x00,
  0x00, 0x00, 0x00, 0x00, 0x00, 0x00, 0x00, 0x00, 0x00, 0x00, 0x00, 0x00, 0x00, 0x00, 0x00, 0x00,
  0x00, 0x00, 0x00, 0x00, 0x00, 0x00, 0x00, 0x00, 0x00, 0x00, 0x00, 0x00, 0x00, 0x00, 0x00, 0x00,
  0x00, 0x00, 0x00, 0x00, 0x00, 0x00, 0x00, 0x00, 0x00, 0x00, 0x00, 0x00, 0x00, 0x00, 0xe3, 0x20,
  0x04, 0x21, 0xe3, 0x20, 0xc3, 0x28, 0x00, 0x00, 0x00, 0x00, 0x00, 0x00, 0x00, 0x00, 0x00, 0x00,
  0x04, 0x21, 0xc3, 0x20, 0x00, 0x00, 0x00, 0x00, 0x00, 0x00, 0x00, 0x00, 0x00, 0x00, 0x86, 0x31,
  0xe3, 0x20, 0x04, 0x29, 0xe3, 0x20, 0x00, 0x00, 0x00, 0x00, 0x00, 0x00, 0x00, 0x00, 0x00, 0x00,
  0x00, 0x00, 0x00, 0x00, 0x00, 0x00, 0x00, 0x00, 0x00, 0x00, 0x00, 0x00, 0x00, 0x00, 0x00, 0x00,
  0x00, 0x00, 0x00, 0x00, 0x00, 0x00, 0x00, 0x00, 0x00, 0x00, 0x00, 0x00, 0x00, 0x00, 0x00, 0x00,
  0x00, 0x00, 0x00, 0x00, 0x00, 0x00, 0x00, 0x00, 0x00, 0x00, 0x00, 0x00, 0x00, 0x00, 0x00, 0x00,
  0x00, 0x00, 0x00, 0x00, 0x00, 0x00, 0x00, 0x00, 0x00, 0x00, 0x00, 0x00, 0x00, 0x00, 0x00, 0x00,
  0x00, 0x00, 0x00, 0x00, 0x00, 0x00, 0x00, 0x00, 0x00, 0x00, 0x00, 0x00, 0x00, 0x00, 0x00, 0x00,
  0x00, 0x00, 0x00, 0x00, 0x00, 0x00, 0x00, 0x00, 0x00, 0x00, 0x00, 0x00, 0x00, 0x00, 0x00, 0x00,
  0x00, 0x00, 0x00, 0x00, 0x00, 0x00, 0x00, 0x00, 0x00, 0x00, 0x00, 0x00, 0x00, 0x00, 0x00, 0x00,
  0x00, 0x00, 0x00, 0x00, 0x00, 0x00, 0x00, 0x00, 0x00, 0x00, 0x00, 0x00, 0x00, 0x00, 0x00, 0x00,
  0x00, 0x00, 0x00, 0x00, 0x00, 0x00, 0x00, 0x00, 0x00, 0x00, 0x00, 0x00, 0x00, 0x00, 0xe3, 0x20,
  0x24, 0x29, 0xe3, 0x20, 0x86, 0x31, 0x00, 0x00, 0x00, 0x00, 0x00, 0x00, 0x00, 0x00, 0x00, 0x00,
  0x00, 0x00, 0x00, 0x00, 0x00, 0x00, 0x00, 0x00, 0x00, 0x00, 0x00, 0x00, 0x00, 0x00, 0xe3, 0x18,
  0xe3, 0x20, 0x04, 0x21, 0xe3, 0x20, 0x00, 0x00, 0x00, 0x00, 0x00, 0x00, 0x00, 0x00, 0x00, 0x00,
  0x00, 0x00, 0x00, 0x00, 0x00, 0x00, 0x00, 0x00, 0x00, 0x00, 0x00, 0x00, 0x00, 0x00, 0x00, 0x00,
  0x00, 0x00, 0x00, 0x00, 0x00, 0x00, 0x00, 0x00, 0x00, 0x00, 0x00, 0x00, 0x00, 0x00, 0x00, 0x00,
  0x00, 0x00, 0x00, 0x00, 0x00, 0x00, 0x00, 0x00, 0x00, 0x00, 0x00, 0x00, 0x00, 0x00, 0x00, 0x00,
  0x00, 0x00, 0x00, 0x00, 0x00, 0x00, 0x00, 0x00, 0x00, 0x00, 0x00, 0x00, 0x00, 0x00, 0x00, 0x00,
  0x00, 0x00, 0x00, 0x00, 0x00, 0x00, 0x00, 0x00, 0x00, 0x00, 0x00, 0x00, 0x00, 0x00, 0x00, 0x00,
  0x00, 0x00, 0x00, 0x00, 0x00, 0x00, 0x00, 0x00, 0x00, 0x00, 0x00, 0x00, 0x00, 0x00, 0x00, 0x00,
  0x00, 0x00, 0x00, 0x00, 0x00, 0x00, 0x00, 0x00, 0x00, 0x00, 0x00, 0x00, 0x00, 0x00, 0x00, 0x00,
  0x00, 0x00, 0x00, 0x00, 0x00, 0x00, 0x00, 0x00, 0x00, 0x00, 0x00, 0x00, 0x00, 0x00, 0x00, 0x00,
  0x00, 0x00, 0x00, 0x00, 0x00, 0x00, 0x00, 0x00, 0x00, 0x00, 0x00, 0x00, 0x00, 0x00, 0x04, 0x21,
  0x04, 0x21, 0x04, 0x21, 0x00, 0x00, 0x00, 0x00, 0x00, 0x00, 0x00, 0x00, 0x00, 0x00, 0x00, 0x00,
  0xa2, 0x28, 0xa2, 0x28, 0x00, 0x00, 0x00, 0x00, 0x00, 0x00, 0x00, 0x00, 0x00, 0x00, 0xe3, 0x18,
  0xe3, 0x20, 0x04, 0x21, 0xe3, 0x20, 0x00, 0x00, 0x00, 0x00, 0x00, 0x00, 0x00, 0x00, 0x00, 0x00,
  0x00, 0x00, 0xe3, 0x18, 0x00, 0x00, 0x00, 0x00, 0x00, 0x00, 0x00, 0x00, 0x00, 0x00, 0x00, 0x00,
  0x00, 0x00, 0x00, 0x00, 0x00, 0x00, 0x00, 0x00, 0x00, 0x00, 0x00, 0x00, 0x00, 0x00, 0x00, 0x00,
  0x00, 0x00, 0x00, 0x00, 0x00, 0x00, 0x00, 0x00, 0x00, 0x00, 0x00, 0x00, 0x00, 0x00, 0x00, 0x00,
  0x00, 0x00, 0x00, 0x00, 0x00, 0x00, 0x00, 0x00, 0x00, 0x00, 0x00, 0x00, 0x00, 0x00, 0x00, 0x00,
  0x00, 0x00, 0x00, 0x00, 0x00, 0x00, 0x00, 0x00, 0x00, 0x00, 0x00, 0x00, 0x00, 0x00, 0x00, 0x00,
  0x00, 0x00, 0x00, 0x00, 0x00, 0x00, 0x00, 0x00, 0x00, 0x00, 0x00, 0x00, 0x00, 0x00, 0x00, 0x00,
  0x00, 0x00, 0x00, 0x00, 0x00, 0x00, 0x00, 0x00, 0x00, 0x00, 0x00, 0x00, 0x00, 0x00, 0x00, 0x00,
  0x00, 0x00, 0x00, 0x00, 0x00, 0x00, 0x00, 0x00, 0x00, 0x00, 0x00, 0x00, 0x00, 0x00, 0x00, 0x00,
  0x00, 0x00, 0x00, 0x00, 0x00, 0x00, 0x00, 0x00, 0x00, 0x00, 0x00, 0x00, 0x00, 0x00, 0x00, 0x00,
  0x00, 0x00, 0x00, 0x00, 0x00, 0x00, 0x00, 0x00, 0x00, 0x00, 0x00, 0x00, 0x00, 0x00, 0x04, 0x21,
  0x04, 0x21, 0xe3, 0x20, 0xe3, 0x20, 0x00, 0x00, 0x00, 0x00, 0x00, 0x00, 0x00, 0x00, 0xe3, 0x18,
  0xe3, 0x20, 0x04, 0x21, 0xe3, 0x20, 0x00, 0x00, 0x00, 0x00, 0x00, 0x00, 0x00, 0x00, 0x00, 0x00,
  0xe3, 0x20, 0x04, 0x21, 0xe3, 0x20, 0xc3, 0x30, 0x00, 0x00, 0x00, 0x00, 0x00, 0x00, 0x00, 0x00,
  0x00, 0x00, 0x00, 0x00, 0x00, 0x00, 0x00, 0x00, 0x00, 0x00, 0x00, 0x00, 0x00, 0x00, 0x00, 0x00,
  0x00, 0x00, 0x00, 0x00, 0x00, 0x00, 0x00, 0x00, 0x00, 0x00, 0x00, 0x00, 0x00, 0x00, 0x00, 0x00,
  0x00, 0x00, 0x00, 0x00, 0x00, 0x00, 0x00, 0x00, 0x00, 0x00, 0x00, 0x00, 0x00, 0x00, 0x00, 0x00,
  0x00, 0x00, 0x00, 0x00, 0x00, 0x00, 0x00, 0x00, 0x00, 0x00, 0x00, 0x00, 0x00, 0x00, 0x00, 0x00,
  0x00, 0x00, 0x00, 0x00, 0x00, 0x00, 0x00, 0x00, 0x00, 0x00, 0x00, 0x00, 0x00, 0x00, 0x00, 0x00,
  0x00, 0x00, 0x00, 0x00, 0x00, 0x00, 0x00, 0x00, 0x00, 0x00, 0x00, 0x00, 0x00, 0x00, 0x00, 0x00,
  0x00, 0x00, 0x00, 0x00, 0x00, 0x00, 0x00, 0x00, 0x00, 0x00, 0x00, 0x00, 0x00, 0x00, 0x00, 0x00,
  0x00, 0x00, 0x00, 0x00, 0x00, 0x00, 0x00, 0x00, 0x00, 0x00, 0x00, 0x00, 0x00, 0x00, 0x00, 0x00,
  0xe7, 0x39, 0x00, 0x00, 0x00, 0x00, 0x00, 0x00, 0x00, 0x00, 0x00, 0x38, 0x00, 0x00, 0xe3, 0x20,
  0x04, 0x21, 0x04, 0x21, 0x04, 0x21, 0x00, 0x00, 0x00, 0x38, 0x00, 0x00, 0x00, 0x00, 0xe7, 0x39,
  0xe3, 0x20, 0x04, 0x21, 0xe3, 0x20, 0x00, 0x00, 0x00, 0x00, 0x00, 0x00, 0x00, 0x00, 0x00, 0x00,
  0x04, 0x21, 0x04, 0x21, 0x04, 0x21, 0x04, 0x21, 0x00, 0x00, 0x00, 0x00, 0x00, 0x00, 0x00, 0x00,
  0x00, 0x00, 0x00, 0x00, 0x00, 0x00, 0x00, 0x00, 0x00, 0x00, 0x00, 0x00, 0x00, 0x00, 0x00, 0x00,
  0x00, 0x00, 0x00, 0x00, 0x00, 0x00, 0x00, 0x00, 0x00, 0x00, 0x00, 0x00, 0x00, 0x00, 0x00, 0x00,
  0x00, 0x00, 0x00, 0x00, 0x00, 0x00, 0x00, 0x00, 0x00, 0x00, 0x00, 0x00, 0x00, 0x00, 0x00, 0x00,
  0x00, 0x00, 0x00, 0x00, 0x00, 0x00, 0x00, 0x00, 0x00, 0x00, 0x00, 0x00, 0x00, 0x00, 0x00, 0x00,
  0x00, 0x00, 0x00, 0x00, 0x00, 0x00, 0x00, 0x00, 0x00, 0x00, 0x00, 0x00, 0x00, 0x00, 0x00, 0x00,
  0x00, 0x00, 0x00, 0x00, 0x00, 0x00, 0x00, 0x00, 0x00, 0x00, 0x00, 0x00, 0x00, 0x00, 0x00, 0x00,
  0x00, 0x00, 0x00, 0x00, 0x00, 0x00, 0x00, 0x00, 0x00, 0x00, 0x00, 0x00, 0x00, 0x00, 0x00, 0x00,
  0x00, 0x00, 0x00, 0x00, 0x00, 0x00, 0x00, 0x00, 0x00, 0x00, 0x00, 0x00, 0x00, 0x00, 0x00, 0x00,
  0x00, 0x00, 0x00, 0x00, 0x00, 0x00, 0x00, 0x00, 0x00, 0x00, 0x00, 0x38, 0x00, 0x00, 0xe3, 0x20,
  0x04, 0x21, 0x04, 0x21, 0x04, 0x21, 0x00, 0x00, 0x00, 0x38, 0x00, 0x00, 0x00, 0x00, 0x00, 0x00,
  0x04, 0x21, 0xe3, 0x20, 0x00, 0x00, 0x00, 0x00, 0x00, 0x00, 0x00, 0x00, 0x00, 0x00, 0x00, 0x00,
  0x04, 0x21, 0x04, 0x21, 0x04, 0x21, 0x04, 0x21, 0x00, 0x00, 0x00, 0x00, 0x00, 0x00, 0x00, 0x00,
  0x00, 0x00, 0x00, 0x00, 0x00, 0x00, 0x00, 0x00, 0x00, 0x00, 0x00, 0x00, 0x00, 0x00, 0x00, 0x00,
  0x00, 0x00, 0x00, 0x00, 0x00, 0x00, 0x00, 0x00, 0x00, 0x00, 0x00, 0x00, 0x00, 0x00, 0x00, 0x00,
  0x00, 0x00, 0x00, 0x00, 0x00, 0x00, 0x00, 0x00, 0x00, 0x00, 0x00, 0x00, 0x00, 0x00, 0x00, 0x00,
  0x00, 0x00, 0x00, 0x00, 0x00, 0x00, 0x00, 0x00, 0x00, 0x00, 0x00, 0x00, 0x00, 0x00, 0x00, 0x00,
  0x00, 0x00, 0x00, 0x00, 0x00, 0x00, 0x00, 0x00, 0x00, 0x00, 0x00, 0x00, 0x00, 0x00, 0x00, 0x00,
  0x00, 0x00, 0x00, 0x00, 0x00, 0x00, 0x00, 0x00, 0x00, 0x00, 0x00, 0x00, 0x00, 0x00, 0x00, 0x00,
  0x00, 0x00, 0x00, 0x00, 0x00, 0x00, 0x00, 0x00, 0x00, 0x00, 0x00, 0x00, 0x00, 0x00, 0x00, 0x00,
  0x00, 0x00, 0x00, 0x00, 0x00, 0x00, 0x00, 0x00, 0x00, 0x00, 0x00, 0x00, 0x00, 0x00, 0x00, 0x00,
  0x00, 0x00, 0x00, 0x00, 0x00, 0x00, 0x00, 0x00, 0x00, 0x00, 0x00, 0x38, 0x00, 0x00, 0xe3, 0x20,
  0x04, 0x21, 0x04, 0x21, 0xe3, 0x20, 0x00, 0x00, 0x00, 0x38, 0x00, 0x00, 0x00, 0x00, 0x00, 0x00,
  0x00, 0x00, 0x00, 0x00, 0x00, 0x00, 0x00, 0x00, 0x00, 0x00, 0x00, 0x00, 0x00, 0x00, 0x00, 0x00,
  0xe3, 0x20, 0x04, 0x21, 0x04, 0x21, 0xe3, 0x18, 0x00, 0x00, 0x00, 0x00, 0x00, 0x00, 0x00, 0x00,
  0x00, 0x00, 0x00, 0x00, 0x00, 0x00, 0x00, 0x00, 0x00, 0x00, 0x00, 0x00, 0x00, 0x00, 0x00, 0x00,
  0x00, 0x00, 0x00, 0x00, 0x00, 0x00, 0x00, 0x00, 0x00, 0x00, 0x00, 0x00, 0x00, 0x00, 0x00, 0x00,
  0x00, 0x00, 0x00, 0x00, 0x00, 0x00, 0x00, 0x00, 0x00, 0x00, 0x00, 0x00, 0x00, 0x00, 0x00, 0x00,
  0x00, 0x00, 0x00, 0x00, 0x00, 0x00, 0x00, 0x00, 0x00, 0x00, 0x00, 0x00, 0x00, 0x00, 0x00, 0x00,
  0x00, 0x00, 0x00, 0x00, 0x00, 0x00, 0x00, 0x00, 0x00, 0x00, 0x00, 0x00, 0x00, 0x00, 0x00, 0x00,
  0x00, 0x00, 0x00, 0x00, 0x00, 0x00, 0x00, 0x00, 0x00, 0x00, 0x00, 0x00, 0x00, 0x00, 0x00, 0x00,
  0x00, 0x00, 0x00, 0x00, 0x00, 0x00, 0x00, 0x00, 0x00, 0x00, 0x00, 0x00, 0x00, 0x00, 0x00, 0x00,
  0x00, 0x00, 0x00, 0x00, 0x00, 0x00, 0x00, 0x00, 0x00, 0x00, 0x00, 0x00, 0x00, 0x00, 0x00, 0x00,
  0x00, 0x00, 0x00, 0x00, 0x00, 0x00, 0x00, 0x00, 0x00, 0x00, 0x00, 0x00, 0x00, 0x00, 0x04, 0x21,
  0x04, 0x21, 0x04, 0x21, 0xe3, 0x20, 0x00, 0x00, 0x00, 0x00, 0x00, 0x00, 0x00, 0x00, 0x00, 0x00,
  0x00, 0x00, 0x00, 0x00, 0x00, 0x00, 0x00, 0x00, 0x00, 0x00, 0x00, 0x00, 0x00, 0x00, 0x00, 0x00,
  0xe3, 0x20, 0x04, 0x29, 0xe3, 0x20, 0xe3, 0x20, 0x00, 0x00, 0x00, 0x00, 0x00, 0x00, 0x00, 0x00,
  0x00, 0x00, 0x00, 0x00, 0x00, 0x00, 0x00, 0x00, 0x00, 0x00, 0x00, 0x00, 0x00, 0x00, 0x00, 0x00,
  0x00, 0x00, 0x00, 0x00, 0x00, 0x00, 0x00, 0x00, 0x00, 0x00, 0x00, 0x00, 0x00, 0x00, 0x00, 0x00,
  0x00, 0x00, 0x00, 0x00, 0x00, 0x00, 0x00, 0x00, 0x00, 0x00, 0x00, 0x00, 0x00, 0x00, 0x00, 0x00,
  0x00, 0x00, 0x00, 0x00, 0x00, 0x00, 0x00, 0x00, 0x00, 0x00, 0x00, 0x00, 0x00, 0x00, 0x00, 0x00,
  0x00, 0x00, 0x00, 0x00, 0x00, 0x00, 0x00, 0x00, 0x00, 0x00, 0x00, 0x00, 0x00, 0x00, 0x00, 0x00,
  0x00, 0x00, 0x00, 0x00, 0x00, 0x00, 0x00, 0x00, 0x00, 0x00, 0x00, 0x00, 0x00, 0x00, 0x00, 0x00,
  0x00, 0x00, 0x00, 0x00, 0x00, 0x00, 0x00, 0x00, 0x00, 0x00, 0x00, 0x00, 0x00, 0x00, 0x00, 0x00,
  0x00, 0x00, 0x00, 0x00, 0x00, 0x00, 0x00, 0x00, 0x00, 0x00, 0x00, 0x00, 0x00, 0x00, 0x00, 0x00,
  0x00, 0x00, 0x00, 0x00, 0x00, 0x00, 0x00, 0x00, 0x00, 0x00, 0x00, 0x00, 0x00, 0x00, 0x00, 0x00,
  0x04, 0x21, 0x04, 0x21, 0x00, 0x00, 0x00, 0x00, 0x00, 0x00, 0x00, 0x00, 0x00, 0x00, 0x00, 0x00,
  0x00, 0x00, 0x00, 0x00, 0x00, 0x00, 0x00, 0x00, 0x00, 0x00, 0x00, 0x00, 0x00, 0x00, 0x00, 0x00,
  0x24, 0x21, 0x04, 0x21, 0xe3, 0x20, 0x00, 0x00, 0x00, 0x00, 0x00, 0x00, 0x00, 0x00, 0x00, 0x00,
  0x00, 0x00, 0x00, 0x00, 0x00, 0x00, 0x00, 0x00, 0x00, 0x00, 0x00, 0x00, 0x00, 0x00, 0x00, 0x00,
  0x00, 0x00, 0x00, 0x00, 0x00, 0x00, 0x00, 0x00, 0x00, 0x00, 0x00, 0x00, 0x00, 0x00, 0x00, 0x00,
  0x00, 0x00, 0x00, 0x00, 0x00, 0x00, 0x00, 0x00, 0x00, 0x00, 0x00, 0x00, 0x00, 0x00, 0x00, 0x00,
  0x00, 0x00, 0x00, 0x00, 0x00, 0x00, 0x00, 0x00, 0x00, 0x00, 0x00, 0x00, 0x00, 0x00, 0x00, 0x00,
  0x00, 0x00, 0x00, 0x00, 0x00, 0x00, 0x00, 0x00, 0x00, 0x00, 0x00, 0x00, 0x00, 0x00, 0x00, 0x00,
  0x00, 0x00, 0x00, 0x00, 0x00, 0x00, 0x00, 0x00, 0x00, 0x00, 0x00, 0x00, 0x00, 0x00, 0x00, 0x00,
  0x00, 0x00, 0x00, 0x00, 0x00, 0x00, 0x00, 0x00, 0x00, 0x00, 0x00, 0x00, 0x00, 0x00, 0x00, 0x00,
  0x00, 0x00, 0x00, 0x00, 0x00, 0x00, 0x00, 0x00, 0x00, 0x00, 0x00, 0x00, 0x00, 0x00, 0x00, 0x00,
  0x00, 0x00, 0x00, 0x00, 0x00, 0x00, 0x00, 0x00, 0x00, 0x00, 0x00, 0x00, 0x00, 0x00, 0x00, 0x00,
  0x00, 0x00, 0x00, 0x00, 0x00, 0x00, 0x00, 0x00, 0x00, 0x00, 0x00, 0x00, 0x00, 0x00, 0x00, 0x00,
  0x00, 0x00, 0x00, 0x00, 0x00, 0x00, 0x00, 0x00, 0x00, 0x00, 0x00, 0x00, 0x00, 0x00, 0x00, 0x00,
  0x00, 0x00, 0x00, 0x00, 0x00, 0x00, 0x00, 0x00, 0x00, 0x00, 0x00, 0x00, 0x00, 0x00, 0x00, 0x00,
  0x00, 0x00, 0x00, 0x00, 0x00, 0x00, 0x00, 0x00, 0x00, 0x00, 0x00, 0x00, 0x00, 0x00, 0x00, 0x00,
  0x00, 0x00, 0x00, 0x00, 0x00, 0x00, 0x00, 0x00, 0x00, 0x00, 0x00, 0x00, 0x00, 0x00, 0x00, 0x00,
  0x00, 0x00, 0x00, 0x00, 0x00, 0x00, 0x00, 0x00, 0x00, 0x00, 0x00, 0x00, 0x00, 0x00, 0x00, 0x00,
  0x00, 0x00, 0x00, 0x00, 0x00, 0x00, 0x00, 0x00, 0x00, 0x00, 0x00, 0x00, 0x00, 0x00, 0x00, 0x00,
  0x00, 0x00, 0x00, 0x00, 0x00, 0x00, 0x00, 0x00, 0x00, 0x00, 0x00, 0x00, 0x00, 0x00, 0x00, 0x00,
  0x00, 0x00, 0x00, 0x00, 0x00, 0x00, 0x00, 0x00, 0x00, 0x00, 0x00, 0x00, 0x00, 0x00, 0x00, 0x00,
  0x00, 0x00, 0x00, 0x00, 0x00, 0x00, 0x00, 0x00, 0x00, 0x00, 0x00, 0x00, 0x00, 0x00, 0x00, 0x00,
  0x00, 0x00, 0x00, 0x00, 0x00, 0x00, 0x00, 0x00, 0x00, 0x00, 0x00, 0x00, 0x00, 0x00, 0x00, 0x00,
  0x00, 0x00, 0x00, 0x00, 0x00, 0x00, 0x00, 0x00, 0x00, 0x00, 0x00, 0x00, 0x00, 0x00, 0x00, 0x00,
  0x00, 0x38, 0x00, 0x00, 0x00, 0x00, 0x00, 0x00, 0x00, 0x00, 0x00, 0x00, 0x00, 0x00, 0x00, 0x00,
  0x00, 0x00, 0x00, 0x00, 0x00, 0x00, 0x00, 0x00, 0x00, 0x00, 0x00, 0x00, 0x00, 0x00, 0x00, 0x00,
  0x00, 0x00, 0xe7, 0x39, 0x00, 0x00, 0x00, 0x00, 0x00, 0x00, 0x00, 0x00, 0x00, 0x00, 0x00, 0x00,
  0x00, 0x00, 0x00, 0x00, 0x00, 0x00, 0x00, 0x00, 0x00, 0x00, 0x00, 0x00, 0x00, 0x00, 0x00, 0x00,
  0x00, 0x00, 0x00, 0x00, 0x00, 0x00, 0x00, 0x00, 0x00, 0x00, 0x00, 0x00, 0x00, 0x00, 0x00, 0x00,
  0x00, 0x00, 0x00, 0x00, 0x00, 0x00, 0x00, 0x00, 0x00, 0x00, 0x00, 0x00, 0x00, 0x00, 0x00, 0x00,
  0x00, 0x00, 0x00, 0x00, 0x00, 0x00, 0x00, 0x00, 0x00, 0x00, 0x00, 0x00, 0x00, 0x00, 0x00, 0x00,
  0x00, 0x00, 0x00, 0x00, 0x00, 0x00, 0x00, 0x00, 0x00, 0x00, 0x00, 0x00, 0x00, 0x00, 0x00, 0x00,
  0x00, 0x00, 0x00, 0x00, 0x00, 0x00, 0x00, 0x00, 0x00, 0x00, 0x00, 0x00, 0x00, 0x00, 0x00, 0x00,
  0x00, 0x00, 0x00, 0x00, 0x00, 0x00, 0x00, 0x00, 0x00, 0x00, 0x00, 0x00, 0x00, 0x00, 0x00, 0x00,
  0x00, 0x00, 0x00, 0x00, 0x00, 0x00, 0x00, 0x00, 0x00, 0x00, 0x00, 0x00, 0x00, 0x00, 0x00, 0x00,
  0x00, 0x00, 0x00, 0x00, 0x00, 0x00, 0x00, 0x00, 0x00, 0x00, 0x00, 0x00, 0x00, 0x00, 0x00, 0x00,
  0x00, 0x00, 0x00, 0x00, 0x00, 0x00, 0x00, 0x00, 0x00, 0x00, 0x00, 0x00, 0x00, 0x00, 0x00, 0x00,
  0x00, 0x00, 0x00, 0x00, 0x00, 0x00, 0x00, 0x00, 0x00, 0x00, 0x00, 0x00, 0x00, 0x00, 0x00, 0x00,
  0x00, 0x00, 0x00, 0x00, 0x00, 0x00, 0x00, 0x00, 0x00, 0x00, 0x00, 0x00, 0x00, 0x00, 0x00, 0x00,
  0x00, 0x00, 0x00, 0x00, 0x00, 0x00, 0x00, 0x00, 0x00, 0x00, 0x00, 0x00, 0x00, 0x00, 0x00, 0x00,
  0x00, 0x00, 0x00, 0x00, 0x00, 0x00, 0x00, 0x00, 0x00, 0x00, 0x00, 0x00, 0x00, 0x00, 0x00, 0x00,
  0x00, 0x00, 0x00, 0x00, 0x00, 0x00, 0x00, 0x00, 0x00, 0x00, 0x00, 0x00, 0x00, 0x00, 0x00, 0x00,
  0x00, 0x00, 0x00, 0x00, 0x00, 0x00, 0x00, 0x00, 0x00, 0x00, 0x00, 0x00, 0x00, 0x00, 0x00, 0x00,
  0x00, 0x00, 0x00, 0x00, 0x00, 0x00, 0x00, 0x00, 0x00, 0x00, 0x00, 0x00, 0x00, 0x00, 0x00, 0x00,
  0x00, 0x00, 0x00, 0x00, 0x00, 0x00, 0x00, 0x00, 0x00, 0x00, 0x00, 0x00, 0x00, 0x00, 0x00, 0x00,
  0x00, 0x00, 0x00, 0x00, 0x00, 0x00, 0x00, 0x00, 0x00, 0x00, 0x00, 0x00, 0x00, 0x00, 0x00, 0x00,
  0x00, 0x00, 0x00, 0x00, 0x00, 0x00, 0x00, 0x00, 0x00, 0x00, 0x00, 0x00, 0x00, 0x00, 0x00, 0x00,
  0x00, 0x00, 0x00, 0x00, 0x00, 0x00, 0x00, 0x00, 0x00, 0x00, 0x00, 0x00, 0x00, 0x00, 0x00, 0x00,
  0x00, 0x00, 0x00, 0x00, 0x00, 0x00, 0x00, 0x00, 0x00, 0x00, 0x00, 0x00, 0x00, 0x00, 0x00, 0x00,
  0x00, 0x00, 0x00, 0x00, 0x00, 0x00, 0x00, 0x00, 0x00, 0x00, 0x00, 0x00, 0x00, 0x00, 0x00, 0x00,
  0x00, 0x00, 0x00, 0x00, 0x00, 0x00, 0x00, 0x00, 0x00, 0x00, 0x00, 0x00, 0x00, 0x00, 0x00, 0x00,
  0x00, 0x00, 0x00, 0x00, 0x00, 0x00, 0x00, 0x00, 0x00, 0x00, 0x00, 0x00, 0x00, 0x00, 0x00, 0x00,
  0x00, 0x00, 0x00, 0x00, 0x00, 0x00, 0x00, 0x00, 0x00, 0x00, 0x00, 0x00, 0x00, 0x00, 0x00, 0x00,
  0x00, 0x00, 0x00, 0x00, 0x00, 0x00, 0x00, 0x00, 0x00, 0x00, 0x00, 0x00, 0x00, 0x00, 0x00, 0x00,
  0x00, 0x00, 0x00, 0x00, 0x00, 0x00, 0x00, 0x00, 0x00, 0x00, 0x00, 0x00, 0x00, 0x00, 0x00, 0x00,
  0x00, 0x00, 0x00, 0x00, 0x00, 0x00, 0x00, 0x00, 0x00, 0x00, 0x00, 0x00, 0x00, 0x00, 0x00, 0x00,
  0x00, 0x00, 0x00, 0x00, 0x00, 0x00, 0x00, 0x00, 0x00, 0x00, 0x00, 0x00, 0x00, 0x00, 0x00, 0x00,
  0x00, 0x00, 0x00, 0x00, 0x00, 0x00, 0x00, 0x00, 0x00, 0x00, 0x00, 0x00, 0x00, 0x00, 0x00, 0x00,
  0x00, 0x00, 0x00, 0x00, 0x00, 0x00, 0x00, 0x00, 0x00, 0x00, 0x00, 0x00, 0x00, 0x00, 0x00, 0x00,
  0x00, 0x00, 0x00, 0x00, 0x00, 0x00, 0x00, 0x00, 0x00, 0x00, 0x00, 0x00, 0x00, 0x00, 0x00, 0x00,
  0x00, 0x00, 0x00, 0x00, 0x00, 0x00, 0x00, 0x00, 0x00, 0x00, 0x00, 0x00, 0x00, 0x00, 0x00, 0x00,
  0x00, 0x00, 0x00, 0x00, 0x00, 0x00, 0x00, 0x00, 0x00, 0x00, 0x00, 0x00, 0x00, 0x00, 0x00, 0x00,
  0x00, 0x00, 0x00, 0x00, 0x00, 0x00, 0x00, 0x00, 0x00, 0x00, 0x00, 0x00, 0x00, 0x00, 0x00, 0x00,
  0x00, 0x00, 0x00, 0x00, 0x00, 0x00, 0x00, 0x00, 0x00, 0x00, 0x00, 0x00, 0x00, 0x00, 0x00, 0x00,
  0x00, 0x00, 0x00, 0x00, 0x00, 0x00, 0x00, 0x00, 0x00, 0x00, 0x00, 0x00, 0x00, 0x00, 0x00, 0x00,
  0x00, 0x00, 0x00, 0x00, 0x00, 0x00, 0x00, 0x00, 0x00, 0x00, 0x00, 0x00, 0x00, 0x00, 0x00, 0x00,
  0x00, 0x00, 0x00, 0x00, 0x00, 0x00, 0x00, 0x00, 0x00, 0x00, 0x00, 0x00, 0x00, 0x00, 0x00, 0x00,
  0x00, 0x00, 0x00, 0x00, 0x00, 0x00, 0x00, 0x00, 0x00, 0x00, 0x00, 0x00, 0x00, 0x00, 0x00, 0x00,
  0x00, 0x00, 0x00, 0x00, 0x00, 0x00, 0x00, 0x00, 0x00, 0x00, 0x00, 0x00, 0x00, 0x00, 0x00, 0x00,
  0x00, 0x00, 0x00, 0x00, 0x00, 0x00, 0x00, 0x00, 0x00, 0x00, 0x00, 0x00, 0x00, 0x00, 0x00, 0x00,
  0x00, 0x00, 0x00, 0x00, 0x00, 0x00, 0x00, 0x00, 0x00, 0x00, 0x00, 0x00, 0x00, 0x00, 0x00, 0x00,
  0x00, 0x00, 0x00, 0x00, 0x00, 0x00, 0x00, 0x00, 0x00, 0x00, 0x00, 0x00, 0x00, 0x00, 0x00, 0x00,
  0x00, 0x00, 0x00, 0x00, 0x00, 0x00, 0x00, 0x00, 0x00, 0x00, 0x00, 0x00, 0x00, 0x00, 0x00, 0x00,
  0x00, 0x00, 0x00, 0x00, 0x00, 0x00, 0x00, 0x00, 0x00, 0x00, 0x00, 0x00, 0x00, 0x00, 0x00, 0x00,
  0x00, 0x00, 0x00, 0x00, 0x00, 0x00, 0x00, 0x00, 0x00, 0x00, 0x00, 0x00, 0x00, 0x00, 0x00, 0x00,
  0x00, 0x00, 0x00, 0x00, 0x00, 0x00, 0x00, 0x00, 0x00, 0x00, 0x00, 0x00, 0x00, 0x00, 0x00, 0x00,
  0x00, 0x00, 0x00, 0x00, 0x00, 0x00, 0x00, 0x00, 0x00, 0x00, 0x00, 0x00, 0x00, 0x00, 0x00, 0x00,
  0x00, 0x00, 0x00, 0x00, 0x00, 0x00, 0x00, 0x00, 0x00, 0x00, 0x00, 0x00, 0x00, 0x00, 0x00, 0x00,
  0x00, 0x00, 0x00, 0x00, 0x00, 0x00, 0x00, 0x00, 0x00, 0x00, 0x00, 0x00, 0x00, 0x00, 0x00, 0x00,
  0x00, 0x00, 0x00, 0x00, 0x00, 0x00, 0x00, 0x00, 0x00, 0x00, 0x00, 0x00, 0x00, 0x00, 0x00, 0x00,
  0x00, 0x00, 0x00, 0x00, 0x00, 0x00, 0x00, 0x00, 0x00, 0x00, 0x00, 0x00, 0x00, 0x00, 0x00, 0x00,
  0x00, 0x00, 0x00, 0x00, 0x00, 0x00, 0x00, 0x00, 0x00, 0x00, 0x00, 0x00, 0x00, 0x00, 0x00, 0x00,
  0x00, 0x00, 0x00, 0x00, 0x00, 0x00, 0x00, 0x00, 0x00, 0x00, 0x00, 0x00, 0x00, 0x00, 0x00, 0x00,
  0x00, 0x00, 0x00, 0x00, 0x00, 0x00, 0x00, 0x00, 0x00, 0x00, 0x00, 0x00, 0x00, 0x00, 0x00, 0x00,
  0x00, 0x00, 0x00, 0x00, 0x00, 0x00, 0x00, 0x00, 0x00, 0x00, 0x00, 0x00, 0x00, 0x00, 0x00, 0x00,
  0x00, 0x00, 0x00, 0x00, 0x00, 0x00, 0x00, 0x00, 0x00, 0x00, 0x00, 0x00, 0x00, 0x00, 0x00, 0x00,
  0x00, 0x00, 0x00, 0x00, 0x00, 0x00, 0x00, 0x00, 0x00, 0x00, 0x00, 0x00, 0x00, 0x00, 0x00, 0x00,
  0x00, 0x00, 0x00, 0x00, 0x00, 0x00, 0x00, 0x00, 0x00, 0x00, 0x00, 0x00, 0x00, 0x00, 0x00, 0x00,
  0x00, 0x00, 0x00, 0x00, 0x00, 0x00, 0x00, 0x00, 0x00, 0x00, 0x00, 0x00, 0x00, 0x00, 0x00, 0x00,
  0x00, 0x00, 0x00, 0x00, 0x00, 0x00, 0x00, 0x00, 0x00, 0x00, 0x00, 0x00, 0x00, 0x00, 0x00, 0x00,
  0x00, 0x00, 0x00, 0x00, 0x00, 0x00, 0x00, 0x00, 0x00, 0x00, 0x00, 0x00, 0x00, 0x00, 0x00, 0x00,
  0x00, 0x00, 0x00, 0x00, 0x00, 0x00, 0x00, 0x00, 0x00, 0x00, 0x00, 0x00, 0x00, 0x00, 0x00, 0x00,
  0x00, 0x00, 0x00, 0x00, 0x00, 0x00, 0x00, 0x00, 0x00, 0x00, 0x00, 0x00, 0x00, 0x00, 0x00, 0x00,
  0x00, 0x00, 0x00, 0x00, 0x00, 0x00, 0x00, 0x00, 0x00, 0x00, 0x00, 0x00, 0x00, 0x00, 0x00, 0x00,
  0x00, 0x00, 0x00, 0x00, 0x00, 0x00, 0x00, 0x00, 0x00, 0x00, 0x00, 0x00, 0x00, 0x00, 0x00, 0x00,
  0x00, 0x00, 0x00, 0x00, 0x00, 0x00, 0x00, 0x00, 0x00, 0x00, 0x00, 0x00, 0x00, 0x00, 0x00, 0x00,
  0x00, 0x00, 0x00, 0x00, 0x00, 0x00, 0x00, 0x00, 0x00, 0x00, 0x00, 0x00, 0x00, 0x00, 0x00, 0x00,
  0x00, 0x00, 0x00, 0x00, 0x00, 0x00, 0x00, 0x00, 0x00, 0x00, 0x00, 0x00, 0x00, 0x00, 0x00, 0x00,
  0x00, 0x00, 0x00, 0x00, 0x00, 0x00, 0x00, 0x00, 0x00, 0x00, 0x00, 0x00, 0x00, 0x00, 0x00, 0x00,
  0x00, 0x00, 0x00, 0x00, 0x00, 0x00, 0x00, 0x00, 0x00, 0x00, 0x00, 0x00, 0x00, 0x00, 0x00, 0x00,
  0x00, 0x00, 0x00, 0x00, 0x00, 0x00, 0x00, 0x00, 0x00, 0x00, 0x00, 0x00, 0x00, 0x00, 0x00, 0x00,
  0x00, 0x00, 0x00, 0x00, 0x00, 0x00, 0x00, 0x00, 0x00, 0x00, 0x00, 0x00, 0x00, 0x00, 0x00, 0x00,
  0x00, 0x00, 0x00, 0x00, 0x00, 0x00, 0x00, 0x00, 0x00, 0x00, 0x00, 0x00, 0x00, 0x00, 0x00, 0x00,
  0x00, 0x00, 0x00, 0x00, 0x00, 0x00, 0x00, 0x00, 0x00, 0x00, 0x00, 0x00, 0x00, 0x00, 0x00, 0x00,
  0x00, 0x00, 0x00, 0x00, 0x00, 0x00, 0x00, 0x00, 0x00, 0x00, 0x00, 0x00, 0x00, 0x00, 0x00, 0x00,
  0x00, 0x00, 0x00, 0x00, 0x00, 0x00, 0x00, 0x00, 0x00, 0x00, 0x00, 0x00, 0x00, 0x00, 0x00, 0x00,
  0x00, 0x00, 0x00, 0x00, 0x00, 0x00, 0x00, 0x00, 0x00, 0x00, 0x00, 0x00, 0x00, 0x00, 0x00, 0x00,
  0x00, 0x00, 0x00, 0x00, 0x00, 0x00, 0x00, 0x00, 0x00, 0x00, 0x00, 0x00, 0x00, 0x00, 0x00, 0x00,
  0x00, 0x00, 0x00, 0x00, 0x00, 0x00, 0x00, 0x00, 0x00, 0x00, 0x00, 0x00, 0x00, 0x00, 0x00, 0x00,
  0x00, 0x00, 0x00, 0x00, 0x00, 0x00, 0x00, 0x00, 0x00, 0x00, 0x00, 0x00, 0x00, 0x00, 0x00, 0x00,
  0x00, 0x00, 0x00, 0x00, 0x00, 0x00, 0x00, 0x00, 0x00, 0x00, 0x00, 0x00, 0x00, 0x00, 0x00, 0x00,
  0x00, 0x00, 0x00, 0x00, 0x00, 0x00, 0x00, 0x00, 0x00, 0x00, 0x00, 0x00, 0x00, 0x00, 0x00, 0x00,
  0x00, 0x00, 0x00, 0x00, 0x00, 0x00, 0x00, 0x00, 0x00, 0x00, 0x00, 0x00, 0x00, 0x00, 0x00, 0x00,
  0x00, 0x00, 0x00, 0x00, 0x00, 0x00, 0x00, 0x00, 0x00, 0x00, 0x00, 0x00, 0x00, 0x00, 0x00, 0x00,
  0x00, 0x00, 0x00, 0x00, 0x00, 0x00, 0x00, 0x00, 0x00, 0x00, 0x00, 0x00, 0x00, 0x00, 0x00, 0x00,
  0x00, 0x00, 0x00, 0x00, 0x00, 0x00, 0x00, 0x00, 0x00, 0x00, 0x00, 0x00, 0x00, 0x00, 0x00, 0x00,
  0x00, 0x00, 0x00, 0x00, 0x00, 0x00, 0x00, 0x00, 0x00, 0x00, 0x00, 0x00, 0x00, 0x00, 0x00, 0x00,
  0x00, 0x00, 0x00, 0x00, 0x00, 0x00, 0x00, 0x00, 0x00, 0x00, 0x00, 0x00, 0x00, 0x00, 0x00, 0x00,
  0x00, 0x00, 0x00, 0x00, 0x00, 0x00, 0x00, 0x00, 0x00, 0x00, 0x00, 0x00, 0x00, 0x00, 0x00, 0x00,
  0x00, 0x00, 0x00, 0x00, 0x00, 0x00, 0x00, 0x00, 0x00, 0x00, 0x00, 0x00, 0x00, 0x00, 0x00, 0x00,
  0x00, 0x00, 0x00, 0x00, 0x00, 0x00, 0x00, 0x00, 0x00, 0x00, 0x00, 0x00, 0x00, 0x00, 0x00, 0x00,
  0x00, 0x00, 0x00, 0x00, 0x00, 0x00, 0x00, 0x00, 0x00, 0x00, 0x00, 0x00, 0x00, 0x00, 0x00, 0x00,
  0x00, 0x00, 0x00, 0x00, 0x00, 0x00, 0x00, 0x00, 0x00, 0x00, 0x00, 0x00, 0x00, 0x00, 0x00, 0x00,
  0x00, 0x00, 0x00, 0x00, 0x00, 0x00, 0x00, 0x00, 0x00, 0x00, 0x00, 0x00, 0x00, 0x00, 0x00, 0x00,
  0x00, 0x00, 0x00, 0x00, 0x00, 0x00, 0x00, 0x00, 0x00, 0x00, 0x00, 0x00, 0x00, 0x00, 0x00, 0x00,
  0x00, 0x00, 0x00, 0x00, 0x00, 0x00, 0x00, 0x00, 0x00, 0x00, 0x00, 0x00, 0x00, 0x00, 0x00, 0x00,
  0x00, 0x00, 0x00, 0x00, 0x00, 0x00, 0x00, 0x00, 0x00, 0x00, 0x00, 0x00, 0x00, 0x00, 0x00, 0x00,
  0x00, 0x00, 0x00, 0x00, 0x00, 0x00, 0x00, 0x00, 0x00, 0x00, 0x00, 0x00, 0x00, 0x00, 0x00, 0x00,
  0x00, 0x00, 0x00, 0x00, 0x00, 0x00, 0x00, 0x00, 0x00, 0x00, 0x00, 0x00, 0x00, 0x00, 0x00, 0x00,
  0x00, 0x00, 0x00, 0x00, 0x00, 0x00, 0x00, 0x00, 0x00, 0x00, 0x00, 0x00, 0x00, 0x00, 0x00, 0x00,
  0x00, 0x00, 0x00, 0x00, 0x00, 0x00, 0x00, 0x00, 0x00, 0x00, 0x00, 0x00, 0x00, 0x00, 0x00, 0x00,
  0x00, 0x00, 0x00, 0x00, 0x00, 0x00, 0x00, 0x00, 0x00, 0x00, 0x00, 0x00, 0x00, 0x00, 0x00, 0x00,
  0x00, 0x00, 0x00, 0x00, 0x00, 0x00, 0x00, 0x00, 0x00, 0x00, 0x00, 0x00, 0x00, 0x00, 0x00, 0x00,
  0x00, 0x00, 0x00, 0x00, 0x00, 0x00, 0x00, 0x00, 0x00, 0x00, 0x00, 0x00, 0x00, 0x00, 0x00, 0x00,
  0x00, 0x00, 0x00, 0x00, 0x00, 0x00, 0x00, 0x00, 0x00, 0x00, 0x00, 0x00, 0x00, 0x00, 0x00, 0x00,
  0x00, 0x00, 0x00, 0x00, 0x00, 0x00, 0x00, 0x00, 0x00, 0x00, 0x00, 0x00, 0x00, 0x00, 0x00, 0x00,
  0x00, 0x00, 0x00, 0x00, 0x00, 0x00, 0x00, 0x00, 0x00, 0x00, 0x00, 0x00, 0x00, 0x00, 0x00, 0x00,
  0x00, 0x00, 0x00, 0x00, 0x00, 0x00, 0x00, 0x00, 0x00, 0x00, 0x00, 0x00, 0x00, 0x00, 0x00, 0x00,
  0x00, 0x00, 0x00, 0x00, 0x00, 0x00, 0x00, 0x00, 0x00, 0x00, 0x00, 0x00, 0x00, 0x00, 0x00, 0x00,
  0x00, 0x00, 0x00, 0x00, 0x00, 0x00, 0x00, 0x00, 0x00, 0x00, 0x00, 0x00, 0x00, 0x00, 0x00, 0x00,
  0x00, 0x00, 0x00, 0x00, 0x00, 0x00, 0x00, 0x00, 0x00, 0x00, 0x00, 0x00, 0x00, 0x00, 0x00, 0x00,
  0x00, 0x00, 0x00, 0x00, 0x00, 0x00, 0x00, 0x00, 0x00, 0x00, 0x00, 0x00, 0x00, 0x00, 0x00, 0x00,
  0x00, 0x00, 0x00, 0x00, 0x00, 0x00, 0x00, 0x00, 0x00, 0x00, 0x00, 0x00, 0x00, 0x00, 0x00, 0x00,
  0x00, 0x00, 0x00, 0x00, 0x00, 0x00, 0x00, 0x00, 0x00, 0x00, 0x00, 0x00, 0x00, 0x00, 0x00, 0x00,
  0x00, 0x00, 0x00, 0x00, 0x00, 0x00, 0x00, 0x00, 0x00, 0x00, 0x00, 0x00, 0x00, 0x00, 0x00, 0x00,
  0x00, 0x00, 0x00, 0x00, 0x00, 0x00, 0x00, 0x00, 0x00, 0x00, 0x00, 0x00, 0x00, 0x00, 0x00, 0x00,
  0x00, 0x00, 0x00, 0x00, 0x00, 0x00, 0x00, 0x00, 0x00, 0x00, 0x00, 0x00, 0x00, 0x00, 0x00, 0x00,
  0x00, 0x00, 0x00, 0x00, 0x00, 0x00, 0x00, 0x00, 0x00, 0x00, 0x00, 0x00, 0x00, 0x00, 0x00, 0x00,
  0x00, 0x00, 0x00, 0x00, 0x00, 0x00, 0x00, 0x00, 0x00, 0x00, 0x00, 0x00, 0x00, 0x00, 0x00, 0x00,
  0x00, 0x00, 0x00, 0x00, 0x00, 0x00, 0x00, 0x00, 0x00, 0x00, 0x00, 0x00, 0x00, 0x00, 0x00, 0x00,
  0x00, 0x00, 0x00, 0x00, 0x00, 0x00, 0x00, 0x00, 0x00, 0x00, 0x00, 0x00, 0x00, 0x00, 0x00, 0x00,
  0x00, 0x00, 0x00, 0x00, 0x00, 0x00, 0x00, 0x00, 0x00, 0x00, 0x00, 0x00, 0x00, 0x00, 0x00, 0x00,
  0x00, 0x00, 0x00, 0x00, 0x00, 0x00, 0x00, 0x00, 0x00, 0x00, 0x00, 0x00, 0x00, 0x00, 0x00, 0x00,
  0x00, 0x00, 0x00, 0x00, 0x00, 0x00, 0x00, 0x00, 0x00, 0x00, 0x00, 0x00, 0x00, 0x00, 0x00, 0x00,
  0x00, 0x00, 0x00, 0x00, 0x00, 0x00, 0x00, 0x00, 0x00, 0x00, 0x00, 0x00, 0x00, 0x00, 0x00, 0x00,
  0x00, 0x00, 0x00, 0x00, 0x00, 0x00, 0x00, 0x00, 0x00, 0x00, 0x00, 0x00, 0x00, 0x00, 0x00, 0x00,
  0x00, 0x00, 0x00, 0x00, 0x00, 0x00, 0x00, 0x00, 0x00, 0x00, 0x00, 0x00, 0x00, 0x00, 0x00, 0x00,
  0x00, 0x00, 0x00, 0x00, 0x00, 0x00, 0x00, 0x00, 0x00, 0x00, 0x00, 0x00, 0x00, 0x00, 0x00, 0x00,
  0x00, 0x00, 0x00, 0x00, 0x00, 0x00, 0x00, 0x00, 0x00, 0x00, 0x00, 0x00, 0x00, 0x00, 0x00, 0x00,
  0x00, 0x00, 0x00, 0x00, 0x00, 0x00, 0x00, 0x00, 0x00, 0x00, 0x00, 0x00, 0x00, 0x00, 0x00, 0x00,
  0x00, 0x00, 0x00, 0x00, 0x00, 0x00, 0x00, 0x00, 0x00, 0x00, 0x00, 0x00, 0x00, 0x00, 0x00, 0x00,
  0x00, 0x00, 0x00, 0x00, 0x00, 0x00, 0x00, 0x00, 0x00, 0x00, 0x00, 0x00, 0x00, 0x00, 0x00, 0x00,
  0x00, 0x00, 0x00, 0x00, 0x00, 0x00, 0x00, 0x00, 0x00, 0x00, 0x00, 0x00, 0x00, 0x00, 0x00, 0x00,
  0x00, 0x00, 0x00, 0x00, 0x00, 0x00, 0x00, 0x00, 0x00, 0x00, 0x00, 0x00, 0x00, 0x00, 0x00, 0x00,
  0x00, 0x00, 0x00, 0x00, 0x00, 0x00, 0x00, 0x00, 0x00, 0x00, 0x00, 0x00, 0x00, 0x00, 0x00, 0x00,
  0x00, 0x00, 0x00, 0x00, 0x00, 0x00, 0x00, 0x00, 0x00, 0x00, 0x00, 0x00, 0x00, 0x00, 0x00, 0x00,
  0x00, 0x00, 0x00, 0x00, 0x00, 0x00, 0x00, 0x00, 0x00, 0x00, 0x00, 0x00, 0x00, 0x00, 0x00, 0x00,
  0x00, 0x00, 0x00, 0x00, 0x00, 0x00, 0x00, 0x00, 0x00, 0x00, 0x00, 0x00, 0x00, 0x00, 0x00, 0x00,
  0x00, 0x00, 0x00, 0x00, 0x00, 0x00, 0x00, 0x00, 0x00, 0x00, 0x00, 0x00, 0x00, 0x00, 0x00, 0x00,
  0x00, 0x00, 0x00, 0x00, 0x00, 0x00, 0x00, 0x00, 0x00, 0x00, 0x00, 0x00, 0x00, 0x00, 0x00, 0x00,
  0x00, 0x00, 0x00, 0x00, 0x00, 0x00, 0x00, 0x00, 0x00, 0x00, 0x00, 0x00, 0x00, 0x00, 0x00, 0x00,
  0x00, 0x00, 0x00, 0x00, 0x00, 0x00, 0x00, 0x00, 0x00, 0x00, 0x00, 0x00, 0x00, 0x00, 0x00, 0x00,
  0x00, 0x00, 0x00, 0x00, 0x00, 0x00, 0x00, 0x00, 0x00, 0x00, 0x00, 0x00, 0x00, 0x00, 0x00, 0x00,
  0x00, 0x00, 0x00, 0x00, 0x00, 0x00, 0x00, 0x00, 0x00, 0x00, 0x00, 0x00, 0x00, 0x00, 0x00, 0x00,
  0x00, 0x00, 0x00, 0x00, 0x00, 0x00, 0x00, 0x00, 0x00, 0x00, 0x00, 0x00, 0x00, 0x00, 0x00, 0x00,
  0x00, 0x00, 0x00, 0x00, 0x00, 0x00, 0x00, 0x00, 0x00, 0x00, 0x00, 0x00, 0x00, 0x00, 0x00, 0x00,
  0x00, 0x00, 0x00, 0x00, 0x00, 0x00, 0x00, 0x00, 0x00, 0x00, 0x00, 0x00, 0x00, 0x00, 0x00, 0x00,
  0x00, 0x00, 0x00, 0x00, 0x00, 0x00, 0x00, 0x00, 0x00, 0x00, 0x00, 0x00, 0x00, 0x00, 0x00, 0x00,
  0x00, 0x00, 0x00, 0x00, 0x00, 0x00, 0x00, 0x00, 0x00, 0x00, 0x00, 0x00, 0x00, 0x00, 0x00, 0x00,
  0x00, 0x00, 0x00, 0x00, 0x00, 0x00, 0x00, 0x00, 0x00, 0x00, 0x00, 0x00, 0x00, 0x00, 0x00, 0x00,
  0x00, 0x00, 0x00, 0x00, 0x00, 0x00, 0x00, 0x00, 0x00, 0x00, 0x00, 0x00, 0x00, 0x00, 0x00, 0x00,
  0x00, 0x00, 0x00, 0x00, 0x00, 0x00, 0x00, 0x00, 0x00, 0x00, 0x00, 0x00, 0x00, 0x00, 0x00, 0x00,
  0x00, 0x00, 0x00, 0x00, 0x00, 0x00, 0x00, 0x00, 0x00, 0x00, 0x00, 0x00, 0x00, 0x00, 0x00, 0x00,
  0x00, 0x00, 0x00, 0x00, 0x00, 0x00, 0x00, 0x00, 0x00, 0x00, 0x00, 0x00, 0x00, 0x00, 0x00, 0x00,
  0x00, 0x00, 0x00, 0x00, 0x00, 0x00, 0x00, 0x00, 0x00, 0x00, 0x00, 0x00, 0x00, 0x00, 0x00, 0x00,
  0x00, 0x00, 0x00, 0x00, 0x00, 0x00, 0x00, 0x00, 0x00, 0x00, 0x00, 0x00, 0x00, 0x00, 0x00, 0x00,
  0x00, 0x00, 0x00, 0x00, 0x00, 0x00, 0x00, 0x00, 0x00, 0x00, 0x00, 0x00, 0x00, 0x00, 0x00, 0x00,
  0x00, 0x00, 0x00, 0x00, 0x00, 0x00, 0x00, 0x00, 0x00, 0x00, 0x00, 0x00, 0x00, 0x00, 0x00, 0x00,
  0x00, 0x00, 0x00, 0x00, 0x00, 0x00, 0x00, 0x00, 0x00, 0x00, 0x00, 0x00, 0x00, 0x00, 0x00, 0x00,
  0x00, 0x00, 0x00, 0x00, 0x00, 0x00, 0x00, 0x00, 0x00, 0x00, 0x00, 0x00, 0x00, 0x00, 0x00, 0x00,
  0x00, 0x00, 0x00, 0x00, 0x00, 0x00, 0x00, 0x00, 0x00, 0x00, 0x00, 0x00, 0x00, 0x00, 0x00, 0x00,
  0x00, 0x00, 0x00, 0x00, 0x00, 0x00, 0x00, 0x00, 0x00, 0x00, 0x00, 0x00, 0x00, 0x00, 0x00, 0x00,
  0x00, 0x00, 0x00, 0x00, 0x00, 0x00, 0x00, 0x00, 0x00, 0x00, 0x00, 0x00, 0x00, 0x00, 0x00, 0x00,
  0x00, 0x00, 0x00, 0x00, 0x00, 0x00, 0x00, 0x00, 0x00, 0x00, 0x00, 0x00, 0x00, 0x00, 0x00, 0x00,
  0x00, 0x00, 0x00, 0x00, 0x00, 0x00, 0x00, 0x00, 0x00, 0x00, 0x00, 0x00, 0x00, 0x00, 0x00, 0x00,
  0x00, 0x00, 0x00, 0x00, 0x00, 0x00, 0x00, 0x00, 0x00, 0x00, 0x00, 0x00, 0x00, 0x00, 0x00, 0x00,
  0x00, 0x00, 0x00, 0x00, 0x00, 0x00, 0x00, 0x00, 0x00, 0x00, 0x00, 0x00, 0x00, 0x00, 0x00, 0x00,
  0x00, 0x00, 0x00, 0x00, 0x00, 0x00, 0x00, 0x00, 0x00, 0x00, 0x00, 0x00, 0x00, 0x00, 0x00, 0x00,
  0x00, 0x00, 0x00, 0x00, 0x00, 0x00, 0x00, 0x00, 0x00, 0x00, 0x00, 0x00, 0x00, 0x00, 0x00, 0x00,
  0x00, 0x00, 0x00, 0x00, 0x00, 0x00, 0x00, 0x00, 0x00, 0x00, 0x00, 0x00, 0x00, 0x00, 0x00, 0x00,
  0x00, 0x00, 0x00, 0x00, 0x00, 0x00, 0x00, 0x00, 0x00, 0x00, 0x00, 0x00, 0x00, 0x00, 0x00, 0x00,
  0x00, 0x00, 0x00, 0x00, 0x00, 0x00, 0x00, 0x00, 0x00, 0x00, 0x00, 0x00, 0x00, 0x00, 0x00, 0x00,
  0x00, 0x00, 0x00, 0x00, 0x00, 0x00, 0x00, 0x01, 0x01, 0x01, 0x00, 0x00, 0x00, 0x00, 0x00, 0x00,
  0x00, 0x00, 0x00, 0x00, 0x00, 0x00, 0x00, 0x00, 0x00, 0x00, 0x00, 0x00, 0x00, 0x00, 0x00, 0x00,
  0x00, 0x00, 0x00, 0x00, 0x00, 0x00, 0x00, 0x00, 0x00, 0x00, 0x00, 0x00, 0x00, 0x00, 0x00, 0x00,
  0x00, 0x00, 0x00, 0x00, 0x00, 0x00, 0x00, 0x00, 0x00, 0x00, 0x00, 0x00, 0x00, 0x00, 0x00, 0x00,
  0x00, 0x00, 0x00, 0x00, 0x00, 0x00, 0x00, 0x00, 0x00, 0x00, 0x00, 0x00, 0x00, 0x00, 0x00, 0x00,
  0x00, 0x00, 0x00, 0x00, 0x00, 0x00, 0x00, 0x00, 0x00, 0x00, 0x00, 0x00, 0x00, 0x00, 0x00, 0x00,
  0x00, 0x00, 0x02, 0x04, 0x04, 0x03, 0x00, 0x00, 0x00, 0x00, 0x01, 0x03, 0x04, 0x03, 0x01, 0x00,
  0x00, 0x00, 0x00, 0x00, 0x00, 0x00, 0x00, 0x00, 0x00, 0x00, 0x00, 0x00, 0x00, 0x00, 0x00, 0x00,
  0x00, 0x00, 0x00, 0x00, 0x00, 0x00, 0x00, 0x00, 0x00, 0x00, 0x00, 0x00, 0x00, 0x00, 0x00, 0x00,
  0x00, 0x00, 0x00, 0x00, 0x00, 0x00, 0x00, 0x00, 0x00, 0x00, 0x00, 0x00, 0x00, 0x00, 0x00, 0x00,
  0x00, 0x00, 0x00, 0x00, 0x00, 0x00, 0x00, 0x00, 0x00, 0x00, 0x00, 0x00, 0x00, 0x00, 0x00, 0x00,
  0x00, 0x00, 0x00, 0x00, 0x00, 0x00, 0x00, 0x00, 0x00, 0x00, 0x00, 0x00, 0x00, 0x00, 0x00, 0x02,
  0x04, 0x00, 0x00, 0x00, 0x00, 0x00, 0x00, 0x03, 0x03, 0x01, 0x00, 0x00, 0x00, 0x00, 0x00, 0x02,
  0x03, 0x01, 0x00, 0x00, 0x00, 0x00, 0x00, 0x00, 0x00, 0x00, 0x00, 0x00, 0x00, 0x00, 0x00, 0x00,
  0x00, 0x00, 0x00, 0x00, 0x00, 0x00, 0x00, 0x00, 0x00, 0x00, 0x00, 0x00, 0x00, 0x00, 0x00, 0x00,
  0x00, 0x00, 0x00, 0x00, 0x00, 0x00, 0x00, 0x00, 0x00, 0x00, 0x00, 0x00, 0x00, 0x00, 0x00, 0x00,
  0x00, 0x00, 0x00, 0x00, 0x00, 0x00, 0x00, 0x00, 0x00, 0x00, 0x00, 0x00, 0x00, 0x00, 0x00, 0x00,
  0x00, 0x00, 0x00, 0x00, 0x00, 0x00, 0x00, 0x00, 0x00, 0x00, 0x00, 0x00, 0x00, 0x02, 0x03, 0x00,
  0x00, 0x00, 0x27, 0x5d, 0x91, 0xb2, 0xcb, 0xd8, 0xd8, 0xd2, 0xc3, 0xa8, 0x81, 0x4c, 0x19, 0x00,
  0x00, 0x00, 0x03, 0x01, 0x00, 0x00, 0x00, 0x00, 0x00, 0x00, 0x00, 0x00, 0x00, 0x00, 0x00, 0x00,
  0x00, 0x00, 0x00, 0x00, 0x00, 0x00, 0x00, 0x00, 0x00, 0x00, 0x00, 0x00, 0x00, 0x00, 0x00, 0x00,
  0x00, 0x00, 0x00, 0x00, 0x00, 0x00, 0x00, 0x00, 0x00, 0x00, 0x00, 0x00, 0x00, 0x00, 0x00, 0x00,
  0x00, 0x00, 0x00, 0x00, 0x00, 0x00, 0x00, 0x00, 0x00, 0x00, 0x00, 0x00, 0x00, 0x00, 0x00, 0x00,
  0x00, 0x00, 0x00, 0x00, 0x00, 0x00, 0x00, 0x00, 0x00, 0x00, 0x00, 0x01, 0x03, 0x00, 0x00, 0x21,
  0x79, 0xca, 0xf9, 0xff, 0xff, 0xff, 0xff, 0xff, 0xff, 0xff, 0xff, 0xff, 0xff, 0xff, 0xf1, 0xb6,
  0x5d, 0x0d, 0x00, 0x00, 0x03, 0x00, 0x00, 0x00, 0x00, 0x00, 0x00, 0x00, 0x00, 0x00, 0x00, 0x00,
  0x00, 0x00, 0x00, 0x00, 0x00, 0x00, 0x00, 0x00, 0x00, 0x00, 0x00, 0x00, 0x00, 0x00, 0x00, 0x00,
  0x00, 0x00, 0x00, 0x00, 0x00, 0x00, 0x00, 0x00, 0x00, 0x00, 0x00, 0x00, 0x00, 0x00, 0x00, 0x00,
  0x00, 0x00, 0x00, 0x00, 0x00, 0x00, 0x00, 0x00, 0x00, 0x00, 0x00, 0x00, 0x00, 0x00, 0x00, 0x00,
  0x00, 0x00, 0x00, 0x00, 0x00, 0x00, 0x00, 0x00, 0x00, 0x00, 0x02, 0x00, 0x00, 0x26, 0x99, 0xf1,
  0xff, 0xff, 0xff, 0xfc, 0xfb, 0xfc, 0xfd, 0xfd, 0xfd, 0xfd, 0xfc, 0xfb, 0xfb, 0xfd, 0xff, 0xff,
  0xff, 0xde, 0x78, 0x0e, 0x00, 0x02, 0x01, 0x00, 0x00, 0x00, 0x00, 0x00, 0x00, 0x00, 0x00, 0x00,
  0x00, 0x00, 0x00, 0x00, 0x00, 0x00, 0x00, 0x00, 0x00, 0x00, 0x00, 0x00, 0x00, 0x00, 0x00, 0x00,
  0x00, 0x00, 0x00, 0x00, 0x00, 0x00, 0x00, 0x00, 0x00, 0x00, 0x00, 0x00, 0x00, 0x00, 0x00, 0x00,
  0x00, 0x00, 0x00, 0x00, 0x00, 0x00, 0x00, 0x00, 0x00, 0x00, 0x00, 0x00, 0x00, 0x00, 0x00, 0x00,
  0x00, 0x00, 0x00, 0x00, 0x00, 0x00, 0x00, 0x00, 0x00, 0x03, 0x00, 0x05, 0x7c, 0xf1, 0xff, 0xff,
  0xfb, 0xfd, 0xfe, 0xff, 0xff, 0xff, 0xff, 0xff, 0xff, 0xff, 0xff, 0xff, 0xff, 0xff, 0xfe, 0xfc,
  0xfc, 0xff, 0xff, 0xda, 0x54, 0x00, 0x00, 0x02, 0x00, 0x00, 0x00, 0x00, 0x00, 0x00, 0x00, 0x00,
  0x00, 0x00, 0x00, 0x00, 0x00, 0x00, 0x00, 0x00, 0x00, 0x00, 0x00, 0x00, 0x00, 0x00, 0x00, 0x00,
  0x00, 0x00, 0x00, 0x00, 0x00, 0x00, 0x00, 0x00, 0x00, 0x00, 0x00, 0x00, 0x00, 0x00, 0x00, 0x00,
  0x00, 0x00, 0x00, 0x00, 0x00, 0x00, 0x00, 0x00, 0x00, 0x00, 0x00, 0x00, 0x00, 0x00, 0x00, 0x00,
  0x00, 0x00, 0x00, 0x00, 0x00, 0x00, 0x00, 0x00, 0x04, 0x00, 0x2a, 0xc6, 0xff, 0xff, 0xfb, 0xfe,
  0xff, 0xff, 0xff, 0xff, 0xff, 0xff, 0xff, 0xff, 0xff, 0xff, 0xff, 0xff, 0xff, 0xff, 0xff, 0xff,
  0xff, 0xfd, 0xfb, 0xff, 0xff, 0x9a, 0x0a, 0x00, 0x03, 0x00, 0x00, 0x00, 0x00, 0x00, 0x00, 0x00,
  0x00, 0x00, 0x00, 0x00, 0x00, 0x00, 0x00, 0x00, 0x00, 0x00, 0x00, 0x00, 0x00, 0x00, 0x00, 0x00,
  0x00, 0x00, 0x00, 0x00, 0x00, 0x00, 0x00, 0x00, 0x00, 0x00, 0x00, 0x00, 0x00, 0x00, 0x00, 0x00,
  0x00, 0x00, 0x00, 0x00, 0x00, 0x00, 0x00, 0x00, 0x00, 0x00, 0x00, 0x00, 0x00, 0x00, 0x00, 0x00,
  0x00, 0x00, 0x00, 0x00, 0x00, 0x00, 0x00, 0x04, 0x00, 0x48, 0xed, 0xff, 0xfb, 0xfe, 0xff, 0xff,
  0xff, 0xff, 0xff, 0xff, 0xff, 0xff, 0xff, 0xff, 0xff, 0xff, 0xff, 0xff, 0xff, 0xff, 0xff, 0xff,
  0xff, 0xff, 0xff, 0xfd, 0xfc, 0xff, 0xca, 0x1d, 0x00, 0x03, 0x00, 0x00, 0x00, 0x00, 0x00, 0x00,
  0x00, 0x00, 0x00, 0x00, 0x00, 0x00, 0x00, 0x00, 0x00, 0x00, 0x00, 0x00, 0x00, 0x00, 0x00, 0x00,
  0x00, 0x00, 0x00, 0x00, 0x00, 0x00, 0x00, 0x00, 0x00, 0x00, 0x00, 0x00, 0x00, 0x00, 0x00, 0x00,
  0x00, 0x00, 0x00, 0x00, 0x00, 0x00, 0x00, 0x00, 0x00, 0x00, 0x00, 0x00, 0x00, 0x00, 0x00, 0x00,
  0x00, 0x00, 0x00, 0x00, 0x00, 0x00, 0x04, 0x00, 0x56, 0xfc, 0xff, 0xfc, 0xff, 0xff, 0xff, 0xff,
  0xff, 0xff, 0xff, 0xff, 0xff, 0xff, 0xff, 0xff, 0xff, 0xff, 0xff, 0xff, 0xff, 0xff, 0xff, 0xff,
  0xff, 0xff, 0xff, 0xff, 0xff, 0xfa, 0xff, 0xde, 0x25, 0x00, 0x02, 0x00, 0x00, 0x00, 0x00, 0x00,
  0x00, 0x00, 0x00, 0x00, 0x00, 0x00, 0x00, 0x00, 0x00, 0x00, 0x00, 0x00, 0x00, 0x00, 0x00, 0x00,
  0x00, 0x00, 0x00, 0x00, 0x00, 0x00, 0x00, 0x00, 0x00, 0x00, 0x00, 0x00, 0x00, 0x00, 0x00, 0x00,
  0x00, 0x00, 0x00, 0x00, 0x00, 0x00, 0x00, 0x00, 0x00, 0x00, 0x00, 0x00, 0x00, 0x00, 0x00, 0x00,
  0x00, 0x00, 0x00, 0x00, 0x00, 0x03, 0x00, 0x47, 0xfc, 0xfe, 0xfd, 0xff, 0xff, 0xff, 0xff, 0xff,
  0xff, 0xff, 0xff, 0xff, 0xff, 0xff, 0xff, 0xff, 0xff, 0xff, 0xff, 0xff, 0xff, 0xff, 0xff, 0xff,
  0xff, 0xff, 0xff, 0xff, 0xff, 0xff, 0xfb, 0xff, 0xdc, 0x1a, 0x00, 0x02, 0x00, 0x00, 0x00, 0x00,
  0x00, 0x00, 0x00, 0x00, 0x00, 0x00, 0x00, 0x00, 0x00, 0x00, 0x00, 0x00, 0x00, 0x00, 0x00, 0x00,
  0x00, 0x00, 0x00, 0x00, 0x00, 0x00, 0x00, 0x00, 0x00, 0x00, 0x00, 0x00, 0x00, 0x00, 0x00, 0x00,
  0x00, 0x00, 0x00, 0x00, 0x00, 0x00, 0x00, 0x00, 0x00, 0x00, 0x00, 0x00, 0x00, 0x00, 0x00, 0x00,
  0x00, 0x00, 0x00, 0x00, 0x02, 0x00, 0x28, 0xf0, 0xfe, 0xfd, 0xff, 0xff, 0xff, 0xff, 0xff, 0xff,
  0xff, 0xff, 0xff, 0xff, 0xff, 0xff, 0xff, 0xff, 0xff, 0xff, 0xff, 0xff, 0xff, 0xff, 0xff, 0xff,
  0xff, 0xff, 0xff, 0xff, 0xff, 0xff, 0xff, 0xfb, 0xff, 0xcb, 0x07, 0x02, 0x01, 0x00, 0x00, 0x00,
  0x00, 0x00, 0x00, 0x00, 0x00, 0x00, 0x00, 0x00, 0x00, 0x00, 0x00, 0x00, 0x00, 0x00, 0x00, 0x00,
  0x00, 0x00, 0x00, 0x00, 0x00, 0x00, 0x00, 0x00, 0x00, 0x00, 0x00, 0x00, 0x00, 0x00, 0x00, 0x00,
  0x00, 0x00, 0x00, 0x00, 0x00, 0x00, 0x00, 0x01, 0x03, 0x04, 0x03, 0x03, 0x03, 0x03, 0x04, 0x04,
  0x02, 0x01, 0x00, 0x01, 0x01, 0x0a, 0xce, 0xff, 0xfc, 0xff, 0xff, 0xff, 0xff, 0xff, 0xff, 0xff,
  0xff, 0xff, 0xff, 0xff, 0xff, 0xff, 0xff, 0xff, 0xff, 0xff, 0xff, 0xff, 0xff, 0xff, 0xff, 0xff,
  0xff, 0xff, 0xff, 0xff, 0xff, 0xff, 0xff, 0xff, 0xfb, 0xff, 0x96, 0x00, 0x03, 0x00, 0x00, 0x00,
  0x00, 0x00, 0x00, 0x00, 0x00, 0x00, 0x00, 0x00, 0x00, 0x00, 0x00, 0x00, 0x00, 0x00, 0x00, 0x00,
  0x00, 0x00, 0x00, 0x00, 0x00, 0x00, 0x00, 0x00, 0x00, 0x00, 0x00, 0x00, 0x00, 0x00, 0x00, 0x00,
  0x00, 0x00, 0x00, 0x00, 0x00, 0x03, 0x03, 0x00, 0x00, 0x00, 0x00, 0x00, 0x00, 0x00, 0x00, 0x00,
  0x00, 0x00, 0x03, 0x06, 0x00, 0x6b, 0xff, 0xfb, 0xff, 0xff, 0xff, 0xff, 0xff, 0xff, 0xff, 0xff,
  0xff, 0xff, 0xff, 0xff, 0xff, 0xff, 0xff, 0xff, 0xff, 0xff, 0xff, 0xff, 0xff, 0xff, 0xff, 0xff,
  0xff, 0xff, 0xff, 0xff, 0xff, 0xff, 0xff, 0xff, 0xff, 0xfb, 0xff, 0x45, 0x00, 0x03, 0x00, 0x00,
  0x00, 0x00, 0x00, 0x00, 0x00, 0x00, 0x00, 0x00, 0x00, 0x00, 0x00, 0x00, 0x00, 0x00, 0x00, 0x00,
  0x00, 0x00, 0x00, 0x00, 0x00, 0x00, 0x00, 0x00, 0x00, 0x00, 0x00, 0x00, 0x00, 0x00, 0x00, 0x00,
  0x00, 0x00, 0x00, 0x02, 0x02, 0x00, 0x00, 0x0f, 0x3d, 0x70, 0x92, 0xa9, 0xad, 0xa7, 0x8d, 0x6a,
  0x35, 0x08, 0x00, 0x00, 0x03, 0x46, 0xf4, 0xfd, 0xfe, 0xff, 0xff, 0xff, 0xff, 0xff, 0xff, 0xff,
  0xff, 0xff, 0xff, 0xff, 0xff, 0xff, 0xff, 0xff, 0xff, 0xff, 0xff, 0xff, 0xff, 0xff, 0xff, 0xff,
  0xff, 0xff, 0xff, 0xff, 0xff, 0xff, 0xff, 0xff, 0xff, 0xfd, 0xff, 0xd4, 0x08, 0x02, 0x00, 0x00,
  0x00, 0x00, 0x00, 0x00, 0x00, 0x00, 0x00, 0x00, 0x00, 0x00, 0x00, 0x00, 0x00, 0x00, 0x00, 0x00,
  0x00, 0x00, 0x00, 0x00, 0x00, 0x00, 0x00, 0x00, 0x00, 0x00, 0x00, 0x00, 0x00, 0x00, 0x00, 0x00,
  0x00, 0x00, 0x03, 0x00, 0x00, 0x3e, 0x9e, 0xe4, 0xff, 0xff, 0xff, 0xff, 0xff, 0xff, 0xff, 0xff,
  0xff, 0xdc, 0x8c, 0x2e, 0x00, 0x00, 0xe1, 0xff, 0xfd, 0xff, 0xff, 0xff, 0xff, 0xff, 0xff, 0xff,
  0xff, 0xff, 0xff, 0xff, 0xff, 0xff, 0xff, 0xff, 0xff, 0xff, 0xff, 0xff, 0xff, 0xff, 0xff, 0xff,
  0xff, 0xff, 0xff, 0xff, 0xff, 0xff, 0xff, 0xff, 0xff, 0xff, 0xfc, 0xff, 0x63, 0x00, 0x03, 0x00,
  0x00, 0x00, 0x00, 0x00, 0x00, 0x00, 0x00, 0x00, 0x00, 0x00, 0x00, 0x00, 0x00, 0x00, 0x00, 0x00,
  0x00, 0x00, 0x00, 0x00, 0x00, 0x00, 0x00, 0x00, 0x00, 0x00, 0x00, 0x00, 0x00, 0x00, 0x00, 0x00,
  0x01, 0x02, 0x00, 0x30, 0xb4, 0xff, 0xff, 0xff, 0xfe, 0xfb, 0xfb, 0xfc, 0xfc, 0xfc, 0xfb, 0xfb,
  0xfe, 0xff, 0xff, 0xf9, 0x95, 0x43, 0xf9, 0xff, 0xff, 0xff, 0xff, 0xff, 0xff, 0xff, 0xff, 0xff,
  0xff, 0xff, 0xff, 0xff, 0xff, 0xff, 0xff, 0xff, 0xff, 0xff, 0xff, 0xff, 0xff, 0xff, 0xff, 0xff,
  0xff, 0xff, 0xff, 0xff, 0xff, 0xff, 0xff, 0xff, 0xff, 0xff, 0xfc, 0xfe, 0xd9, 0x08, 0x01, 0x01,
  0x00, 0x00, 0x00, 0x00, 0x00, 0x00, 0x00, 0x00, 0x00, 0x00, 0x00, 0x00, 0x00, 0x00, 0x00, 0x00,
  0x00, 0x00, 0x00, 0x00, 0x00, 0x00, 0x00, 0x00, 0x00, 0x00, 0x00, 0x00, 0x00, 0x00, 0x00, 0x01,
  0x00, 0x00, 0x76, 0xf8, 0xff, 0xfe, 0xfb, 0xfe, 0xff, 0xff, 0xff, 0xff, 0xff, 0xff, 0xff, 0xff,
  0xff, 0xfd, 0xfb, 0xff, 0xff, 0xf6, 0xfc, 0xff, 0xff, 0xff, 0xff, 0xff, 0xff, 0xff, 0xff, 0xff,
  0xff, 0xff, 0xff, 0xff, 0xff, 0xff, 0xff, 0xff, 0xff, 0xff, 0xff, 0xff, 0xff, 0xff, 0xff, 0xff,
  0xff, 0xff, 0xff, 0xff, 0xff, 0xff, 0xff, 0xff, 0xff, 0xff, 0xff, 0xfd, 0xff, 0x49, 0x00, 0x03,
  0x00, 0x00, 0x00, 0x00, 0x00, 0x00, 0x00, 0x00, 0x00, 0x00, 0x00, 0x00, 0x00, 0x00, 0x00, 0x00,
  0x00, 0x00, 0x00, 0x00, 0x00, 0x00, 0x00, 0x00, 0x00, 0x00, 0x00, 0x00, 0x00, 0x00, 0x01, 0x00,
  0x06, 0xa3, 0xff, 0xff, 0xfc, 0xff, 0xff, 0xff, 0xff, 0xff, 0xff, 0xff, 0xff, 0xff, 0xff, 0xff,
  0xff, 0xff, 0xff, 0xfe, 0xfc, 0xff, 0xff, 0xff, 0xff, 0xff, 0xff, 0xff, 0xff, 0xff, 0xff, 0xff,
  0xff, 0xff, 0xff, 0xff, 0xff, 0xff, 0xff, 0xff, 0xff, 0xff, 0xff, 0xff, 0xff, 0xff, 0xff, 0xff,
  0xff, 0xff, 0xff, 0xff, 0xff, 0xff, 0xff, 0xff, 0xff, 0xff, 0xff, 0xfb, 0xfe, 0xa3, 0x00, 0x03,
  0x00, 0x00, 0x00, 0x00, 0x00, 0x00, 0x00, 0x00, 0x00, 0x00, 0x00, 0x00, 0x00, 0x00, 0x00, 0x00,
  0x00, 0x00, 0x00, 0x00, 0x00, 0x00, 0x00, 0x00, 0x00, 0x00, 0x00, 0x00, 0x00, 0x01, 0x03, 0x04,
  0xb0, 0xff, 0xfa, 0xfe, 0xff, 0xff, 0xff, 0xff, 0xff, 0xff, 0xff, 0xff, 0xff, 0xff, 0xff, 0xff,
  0xff, 0xff, 0xff, 0xff, 0xff, 0xfe, 0xff, 0xff, 0xff, 0xff, 0xff, 0xff, 0xff, 0xff, 0xff, 0xff,
  0xff, 0xff, 0xff, 0xff, 0xff, 0xff, 0xff, 0xff, 0xff, 0xff, 0xff, 0xff, 0xff, 0xff, 0xff, 0xff,
  0xff, 0xff, 0xff, 0xff, 0xff, 0xff, 0xff, 0xff, 0xff, 0xff, 0xff, 0xfd, 0xff, 0xe4, 0x09, 0x00,
  0x01, 0x00, 0x00, 0x00, 0x00, 0x00, 0x00, 0x00, 0x00, 0x00, 0x00, 0x00, 0x00, 0x00, 0x00, 0x00,
  0x00, 0x00, 0x00, 0x00, 0x00, 0x00, 0x00, 0x00, 0x00, 0x00, 0x00, 0x00, 0x00, 0x03, 0x00, 0x9b,
  0xff, 0xfa, 0xff, 0xff, 0xff, 0xff, 0xff, 0xff, 0xff, 0xff, 0xff, 0xff, 0xff, 0xff, 0xff, 0xff,
  0xff, 0xff, 0xff, 0xff, 0xff, 0xff, 0xff, 0xff, 0xff, 0xff, 0xff, 0xff, 0xff, 0xff, 0xff, 0xff,
  0xff, 0xff, 0xff, 0xff, 0xff, 0xff, 0xff, 0xff, 0xff, 0xff, 0xff, 0xff, 0xff, 0xff, 0xff, 0xff,
  0xff, 0xff, 0xff, 0xff, 0xff, 0xff, 0xff, 0xff, 0xff, 0xff, 0xff, 0xff, 0xfe, 0xff, 0x39, 0x00,
  0x03, 0x00, 0x00, 0x00, 0x00, 0x00, 0x00, 0x00, 0x00, 0x00, 0x00, 0x00, 0x00, 0x00, 0x00, 0x00,
  0x00, 0x00, 0x00, 0x00, 0x00, 0x00, 0x00, 0x00, 0x00, 0x00, 0x00, 0x00, 0x03, 0x00, 0x60, 0xff,
  0xfa, 0xff, 0xff, 0xff, 0xff, 0xff, 0xff, 0xff, 0xff, 0xff, 0xff, 0xff, 0xff, 0xff, 0xff, 0xff,
  0xff, 0xff, 0xff, 0xff, 0xff, 0xff, 0xff, 0xff, 0xff, 0xff, 0xff, 0xff, 0xff, 0xff, 0xff, 0xff,
  0xff, 0xff, 0xff, 0xff, 0xff, 0xff, 0xff, 0xff, 0xff, 0xff, 0xff, 0xff, 0xff, 0xff, 0xff, 0xff,
  0xff, 0xff, 0xff, 0xff, 0xff, 0xff, 0xff, 0xff, 0xff, 0xff, 0xff, 0xff, 0xfb, 0xff, 0x68, 0x00,
  0x04, 0x00, 0x00, 0x00, 0x00, 0x00, 0x00, 0x00, 0x00, 0x00, 0x00, 0x00, 0x00, 0x00, 0x00, 0x00,
  0x00, 0x00, 0x00, 0x00, 0x00, 0x00, 0x00, 0x00, 0x00, 0x00, 0x00, 0x01, 0x01, 0x1a, 0xee, 0xfd,
  0xfe, 0xff, 0xff, 0xff, 0xff, 0xff, 0xff, 0xff, 0xff, 0xff, 0xff, 0xff, 0xff, 0xff, 0xff, 0xff,
  0xff, 0xff, 0xff, 0xff, 0xff, 0xff, 0xff, 0xff, 0xff, 0xff, 0xff, 0xff, 0xff, 0xff, 0xff, 0xff,
  0xff, 0xff, 0xff, 0xff, 0xff, 0xff, 0xff, 0xff, 0xff, 0xff, 0xff, 0xff, 0xff, 0xff, 0xff, 0xff,
  0xff, 0xff, 0xff, 0xff, 0xff, 0xff, 0xff, 0xff, 0xff, 0xff, 0xff, 0xff, 0xfb, 0xff, 0x8c, 0x00,
  0x04, 0x00, 0x00, 0x00, 0x00, 0x00, 0x00, 0x00, 0x00, 0x00, 0x00, 0x00, 0x00, 0x00, 0x00, 0x00,
  0x00, 0x00, 0x00, 0x00, 0x00, 0x00, 0x00, 0x00, 0x00, 0x00, 0x00, 0x03, 0x00, 0x93, 0xff, 0xfb,
  0xff, 0xff, 0xff, 0xff, 0xff, 0xff, 0xff, 0xff, 0xff, 0xff, 0xff, 0xff, 0xff, 0xff, 0xff, 0xff,
  0xff, 0xff, 0xff, 0xff, 0xff, 0xff, 0xff, 0xff, 0xff, 0xff, 0xff, 0xff, 0xff, 0xff, 0xff, 0xff,
  0xff, 0xff, 0xff, 0xff, 0xff, 0xff, 0xff, 0xff, 0xff, 0xff, 0xff, 0xff, 0xff, 0xff, 0xff, 0xff,
  0xff, 0xff, 0xff, 0xff, 0xff, 0xff, 0xff, 0xff, 0xff, 0xff, 0xff, 0xff, 0xfb, 0xff, 0xac, 0x00,
  0x03, 0x00, 0x00, 0x00, 0x00, 0x00, 0x00, 0x00, 0x00, 0x00, 0x00, 0x00, 0x00, 0x00, 0x00, 0x00,
  0x00, 0x00, 0x00, 0x00, 0x00, 0x00, 0x00, 0x00, 0x00, 0x00, 0x01, 0x00, 0x19, 0xf0, 0xfe, 0xfe,
  0xff, 0xff, 0xff, 0xff, 0xff, 0xff, 0xff, 0xff, 0xff, 0xff, 0xff, 0xff, 0xff, 0xff, 0xff, 0xff,
  0xff, 0xff, 0xff, 0xff, 0xff, 0xff, 0xff, 0xff, 0xff, 0xff, 0xff, 0xff, 0xff, 0xff, 0xff, 0xff,
  0xff, 0xff, 0xff, 0xff, 0xff, 0xff, 0xff, 0xff, 0xff, 0xff, 0xff, 0xff, 0xff, 0xff, 0xff, 0xff,
  0xff, 0xff, 0xff, 0xff, 0xff, 0xff, 0xff, 0xff, 0xff, 0xff, 0xff, 0xff, 0xfc, 0xff, 0xb8, 0x00,
  0x03, 0x00, 0x00, 0x00, 0x00, 0x00, 0x00, 0x00, 0x00, 0x00, 0x00, 0x00, 0x00, 0x00, 0x00, 0x00,
  0x00, 0x00, 0x00, 0x00, 0x00, 0x00, 0x00, 0x00, 0x00, 0x00, 0x04, 0x00, 0x6f, 0xff, 0xfb, 0xff,
  0xff, 0xff, 0xff, 0xff, 0xff, 0xff, 0xff, 0xff, 0xff, 0xff, 0xff, 0xff, 0xff, 0xff, 0xff, 0xff,
  0xff, 0xff, 0xff, 0xff, 0xff, 0xff, 0xff, 0xff, 0xff, 0xff, 0xff, 0xff, 0xff, 0xff, 0xff, 0xff,
  0xff, 0xff, 0xff, 0xff, 0xff, 0xff, 0xff, 0xff, 0xff, 0xff, 0xff, 0xff, 0xff, 0xff, 0xff, 0xff,
  0xff, 0xff, 0xff, 0xff, 0xff, 0xff, 0xff, 0xff, 0xff, 0xff, 0xff, 0xff, 0xfc, 0xff, 0xc4, 0x03,
  0x02, 0x00, 0x00, 0x00, 0x00, 0x00, 0x00, 0x00, 0x00, 0x00, 0x00, 0x00, 0x00, 0x00, 0x00, 0x00,
  0x00, 0x00, 0x00, 0x00, 0x00, 0x00, 0x00, 0x00, 0x00, 0x00, 0x02, 0x00, 0xbd, 0xfe, 0xfc, 0xff,
  0xff, 0xff, 0xff, 0xff, 0xff, 0xff, 0xff, 0xff, 0xff, 0xff, 0xff, 0xff, 0xff, 0xff, 0xff, 0xff,
  0xff, 0xff, 0xff, 0xff, 0xff, 0xff, 0xff, 0xff, 0xff, 0xff, 0xff, 0xff, 0xff, 0xff, 0xff, 0xff,
  0xff, 0xff, 0xff, 0xff, 0xff, 0xff, 0xff, 0xff, 0xff, 0xff, 0xff, 0xff, 0xff, 0xff, 0xff, 0xff,
  0xff, 0xff, 0xff, 0xff, 0xff, 0xff, 0xff, 0xff, 0xff, 0xff, 0xff, 0xff, 0xfc, 0xff, 0xb4, 0x00,
  0x04, 0x04, 0x04, 0x01, 0x00, 0x00, 0x00, 0x00, 0x00, 0x00, 0x00, 0x00, 0x00, 0x00, 0x00, 0x00,
  0x00, 0x00, 0x00, 0x00, 0x00, 0x00, 0x00, 0x00, 0x00, 0x01, 0x00, 0x14, 0xee, 0xff, 0xfe, 0xff,
  0xff, 0xff, 0xff, 0xff, 0xff, 0xff, 0xff, 0xff, 0xff, 0xff, 0xff, 0xff, 0xff, 0xff, 0xff, 0xff,
  0xff, 0xff, 0xff, 0xff, 0xff, 0xff, 0xff, 0xff, 0xff, 0xff, 0xff, 0xff, 0xff, 0xff, 0xff, 0xff,
  0xff, 0xff, 0xff, 0xff, 0xff, 0xff, 0xff, 0xff, 0xff, 0xff, 0xff, 0xff, 0xff, 0xff, 0xff, 0xff,
  0xff, 0xff, 0xff, 0xff, 0xff, 0xff, 0xff, 0xff, 0xff, 0xff, 0xff, 0xff, 0xfe, 0xfe, 0xe4, 0x58,
  0x00, 0x00, 0x00, 0x00, 0x02, 0x00, 0x00, 0x00, 0x00, 0x00, 0x00, 0x00, 0x00, 0x00, 0x00, 0x00,
  0x00, 0x00, 0x00, 0x00, 0x00, 0x00, 0x00, 0x00, 0x00, 0x02, 0x00, 0x35, 0xff, 0xfe, 0xff, 0xff,
  0xff, 0xff, 0xff, 0xff, 0xff, 0xff, 0xff, 0xff, 0xff, 0xff, 0xff, 0xff, 0xff, 0xff, 0xff, 0xff,
  0xff, 0xff, 0xff, 0xff, 0xff, 0xff, 0xff, 0xff, 0xff, 0xff, 0xff, 0xff, 0xff, 0xff, 0xff, 0xff,
  0xff, 0xff, 0xff, 0xff, 0xff, 0xff, 0xff, 0xff, 0xff, 0xff, 0xff, 0xff, 0xff, 0xff, 0xff, 0xff,
  0xff, 0xff, 0xff, 0xff, 0xff, 0xff, 0xff, 0xff, 0xff, 0xff, 0xff, 0xff, 0xff, 0xff, 0xff, 0xff,
  0xa5, 0x8c, 0x9a, 0x13, 0x00, 0x03, 0x00, 0x00, 0x00, 0x00, 0x00, 0x00, 0x00, 0x00, 0x00, 0x00,
  0x00, 0x00, 0x00, 0x00, 0x00, 0x00, 0x00, 0x00, 0x00, 0x03, 0x00, 0x52, 0xff, 0xfc, 0xff, 0xff,
  0xff, 0xff, 0xff, 0xff, 0xff, 0xff, 0xff, 0xff, 0xff, 0xff, 0xff, 0xff, 0xff, 0xff, 0xff, 0xff,
  0xff, 0xff, 0xff, 0xff, 0xff, 0xff, 0xff, 0xff, 0xff, 0xff, 0xff, 0xff, 0xff, 0xff, 0xff, 0xff,
  0xff, 0xff, 0xff, 0xff, 0xff, 0xff, 0xff, 0xff, 0xff, 0xff, 0xff, 0xff, 0xff, 0xff, 0xff, 0xff,
  0xff, 0xff, 0xff, 0xff, 0xff, 0xff, 0xff, 0xff, 0xff, 0xff, 0xff, 0xff, 0xff, 0xff, 0xfe, 0xfd,
  0xff, 0xff, 0xff, 0xd7, 0x2e, 0x00, 0x03, 0x00, 0x00, 0x00, 0x00, 0x00, 0x00, 0x00, 0x00, 0x00,
  0x00, 0x00, 0x00, 0x00, 0x00, 0x00, 0x00, 0x00, 0x00, 0x04, 0x00, 0x64, 0xff, 0xfb, 0xff, 0xff,
  0xff, 0xff, 0xff, 0xff, 0xff, 0xff, 0xff, 0xff, 0xff, 0xff, 0xff, 0xff, 0xff, 0xff, 0xff, 0xff,
  0xff, 0xff, 0xff, 0xff, 0xff, 0xff, 0xff, 0xff, 0xff, 0xff, 0xff, 0xff, 0xff, 0xff, 0xff, 0xff,
  0xff, 0xff, 0xff, 0xff, 0xff, 0xff, 0xff, 0xff, 0xff, 0xff, 0xff, 0xff, 0xff, 0xff, 0xff, 0xff,
  0xff, 0xff, 0xff, 0xff, 0xff, 0xff, 0xff, 0xff, 0xff, 0xff, 0xff, 0xff, 0xff, 0xff, 0xff, 0xff,
  0xfc, 0xfc, 0xfa, 0xff, 0xea, 0x32, 0x00, 0x02, 0x00, 0x00, 0x00, 0x00, 0x00, 0x00, 0x00, 0x00,
  0x00, 0x00, 0x00, 0x00, 0x00, 0x00, 0x00, 0x00, 0x00, 0x04, 0x00, 0x67, 0xff, 0xfb, 0xff, 0xff,
  0xff, 0xff, 0xff, 0xff, 0xff, 0xff, 0xff, 0xff, 0xff, 0xff, 0xff, 0xff, 0xff, 0xff, 0xff, 0xff,
  0xff, 0xff, 0xff, 0xff, 0xff, 0xff, 0xff, 0xff, 0xff, 0xff, 0xff, 0xff, 0xff, 0xff, 0xff, 0xff,
  0xff, 0xff, 0xff, 0xff, 0xff, 0xff, 0xff, 0xff, 0xff, 0xff, 0xff, 0xff, 0xff, 0xff, 0xff, 0xff,
  0xff, 0xff, 0xff, 0xff, 0xff, 0xff, 0xff, 0xff, 0xff, 0xff, 0xff, 0xff, 0xff, 0xff, 0xff, 0xff,
  0xff, 0xff, 0xff, 0xfb, 0xff, 0xe7, 0x1e, 0x00, 0x02, 0x00, 0x00, 0x00, 0x00, 0x00, 0x00, 0x00,
  0x00, 0x00, 0x00, 0x00, 0x00, 0x00, 0x00, 0x00, 0x00, 0x03, 0x00, 0x56, 0xfd, 0xfc, 0xff, 0xff,
  0xff, 0xff, 0xff, 0xff, 0xff, 0xff, 0xff, 0xff, 0xff, 0xff, 0xff, 0xff, 0xff, 0xff, 0xff, 0xff,
  0xff, 0xff, 0xff, 0xff, 0xff, 0xff, 0xff, 0xff, 0xff, 0xff, 0xff, 0xff, 0xff, 0xff, 0xff, 0xff,
  0xff, 0xff, 0xff, 0xff, 0xff, 0xff, 0xff, 0xff, 0xff, 0xff, 0xff, 0xff, 0xff, 0xff, 0xff, 0xff,
  0xff, 0xff, 0xff, 0xff, 0xff, 0xff, 0xff, 0xff, 0xff, 0xff, 0xff, 0xff, 0xff, 0xff, 0xff, 0xff,
  0xff, 0xff, 0xff, 0xff, 0xfb, 0xff, 0xc3, 0x05, 0x03, 0x01, 0x00, 0x00, 0x00, 0x00, 0x00, 0x00,
  0x00, 0x00, 0x00, 0x00, 0x00, 0x00, 0x00, 0x00, 0x00, 0x03, 0x00, 0x3c, 0xff, 0xfc, 0xff, 0xff,
  0xff, 0xff, 0xff, 0xff, 0xff, 0xff, 0xff, 0xff, 0xff, 0xff, 0xff, 0xff, 0xff, 0xff, 0xff, 0xff,
  0xff, 0xff, 0xff, 0xff, 0xff, 0xff, 0xff, 0xff, 0xff, 0xff, 0xff, 0xff, 0xff, 0xff, 0xff, 0xff,
  0xff, 0xff, 0xff, 0xff, 0xff, 0xff, 0xff, 0xff, 0xff, 0xff, 0xff, 0xff, 0xff, 0xff, 0xff, 0xff,
  0xff, 0xff, 0xff, 0xff, 0xff, 0xff, 0xff, 0xff, 0xff, 0xff, 0xff, 0xff, 0xff, 0xff, 0xff, 0xff,
  0xff, 0xff, 0xff, 0xff, 0xff, 0xfb, 0xff, 0x73, 0x00, 0x04, 0x00, 0x00, 0x00, 0x00, 0x00, 0x00,
  0x00, 0x00, 0x00, 0x00, 0x00, 0x00, 0x00, 0x00, 0x00, 0x01, 0x01, 0x10, 0xd7, 0xff, 0xfd, 0xff,
  0xff, 0xff, 0xff, 0xff, 0xff, 0xff, 0xff, 0xff, 0xff, 0xff, 0xff, 0xff, 0xff, 0xff, 0xff, 0xff,
  0xff, 0xff, 0xff, 0xff, 0xff, 0xff, 0xff, 0xff, 0xff, 0xff, 0xff, 0xff, 0xff, 0xff, 0xff, 0xff,
  0xff, 0xff, 0xff, 0xff, 0xff, 0xff, 0xff, 0xff, 0xff, 0xff, 0xff, 0xff, 0xff, 0xff, 0xff, 0xff,
  0xff, 0xff, 0xff, 0xff, 0xff, 0xff, 0xff, 0xff, 0xff, 0xff, 0xff, 0xff, 0xff, 0xff, 0xff, 0xff,
  0xff, 0xff, 0xff, 0xff, 0xff, 0xfe, 0xfd, 0xf0, 0x1a, 0x01, 0x02, 0x00, 0x00, 0x00, 0x00, 0x00,
  0x00, 0x00, 0x00, 0x00, 0x00, 0x00, 0x00, 0x00, 0x00, 0x00, 0x01, 0x01, 0x15, 0xac, 0xff, 0xfc,
  0xff, 0xff, 0xff, 0xff, 0xff, 0xff, 0xff, 0xff, 0xff, 0xff, 0xff, 0xff, 0xff, 0xff, 0xff, 0xff,
  0xff, 0xff, 0xff, 0xff, 0xff, 0xff, 0xff, 0xff, 0xff, 0xff, 0xff, 0xff, 0xff, 0xff, 0xff, 0xff,
  0xff, 0xff, 0xff, 0xff, 0xff, 0xff, 0xff, 0xff, 0xff, 0xff, 0xff, 0xff, 0xff, 0xff, 0xff, 0xff,
  0xff, 0xff, 0xff, 0xff, 0xff, 0xff, 0xff, 0xff, 0xff, 0xff, 0xff, 0xff, 0xff, 0xff, 0xff, 0xff,
  0xff, 0xff, 0xff, 0xff, 0xff, 0xff, 0xfb, 0xff, 0x81, 0x00, 0x04, 0x00, 0x00, 0x00, 0x00, 0x00,
  0x00, 0x00, 0x00, 0x00, 0x00, 0x00, 0x00, 0x00, 0x00, 0x00, 0x02, 0x04, 0x00, 0x19, 0xf0, 0xfe,
  0xfe, 0xff, 0xff, 0xff, 0xff, 0xff, 0xff, 0xff, 0xff, 0xff, 0xff, 0xff, 0xff, 0xff, 0xff, 0xff,
  0xff, 0xff, 0xff, 0xff, 0xff, 0xff, 0xff, 0xff, 0xff, 0xff, 0xff, 0xff, 0xff, 0xff, 0xff, 0xff,
  0xff, 0xff, 0xff, 0xff, 0xff, 0xff, 0xff, 0xff, 0xff, 0xff, 0xff, 0xff, 0xff, 0xff, 0xff, 0xff,
  0xff, 0xff, 0xff, 0xff, 0xff, 0xff, 0xff, 0xff, 0xff, 0xff, 0xff, 0xff, 0xff, 0xff, 0xff, 0xff,
  0xff, 0xff, 0xff, 0xff, 0xff, 0xff, 0xfd, 0xfe, 0xe1, 0x09, 0x00, 0x01, 0x00, 0x00, 0x00, 0x00,
  0x00, 0x00, 0x00, 0x00, 0x00, 0x00, 0x00, 0x00, 0x00, 0x03, 0x00, 0x00, 0x4a, 0xa4, 0xf0, 0xff,
  0xfe, 0xff, 0xff, 0xff, 0xff, 0xff, 0xff, 0xff, 0xff, 0xff, 0xff, 0xff, 0xff, 0xff, 0xff, 0xff,
  0xff, 0xff, 0xff, 0xff, 0xff, 0xff, 0xff, 0xff, 0xff, 0xff, 0xff, 0xff, 0xff, 0xff, 0xff, 0xff,
  0xff, 0xff, 0xff, 0xff, 0xff, 0xff, 0xff, 0xff, 0xff, 0xff, 0xff, 0xff, 0xff, 0xff, 0xff, 0xff,
  0xff, 0xff, 0xff, 0xff, 0xff, 0xff, 0xff, 0xff, 0xff, 0xff, 0xff, 0xff, 0xff, 0xff, 0xff, 0xff,
  0xff, 0xff, 0xff, 0xff, 0xff, 0xff, 0xff, 0xfe, 0xff, 0x42, 0x00, 0x03, 0x00, 0x00, 0x00, 0x00,
  0x00, 0x00, 0x00, 0x00, 0x00, 0x00, 0x00, 0x00, 0x03, 0x00, 0x27, 0xb7, 0xff, 0xff, 0xff, 0xff,
  0xff, 0xff, 0xff, 0xff, 0xff, 0xff, 0xff, 0xff, 0xff, 0xff, 0xff, 0xff, 0xff, 0xff, 0xff, 0xff,
  0xff, 0xff, 0xff, 0xff, 0xff, 0xff, 0xff, 0xff, 0xff, 0xff, 0xff, 0xff, 0xff, 0xff, 0xff, 0xff,
  0xff, 0xff, 0xff, 0xff, 0xff, 0xff, 0xff, 0xff, 0xff, 0xff, 0xff, 0xff, 0xff, 0xff, 0xff, 0xff,
  0xff, 0xff, 0xff, 0xff, 0xff, 0xff, 0xff, 0xff, 0xff, 0xff, 0xff, 0xff, 0xff, 0xff, 0xff, 0xff,
  0xff, 0xff, 0xff, 0xff, 0xff, 0xff, 0xff, 0xfb, 0xff, 0x86, 0x00, 0x04, 0x00, 0x00, 0x00, 0x00,
  0x00, 0x00, 0x00, 0x00, 0x00, 0x00, 0x00, 0x03, 0x00, 0x47, 0xed, 0xff, 0xfc, 0xfc, 0xff, 0xff,
  0xff, 0xff, 0xff, 0xff, 0xff, 0xff, 0xff, 0xff, 0xff, 0xff, 0xff, 0xff, 0xff, 0xff, 0xff, 0xff,
  0xff, 0xff, 0xff, 0xff, 0xff, 0xff, 0xff, 0xff, 0xff, 0xff, 0xff, 0xff, 0xff, 0xff, 0xff, 0xff,
  0xff, 0xff, 0xff, 0xff, 0xff, 0xff, 0xff, 0xff, 0xff, 0xff, 0xff, 0xff, 0xff, 0xff, 0xff, 0xff,
  0xff, 0xff, 0xff, 0xff, 0xff, 0xff, 0xff, 0xff, 0xff, 0xff, 0xff, 0xff, 0xff, 0xff, 0xff, 0xff,
  0xff, 0xff, 0xff, 0xff, 0xff, 0xff, 0xff, 0xfc, 0xff, 0xb2, 0x00, 0x03, 0x00, 0x00, 0x00, 0x00,
  0x00, 0x00, 0x00, 0x00, 0x00, 0x00, 0x02, 0x00, 0x3d, 0xf9, 0xff, 0xfb, 0xff, 0xff, 0xff, 0xff,
  0xff, 0xff, 0xff, 0xff, 0xff, 0xff, 0xff, 0xff, 0xff, 0xff, 0xff, 0xff, 0xff, 0xff, 0xff, 0xff,
  0xff, 0xff, 0xff, 0xff, 0xff, 0xff, 0xff, 0xff, 0xff, 0xff, 0xff, 0xff, 0xff, 0xff, 0xff, 0xff,
  0xff, 0xff, 0xff, 0xff, 0xff, 0xff, 0xff, 0xff, 0xff, 0xff, 0xff, 0xff, 0xff, 0xff, 0xff, 0xff,
  0xff, 0xff, 0xff, 0xff, 0xff, 0xff, 0xff, 0xff, 0xff, 0xff, 0xff, 0xff, 0xff, 0xff, 0xff, 0xff,
  0xff, 0xff, 0xff, 0xff, 0xff, 0xff, 0xff, 0xfd, 0xff, 0xd3, 0x01, 0x00, 0x00, 0x00, 0x00, 0x00,
  0x00, 0x00, 0x00, 0x00, 0x00, 0x02, 0x02, 0x15, 0xe4, 0xff, 0xfc, 0xff, 0xff, 0xff, 0xff, 0xff,
  0xff, 0xff, 0xff, 0xff, 0xff, 0xff, 0xff, 0xff, 0xff, 0xff, 0xff, 0xff, 0xff, 0xff, 0xff, 0xff,
  0xff, 0xff, 0xff, 0xff, 0xff, 0xff, 0xff, 0xff, 0xff, 0xff, 0xff, 0xff, 0xff, 0xff, 0xff, 0xff,
  0xff, 0xff, 0xff, 0xff, 0xff, 0xff, 0xff, 0xff, 0xff, 0xff, 0xff, 0xff, 0xff, 0xff, 0xff, 0xff,
  0xff, 0xff, 0xff, 0xff, 0xff, 0xff, 0xff, 0xff, 0xff, 0xff, 0xff, 0xff, 0xff, 0xff, 0xff, 0xff,
  0xff, 0xff, 0xff, 0xff, 0xff, 0xff, 0xff, 0xfd, 0xff, 0xe2, 0x06, 0x00, 0x01, 0x00, 0x00, 0x00,
  0x00, 0x00, 0x00, 0x00, 0x00, 0x03, 0x00, 0x99, 0xff, 0xfb, 0xff, 0xff, 0xff, 0xff, 0xff, 0xff,
  0xff, 0xff, 0xff, 0xff, 0xff, 0xff, 0xff, 0xff, 0xff, 0xff, 0xff, 0xff, 0xff, 0xff, 0xff, 0xff,
  0xff, 0xff, 0xff, 0xff, 0xff, 0xff, 0xff, 0xff, 0xff, 0xff, 0xff, 0xff, 0xff, 0xff, 0xff, 0xff,
  0xff, 0xff, 0xff, 0xff, 0xff, 0xff, 0xff, 0xff, 0xff, 0xff, 0xff, 0xff, 0xff, 0xff, 0xff, 0xff,
  0xff, 0xff, 0xff, 0xff, 0xff, 0xff, 0xff, 0xff, 0xff, 0xff, 0xff, 0xff, 0xff, 0xff, 0xff, 0xff,
  0xff, 0xff, 0xff, 0xff, 0xff, 0xff, 0xff, 0xfd, 0xff, 0xe5, 0x0a, 0x00, 0x01, 0x00, 0x00, 0x00,
  0x00, 0x00, 0x00, 0x00, 0x02, 0x00, 0x23, 0xf8, 0xfd, 0xfe, 0xff, 0xff, 0xff, 0xff, 0xff, 0xff,
  0xff, 0xff, 0xff, 0xff, 0xff, 0xff, 0xff, 0xff, 0xff, 0xff, 0xff, 0xff, 0xff, 0xff, 0xff, 0xff,
  0xff, 0xff, 0xff, 0xff, 0xff, 0xff, 0xff, 0xff, 0xff, 0xff, 0xff, 0xff, 0xff, 0xff, 0xff, 0xff,
  0xff, 0xff, 0xff, 0xff, 0xff, 0xff, 0xff, 0xff, 0xff, 0xff, 0xff, 0xff, 0xff, 0xff, 0xff, 0xff,
  0xff, 0xff, 0xff, 0xff, 0xff, 0xff, 0xff, 0xff, 0xff, 0xff, 0xff, 0xff, 0xff, 0xff, 0xff, 0xff,
  0xff, 0xff, 0xff, 0xff, 0xff, 0xff, 0xff, 0xfd, 0xff, 0xe1, 0x04, 0x00, 0x01, 0x00, 0x00, 0x00,
  0x00, 0x00, 0x00, 0x00, 0x04, 0x00, 0x78, 0xff, 0xfb, 0xff, 0xff, 0xff, 0xff, 0xff, 0xff, 0xff,
  0xff, 0xff, 0xff, 0xff, 0xff, 0xff, 0xff, 0xff, 0xff, 0xff, 0xff, 0xff, 0xff, 0xff, 0xff, 0xff,
  0xff, 0xff, 0xff, 0xff, 0xff, 0xff, 0xff, 0xff, 0xff, 0xff, 0xff, 0xff, 0xff, 0xff, 0xff, 0xff,
  0xff, 0xff, 0xff, 0xff, 0xff, 0xff, 0xff, 0xff, 0xff, 0xff, 0xff, 0xff, 0xff, 0xff, 0xff, 0xff,
  0xff, 0xff, 0xff, 0xff, 0xff, 0xff, 0xff, 0xff, 0xff, 0xff, 0xff, 0xff, 0xff, 0xff, 0xff, 0xff,
  0xff, 0xff, 0xff, 0xff, 0xff, 0xff, 0xff, 0xfd, 0xff, 0xc9, 0x00, 0x00, 0x00, 0x00, 0x00, 0x00,
  0x00, 0x00, 0x00, 0x00, 0x02, 0x00, 0xb8, 0xfe, 0xfc, 0xff, 0xff, 0xff, 0xff, 0xff, 0xff, 0xff,
  0xff, 0xff, 0xff, 0xff, 0xff, 0xff, 0xff, 0xff, 0xff, 0xff, 0xff, 0xff, 0xff, 0xff, 0xff, 0xff,
  0xff, 0xff, 0xff, 0xff, 0xff, 0xff, 0xff, 0xff, 0xff, 0xff, 0xff, 0xff, 0xff, 0xff, 0xff, 0xff,
  0xff, 0xff, 0xff, 0xff, 0xff, 0xff, 0xff, 0xff, 0xff, 0xff, 0xff, 0xff, 0xff, 0xff, 0xff, 0xff,
  0xff, 0xff, 0xff, 0xff, 0xff, 0xff, 0xff, 0xff, 0xff, 0xff, 0xff, 0xff, 0xff, 0xff, 0xff, 0xff,
  0xff, 0xff, 0xff, 0xff, 0xff, 0xff, 0xff, 0xfb, 0xff, 0xa4, 0x00, 0x03, 0x00, 0x00, 0x00, 0x00,
  0x00, 0x00, 0x00, 0x01, 0x00, 0x04, 0xdd, 0xff, 0xfd, 0xff, 0xff, 0xff, 0xff, 0xff, 0xff, 0xff,
  0xff, 0xff, 0xff, 0xff, 0xff, 0xff, 0xff, 0xff, 0xff, 0xff, 0xff, 0xff, 0xff, 0xff, 0xff, 0xff,
  0xff, 0xff, 0xff, 0xff, 0xff, 0xff, 0xff, 0xff, 0xff, 0xff, 0xff, 0xff, 0xff, 0xff, 0xff, 0xff,
  0xff, 0xff, 0xff, 0xff, 0xff, 0xff, 0xff, 0xff, 0xff, 0xff, 0xff, 0xff, 0xff, 0xff, 0xff, 0xff,
  0xff, 0xff, 0xff, 0xff, 0xff, 0xff, 0xff, 0xff, 0xff, 0xff, 0xff, 0xff, 0xff, 0xff, 0xff, 0xff,
  0xff, 0xff, 0xff, 0xff, 0xff, 0xff, 0xff, 0xfb, 0xff, 0x6c, 0x00, 0x04, 0x00, 0x00, 0x00, 0x00,
  0x00, 0x00, 0x00, 0x01, 0x00, 0x13, 0xec, 0xff, 0xfe, 0xff, 0xff, 0xff, 0xff, 0xff, 0xff, 0xff,
  0xff, 0xff, 0xff, 0xff, 0xff, 0xff, 0xff, 0xff, 0xff, 0xff, 0xff, 0xff, 0xff, 0xff, 0xff, 0xff,
  0xff, 0xff, 0xff, 0xff, 0xff, 0xff, 0xff, 0xff, 0xff, 0xff, 0xff, 0xff, 0xff, 0xff, 0xff, 0xff,
  0xff, 0xff, 0xff, 0xff, 0xff, 0xff, 0xff, 0xff, 0xff, 0xff, 0xff, 0xff, 0xff, 0xff, 0xff, 0xff,
  0xff, 0xff, 0xff, 0xff, 0xff, 0xff, 0xff, 0xff, 0xff, 0xff, 0xff, 0xff, 0xff, 0xff, 0xff, 0xff,
  0xff, 0xff, 0xff, 0xff, 0xff, 0xff, 0xff, 0xfe, 0xfa, 0x28, 0x00, 0x02, 0x00, 0x00, 0x00, 0x00,
  0x00, 0x00, 0x00, 0x01, 0x00, 0x0f, 0xe9, 0xff, 0xfe, 0xff, 0xff, 0xff, 0xff, 0xff, 0xff, 0xff,
  0xff, 0xff, 0xff, 0xff, 0xff, 0xff, 0xff, 0xff, 0xff, 0xff, 0xff, 0xff, 0xff, 0xff, 0xff, 0xff,
  0xff, 0xff, 0xff, 0xff, 0xff, 0xff, 0xff, 0xff, 0xff, 0xff, 0xff, 0xff, 0xff, 0xff, 0xff, 0xff,
  0xff, 0xff, 0xff, 0xff, 0xff, 0xff, 0xff, 0xff, 0xff, 0xff, 0xff, 0xff, 0xff, 0xff, 0xff, 0xff,
  0xff, 0xff, 0xff, 0xff, 0xff, 0xff, 0xff, 0xff, 0xff, 0xff, 0xff, 0xff, 0xff, 0xff, 0xff, 0xff,
  0xff, 0xff, 0xff, 0xff, 0xff, 0xff, 0xfc, 0xfe, 0xbf, 0x00, 0x02, 0x00, 0x00, 0x00, 0x00, 0x00,
  0x00, 0x00, 0x00, 0x00, 0x00, 0x01, 0xd6, 0xff, 0xfd, 0xff, 0xff, 0xff, 0xff, 0xff, 0xff, 0xff,
  0xff, 0xff, 0xff, 0xff, 0xff, 0xff, 0xff, 0xff, 0xff, 0xff, 0xff, 0xff, 0xff, 0xff, 0xff, 0xff,
  0xff, 0xff, 0xff, 0xff, 0xff, 0xff, 0xff, 0xff, 0xff, 0xff, 0xff, 0xff, 0xff, 0xff, 0xff, 0xff,
  0xff, 0xff, 0xff, 0xff, 0xff, 0xff, 0xff, 0xff, 0xff, 0xff, 0xff, 0xff, 0xff, 0xff, 0xff, 0xff,
  0xff, 0xff, 0xff, 0xff, 0xff, 0xff, 0xff, 0xff, 0xff, 0xff, 0xff, 0xff, 0xff, 0xff, 0xff, 0xff,
  0xff, 0xff, 0xff, 0xff, 0xff, 0xff, 0xfc, 0xff, 0x53, 0x00, 0x04, 0x00, 0x00, 0x00, 0x00, 0x00,
  0x00, 0x00, 0x00, 0x00, 0x03, 0x00, 0xac, 0xfe, 0xfb, 0xff, 0xff, 0xff, 0xff, 0xff, 0xff, 0xff,
  0xff, 0xff, 0xff, 0xff, 0xff, 0xff, 0xff, 0xff, 0xff, 0xff, 0xff, 0xff, 0xff, 0xff, 0xff, 0xff,
  0xff, 0xff, 0xff, 0xff, 0xff, 0xff, 0xff, 0xff, 0xff, 0xff, 0xff, 0xff, 0xff, 0xff, 0xff, 0xff,
  0xff, 0xff, 0xff, 0xff, 0xff, 0xff, 0xff, 0xff, 0xff, 0xff, 0xff, 0xff, 0xff, 0xff, 0xff, 0xff,
  0xff, 0xff, 0xff, 0xff, 0xff, 0xff, 0xff, 0xff, 0xff, 0xff, 0xff, 0xff, 0xff, 0xff, 0xff, 0xff,
  0xff, 0xff, 0xff, 0xff, 0xff, 0xfc, 0xff, 0xc9, 0x04, 0x02, 0x00, 0x00, 0x00, 0x00, 0x00, 0x00,
  0x00, 0x00, 0x00, 0x00, 0x04, 0x00, 0x64, 0xff, 0xfc, 0xff, 0xff, 0xff, 0xff, 0xff, 0xff, 0xff,
  0xff, 0xff, 0xff, 0xff, 0xff, 0xff, 0xff, 0xff, 0xff, 0xff, 0xff, 0xff, 0xff, 0xff, 0xff, 0xff,
  0xff, 0xff, 0xff, 0xff, 0xff, 0xff, 0xff, 0xff, 0xff, 0xff, 0xff, 0xff, 0xff, 0xff, 0xff, 0xff,
  0xff, 0xff, 0xff, 0xff, 0xff, 0xff, 0xff, 0xff, 0xff, 0xff, 0xff, 0xff, 0xff, 0xff, 0xff, 0xff,
  0xff, 0xff, 0xff, 0xff, 0xff, 0xff, 0xff, 0xff, 0xff, 0xff, 0xff, 0xff, 0xff, 0xff, 0xff, 0xff,
  0xff, 0xff, 0xff, 0xff, 0xfe, 0xfc, 0xfd, 0x36, 0x00, 0x03, 0x00, 0x00, 0x00, 0x00, 0x00, 0x00,
  0x00, 0x00, 0x00, 0x00, 0x01, 0x00, 0x12, 0xeb, 0xfd, 0xfd, 0xff, 0xff, 0xff, 0xff, 0xff, 0xff,
  0xff, 0xff, 0xff, 0xff, 0xff, 0xff, 0xff, 0xff, 0xff, 0xff, 0xff, 0xff, 0xff, 0xff, 0xff, 0xff,
  0xff, 0xff, 0xff, 0xff, 0xff, 0xff, 0xff, 0xff, 0xff, 0xff, 0xff, 0xff, 0xff, 0xff, 0xff, 0xff,
  0xff, 0xff, 0xff, 0xff, 0xff, 0xff, 0xff, 0xff, 0xff, 0xff, 0xff, 0xff, 0xff, 0xff, 0xff, 0xff,
  0xff, 0xff, 0xff, 0xff, 0xff, 0xff, 0xff, 0xff, 0xff, 0xff, 0xff, 0xff, 0xff, 0xff, 0xff, 0xff,
  0xff, 0xff, 0xff, 0xff, 0xfa, 0xff, 0x77, 0x00, 0x03, 0x00, 0x00, 0x00, 0x00, 0x00, 0x00, 0x00,
  0x00, 0x00, 0x00, 0x00, 0x00, 0x03, 0x00, 0x75, 0xff, 0xfa, 0xff, 0xff, 0xff, 0xff, 0xff, 0xff,
  0xff, 0xff, 0xff, 0xff, 0xff, 0xff, 0xff, 0xff, 0xff, 0xff, 0xff, 0xff, 0xff, 0xff, 0xff, 0xff,
  0xff, 0xff, 0xff, 0xff, 0xff, 0xff, 0xff, 0xff, 0xff, 0xff, 0xff, 0xff, 0xff, 0xff, 0xff, 0xff,
  0xff, 0xff, 0xff, 0xff, 0xff, 0xff, 0xff, 0xff, 0xff, 0xff, 0xff, 0xff, 0xff, 0xff, 0xff, 0xff,
  0xff, 0xff, 0xff, 0xff, 0xff, 0xff, 0xff, 0xff, 0xff, 0xff, 0xff, 0xff, 0xff, 0xff, 0xff, 0xff,
  0xff, 0xff, 0xfe, 0xfa, 0xff, 0x9c, 0x00, 0x04, 0x00, 0x00, 0x00, 0x00, 0x00, 0x00, 0x00, 0x00,
  0x00, 0x00, 0x00, 0x00, 0x00, 0x01, 0x02, 0x05, 0xc4, 0xff, 0xfa, 0xff, 0xff, 0xff, 0xff, 0xff,
  0xff, 0xff, 0xff, 0xff, 0xff, 0xff, 0xff, 0xff, 0xff, 0xff, 0xff, 0xff, 0xff, 0xff, 0xff, 0xff,
  0xff, 0xff, 0xff, 0xff, 0xff, 0xff, 0xff, 0xff, 0xff, 0xff, 0xff, 0xff, 0xff, 0xff, 0xff, 0xff,
  0xff, 0xff, 0xff, 0xff, 0xff, 0xff, 0xff, 0xff, 0xff, 0xff, 0xff, 0xff, 0xff, 0xff, 0xff, 0xff,
  0xff, 0xff, 0xff, 0xff, 0xff, 0xff, 0xff, 0xff, 0xff, 0xff, 0xff, 0xff, 0xff, 0xff, 0xff, 0xff,
  0xff, 0xfc, 0xfd, 0xff, 0x9f, 0x01, 0x02, 0x01, 0x00, 0x00, 0x00, 0x00, 0x00, 0x00, 0x00, 0x00,
  0x00, 0x00, 0x00, 0x00, 0x00, 0x00, 0x02, 0x00, 0x1a, 0xdb, 0xff, 0xfa, 0xfe, 0xff, 0xff, 0xff,
  0xff, 0xff, 0xff, 0xff, 0xff, 0xff, 0xff, 0xff, 0xff, 0xff, 0xff, 0xff, 0xff, 0xff, 0xff, 0xff,
  0xff, 0xff, 0xff, 0xff, 0xff, 0xff, 0xff, 0xff, 0xff, 0xff, 0xff, 0xff, 0xff, 0xff, 0xff, 0xff,
  0xff, 0xff, 0xff, 0xff, 0xff, 0xff, 0xff, 0xff, 0xff, 0xfe, 0xff, 0xff, 0xff, 0xff, 0xff, 0xff,
  0xff, 0xff, 0xff, 0xff, 0xff, 0xff, 0xff, 0xff, 0xff, 0xff, 0xff, 0xff, 0xff, 0xff, 0xff, 0xfd,
  0xfc, 0xff, 0xff, 0x7d, 0x00, 0x02, 0x01, 0x00, 0x00, 0x00, 0x00, 0x00, 0x00, 0x00, 0x00, 0x00,
  0x00, 0x00, 0x00, 0x00, 0x00, 0x00, 0x00, 0x02, 0x00, 0x1d, 0xc7, 0xff, 0xff, 0xfb, 0xfc, 0xfd,
  0xfe, 0xfe, 0xfe, 0xfe, 0xfe, 0xfe, 0xfe, 0xfe, 0xfe, 0xfe, 0xfe, 0xfe, 0xff, 0xff, 0xff, 0xff,
  0xff, 0xff, 0xff, 0xff, 0xff, 0xff, 0xff, 0xff, 0xff, 0xff, 0xff, 0xff, 0xff, 0xff, 0xff, 0xff,
  0xff, 0xff, 0xff, 0xff, 0xff, 0xff, 0xff, 0xff, 0xff, 0xff, 0xff, 0xff, 0xff, 0xff, 0xff, 0xfe,
  0xfe, 0xfe, 0xfe, 0xfe, 0xfe, 0xfe, 0xfe, 0xfe, 0xfe, 0xfe, 0xfe, 0xfd, 0xfc, 0xfb, 0xfe, 0xff,
  0xff, 0xca, 0x40, 0x00, 0x02, 0x01, 0x00, 0x00, 0x00, 0x00, 0x00, 0x00, 0x00, 0x00, 0x00, 0x00,
  0x00, 0x00, 0x00, 0x00, 0x00, 0x00, 0x00, 0x00, 0x02, 0x00, 0x07, 0x7f, 0xe9, 0xff, 0xff, 0xff,
  0xff, 0xff, 0xff, 0xff, 0xff, 0xff, 0xff, 0xff, 0xff, 0xff, 0xff, 0xff, 0xfc, 0xfc, 0xff, 0xfe,
  0xf8, 0xff, 0xff, 0xff, 0xff, 0xff, 0xff, 0xff, 0xff, 0xff, 0xff, 0xff, 0xff, 0xff, 0xff, 0xff,
  0xff, 0xff, 0xff, 0xff, 0xff, 0xff, 0xff, 0xff, 0xff, 0xfc, 0xf9, 0xff, 0xfe, 0xfb, 0xff, 0xff,
  0xff, 0xff, 0xff, 0xff, 0xff, 0xff, 0xff, 0xff, 0xff, 0xff, 0xff, 0xff, 0xff, 0xff, 0xff, 0xc9,
  0x5f, 0x05, 0x00, 0x03, 0x00, 0x00, 0x00, 0x00, 0x00, 0x00, 0x00, 0x00, 0x00, 0x00, 0x00, 0x00,
  0x00, 0x00, 0x00, 0x00, 0x00, 0x00, 0x00, 0x00, 0x00, 0x02, 0x00, 0x00, 0x18, 0x6e, 0xb7, 0xe0,
  0xf5, 0xf5, 0xf5, 0xf5, 0xf5, 0xf5, 0xf5, 0xf5, 0xf5, 0xf5, 0xf5, 0xfb, 0xff, 0xff, 0xfb, 0xfc,
  0x7d, 0x2b, 0x32, 0x30, 0x30, 0x30, 0x30, 0x30, 0x21, 0x22, 0x30, 0x30, 0x30, 0x31, 0x2f, 0x3d,
  0xf0, 0xff, 0xd0, 0x2f, 0x31, 0x30, 0x30, 0x31, 0x31, 0x40, 0xe3, 0xfd, 0xff, 0xff, 0xff, 0xf6,
  0xf5, 0xf5, 0xf5, 0xf5, 0xf5, 0xf5, 0xf5, 0xf5, 0xf5, 0xf5, 0xef, 0xd7, 0xb6, 0x7c, 0x39, 0x00,
  0x00, 0x00, 0x03, 0x00, 0x00, 0x00, 0x00, 0x00, 0x00, 0x00, 0x00, 0x00, 0x00, 0x00, 0x00, 0x00,
  0x00, 0x00, 0x00, 0x00, 0x00, 0x00, 0x00, 0x00, 0x00, 0x00, 0x01, 0x03, 0x00, 0x00, 0x00, 0x0a,
  0x16, 0x16, 0x16, 0x16, 0x16, 0x16, 0x16, 0x16, 0x16, 0x17, 0x17, 0x26, 0x57, 0xc5, 0xff, 0xfe,
  0xe5, 0x11, 0x00, 0x00, 0x00, 0x00, 0x00, 0x00, 0x4d, 0x4a, 0x00, 0x00, 0x00, 0x00, 0x00, 0x07,
  0xeb, 0xfd, 0xc4, 0x00, 0x00, 0x00, 0x00, 0x00, 0x00, 0x9a, 0xff, 0xff, 0xed, 0x7a, 0x36, 0x19,
  0x16, 0x17, 0x16, 0x16, 0x16, 0x16, 0x16, 0x16, 0x16, 0x16, 0x13, 0x05, 0x00, 0x00, 0x00, 0x00,
  0x03, 0x01, 0x00, 0x00, 0x00, 0x00, 0x00, 0x00, 0x00, 0x00, 0x00, 0x00, 0x00, 0x00, 0x00, 0x00,
  0x00, 0x00, 0x00, 0x00, 0x00, 0x00, 0x00, 0x00, 0x00, 0x00, 0x00, 0x00, 0x01, 0x04, 0x02, 0x00,
  0x00, 0x00, 0x00, 0x00, 0x00, 0x00, 0x00, 0x00, 0x00, 0x00, 0x00, 0x00, 0x00, 0x05, 0xb2, 0xff,
  0xff, 0x83, 0x02, 0x06, 0x02, 0x05, 0x02, 0x4a, 0xff, 0xff, 0x47, 0x02, 0x05, 0x03, 0x02, 0x0f,
  0xf2, 0xff, 0xc5, 0x02, 0x04, 0x02, 0x04, 0x02, 0x2d, 0xff, 0xfe, 0xec, 0x2d, 0x00, 0x00, 0x00,
  0x00, 0x00, 0x00, 0x00, 0x00, 0x00, 0x00, 0x00, 0x00, 0x00, 0x00, 0x00, 0x02, 0x04, 0x03, 0x01,
  0x00, 0x00, 0x00, 0x00, 0x00, 0x00, 0x00, 0x00, 0x00, 0x00, 0x00, 0x00, 0x00, 0x00, 0x00, 0x00,
  0x00, 0x00, 0x00, 0x00, 0x00, 0x00, 0x00, 0x00, 0x00, 0x00, 0x00, 0x00, 0x00, 0x00, 0x00, 0x01,
  0x01, 0x01, 0x01, 0x01, 0x01, 0x01, 0x01, 0x01, 0x01, 0x01, 0x01, 0x02, 0x06, 0x00, 0x24, 0xf7,
  0xfe, 0xc7, 0x00, 0x01, 0x00, 0x04, 0x00, 0x6a, 0xfd, 0xfd, 0x6b, 0x00, 0x04, 0x00, 0x02, 0x00,
  0x76, 0xc9, 0x4a, 0x00, 0x03, 0x00, 0x04, 0x00, 0x6c, 0xff, 0xff, 0x7c, 0x00, 0x07, 0x02, 0x01,
  0x01, 0x01, 0x01, 0x01, 0x01, 0x01, 0x01, 0x01, 0x01, 0x01, 0x01, 0x01, 0x00, 0x00, 0x00, 0x00,
  0x00, 0x00, 0x00, 0x00, 0x00, 0x00, 0x00, 0x00, 0x00, 0x00, 0x00, 0x00, 0x00, 0x00, 0x00, 0x00,
  0x00, 0x00, 0x00, 0x00, 0x00, 0x00, 0x00, 0x00, 0x00, 0x00, 0x00, 0x00, 0x00, 0x00, 0x00, 0x00,
  0x00, 0x00, 0x00, 0x00, 0x00, 0x00, 0x00, 0x00, 0x00, 0x00, 0x00, 0x00, 0x01, 0x01, 0x01, 0xd3,
  0xff, 0xe1, 0x07, 0x00, 0x01, 0x04, 0x00, 0x64, 0xfe, 0xfd, 0x66, 0x00, 0x04, 0x00, 0x00, 0x00,
  0x00, 0x00, 0x00, 0x00, 0x00, 0x00, 0x04, 0x00, 0x96, 0xfb, 0xfe, 0x40, 0x02, 0x03, 0x00, 0x00,
  0x00, 0x00, 0x00, 0x00, 0x00, 0x00, 0x00, 0x00, 0x00, 0x00, 0x00, 0x00, 0x00, 0x00, 0x00, 0x00,
  0x00, 0x00, 0x00, 0x00, 0x00, 0x00, 0x00, 0x00, 0x00, 0x00, 0x00, 0x00, 0x00, 0x00, 0x00, 0x00,
  0x00, 0x00, 0x00, 0x00, 0x00, 0x00, 0x00, 0x00, 0x00, 0x00, 0x00, 0x00, 0x00, 0x00, 0x00, 0x00,
  0x00, 0x00, 0x00, 0x00, 0x00, 0x00, 0x00, 0x00, 0x00, 0x00, 0x00, 0x00, 0x00, 0x01, 0x00, 0xc4,
  0xff, 0xe9, 0x13, 0x00, 0x01, 0x04, 0x00, 0x69, 0xff, 0xff, 0x68, 0x00, 0x04, 0x00, 0x00, 0x00,
  0x00, 0x00, 0x00, 0x00, 0x00, 0x00, 0x04, 0x00, 0x8d, 0xff, 0xff, 0x26, 0x00, 0x02, 0x00, 0x00,
  0x00, 0x00, 0x00, 0x00, 0x00, 0x00, 0x00, 0x00, 0x00, 0x00, 0x00, 0x00, 0x00, 0x00, 0x00, 0x00,
  0x00, 0x00, 0x00, 0x00, 0x00, 0x00, 0x00, 0x00, 0x00, 0x00, 0x00, 0x00, 0x00, 0x00, 0x00, 0x00,
  0x00, 0x00, 0x00, 0x00, 0x00, 0x00, 0x00, 0x00, 0x00, 0x00, 0x00, 0x00, 0x00, 0x00, 0x00, 0x00,
  0x00, 0x00, 0x00, 0x00, 0x00, 0x00, 0x00, 0x00, 0x00, 0x00, 0x00, 0x00, 0x00, 0x01, 0x00, 0xc4,
  0xff, 0xe8, 0x13, 0x00, 0x01, 0x02, 0x01, 0x2d, 0xea, 0xe8, 0x29, 0x01, 0x02, 0x00, 0x01, 0x00,
  0x17, 0x47, 0x07, 0x00, 0x01, 0x00, 0x01, 0x00, 0x19, 0x96, 0x67, 0x01, 0x02, 0x00, 0x00, 0x00,
  0x00, 0x00, 0x00, 0x00, 0x00, 0x00, 0x00, 0x00, 0x00, 0x00, 0x00, 0x00, 0x00, 0x00, 0x00, 0x00,
  0x00, 0x00, 0x00, 0x00, 0x00, 0x00, 0x00, 0x00, 0x00, 0x00, 0x00, 0x00, 0x00, 0x00, 0x00, 0x00,
  0x00, 0x00, 0x00, 0x00, 0x00, 0x00, 0x00, 0x00, 0x00, 0x00, 0x00, 0x00, 0x00, 0x00, 0x00, 0x00,
  0x00, 0x00, 0x00, 0x00, 0x00, 0x00, 0x00, 0x00, 0x00, 0x00, 0x00, 0x00, 0x00, 0x01, 0x00, 0xc9,
  0xfb, 0xec, 0x13, 0x00, 0x01, 0x00, 0x01, 0x00, 0x16, 0x15, 0x00, 0x01, 0x00, 0x01, 0x01, 0x05,
  0xc7, 0xff, 0x94, 0x00, 0x03, 0x00, 0x00, 0x00, 0x00, 0x00, 0x00, 0x00, 0x00, 0x00, 0x00, 0x00,
  0x00, 0x00, 0x00, 0x00, 0x00, 0x00, 0x00, 0x00, 0x00, 0x00, 0x00, 0x00, 0x00, 0x00, 0x00, 0x00,
  0x00, 0x00, 0x00, 0x00, 0x00, 0x00, 0x00, 0x00, 0x00, 0x00, 0x00, 0x00, 0x00, 0x00, 0x00, 0x00,
  0x00, 0x00, 0x00, 0x00, 0x00, 0x00, 0x00, 0x00, 0x00, 0x00, 0x00, 0x00, 0x00, 0x00, 0x00, 0x00,
  0x00, 0x00, 0x00, 0x00, 0x00, 0x00, 0x00, 0x00, 0x00, 0x00, 0x00, 0x00, 0x00, 0x03, 0x00, 0xac,
  0xff, 0xd3, 0x05, 0x01, 0x01, 0x00, 0x00, 0x02, 0x00, 0x00, 0x02, 0x00, 0x00, 0x01, 0x00, 0x11,
  0xf1, 0xfd, 0xcb, 0x00, 0x01, 0x00, 0x00, 0x00, 0x03, 0x00, 0x02, 0x01, 0x00, 0x00, 0x00, 0x00,
  0x00, 0x00, 0x00, 0x00, 0x00, 0x00, 0x00, 0x00, 0x00, 0x00, 0x00, 0x00, 0x00, 0x00, 0x00, 0x00,
  0x00, 0x00, 0x00, 0x00, 0x00, 0x00, 0x00, 0x00, 0x00, 0x00, 0x00, 0x00, 0x00, 0x00, 0x00, 0x00,
  0x00, 0x00, 0x00, 0x00, 0x00, 0x00, 0x00, 0x00, 0x00, 0x00, 0x00, 0x00, 0x00, 0x00, 0x00, 0x00,
  0x00, 0x00, 0x00, 0x00, 0x00, 0x00, 0x00, 0x00, 0x00, 0x00, 0x00, 0x00, 0x00, 0x01, 0x00, 0x17,
  0x69, 0x27, 0x00, 0x01, 0x00, 0x00, 0x00, 0x00, 0x0c, 0x0b, 0x00, 0x00, 0x00, 0x01, 0x00, 0x10,
  0xea, 0xff, 0xc4, 0x00, 0x01, 0x00, 0x00, 0x00, 0x00, 0x10, 0x01, 0x00, 0x01, 0x00, 0x00, 0x00,
  0x00, 0x00, 0x00, 0x00, 0x00, 0x00, 0x00, 0x00, 0x00, 0x00, 0x00, 0x00, 0x00, 0x00, 0x00, 0x00,
  0x00, 0x00, 0x00, 0x00, 0x00, 0x00, 0x00, 0x00, 0x00, 0x00, 0x00, 0x00, 0x00, 0x00, 0x00, 0x00,
  0x00, 0x00, 0x00, 0x00, 0x00, 0x00, 0x00, 0x00, 0x00, 0x00, 0x00, 0x00, 0x00, 0x00, 0x00, 0x00,
  0x00, 0x00, 0x00, 0x00, 0x00, 0x00, 0x00, 0x00, 0x00, 0x00, 0x00, 0x00, 0x00, 0x00, 0x00, 0x00,
  0x00, 0x00, 0x00, 0x00, 0x00, 0x02, 0x01, 0x25, 0xdf, 0xdb, 0x23, 0x01, 0x02, 0x01, 0x00, 0x10,
  0xf2, 0xfd, 0xcb, 0x00, 0x01, 0x00, 0x03, 0x00, 0x49, 0xeb, 0xb9, 0x0a, 0x01, 0x01, 0x00, 0x00,
  0x00, 0x00, 0x00, 0x00, 0x00, 0x00, 0x00, 0x00, 0x00, 0x00, 0x00, 0x00, 0x00, 0x00, 0x00, 0x00,
  0x00, 0x00, 0x00, 0x00, 0x00, 0x00, 0x00, 0x00, 0x00, 0x00, 0x00, 0x00, 0x00, 0x00, 0x00, 0x00,
  0x00, 0x00, 0x00, 0x00, 0x00, 0x00, 0x00, 0x00, 0x00, 0x00, 0x00, 0x00, 0x00, 0x00, 0x00, 0x00,
  0x00, 0x00, 0x00, 0x00, 0x00, 0x00, 0x00, 0x00, 0x00, 0x00, 0x00, 0x00, 0x00, 0x00, 0x00, 0x01,
  0x04, 0x02, 0x00, 0x00, 0x00, 0x04, 0x00, 0x67, 0xff, 0xff, 0x67, 0x00, 0x04, 0x01, 0x01, 0x04,
  0xbd, 0xff, 0x88, 0x00, 0x03, 0x00, 0x04, 0x00, 0x9e, 0xff, 0xff, 0x33, 0x00, 0x03, 0x00, 0x00,
  0x00, 0x00, 0x00, 0x00, 0x00, 0x00, 0x00, 0x00, 0x00, 0x00, 0x00, 0x00, 0x00, 0x00, 0x00, 0x00,
  0x00, 0x00, 0x00, 0x00, 0x00, 0x00, 0x00, 0x00, 0x00, 0x00, 0x00, 0x00, 0x00, 0x00, 0x00, 0x00,
  0x00, 0x00, 0x00, 0x00, 0x00, 0x00, 0x00, 0x00, 0x00, 0x00, 0x00, 0x00, 0x00, 0x00, 0x00, 0x00,
  0x00, 0x00, 0x00, 0x00, 0x00, 0x00, 0x00, 0x00, 0x00, 0x00, 0x00, 0x00, 0x00, 0x00, 0x00, 0x00,
  0x00, 0x00, 0x00, 0x00, 0x00, 0x04, 0x00, 0x65, 0xfd, 0xfd, 0x66, 0x00, 0x04, 0x00, 0x01, 0x00,
  0x0f, 0x3a, 0x02, 0x00, 0x01, 0x00, 0x04, 0x00, 0x97, 0xfe, 0xfd, 0x36, 0x00, 0x03, 0x00, 0x00,
  0x00, 0x00, 0x00, 0x00, 0x00, 0x00, 0x00, 0x00, 0x00, 0x00, 0x00, 0x00, 0x00, 0x00, 0x00, 0x00,
  0x00, 0x00, 0x00, 0x00, 0x00, 0x00, 0x00, 0x00, 0x00, 0x00, 0x00, 0x00, 0x00, 0x00, 0x00, 0x00,
  0x00, 0x00, 0x00, 0x00, 0x00, 0x00, 0x00, 0x00, 0x00, 0x00, 0x00, 0x00, 0x00, 0x00, 0x00, 0x00,
  0x00, 0x00, 0x00, 0x00, 0x00, 0x00, 0x00, 0x00, 0x00, 0x00, 0x00, 0x00, 0x00, 0x00, 0x00, 0x00,
  0x00, 0x00, 0x00, 0x00, 0x00, 0x04, 0x00, 0x69, 0xfc, 0xfc, 0x6a, 0x00, 0x04, 0x00, 0x00, 0x00,
  0x00, 0x00, 0x00, 0x00, 0x00, 0x00, 0x04, 0x00, 0x9c, 0xfb, 0xff, 0x38, 0x00, 0x03, 0x00, 0x00,
  0x00, 0x00, 0x00, 0x00, 0x00, 0x00, 0x00, 0x00, 0x00, 0x00, 0x00, 0x00, 0x00, 0x00, 0x00, 0x00,
  0x00, 0x00, 0x00, 0x00, 0x00, 0x00, 0x00, 0x00, 0x00, 0x00, 0x00, 0x00, 0x00, 0x00, 0x00, 0x00,
  0x00, 0x00, 0x00, 0x00, 0x00, 0x00, 0x00, 0x00, 0x00, 0x00, 0x00, 0x00, 0x00, 0x00, 0x00, 0x00,
  0x00, 0x00, 0x00, 0x00, 0x00, 0x00, 0x00, 0x00, 0x00, 0x00, 0x00, 0x00, 0x00, 0x00, 0x00, 0x00,
  0x00, 0x00, 0x00, 0x00, 0x00, 0x03, 0x00, 0x4f, 0xff, 0xff, 0x4a, 0x00, 0x03, 0x00, 0x00, 0x00,
  0x01, 0x03, 0x00, 0x00, 0x00, 0x00, 0x04, 0x00, 0x82, 0xff, 0xfb, 0x22, 0x00, 0x02, 0x00, 0x00,
  0x00, 0x00, 0x00, 0x00, 0x00, 0x00, 0x00, 0x00, 0x00, 0x00, 0x00, 0x00, 0x00, 0x00, 0x00, 0x00,
  0x00, 0x00, 0x00, 0x00, 0x00, 0x00, 0x00, 0x00, 0x00, 0x00, 0x00, 0x00, 0x00, 0x00, 0x00, 0x00,
  0x00, 0x00, 0x00, 0x00, 0x00, 0x00, 0x00, 0x00, 0x00, 0x00, 0x00, 0x00, 0x00, 0x00, 0x00, 0x00,
  0x00, 0x00, 0x00, 0x00, 0x00, 0x00, 0x00, 0x00, 0x00, 0x00, 0x00, 0x00, 0x00, 0x00, 0x00, 0x00,
  0x00, 0x00, 0x00, 0x00, 0x00, 0x00, 0x01, 0x02, 0x67, 0x66, 0x02, 0x01, 0x00, 0x00, 0x00, 0x00,
  0x00, 0x00, 0x00, 0x00, 0x00, 0x00, 0x01, 0x00, 0x0e, 0x76, 0x4a, 0x00, 0x01, 0x00, 0x00, 0x00,
  0x00, 0x00, 0x00, 0x00, 0x00, 0x00, 0x00, 0x00, 0x00, 0x00, 0x00, 0x00, 0x00, 0x00, 0x00, 0x00,
  0x00, 0x00, 0x00, 0x00, 0x00, 0x00, 0x00, 0x00, 0x00, 0x00, 0x00, 0x00, 0x00, 0x00, 0x00, 0x00,
  0x00, 0x00, 0x00, 0x00, 0x00, 0x00, 0x00, 0x00, 0x00, 0x00, 0x00, 0x00, 0x00, 0x00, 0x00, 0x00,
  0x00, 0x00, 0x00, 0x00, 0x00, 0x00, 0x00, 0x00, 0x00, 0x00, 0x00, 0x00, 0x00, 0x00, 0x00, 0x00,
  0x00, 0x00, 0x00, 0x00, 0x00, 0x00, 0x00, 0x00, 0x00, 0x00, 0x00, 0x00, 0x00, 0x00, 0x00, 0x00,
  0x00, 0x00, 0x00, 0x00, 0x00, 0x00, 0x00, 0x00, 0x00, 0x00, 0x00, 0x00, 0x00, 0x00, 0x00, 0x00,
  0x00, 0x00, 0x00, 0x00, 0x00, 0x00, 0x00, 0x00, 0x00, 0x00, 0x00, 0x00, 0x00, 0x00, 0x00, 0x00,
  0x00, 0x00, 0x00, 0x00, 0x00, 0x00, 0x00, 0x00, 0x00, 0x00, 0x00, 0x00, 0x00, 0x00, 0x00, 0x00,
  0x00, 0x00, 0x00, 0x00, 0x00, 0x00, 0x00, 0x00, 0x00, 0x00, 0x00, 0x00, 0x00, 0x00, 0x00, 0x00,
  0x00, 0x00, 0x00, 0x00, 0x00, 0x00, 0x00, 0x00, 0x00, 0x00, 0x00, 0x00, 0x00, 0x00, 0x00, 0x00,
  0x00, 0x00, 0x00, 0x00, 0x00, 0x00, 0x00, 0x00, 0x04, 0x04, 0x00, 0x00, 0x00, 0x00, 0x00, 0x00,
  0x00, 0x00, 0x00, 0x00, 0x00, 0x00, 0x00, 0x00, 0x01, 0x04, 0x03, 0x00, 0x00, 0x00, 0x00, 0x00,
  0x00, 0x00, 0x00, 0x00, 0x00, 0x00, 0x00, 0x00, 0x00, 0x00, 0x00, 0x00, 0x00, 0x00, 0x00, 0x00,
  0x00, 0x00, 0x00, 0x00, 0x00, 0x00, 0x00, 0x00, 0x00, 0x00, 0x00, 0x00, 0x00, 0x00, 0x00, 0x00,
  0x00, 0x00, 0x00, 0x00, 0x00, 0x00, 0x00, 0x00, 0x00, 0x00, 0x00, 0x00, 0x00, 0x00, 0x00, 0x00,
  0x00, 0x00, 0x00, 0x00, 0x00, 0x00, 0x00, 0x00, 0x00, 0x00, 0x00, 0x00, 0x00, 0x00, 0x00, 0x00,
  0x00, 0x00, 0x00, 0x00, 0x00, 0x00, 0x00, 0x00, 0x00, 0x00, 0x00, 0x00, 0x00, 0x00, 0x00, 0x00,
  0x00, 0x00, 0x00, 0x00, 0x00, 0x00, 0x00, 0x00, 0x00, 0x00, 0x00, 0x00, 0x00, 0x00, 0x00, 0x00,
  0x00, 0x00, 0x00, 0x00, 0x00, 0x00, 0x00, 0x00, 0x00, 0x00, 0x00, 0x00, 0x00, 0x00, 0x00, 0x00,
  0x00, 0x00, 0x00, 0x00, 0x00, 0x00, 0x00, 0x00, 0x00, 0x00, 0x00, 0x00, 0x00, 0x00, 0x00, 0x00,
  0x00, 0x00, 0x00, 0x00, 0x00, 0x00, 0x00, 0x00, 0x00, 0x00, 0x00, 0x00, 0x00, 0x00, 0x00, 0x00,
  0x00, 0x00, 0x00, 0x00, 0x00, 0x00, 0x00, 0x00, 0x00, 0x00, 0x00, 0x00, 0x00, 0x00, 0x00, 0x00,
  0x00, 0x00, 0x00, 0x00, 0x00, 0x00, 0x00, 0x00, 0x00, 0x00, 0x00, 0x00, 0x00, 0x00, 0x00, 0x00,
  0x00, 0x00, 0x00, 0x00, 0x00, 0x00, 0x00, 0x00, 0x00, 0x00, 0x00, 0x00, 0x00, 0x00, 0x00, 0x00,
  0x00, 0x00, 0x00, 0x00, 0x00, 0x00, 0x00, 0x00, 0x00, 0x00, 0x00, 0x00, 0x00, 0x00, 0x00, 0x00,
  0x00, 0x00, 0x00, 0x00, 0x00, 0x00, 0x00, 0x00, 0x00, 0x00, 0x00, 0x00, 0x00, 0x00, 0x00, 0x00,
  0x00, 0x00, 0x00, 0x00, 0x00, 0x00, 0x00, 0x00, 0x00, 0x00, 0x00, 0x00, 0x00, 0x00, 0x00, 0x00,
  0x00, 0x00, 0x00, 0x00, 0x00, 0x00, 0x00, 0x00, 0x00, 0x00, 0x00, 0x00, 0x00, 0x00, 0x00, 0x00,
  0x00, 0x00, 0x00, 0x00, 0x00, 0x00, 0x00, 0x00, 0x00, 0x00, 0x00, 0x00, 0x00, 0x00, 0x00, 0x00,
  0x00, 0x00, 0x00, 0x00, 0x00, 0x00, 0x00, 0x00, 0x00, 0x00, 0x00, 0x00, 0x00, 0x00, 0x00, 0x00,
  0x00, 0x00, 0x00, 0x00, 0x00, 0x00, 0x00, 0x00, 0x00, 0x00, 0x00, 0x00, 0x00, 0x00, 0x00, 0x00,
  0x00, 0x00, 0x00, 0x00, 0x00, 0x00, 0x00, 0x00, 0x00, 0x00, 0x00, 0x00, 0x00, 0x00, 0x00, 0x00,
  0x00, 0x00, 0x00, 0x00, 0x00, 0x00, 0x00, 0x00, 0x00, 0x00, 0x00, 0x00, 0x00, 0x00, 0x00, 0x00,
  0x00, 0x00, 0x00, 0x00, 0x00, 0x00, 0x00, 0x00, 0x00, 0x00, 0x00, 0x00, 0x00, 0x00, 0x00, 0x00,
  0x00, 0x00, 0x00, 0x00, 0x00, 0x00, 0x00, 0x00, 0x00, 0x00, 0x00, 0x00, 0x00, 0x00, 0x00, 0x00,
  0x00, 0x00, 0x00, 0x00, 0x00, 0x00, 0x00, 0x00, 0x00, 0x00, 0x00, 0x00, 0x00, 0x00, 0x00, 0x00,
  0x00, 0x00, 0x00, 0x00, 0x00, 0x00, 0x00, 0x00, 0x00, 0x00, 0x00, 0x00, 0x00, 0x00, 0x00, 0x00,
  0x00, 0x00, 0x00, 0x00, 0x00, 0x00, 0x00, 0x00, 0x00, 0x00, 0x00, 0x00, 0x00, 0x00, 0x00, 0x00,
  0x00, 0x00, 0x00, 0x00, 0x00, 0x00, 0x00, 0x00, 0x00, 0x00, 0x00, 0x00, 0x00, 0x00, 0x00, 0x00,
  0x00, 0x00, 0x00, 0x00, 0x00, 0x00, 0x00, 0x00, 0x00, 0x00, 0x00, 0x00, 0x00, 0x00, 0x00, 0x00,
  0x00, 0x00, 0x00, 0x00, 0x00, 0x00, 0x00, 0x00, 0x00, 0x00, 0x00, 0x00, 0x00, 0x00, 0x00, 0x00,
  0x00, 0x00, 0x00, 0x00, 0x00, 0x00, 0x00, 0x00, 0x00, 0x00, 0x00, 0x00, 0x00, 0x00, 0x00, 0x00,
  0x00, 0x00, 0x00, 0x00, 0x00, 0x00, 0x00, 0x00, 0x00, 0x00, 0x00, 0x00, 0x00, 0x00, 0x00, 0x00,
  0x00, 0x00, 0x00, 0x00, 0x00, 0x00, 0x00, 0x00, 0x00, 0x00, 0x00, 0x00, 0x00, 0x00, 0x00, 0x00,
  0x00, 0x00, 0x00, 0x00, 0x00, 0x00, 0x00, 0x00, 0x00, 0x00, 0x00, 0x00, 0x00, 0x00, 0x00, 0x00,
  0x00, 0x00, 0x00, 0x00, 0x00, 0x00, 0x00, 0x00, 0x00, 0x00, 0x00, 0x00, 0x00, 0x00, 0x00, 0x00,
  0x00, 0x00, 0x00, 0x00, 0x00, 0x00, 0x00, 0x00, 0x00, 0x00, 0x00, 0x00, 0x00, 0x00, 0x00, 0x00,
  0x00, 0x00, 0x00, 0x00, 0x00, 0x00, 0x00, 0x00, 0x00, 0x00, 0x00, 0x00, 0x00, 0x00, 0x00, 0x00,
  0x00, 0x00, 0x00, 0x00, 0x00, 0x00, 0x00, 0x00, 0x00, 0x00, 0x00, 0x00, 0x00, 0x00, 0x00, 0x00,
  0x00, 0x00, 0x00, 0x00, 0x00, 0x00, 0x00, 0x00, 0x00, 0x00, 0x00, 0x00, 0x00, 0x00, 0x00, 0x00,
  0x00, 0x00, 0x00, 0x00, 0x00, 0x00, 0x00, 0x00, 0x00, 0x00, 0x00, 0x00, 0x00, 0x00, 0x00, 0x00,
  0x00, 0x00, 0x00, 0x00, 0x00, 0x00, 0x00, 0x00, 0x00, 0x00, 0x00, 0x00, 0x00, 0x00, 0x00, 0x00,
  0x00, 0x00, 0x00, 0x00, 0x00, 0x00, 0x00, 0x00, 0x00, 0x00, 0x00, 0x00, 0x00, 0x00, 0x00, 0x00,
  0x00, 0x00, 0x00, 0x00, 0x00, 0x00, 0x00, 0x00, 0x00, 0x00, 0x00, 0x00, 0x00, 0x00, 0x00, 0x00,
  0x00, 0x00, 0x00, 0x00, 0x00, 0x00, 0x00, 0x00, 0x00, 0x00, 0x00, 0x00, 0x00, 0x00, 0x00, 0x00,
  0x00, 0x00, 0x00, 0x00, 0x00, 0x00, 0x00, 0x00, 0x00, 0x00, 0x00, 0x00, 0x00, 0x00, 0x00, 0x00,
  0x00, 0x00, 0x00, 0x00, 0x00, 0x00, 0x00, 0x00, 0x00, 0x00, 0x00, 0x00, 0x00, 0x00, 0x00, 0x00,
  0x00, 0x00, 0x00, 0x00, 0x00, 0x00, 0x00, 0x00, 0x00, 0x00, 0x00, 0x00, 0x00, 0x00, 0x00, 0x00,
  0x00, 0x00, 0x00, 0x00, 0x00, 0x00, 0x00, 0x00, 0x00, 0x00, 0x00, 0x00, 0x00, 0x00, 0x00, 0x00,
  0x00, 0x00, 0x00, 0x00, 0x00, 0x00, 0x00, 0x00, 0x00, 0x00, 0x00, 0x00, 0x00, 0x00, 0x00, 0x00,
  0x00, 0x00, 0x00, 0x00, 0x00, 0x00, 0x00, 0x00, 0x00, 0x00, 0x00, 0x00, 0x00, 0x00, 0x00, 0x00,
  0x00, 0x00, 0x00, 0x00, 0x00, 0x00, 0x00, 0x00, 0x00, 0x00, 0x00, 0x00, 0x00, 0x00, 0x00, 0x00,
};

const lv_image_dsc_t _weather_rain_RGB565A8_96x96 = {
  .header.magic = LV_IMAGE_HEADER_MAGIC,
  .header.cf = LV_COLOR_FORMAT_RGB565A8,
  .header.stride = 192,
  .header.w = 96,
  .header.h = 96,
  .data_size = sizeof(_weather_rain_RGB565A8_96x96_map),
  .data = _weather_rain_RGB565A8_96x96_map,
};
